id,channel,title,url,state,start,end
h4pC8wA73HI,UCv5ndlKn_HNPySHP7mL1TTA,【指示大歓迎】雀魂段位戦します【麻雀】,https://www.youtube.com/watch?v=h4pC8wA73HI,archive,2022/05/07 01:01:28,2022/05/07 09:35:47
wwVjm1FNRS0,UCv5ndlKn_HNPySHP7mL1TTA,【小城夜みるく】赤ちゃんにおいしいみるくを授乳♡【なまみるくコラボ】,https://www.youtube.com/watch?v=wwVjm1FNRS0,archive,2022/05/06 20:58:17,2022/05/06 22:35:49
t2bZ0F5hW_4,UCv5ndlKn_HNPySHP7mL1TTA,ひとくち朝うらない🌟5/5🌟朝ごはん食べる,https://www.youtube.com/watch?v=t2bZ0F5hW_4,archive,2022/05/05 07:09:26,2022/05/05 09:09:22
klyvC-kiAME,UCv5ndlKn_HNPySHP7mL1TTA,【ﾀﾋんでみた】GW中の&quot;旅行&quot;で死にかけた話をしようと思います。【フィクション】,https://www.youtube.com/watch?v=klyvC-kiAME,archive,2022/05/04 21:58:46,2022/05/04 23:35:56
aBMryu8yLGY,UCv5ndlKn_HNPySHP7mL1TTA,【お買い物】人間らしい生活を目指そうの会,https://www.youtube.com/watch?v=aBMryu8yLGY,archive,2022/05/02 21:58:12,2022/05/03 00:00:08
nTMG1SJ3HVk,UCv5ndlKn_HNPySHP7mL1TTA,ひとくち朝うらない🌟5/2,https://www.youtube.com/watch?v=nTMG1SJ3HVk,archive,2022/05/02 07:40:37,2022/05/02 09:43:19
pCv-jl1COtY,UCv5ndlKn_HNPySHP7mL1TTA,【ASMR】札束プランクvs配信者【耐久】,https://www.youtube.com/watch?v=pCv-jl1COtY,archive,2022/04/29 21:57:13,2022/04/29 22:51:47
4Woy1LGmasQ,UCv5ndlKn_HNPySHP7mL1TTA,ふわふわまったりプチ雑談,https://www.youtube.com/watch?v=4Woy1LGmasQ,archive,2022/04/26 22:35:36,2022/04/26 22:41:37
l1hhs16Po74,UCv5ndlKn_HNPySHP7mL1TTA,鉄緑会SA出身Vtuberなまほしちゃんって何者！？調べてみました！,https://www.youtube.com/watch?v=l1hhs16Po74,archive,2022/04/25 22:02:31,2022/04/26 00:03:21
82zH6KScczA,UCv5ndlKn_HNPySHP7mL1TTA,～しくじり人生～恥の多い生涯を送っています…,https://www.youtube.com/watch?v=82zH6KScczA,archive,2022/04/19 22:05:11,2022/04/19 23:44:02
6Oj1OwkqEIw,UCv5ndlKn_HNPySHP7mL1TTA,機材事故ASMR10分虚無配信,https://www.youtube.com/watch?v=6Oj1OwkqEIw,archive,2022/04/18 21:59:56,2022/04/18 22:15:13
znwyW1Aa0wI,UCv5ndlKn_HNPySHP7mL1TTA,システムを再起動します,https://www.youtube.com/watch?v=znwyW1Aa0wI,uploaded,2022/04/14 21:00:35,2022/04/14 21:00:43
VchPidRurJM,UCv5ndlKn_HNPySHP7mL1TTA,お金に困ってる人向けのライフハック+不動産系テクニックなど…,https://www.youtube.com/watch?v=VchPidRurJM,archive,2022/04/13 21:54:27,2022/04/14 00:03:09
s9Czk56WGDA,UCv5ndlKn_HNPySHP7mL1TTA,Apexランクソロ修行２,https://www.youtube.com/watch?v=s9Czk56WGDA,archive,2022/04/11 09:38:26,2022/04/11 16:03:39
v579eH1BgAo,UCv5ndlKn_HNPySHP7mL1TTA,Apexランクソロ修行行います,https://www.youtube.com/watch?v=v579eH1BgAo,archive,2022/04/10 22:01:58,2022/04/11 09:36:11
44Lp0Ou0YJ0,UCv5ndlKn_HNPySHP7mL1TTA,【超美麗3D】𝑩𝑰𝑮𝑳𝑶𝑽𝑬が詰まったプレゼントを謎の貸倉庫で開封する,https://www.youtube.com/watch?v=44Lp0Ou0YJ0,archive,2022/04/08 21:59:05,2022/04/09 02:13:20
2WGDhDjD8pA,UCv5ndlKn_HNPySHP7mL1TTA,【APEX】あもあす打ち上げwith寧々丸/キルシュトルテ,https://www.youtube.com/watch?v=2WGDhDjD8pA,archive,2022/04/07 23:41:33,2022/04/08 05:26:37
v5vSm1NgJFk,UCv5ndlKn_HNPySHP7mL1TTA,Among Usにお呼ばれしたので裏切り者を全員〇します。,https://www.youtube.com/watch?v=v5vSm1NgJFk,archive,2022/04/07 21:01:32,2022/04/07 23:32:44
8OkuNTp2cRU,UCv5ndlKn_HNPySHP7mL1TTA,ひとくち朝うらない🌟4/5🌟朝からリングフィット,https://www.youtube.com/watch?v=8OkuNTp2cRU,archive,2022/04/05 07:33:16,2022/04/05 08:18:06
U3E5i4kNtE8,UCv5ndlKn_HNPySHP7mL1TTA,【雑談】深層祭アフタートーク🌟,https://www.youtube.com/watch?v=U3E5i4kNtE8,archive,2022/04/03 23:22:53,2022/04/04 01:45:20
9cBNjfirNYE,UCv5ndlKn_HNPySHP7mL1TTA,【歌ってみた】サクラサクミライコイユメ/なまほしちゃん,https://www.youtube.com/watch?v=9cBNjfirNYE,archive,2022/03/31 22:00:11,2022/03/31 22:07:38
Qq_pePFSJO8,UCv5ndlKn_HNPySHP7mL1TTA,【雑談】余裕がない時ほど人にやさしくありたい…,https://www.youtube.com/watch?v=Qq_pePFSJO8,archive,2022/03/28 21:58:32,2022/03/29 00:37:08
2GhSVUxSTI8,UCv5ndlKn_HNPySHP7mL1TTA,【雑談】体調不良すぎてオワってた話,https://www.youtube.com/watch?v=2GhSVUxSTI8,archive,2022/03/27 22:09:12,2022/03/28 00:22:09
FczH25ZWcdM,UCv5ndlKn_HNPySHP7mL1TTA,【雑談】世の中のやさしさを信じきれない愚かな存在です…,https://www.youtube.com/watch?v=FczH25ZWcdM,archive,2022/03/23 22:32:57,2022/03/24 00:14:17
NS7GHMpnRBE,UCv5ndlKn_HNPySHP7mL1TTA,【PC版MHRise】視聴者参加可深夜モンハン部【指示厨大歓迎】,https://www.youtube.com/watch?v=NS7GHMpnRBE,archive,2022/03/19 02:19:42,2022/03/19 04:35:49
rdlhrR60deg,UCv5ndlKn_HNPySHP7mL1TTA,【雑談】メンヘラ人格との折り合いのつけ方,https://www.youtube.com/watch?v=rdlhrR60deg,archive,2022/03/18 22:15:21,2022/03/19 01:13:48
1TJc_bhLVUg,UCv5ndlKn_HNPySHP7mL1TTA,【雑談】外に出るとありえん疲れるんでつが…,https://www.youtube.com/watch?v=1TJc_bhLVUg,archive,2022/03/17 22:04:39,2022/03/17 23:46:53
tIsCd1xNr2U,UCv5ndlKn_HNPySHP7mL1TTA,【PC版MHRise】打ち合わせの連絡くるまで高難易度しばく【指示厨大歓迎】,https://www.youtube.com/watch?v=tIsCd1xNr2U,archive,2022/03/17 10:52:12,2022/03/17 12:05:21
JMFtSloCtZg,UCv5ndlKn_HNPySHP7mL1TTA,ひとくち朝うらない🌟3/17,https://www.youtube.com/watch?v=JMFtSloCtZg,archive,2022/03/17 07:12:35,2022/03/17 07:45:21
62fH1jgsigY,UCv5ndlKn_HNPySHP7mL1TTA,早寝早起き生活1日目開始,https://www.youtube.com/watch?v=62fH1jgsigY,archive,2022/03/15 22:38:32,2022/03/16 00:04:30
p_1G8-Tk9P8,UCv5ndlKn_HNPySHP7mL1TTA,バーチャル猫ちゃんとの生活はじまります,https://www.youtube.com/watch?v=p_1G8-Tk9P8,archive,2022/03/13 23:01:46,2022/03/14 00:31:33
IRHB2uVb-jw,UCv5ndlKn_HNPySHP7mL1TTA,ごはんを食べながらゆっくりしようの会,https://www.youtube.com/watch?v=IRHB2uVb-jw,archive,2022/03/10 22:13:09,2022/03/11 00:11:35
EacngSuVVfo,UCv5ndlKn_HNPySHP7mL1TTA,推しについて語ったり語られたりする配信,https://www.youtube.com/watch?v=EacngSuVVfo,archive,2022/03/09 22:10:07,2022/03/10 00:20:27
-xxGdxcodSU,UCv5ndlKn_HNPySHP7mL1TTA,配信者たるもの、人生を切り売りしてなんぼのもんですわ,https://www.youtube.com/watch?v=-xxGdxcodSU,archive,2022/03/08 22:58:10,2022/03/09 00:41:26
2-4wkKsQUnQ,UCv5ndlKn_HNPySHP7mL1TTA,Vtuberになりたい人必見！オーディションに通るコツを教えちゃいます🌟ゲスト:従井ノラ＆小城夜みるく,https://www.youtube.com/watch?v=2-4wkKsQUnQ,archive,2022/03/07 20:57:36,2022/03/07 22:43:10
sRnYrXb5gUw,UCv5ndlKn_HNPySHP7mL1TTA,魂の救済配信🌟雑談,https://www.youtube.com/watch?v=sRnYrXb5gUw,archive,2022/03/06 22:18:13,2022/03/07 00:03:27
uGKy7fhSOQg,UCv5ndlKn_HNPySHP7mL1TTA,【前半雑談】&quot;速度&quot;↑↑ノンストップ雑談＋モンハンライズプレイ【後半ゲーム】,https://www.youtube.com/watch?v=uGKy7fhSOQg,archive,2022/03/03 22:02:48,2022/03/04 05:10:00
CF92rmwxnTA,UCv5ndlKn_HNPySHP7mL1TTA,【雑談】2月終わるけどバレンタインのことよくわかってないからあまあまなセリフリクエストに答えたり答えなかったりしよう🌟,https://www.youtube.com/watch?v=CF92rmwxnTA,archive,2022/02/27 22:13:07,2022/02/28 00:02:37
Gqllo1si5lE,UCv5ndlKn_HNPySHP7mL1TTA,【PC版MHRise】モンハン高難易度とやらをソロでやったり視聴者参加でやったりする【指示厨大歓迎】,https://www.youtube.com/watch?v=Gqllo1si5lE,archive,2022/02/27 14:18:58,2022/02/27 20:32:16
p4pbEQpXscA,UCv5ndlKn_HNPySHP7mL1TTA,【MHRise】モンハン今作笛が卍だしライトボウガンも卍らしいので武器をいっぱい作ったりする【指示厨大歓迎】,https://www.youtube.com/watch?v=p4pbEQpXscA,archive,2022/02/26 00:31:02,2022/02/26 10:25:11
Ole5rLi--zc,UCv5ndlKn_HNPySHP7mL1TTA,毒にも薬にもならないような雑談,https://www.youtube.com/watch?v=Ole5rLi--zc,archive,2022/02/25 22:06:33,2022/02/26 00:26:31
1GpZYTUX9Yk,UCv5ndlKn_HNPySHP7mL1TTA,【ASMR】可愛い女の子に貰った癒しの健康器具でASMR配信します♡【囁き】,https://www.youtube.com/watch?v=1GpZYTUX9Yk,archive,2022/02/24 00:06:31,2022/02/24 01:09:25
d1bYv27EDL4,UCv5ndlKn_HNPySHP7mL1TTA,インターネットスラムゲーマー界隈の暴言が最悪すぎて言えないのでお嬢様言葉で解説しますわ…！,https://www.youtube.com/watch?v=d1bYv27EDL4,archive,2022/02/22 22:03:47,2022/02/22 23:04:41
lNVG0jRgsIs,UCv5ndlKn_HNPySHP7mL1TTA,【雑談】お出かけしたの褒めて！！！寧々丸ちゃんに貰ったお肉食べます。,https://www.youtube.com/watch?v=lNVG0jRgsIs,archive,2022/02/21 00:03:28,2022/02/21 01:25:18
4L4KT9IJ7Xs,UCv5ndlKn_HNPySHP7mL1TTA,【雑談】食事をするやる気すら出ないから&quot;応援&quot;して下さい…,https://www.youtube.com/watch?v=4L4KT9IJ7Xs,archive,2022/02/18 22:03:35,2022/02/19 00:43:28
zSDVhPgZ8Io,UCv5ndlKn_HNPySHP7mL1TTA,【VS陽キャ】高性能感情学習型AIが教える友達の作り方【完全攻略】,https://www.youtube.com/watch?v=zSDVhPgZ8Io,archive,2022/02/16 22:06:32,2022/02/16 23:59:53
kWmgZDr0K3U,UCv5ndlKn_HNPySHP7mL1TTA,【現実みろ】“現実”(りある)でおしょくじ会【なまほしちゃん】,https://www.youtube.com/watch?v=kWmgZDr0K3U,archive,2022/02/14 21:15:27,2022/02/14 22:43:03
XYtWcN-VyrY,UCv5ndlKn_HNPySHP7mL1TTA,【MHRise】太刀ソロプレイが最強ってのはガセです！！！！#2【指示厨大歓迎】,https://www.youtube.com/watch?v=XYtWcN-VyrY,archive,2022/02/11 22:02:43,2022/02/12 09:32:42
52v0hbF26T0,UCv5ndlKn_HNPySHP7mL1TTA,【雑談】季節性うつ病って何！？脱冬季鬱するぞ！！！！！！！！,https://www.youtube.com/watch?v=52v0hbF26T0,archive,2022/02/09 21:58:46,2022/02/09 23:01:04
yqwNZeM7r4o,UCv5ndlKn_HNPySHP7mL1TTA,【3D】バーチャル空間でいっしょに2万人突破をおいわい【ASMR】,https://www.youtube.com/watch?v=yqwNZeM7r4o,archive,2022/02/04 22:13:17,2022/02/04 23:29:23
vVgQYpYLo4g,UCv5ndlKn_HNPySHP7mL1TTA,【ASMR】高級バイノーラルマイクで節分を堪能する配信♡,https://www.youtube.com/watch?v=vVgQYpYLo4g,archive,2022/02/03 22:02:58,2022/02/03 23:22:28
ZjG2MwOn4lA,UCv5ndlKn_HNPySHP7mL1TTA,【雑談】幸せについて考えてたら精神が破壊されそうになった話,https://www.youtube.com/watch?v=ZjG2MwOn4lA,archive,2022/01/31 21:59:42,2022/02/01 02:48:08
mWa3qAu2su8,UCv5ndlKn_HNPySHP7mL1TTA,【2万人耐久】登録者1人増える毎に+1回プランク耐久…！【ASMR】,https://www.youtube.com/watch?v=mWa3qAu2su8,archive,2022/01/29 22:02:20,2022/01/29 23:27:48
GkYsOXhY4iw,UCv5ndlKn_HNPySHP7mL1TTA,ASMRバイノーラルお食事会「おうどん」,https://www.youtube.com/watch?v=GkYsOXhY4iw,archive,2022/01/29 18:06:18,2022/01/29 18:52:57
PUP3isVE7A8,UCv5ndlKn_HNPySHP7mL1TTA,なまほしちゃんシーズン１最終話「ℒℴ𝑣ℯ」,https://www.youtube.com/watch?v=PUP3isVE7A8,archive,2022/01/25 22:28:14,2022/01/25 23:33:58
OGOrTRsK318,UCv5ndlKn_HNPySHP7mL1TTA,ガチ犯罪に巻き込まれて警察沙汰になった話,https://www.youtube.com/watch?v=OGOrTRsK318,archive,2022/01/24 21:56:40,2022/01/24 23:09:12
UtSuyPji_IA,UCv5ndlKn_HNPySHP7mL1TTA,【雑談】激寒壁薄ハウスとおさらばする会,https://www.youtube.com/watch?v=UtSuyPji_IA,archive,2022/01/20 21:59:55,2022/01/20 23:33:04
YQkA1qABOKE,UCv5ndlKn_HNPySHP7mL1TTA,【MHRise】太刀ソロプレイが最強ってマジなのですか！？【指示厨大歓迎】,https://www.youtube.com/watch?v=YQkA1qABOKE,archive,2022/01/16 16:31:36,2022/01/16 20:32:06
fMD4EfAF6Hc,UCv5ndlKn_HNPySHP7mL1TTA,【MHRise】今作笛が卍ってマジなのですか？！？！【指示厨大歓迎】,https://www.youtube.com/watch?v=fMD4EfAF6Hc,archive,2022/01/14 22:59:50,2022/01/15 08:33:18
d6b3n3kJN10,UCv5ndlKn_HNPySHP7mL1TTA,【作業配信】いらないものぜ～～～んぶ捨てるパート２,https://www.youtube.com/watch?v=d6b3n3kJN10,archive,2022/01/13 22:00:29,2022/01/14 01:50:56
7qKmWaX0Jpc,UCv5ndlKn_HNPySHP7mL1TTA,胸やけが止まらないのでちょっとだけ…,https://www.youtube.com/watch?v=7qKmWaX0Jpc,archive,2022/01/11 22:00:20,2022/01/11 22:28:49
pP0vj_IiHaQ,UCv5ndlKn_HNPySHP7mL1TTA,【雑談】ちゃんとごはんを食べようの会と最近のメンタル調整方法について,https://www.youtube.com/watch?v=pP0vj_IiHaQ,archive,2022/01/09 22:51:39,2022/01/10 00:40:35
iYSEEA7aoDk,UCv5ndlKn_HNPySHP7mL1TTA,【雑談】深層組8人目従井ノラちゃんの配信感想会＆面接官エピソード,https://www.youtube.com/watch?v=iYSEEA7aoDk,archive,2022/01/08 21:45:17,2022/01/08 22:54:28
yrhxrKmY1NU,UCv5ndlKn_HNPySHP7mL1TTA,【雑談】人生に一番必要なもの、それはℒℴ𝑣ℯ…,https://www.youtube.com/watch?v=yrhxrKmY1NU,archive,2022/01/07 22:04:17,2022/01/07 23:30:48
OQBokzASN9k,UCv5ndlKn_HNPySHP7mL1TTA,謹賀新年🌟バーチャル初詣～,https://www.youtube.com/watch?v=OQBokzASN9k,archive,2022/01/03 22:51:04,2022/01/04 00:27:25
bUJ79XP9POI,UCv5ndlKn_HNPySHP7mL1TTA,【雑談】あけましておめでとうございます🌟遅れてごめん；枠バグっておわった,https://www.youtube.com/watch?v=bUJ79XP9POI,archive,2022/01/02 23:55:00,2022/01/03 00:00:18
gCDdPwmT5ug,UCv5ndlKn_HNPySHP7mL1TTA,【雑談】グッズ着弾開始～とTシャツスペルミス対応のお知らせ,https://www.youtube.com/watch?v=gCDdPwmT5ug,archive,2021/12/28 22:09:31,2021/12/28 23:53:20
ONTsbcC-XXE,UCv5ndlKn_HNPySHP7mL1TTA,クリスマスなのにここだけ10年前のニコ生になっちゃった【コラボ相手:マスタードさん】,https://www.youtube.com/watch?v=ONTsbcC-XXE,archive,2021/12/25 22:14:55,2021/12/25 23:39:12
d8qCS3Yn29Q,UCv5ndlKn_HNPySHP7mL1TTA,【なまいき丸】クリスマスプレゼント交換女子会！,https://www.youtube.com/watch?v=d8qCS3Yn29Q,archive,2021/12/23 20:19:12,2021/12/23 21:31:40
1-eZwO1oIqE,UCv5ndlKn_HNPySHP7mL1TTA,【ASMR】みんなにしあわせな“催眠”（まほう）かけてあげます【囁き声】,https://www.youtube.com/watch?v=1-eZwO1oIqE,archive,2021/12/21 22:04:49,2021/12/22 00:26:55
9kQM_4Xq1Iw,UCv5ndlKn_HNPySHP7mL1TTA,運営にも内緒のVtuberデビューした本当の&quot;理由&quot;についてお話致します。,https://www.youtube.com/watch?v=9kQM_4Xq1Iw,archive,2021/12/20 21:57:27,2021/12/20 22:58:53
stMOYzeCfoc,UCv5ndlKn_HNPySHP7mL1TTA,【雑談】七女ちゃんの面接のおはなしとか感想会とかする🌟,https://www.youtube.com/watch?v=stMOYzeCfoc,archive,2021/12/19 21:57:15,2021/12/19 23:05:10
a-RKlfi3CO0,UCv5ndlKn_HNPySHP7mL1TTA,【ASMR】お身体が不調なお姉様に代わり身体を鍛える#12,https://www.youtube.com/watch?v=a-RKlfi3CO0,archive,2021/12/18 20:33:02,2021/12/18 22:30:31
PfZhkOoyftY,UCv5ndlKn_HNPySHP7mL1TTA,【雑談】12歳のいちにち！,https://www.youtube.com/watch?v=PfZhkOoyftY,archive,2021/12/17 21:59:06,2021/12/17 23:57:41
ba7U-NxKqQo,UCv5ndlKn_HNPySHP7mL1TTA,【現実みろ】“現実”(りある)を見てきたパート２【なまほしちゃん】,https://www.youtube.com/watch?v=ba7U-NxKqQo,archive,2021/12/16 23:00:56,2021/12/17 00:17:58
1qUBVqHEHFc,UCv5ndlKn_HNPySHP7mL1TTA,【ゲーム実況】一周回って今が旬のUNDERTALE初見プレイ#2,https://www.youtube.com/watch?v=1qUBVqHEHFc,archive,2021/12/15 21:35:06,2021/12/15 23:55:09
5QZRXzsGHsA,UCv5ndlKn_HNPySHP7mL1TTA,【雑談】社会の歯車回して下さってありがとうございます/妹の話,https://www.youtube.com/watch?v=5QZRXzsGHsA,archive,2021/12/13 22:00:56,2021/12/14 00:01:59
ZD81bi32_0U,UCv5ndlKn_HNPySHP7mL1TTA,【雑談】自分の&quot;身体&quot;カスタムして遊ぶ【3D】,https://www.youtube.com/watch?v=ZD81bi32_0U,archive,2021/12/10 21:57:46,2021/12/10 23:45:17
H1xVGe5w6n4,UCv5ndlKn_HNPySHP7mL1TTA,【雑談】眠くて仕方ないけど無理矢理起きた,https://www.youtube.com/watch?v=H1xVGe5w6n4,archive,2021/12/09 21:59:15,2021/12/09 23:24:00
LiiYk7QyNsg,UCv5ndlKn_HNPySHP7mL1TTA,【雑談】ちょっとだけこしょこしょばなし【ASMR】,https://www.youtube.com/watch?v=LiiYk7QyNsg,archive,2021/12/06 22:21:27,2021/12/07 00:17:04
GgVwYcxqGC0,UCv5ndlKn_HNPySHP7mL1TTA,【なまいきロリ組】やわらかあたま塾VS息根とめる【番外緊急対戦】,https://www.youtube.com/watch?v=GgVwYcxqGC0,archive,2021/12/06 20:33:02,2021/12/06 22:11:27
qtVHgysx3ec,UCv5ndlKn_HNPySHP7mL1TTA,さまよえるマシュマロたちを救済します…,https://www.youtube.com/watch?v=qtVHgysx3ec,archive,2021/12/04 22:01:41,2021/12/04 23:02:06
ICR4HokVN9c,UCv5ndlKn_HNPySHP7mL1TTA,【作業枠】消そうと思ったけど案外面白かったから生き残った枠【雑】,https://www.youtube.com/watch?v=ICR4HokVN9c,archive,2021/12/03 16:02:49,2021/12/03 18:24:10
yaG4mXkNcHA,UCv5ndlKn_HNPySHP7mL1TTA,【ゲーム実況】一周回って今が旬のUNDERTALE初見プレイ#1,https://www.youtube.com/watch?v=yaG4mXkNcHA,archive,2021/12/02 21:57:44,2021/12/03 00:05:26
N6H_rKgo_zk,UCv5ndlKn_HNPySHP7mL1TTA,こっそりおえかき雑談しちゃおうかな🌟,https://www.youtube.com/watch?v=N6H_rKgo_zk,archive,2021/12/01 22:13:00,2021/12/01 22:57:41
pP0QldEXaxY,UCv5ndlKn_HNPySHP7mL1TTA,【雑談】こどもだからいやなことからはぜ～んぶにげちゃえ🌟,https://www.youtube.com/watch?v=pP0QldEXaxY,archive,2021/11/29 22:00:08,2021/11/30 00:33:55
WI_POOpImEQ,UCv5ndlKn_HNPySHP7mL1TTA,【現実みろ】“現実”(りある)を見てきたのでみんなにも教えてあげようかな【なまほしちゃん】,https://www.youtube.com/watch?v=WI_POOpImEQ,archive,2021/11/26 22:34:35,2021/11/27 00:43:41
HLUU2gCder8,UCv5ndlKn_HNPySHP7mL1TTA,【なまいき丸】QUEST ROOMSとかいう部屋に監禁されてます！【脱出ゲーム】,https://www.youtube.com/watch?v=HLUU2gCder8,archive,2021/11/25 19:58:13,2021/11/25 22:17:17
Rf9xEJI3xvA,UCv5ndlKn_HNPySHP7mL1TTA,【雑談】外出ると体力絶対0になる呪いかかってます,https://www.youtube.com/watch?v=Rf9xEJI3xvA,archive,2021/11/23 22:57:36,2021/11/24 00:15:00
8hWCls-tZhw,UCv5ndlKn_HNPySHP7mL1TTA,【雑談】暗くてじめじめした感情は吐き出すのが一番いい,https://www.youtube.com/watch?v=8hWCls-tZhw,archive,2021/11/22 22:28:32,2021/11/22 23:40:48
UM7SMVFqV8g,UCv5ndlKn_HNPySHP7mL1TTA,何もない日のささやかな雑談とお食事ですわ,https://www.youtube.com/watch?v=UM7SMVFqV8g,archive,2021/11/20 21:00:30,2021/11/20 22:15:16
KZSwZbK4zXs,UCv5ndlKn_HNPySHP7mL1TTA,【紫兎ハミル】ガチメンヘラの取り扱い解説【なまほしちゃん】,https://www.youtube.com/watch?v=KZSwZbK4zXs,archive,2021/11/19 21:57:16,2021/11/19 23:07:06
-ldTRFdRf74,UCv5ndlKn_HNPySHP7mL1TTA,グッズ購入してくれたほごしゃさんへ感謝の配信＆手書きサイン抽選会！,https://www.youtube.com/watch?v=-ldTRFdRf74,archive,2021/11/16 23:43:56,2021/11/17 01:27:11
NWOLDDuEglU,UCv5ndlKn_HNPySHP7mL1TTA,深層姉妹全員襲来！パーティゲームと雑談🌟【Pummel party】,https://www.youtube.com/watch?v=NWOLDDuEglU,archive,2021/11/16 21:59:14,2021/11/16 23:30:56
_8rwQ3Iitg8,UCv5ndlKn_HNPySHP7mL1TTA,天才なのでインターネットサイン会やります🌟,https://www.youtube.com/watch?v=_8rwQ3Iitg8,archive,2021/11/15 21:58:21,2021/11/16 02:51:23
MKeW9sj0VAU,UCv5ndlKn_HNPySHP7mL1TTA,【雑談】半実在系美少女なまほしちゃん(12),https://www.youtube.com/watch?v=MKeW9sj0VAU,archive,2021/11/11 22:02:13,2021/11/11 22:48:23
Yk_KU8QdDH8,UCv5ndlKn_HNPySHP7mL1TTA,【深層組伝統芸】超絶美麗3D配信,https://www.youtube.com/watch?v=Yk_KU8QdDH8,archive,2021/11/10 22:00:03,2021/11/10 22:58:21
RlIOHiHJgfY,UCv5ndlKn_HNPySHP7mL1TTA,【雑談】大人が自分の機嫌を他人に取らせるな,https://www.youtube.com/watch?v=RlIOHiHJgfY,archive,2021/11/09 22:03:04,2021/11/10 00:46:43
DwS1pYPR4Zc,UCv5ndlKn_HNPySHP7mL1TTA,ゲームガチって楽しかったのではっぴー雑談🌟,https://www.youtube.com/watch?v=DwS1pYPR4Zc,archive,2021/11/07 22:07:09,2021/11/07 23:28:57
viQu4_KAWr8,UCv5ndlKn_HNPySHP7mL1TTA,【なまいき丸】まほROKUカスタム本番🌟,https://www.youtube.com/watch?v=viQu4_KAWr8,archive,2021/11/07 17:55:30,2021/11/07 21:24:27
l15er2AAN0c,UCv5ndlKn_HNPySHP7mL1TTA,グッズ特典公開！,https://www.youtube.com/watch?v=l15er2AAN0c,archive,2021/11/06 18:57:53,2021/11/06 19:52:13
pIhqEJTG0Wc,UCv5ndlKn_HNPySHP7mL1TTA,【脱生活保護祭】スパチャへのお返事します,https://www.youtube.com/watch?v=pIhqEJTG0Wc,archive,2021/11/05 23:05:53,2021/11/06 00:04:49
eglXahcituA,UCv5ndlKn_HNPySHP7mL1TTA,【脱生活保護】生活保護受給の表から裏まで全部解説【3D配信】,https://www.youtube.com/watch?v=eglXahcituA,archive,2021/11/03 21:57:27,2021/11/03 23:08:38
ad2SEuQIRyc,UCv5ndlKn_HNPySHP7mL1TTA,【雑談】30分くらい軽く/例の件について感想,https://www.youtube.com/watch?v=ad2SEuQIRyc,archive,2021/11/02 23:30:09,2021/11/03 02:04:48
gudStlJBRLQ,UCv5ndlKn_HNPySHP7mL1TTA,悪のインターネットに傷つかないための&quot;ネットしぐさ&quot;解説！,https://www.youtube.com/watch?v=gudStlJBRLQ,archive,2021/11/01 21:58:08,2021/11/01 23:05:16
sXdjnJB5tyE,UCv5ndlKn_HNPySHP7mL1TTA,10月のおいしいものを食べる会～馬肉編～,https://www.youtube.com/watch?v=sXdjnJB5tyE,archive,2021/11/01 20:29:27,2021/11/01 21:01:10
2mjVNmWrHv0,UCv5ndlKn_HNPySHP7mL1TTA,ついに脱○○○○！先行グッズ情報もあり〼,https://www.youtube.com/watch?v=2mjVNmWrHv0,archive,2021/10/31 22:01:58,2021/10/31 23:30:42
xx2tmgJHIns,UCv5ndlKn_HNPySHP7mL1TTA,1日1救済🌟雑談配信,https://www.youtube.com/watch?v=xx2tmgJHIns,archive,2021/10/29 22:01:11,2021/10/30 01:38:46
mCWmzdVQzLA,UCv5ndlKn_HNPySHP7mL1TTA,心が洗われる雑談,https://www.youtube.com/watch?v=mCWmzdVQzLA,archive,2021/10/28 22:14:55,2021/10/29 00:28:47
lX9Y0RF-6hA,UCv5ndlKn_HNPySHP7mL1TTA,世が世知辛いのではっぴーな救済（雑談気が向いたらおうた）,https://www.youtube.com/watch?v=lX9Y0RF-6hA,archive,2021/10/26 22:17:55,2021/10/27 02:20:58
U3e8ZJ05Pp8,UCv5ndlKn_HNPySHP7mL1TTA,魂の救済配信（雑談時々おうた）,https://www.youtube.com/watch?v=U3e8ZJ05Pp8,archive,2021/10/25 22:04:37,2021/10/26 00:00:39
1w5xlPT8X3o,UCv5ndlKn_HNPySHP7mL1TTA,【なまいきロリ組】働くくらいなら○んでもいい【#6】,https://www.youtube.com/watch?v=1w5xlPT8X3o,archive,2021/10/23 20:00:39,2021/10/23 22:30:06
WrsVL6fAvdo,UCv5ndlKn_HNPySHP7mL1TTA,ASMRマイクで1日30分リングフィット#11,https://www.youtube.com/watch?v=WrsVL6fAvdo,archive,2021/10/21 21:56:58,2021/10/22 00:11:58
hZVpbYHASuA,UCv5ndlKn_HNPySHP7mL1TTA,【なまいき丸】星めぐりカスタム本番🌟,https://www.youtube.com/watch?v=hZVpbYHASuA,archive,2021/10/20 20:00:26,2021/10/20 22:29:38
scQS3165SVs,UCv5ndlKn_HNPySHP7mL1TTA,【なまいき丸】APEXカスタム練習カチコミ🌟,https://www.youtube.com/watch?v=scQS3165SVs,archive,2021/10/19 20:01:11,2021/10/19 22:41:47
eD9HhclFfic,UCv5ndlKn_HNPySHP7mL1TTA,【雑談】めちゃ鬱だった日々のおはなしでもしちゃおうかな,https://www.youtube.com/watch?v=eD9HhclFfic,archive,2021/10/18 20:58:55,2021/10/18 23:59:18
VI4ueoch2R0,UCv5ndlKn_HNPySHP7mL1TTA,ひとくち朝うらない🌟10/13【起きれたら】,https://www.youtube.com/watch?v=VI4ueoch2R0,archive,2021/10/13 09:15:57,2021/10/13 09:21:37
fI0_zRYei00,UCv5ndlKn_HNPySHP7mL1TTA,体調が本調子じゃないので&quot;ふつう&quot;の雑談🌟,https://www.youtube.com/watch?v=fI0_zRYei00,archive,2021/10/12 22:04:34,2021/10/12 23:04:45
fu7O-DUrHvI,UCv5ndlKn_HNPySHP7mL1TTA,APEXランク🌟Gold帯～,https://www.youtube.com/watch?v=fu7O-DUrHvI,archive,2021/10/10 13:59:44,2021/10/10 15:25:47
5wWRcd7igFs,UCv5ndlKn_HNPySHP7mL1TTA,APEXランクやっちゃうよ～🌟ゴールド帯,https://www.youtube.com/watch?v=5wWRcd7igFs,archive,2021/10/02 22:01:04,2021/10/03 00:24:57
Fs2G2U0lTJk,UCv5ndlKn_HNPySHP7mL1TTA,無料でAPEXのガチャいっぱい回す！気が向いたらランクもやる✌,https://www.youtube.com/watch?v=Fs2G2U0lTJk,archive,2021/09/29 21:56:58,2021/09/29 23:20:37
iPNeSVcsdAI,UCv5ndlKn_HNPySHP7mL1TTA,ASMRマイクで1日30分リングフィット#10,https://www.youtube.com/watch?v=iPNeSVcsdAI,archive,2021/09/25 22:02:19,2021/09/26 01:16:03
RjhEGlNXb-E,UCv5ndlKn_HNPySHP7mL1TTA,ASMRマイクで1日30分リングフィット#9,https://www.youtube.com/watch?v=RjhEGlNXb-E,archive,2021/09/23 22:03:17,2021/09/23 23:08:51
aeW3uPFmhKw,UCv5ndlKn_HNPySHP7mL1TTA,セバスチャンから45姉妹グッズ届いた！＆ハロウィングッズの話🌟,https://www.youtube.com/watch?v=aeW3uPFmhKw,archive,2021/09/16 21:58:08,2021/09/16 23:54:57
kWIUqJnd2Kw,UCv5ndlKn_HNPySHP7mL1TTA,古戦場ぽちぽちしながらまったり雑談🌟,https://www.youtube.com/watch?v=kWIUqJnd2Kw,archive,2021/09/11 20:49:01,2021/09/11 23:04:55
XqL135eJJk4,UCv5ndlKn_HNPySHP7mL1TTA,活動2周年記念！新LIVE2Dお披露目配信🌟,https://www.youtube.com/watch?v=XqL135eJJk4,archive,2021/09/08 21:57:38,2021/09/08 23:51:33
qE55ETO_zdc,UCv5ndlKn_HNPySHP7mL1TTA,かわいい鬼から貰ったユッケを食べる配信と雑談,https://www.youtube.com/watch?v=qE55ETO_zdc,archive,2021/09/05 21:58:20,2021/09/05 23:36:06
iZX76FDnc4s,UCv5ndlKn_HNPySHP7mL1TTA,ASMRマイクで1日30分リングフィット#8,https://www.youtube.com/watch?v=iZX76FDnc4s,archive,2021/08/26 21:57:32,2021/08/26 22:37:14
0AVfqLNaUwg,UCv5ndlKn_HNPySHP7mL1TTA,ASMRマイクで1日30分リングフィット#7,https://www.youtube.com/watch?v=0AVfqLNaUwg,archive,2021/08/25 21:57:56,2021/08/25 23:07:07
HXfP6TKE_FI,UCv5ndlKn_HNPySHP7mL1TTA,最強の3人組でAPEXやっちゃうよ～～～🌟,https://www.youtube.com/watch?v=HXfP6TKE_FI,archive,2021/08/23 19:58:30,2021/08/24 00:34:34
JT9MhT4TJdw,UCv5ndlKn_HNPySHP7mL1TTA,深層組六女ちゃんお披露目配信を見ながらおえかき🌟,https://www.youtube.com/watch?v=JT9MhT4TJdw,archive,2021/08/21 22:28:30,2021/08/22 00:03:14
yfzgz8ii4bE,UCv5ndlKn_HNPySHP7mL1TTA,身体ザコなので、コロナワクチンを打ってきた話,https://www.youtube.com/watch?v=yfzgz8ii4bE,archive,2021/08/19 21:58:53,2021/08/19 23:38:39
r1Ofz5V0Wuc,UCv5ndlKn_HNPySHP7mL1TTA,エナドリキメてはぴはぴはっぴートーク🌟,https://www.youtube.com/watch?v=r1Ofz5V0Wuc,archive,2021/08/18 21:59:18,2021/08/18 23:58:35
fakQUAAvurg,UCv5ndlKn_HNPySHP7mL1TTA,ASMRマイクで1日30分リングフィット#6,https://www.youtube.com/watch?v=fakQUAAvurg,archive,2021/08/12 21:59:24,2021/08/12 23:09:14
QfDmP0U8GMI,UCv5ndlKn_HNPySHP7mL1TTA,おいしいお寿司を食べに行ったら最高になっちゃった,https://www.youtube.com/watch?v=QfDmP0U8GMI,archive,2021/08/10 21:58:40,2021/08/10 22:59:53
Lbz_NE2Cf8g,UCv5ndlKn_HNPySHP7mL1TTA,ASMRマイクで1日30分リングフィット#5,https://www.youtube.com/watch?v=Lbz_NE2Cf8g,archive,2021/08/08 21:59:05,2021/08/08 23:39:48
rrdGKW_9_9g,UCv5ndlKn_HNPySHP7mL1TTA,激辛北極焼きそばも催眠状態なら余裕説,https://www.youtube.com/watch?v=rrdGKW_9_9g,archive,2021/08/06 22:00:08,2021/08/06 23:35:39
caBbjT7pFX4,UCv5ndlKn_HNPySHP7mL1TTA,【雑談】GOODな話もBADな話もいっぱいする回,https://www.youtube.com/watch?v=caBbjT7pFX4,archive,2021/08/05 21:59:30,2021/08/05 23:18:52
pnmxcss_2Z0,UCv5ndlKn_HNPySHP7mL1TTA,【PACIFY】悪霊退散！悪霊退散！怨霊、物の怪…,https://www.youtube.com/watch?v=pnmxcss_2Z0,archive,2021/08/04 23:59:47,2021/08/05 02:07:43
ffChhWeKbHM,UCv5ndlKn_HNPySHP7mL1TTA,ひとくち朝うらない🌟8/4　と部屋の片づけ,https://www.youtube.com/watch?v=ffChhWeKbHM,archive,2021/08/04 08:03:04,2021/08/04 10:04:20
WztdKWTssO4,UCv5ndlKn_HNPySHP7mL1TTA,【毎日配信】ASMRマイクで1日30分リングフィット #4+雑談【2日目】,https://www.youtube.com/watch?v=WztdKWTssO4,archive,2021/08/03 22:58:16,2021/08/04 00:17:40
n0PnSdEPlaY,UCv5ndlKn_HNPySHP7mL1TTA,ASMRマイクで1日30分で許されなかったリングフィット #3+無限雑談,https://www.youtube.com/watch?v=n0PnSdEPlaY,archive,2021/08/02 21:59:23,2021/08/03 01:16:49
esaS6w8Ktyg,UCv5ndlKn_HNPySHP7mL1TTA,3人ではじめてのAPEX！with寧々丸ちゃん・息根とめるちゃん,https://www.youtube.com/watch?v=esaS6w8Ktyg,archive,2021/07/29 20:00:48,2021/07/30 00:27:56
MWLZdmN8Khg,UCv5ndlKn_HNPySHP7mL1TTA,【12345人】ASMRセリフリクエスト読み🌟【記念配信】,https://www.youtube.com/watch?v=MWLZdmN8Khg,archive,2021/07/23 21:57:59,2021/07/24 00:51:44
fKA2_eQfpIU,UCv5ndlKn_HNPySHP7mL1TTA,ASMRマイクで1日30分リングフィット #2+無限雑談編,https://www.youtube.com/watch?v=fKA2_eQfpIU,archive,2021/07/21 22:04:57,2021/07/22 00:49:56
pFXG0HFZbbA,UCv5ndlKn_HNPySHP7mL1TTA,ASMRマイクで1日30分リングフィット #1,https://www.youtube.com/watch?v=pFXG0HFZbbA,archive,2021/07/20 22:37:57,2021/07/20 23:21:14
9CDGphoja7k,UCv5ndlKn_HNPySHP7mL1TTA,ひとくち朝うらない🌟7/20,https://www.youtube.com/watch?v=9CDGphoja7k,archive,2021/07/20 07:57:51,2021/07/20 08:26:55
YDR-6Y85ZAU,UCv5ndlKn_HNPySHP7mL1TTA,ASMRマイクでリングフィットアドベンチャー！？,https://www.youtube.com/watch?v=YDR-6Y85ZAU,archive,2021/07/19 22:02:40,2021/07/20 00:18:31
6WxsP0RoTmA,UCv5ndlKn_HNPySHP7mL1TTA,【ASMRも】赤木しげるの香水を世界一堪能する配信【囁きもあるよ】,https://www.youtube.com/watch?v=6WxsP0RoTmA,archive,2021/07/16 22:00:44,2021/07/16 23:57:54
3SEicT0MSkA,UCv5ndlKn_HNPySHP7mL1TTA,【限界までは】ほごしゃさんが作ってくれたサムネでリングフィット【やります】,https://www.youtube.com/watch?v=3SEicT0MSkA,archive,2021/07/15 21:57:32,2021/07/15 23:49:39
oJECbxDn4Do,UCv5ndlKn_HNPySHP7mL1TTA,【雑談】たのしいこども時代,https://www.youtube.com/watch?v=oJECbxDn4Do,archive,2021/07/14 22:30:04,2021/07/14 23:53:03
vxWG0MaePq0,UCv5ndlKn_HNPySHP7mL1TTA,【ASMR】囁き雑談と咀嚼音【Eating Sounds ＆ Whisper voice】,https://www.youtube.com/watch?v=vxWG0MaePq0,archive,2021/07/12 22:36:41,2021/07/12 23:51:32
Go0RlWlB5bM,UCv5ndlKn_HNPySHP7mL1TTA,【雑談】推しの香水が売っているらしいから見て！！！,https://www.youtube.com/watch?v=Go0RlWlB5bM,archive,2021/07/11 21:57:44,2021/07/11 23:00:12
Zde3ShYMdfY,UCv5ndlKn_HNPySHP7mL1TTA,【ASMR】雨模様囁き雑談【Whisper voice ＆ Rain On Window with Thunder Sounds】,https://www.youtube.com/watch?v=Zde3ShYMdfY,archive,2021/07/11 16:29:04,2021/07/11 17:39:59
TERnsE8a3DI,UCv5ndlKn_HNPySHP7mL1TTA,【ASMR】癒し囁き雑談＆咀嚼音あり！【Eating Sounds ＆ Whisper voice】,https://www.youtube.com/watch?v=TERnsE8a3DI,archive,2021/07/10 21:57:47,2021/07/11 01:23:21
c2JC1HCpwCs,UCv5ndlKn_HNPySHP7mL1TTA,ひとくちあさ占い！,https://www.youtube.com/watch?v=c2JC1HCpwCs,archive,2021/07/09 08:01:13,2021/07/09 08:23:21
EorOV5HkDcs,UCv5ndlKn_HNPySHP7mL1TTA,激ムズゲームサクサク実況【Remnant: From the Ashes】,https://www.youtube.com/watch?v=EorOV5HkDcs,archive,2021/07/08 21:28:06,2021/07/08 22:48:35
sN986PxWQnU,UCv5ndlKn_HNPySHP7mL1TTA,【雑談】&quot;夢&quot;の中で見た話を延々とするだけ,https://www.youtube.com/watch?v=sN986PxWQnU,archive,2021/07/07 22:01:00,2021/07/08 01:27:45
BI_vfID28iU,UCv5ndlKn_HNPySHP7mL1TTA,【ゲーム実況】ソウルライクTPS・Remnant：From the Ashes,https://www.youtube.com/watch?v=BI_vfID28iU,archive,2021/07/05 22:00:20,2021/07/06 01:10:48
1V2CKO8Woj4,UCv5ndlKn_HNPySHP7mL1TTA,【雑談】お前らが責任持ってなまほしちゃんを癒すんだぞ,https://www.youtube.com/watch?v=1V2CKO8Woj4,archive,2021/07/03 21:37:34,2021/07/04 00:35:53
k44EMOiT9co,UCv5ndlKn_HNPySHP7mL1TTA,さくさく雑談→さくさくゲーム（#5）【Remnant：From the Ashes】,https://www.youtube.com/watch?v=k44EMOiT9co,archive,2021/07/03 16:56:13,2021/07/03 19:36:45
oc8NBdhNCgU,UCv5ndlKn_HNPySHP7mL1TTA,ゲームをやろうと思ったけど気が変わったので雑談！,https://www.youtube.com/watch?v=oc8NBdhNCgU,archive,2021/07/02 21:51:15,2021/07/03 00:12:11
HBRWcAoTaIM,UCv5ndlKn_HNPySHP7mL1TTA,【ゲーム実況】ゲムうまRemnant: From the Ashes！【第4回】,https://www.youtube.com/watch?v=HBRWcAoTaIM,archive,2021/07/01 20:59:55,2021/07/01 23:40:45
RK1MVhT2kg4,UCv5ndlKn_HNPySHP7mL1TTA,【ゲーム実況】サクサクRemnant: From the Ashes！【第3回】,https://www.youtube.com/watch?v=RK1MVhT2kg4,archive,2021/06/30 23:11:55,2021/07/01 00:50:23
vdwOvkpUjQY,UCv5ndlKn_HNPySHP7mL1TTA,【雑談】なまほしちゃんは幼少期はお金持ち？現在は？調べてみた！,https://www.youtube.com/watch?v=vdwOvkpUjQY,archive,2021/06/28 22:30:20,2021/06/28 23:51:01
-Q3LU5cUUPQ,UCv5ndlKn_HNPySHP7mL1TTA,【ゲーム実況】止まれないから限界までRemnant: From the Ashes！【第2回】,https://www.youtube.com/watch?v=-Q3LU5cUUPQ,archive,2021/06/27 21:59:01,2021/06/28 00:03:42
ui-PB6sfsv4,UCv5ndlKn_HNPySHP7mL1TTA,【ゲーム実況】止まれないから限界までRemnant: From the Ashes！,https://www.youtube.com/watch?v=ui-PB6sfsv4,archive,2021/06/26 23:24:07,2021/06/27 02:02:35
gfaBhNqV51U,UCv5ndlKn_HNPySHP7mL1TTA,【雑談】2回行動とサマーセールのゲーム探し,https://www.youtube.com/watch?v=gfaBhNqV51U,archive,2021/06/26 22:23:23,2021/06/26 23:18:24
RmW7sCN5SpU,UCv5ndlKn_HNPySHP7mL1TTA,【深層組】なまいきロリ組バイオ７【ホラゲ】#4,https://www.youtube.com/watch?v=RmW7sCN5SpU,archive,2021/06/26 20:03:44,2021/06/26 22:03:41
7ADj_27zCPc,UCv5ndlKn_HNPySHP7mL1TTA,【雑談】ひとくち鬱速報【配信】,https://www.youtube.com/watch?v=7ADj_27zCPc,archive,2021/06/26 20:02:28,2021/06/26 20:02:57
CsRg63r5NfA,UCv5ndlKn_HNPySHP7mL1TTA,【緊急】息根とめるちゃんの配信がはじまるまで、LoL昔話とか…。【雑談】,https://www.youtube.com/watch?v=CsRg63r5NfA,archive,2021/06/24 20:05:40,2021/06/24 22:13:03
18cjF4h34SY,UCv5ndlKn_HNPySHP7mL1TTA,ひとくち朝うらない🌟6/24,https://www.youtube.com/watch?v=18cjF4h34SY,archive,2021/06/24 07:46:17,2021/06/24 08:06:30
3rCQAikgwBQ,UCv5ndlKn_HNPySHP7mL1TTA,ひとくち朝うらない🌟6/23,https://www.youtube.com/watch?v=3rCQAikgwBQ,archive,2021/06/23 07:45:03,2021/06/23 08:07:50
a2pDFy7zcOg,UCv5ndlKn_HNPySHP7mL1TTA,ひとくち朝ざつだん！,https://www.youtube.com/watch?v=a2pDFy7zcOg,archive,2021/06/22 08:00:37,2021/06/22 08:16:52
JLHLMrKXuM0,UCv5ndlKn_HNPySHP7mL1TTA,Valorantをやってみよう！FPS初心者です。対戦よろ。,https://www.youtube.com/watch?v=JLHLMrKXuM0,archive,2021/06/21 22:20:25,2021/06/21 23:39:28
NAOoBD9OGI8,UCv5ndlKn_HNPySHP7mL1TTA,深層組新人転生イケボ配信者なまほしちゃん,https://www.youtube.com/watch?v=NAOoBD9OGI8,archive,2021/06/20 21:54:59,2021/06/20 22:59:56
gIX61V9SZZM,UCv5ndlKn_HNPySHP7mL1TTA,【祝】1万人記念＆初めての誕生日記念配信,https://www.youtube.com/watch?v=gIX61V9SZZM,archive,2021/06/18 20:57:33,2021/06/18 23:00:24
auCluO54sms,UCv5ndlKn_HNPySHP7mL1TTA,【速度】朝の薬の力で雑談と歌をやる【↑↑】,https://www.youtube.com/watch?v=auCluO54sms,archive,2021/06/12 22:10:05,2021/06/13 00:19:41
OIPTwzkMvsc,UCv5ndlKn_HNPySHP7mL1TTA,【深層組】生活保護受給V×家賃滞納V【対談】,https://www.youtube.com/watch?v=OIPTwzkMvsc,archive,2021/05/30 20:00:18,2021/05/30 21:30:19
fXJ_1Z9mEIM,UCv5ndlKn_HNPySHP7mL1TTA,【雑談】ひとくち鬱速報【配信】,https://www.youtube.com/watch?v=fXJ_1Z9mEIM,archive,2021/05/22 19:19:50,2021/05/22 20:04:11
0cPB9ZgSkvE,UCv5ndlKn_HNPySHP7mL1TTA,コラボ相手が急に寝てしまったのでぼっち雑談,https://www.youtube.com/watch?v=0cPB9ZgSkvE,archive,2021/05/19 23:16:32,2021/05/19 23:30:47
WwhYv-hnqsA,UCv5ndlKn_HNPySHP7mL1TTA,【古戦場から】興が乗ったのでいっぱい喋ります🌟【逃げるな】,https://www.youtube.com/watch?v=WwhYv-hnqsA,archive,2021/04/11 13:35:56,2021/04/11 14:37:55
lBCnXT8xJ44,UCv5ndlKn_HNPySHP7mL1TTA,【古戦場から】まったり作業雑談配信します🌟【逃げるな】,https://www.youtube.com/watch?v=lBCnXT8xJ44,archive,2021/04/11 12:00:25,2021/04/11 13:31:29
borBw0QZW3M,UCv5ndlKn_HNPySHP7mL1TTA,入院前緊急Youtube雑談配信,https://www.youtube.com/watch?v=borBw0QZW3M,archive,2021/03/20 22:34:44,2021/03/20 23:11:18
cJhxTVB0ZPQ,UCv5ndlKn_HNPySHP7mL1TTA,【ASMR】ロリが肯定して甘やかして添い寝【バイノーラル】,https://www.youtube.com/watch?v=cJhxTVB0ZPQ,archive,2021/02/02 20:57:47,2021/02/02 21:40:19
6ECMND_VSGo,UCv5ndlKn_HNPySHP7mL1TTA,オタクくんたちが買った輸血パックゼリーを全部飲む配信,https://www.youtube.com/watch?v=6ECMND_VSGo,archive,2020/10/30 20:58:48,2020/10/30 22:44:51
SKoukopY7h4,UCv5ndlKn_HNPySHP7mL1TTA,【雑談】なまほしちゃんの過去トークとか最近のおはなし【お受験】,https://www.youtube.com/watch?v=SKoukopY7h4,archive,2020/10/27 22:26:37,2020/10/27 23:29:10
SaUXYKuCYTo,UCv5ndlKn_HNPySHP7mL1TTA,【エロゲ実況】くっつきたがる女の子達と学園生活！？【Honey*Honey*Honey!】,https://www.youtube.com/watch?v=SaUXYKuCYTo,archive,2020/09/25 20:58:40,2020/09/25 22:51:12
Dnax9tJj45M,UCv5ndlKn_HNPySHP7mL1TTA,求められてる“空気”に応えなきゃという気持ち～毒親育ち小学生編～,https://www.youtube.com/watch?v=Dnax9tJj45M,archive,2020/08/02 21:42:14,2020/08/02 22:23:44
RqRKEGJF5cc,UCv5ndlKn_HNPySHP7mL1TTA,ニッチなオタクしか喜ばんゲームFactorioで工場長になります,https://www.youtube.com/watch?v=RqRKEGJF5cc,archive,2020/07/18 23:58:10,2020/07/19 01:29:48
Lb8qU5GWt9E,UCv5ndlKn_HNPySHP7mL1TTA,古のオタクしか喜ばん歌枠！？電波ソングとなまほしちゃん,https://www.youtube.com/watch?v=Lb8qU5GWt9E,archive,2020/05/05 22:00:00,2020/05/05 23:37:48
p6codfcmHh4,UCv5ndlKn_HNPySHP7mL1TTA,お金がなくてもヱヴァンゲリヲンが楽しめるってマジ？,https://www.youtube.com/watch?v=p6codfcmHh4,archive,2020/04/25 19:58:17,2020/04/26 01:49:23
2fIPt4YYQuA,UCv5ndlKn_HNPySHP7mL1TTA,ホワイトデーなので“何か”下さい！,https://www.youtube.com/watch?v=2fIPt4YYQuA,archive,2020/03/14 21:03:41,2020/03/14 22:08:00
N4CphFie8TY,UCv5ndlKn_HNPySHP7mL1TTA,退院したので新モンエナキメながら雑談します,https://www.youtube.com/watch?v=N4CphFie8TY,archive,2020/03/09 21:00:49,2020/03/09 22:01:13
XprhmBtmWJM,UCv5ndlKn_HNPySHP7mL1TTA,環境音ASMR　ささやき　～貧乏生活DIY編～,https://www.youtube.com/watch?v=XprhmBtmWJM,archive,2020/02/24 12:07:12,2020/02/24 14:03:03
30FkD66MiBg,UCv5ndlKn_HNPySHP7mL1TTA,新年あけおめ！バーチャルお年玉！？,https://www.youtube.com/watch?v=30FkD66MiBg,archive,2020/01/19 21:58:21,2020/01/19 23:16:14
xq6S7KPZ1L0,UCv5ndlKn_HNPySHP7mL1TTA,生活保護受給者VSホールケーキ！？クリスマス3D配信,https://www.youtube.com/watch?v=xq6S7KPZ1L0,archive,2019/12/25 20:01:23,2019/12/25 21:13:40
1VB6dcntiF8,UCv5ndlKn_HNPySHP7mL1TTA,Youtubeさん許して！？“本気”でセリフリクエストにこたえるなまほしちゃん12歳,https://www.youtube.com/watch?v=1VB6dcntiF8,archive,2019/12/21 19:59:53,2019/12/21 21:02:29
3hR4WOGiBbE,UCv5ndlKn_HNPySHP7mL1TTA,【シチュエーションボイス】最強のメスガキがあなたとおはなししてくれる,https://www.youtube.com/watch?v=3hR4WOGiBbE,archive,2019/12/09 20:06:38,2019/12/09 20:29:31
UyQvHPdeANM,UCv5ndlKn_HNPySHP7mL1TTA,引きこもりなのにエナジードリンクを飲みまくるのってどうなんですか？【第15回】,https://www.youtube.com/watch?v=UyQvHPdeANM,archive,2019/11/30 22:59:06,2019/12/01 01:24:06
H6mTgB7yNbI,UCv5ndlKn_HNPySHP7mL1TTA,日常生活が難しくてもVtuberになれる時代令和【第14回】,https://www.youtube.com/watch?v=H6mTgB7yNbI,archive,2019/11/24 20:00:05,2019/11/24 22:29:50
_V14EWhI-u4,UCv5ndlKn_HNPySHP7mL1TTA,分裂系Vtuberなまほしちゃんをすこれ！【第13回】,https://www.youtube.com/watch?v=_V14EWhI-u4,archive,2019/11/19 20:00:52,2019/11/19 21:00:15
oCcEJbIZ9jQ,UCv5ndlKn_HNPySHP7mL1TTA,たいぷはてな“パパ”の“魔法”で“変身”！？【第12回】,https://www.youtube.com/watch?v=oCcEJbIZ9jQ,archive,2019/10/31 20:58:04,2019/10/31 22:01:11
fEtdMjtn9ms,UCv5ndlKn_HNPySHP7mL1TTA,なまほしちゃん虚無虚無の虚無雑談【第11回】,https://www.youtube.com/watch?v=fEtdMjtn9ms,archive,2019/10/25 21:57:54,2019/10/25 22:42:38
BzK_gGB0jgY,UCv5ndlKn_HNPySHP7mL1TTA,今日は重そうな話するので苦手な人は見ないでね【第10回】,https://www.youtube.com/watch?v=BzK_gGB0jgY,archive,2019/10/21 21:57:52,2019/10/21 23:02:25
fIzVTGBjQSY,UCv5ndlKn_HNPySHP7mL1TTA,配信しなきゃ生きていけないよ・・・。【第9回】,https://www.youtube.com/watch?v=fIzVTGBjQSY,archive,2019/10/15 22:59:25,2019/10/16 00:02:47
XuSxoks4Aog,UCv5ndlKn_HNPySHP7mL1TTA,【DWU】なまほしちゃんさぁ…“理解”って(わかって)ますわよね？【第8回】,https://www.youtube.com/watch?v=XuSxoks4Aog,archive,2019/10/10 20:05:25,2019/10/10 21:00:10
5XqtNGTVN7k,UCv5ndlKn_HNPySHP7mL1TTA,目指せ生活保護脱却！納税するためにお金稼ぐぞ！！！【第7回】,https://www.youtube.com/watch?v=5XqtNGTVN7k,archive,2019/10/06 19:58:45,2019/10/06 21:31:13
9p39EU-AvZs,UCv5ndlKn_HNPySHP7mL1TTA,良い知らせと悪い知らせがあります【第6回】,https://www.youtube.com/watch?v=9p39EU-AvZs,archive,2019/10/02 23:58:20,2019/10/03 00:59:07
5fhybWOAB38,UCv5ndlKn_HNPySHP7mL1TTA,本当に辛いのは身体の痛みよりも精神（こころ）の痛み【第5回】,https://www.youtube.com/watch?v=5fhybWOAB38,archive,2019/09/25 22:59:31,2019/09/26 00:08:56
OD3v9H_QQAk,UCv5ndlKn_HNPySHP7mL1TTA,生活保護受給者が福祉系質問に返答する配信【第4回】,https://www.youtube.com/watch?v=OD3v9H_QQAk,archive,2019/09/18 20:58:24,2019/09/18 21:58:07
bI0wAeDdzwE,UCv5ndlKn_HNPySHP7mL1TTA,【生活保護V】辛い人生には負けないが催眠には負けるなまほしちゃん【第3回】,https://www.youtube.com/watch?v=bI0wAeDdzwE,archive,2019/09/13 20:01:17,2019/09/13 21:06:06
o0gOQgUIn6A,UCv5ndlKn_HNPySHP7mL1TTA,【作業用BGM】なまほしちゃん鼻歌1時間耐久動画,https://www.youtube.com/watch?v=o0gOQgUIn6A,uploaded,2019/09/11 17:24:41,2019/09/11 18:24:45
fKe-F-IdyJw,UCv5ndlKn_HNPySHP7mL1TTA,【生活保護】新人Vtuberなまほしちゃんの両親からの仕打ちに一同驚愕…,https://www.youtube.com/watch?v=fKe-F-IdyJw,archive,2019/09/10 20:00:28,2019/09/10 20:51:49
PjtYW-pRHrc,UCv5ndlKn_HNPySHP7mL1TTA,【生活保護】Vtuberなまほしちゃん初配信【居宅介護】,https://www.youtube.com/watch?v=PjtYW-pRHrc,archive,2019/09/08 20:14:16,2019/09/08 21:44:40
* 2022/05/08 18:50:51