,user_name
アル晴れ,116
たぬ,108
まゆげ,100
しづき,97
にんげん,97
みよッピ,86
オアシス・ゲーリー,80
ヤマ.パンダ,66
松尾大典,65
cafe太郎,62
すっぴんきつね,60
kool,59
slyness,55
あにまっち_ボカロ曲あるよ,55
タダヒト,50
yoshi,46
クリアマインド,45
田中ゴンザレス,43
GUEST,42
完全剛体リジッド,41
シズレ,40
うさちゃん,38
サモエド,38
れんこん職人,38
よもぎやよもぎ,36
フクロウ,36
cheruno,36
ぷらずまわい子,35
いすといすと,34
まつ,34
きまぐれ鉛筆,32
ひがしまちじょう,31
夢見月行人,29
まさる,26
goshu/ごーしゅ,23
TAPPING,22
Than Levia,21
櫻咲,20
ミュラー,19
Maz MiRO / まずみろ,19
シノ,19
柚子胡椒見習い,19
ドラえもん,18
ああああ,18
汚染水,17
〇から生まれた〇太郎,17
魔剤府天満宮,16
おたおじ,16
じんすけ,16
昼酒,15
ウタ・タネン准尉,14
ひろ-,14
みー,13
イカノウェスト,12
tokuaki,12
オーレリア・ウェルギウス,12
リオ・サンライト・ルーラー,12
K K,11
林啓太,11
じぇろ,11
たこやきさらだ,10
ぬじま,10
Ryo Ryo,10
ありす,9
Hello Tomato,9
c c,9
のひのの,9
のの,9
TkSSS,8
HOKE- HOKE-,8
君,8
voluptate,7
とめラー提督,7
フチンカン,7
まぬK,7
たで,7
ミスターゲドウ,7
マチアカ,7
TT gedo,7
⁂みのる⁂,6
アールグレイボンボン,6
伝説のタニシ,6
微糖,6
ニート・ニートホッパー,6
Sally Sally,6
チョコ人,6
ポーヘイ,6
yacc,6
ぽよよ,5
みさき,5
Hunk,5
shion* *,5
鯖五郎,5
酒が飲めるゾウ,5
risu田,5
ジャグラー,5
shellbottle1374,5
simosimo,4
肉赤子ちゃん,4
オージャック,4
BKO,4
変赤,4
レンたろう,4
おぼーるぺん,4
冷やっこ,4
重機,4
runawk,4
山田太郎,4
-ToA-,4
ナス,4
にしきの,4
tanikami,4
深海生物,3
砂利男,3
T K,3
ラタキア,3
アール・グレイ,3
水原:梛沙:ナギサ,3
冬丸よきた,3
KAL,3
いかついゴリボウ,3
マチルダ,3
ラジ丸,3
さいころ,3
川原ひ,3
ブシドローアロマー,3
ゆーぎり,3
アルケミー・アルケニーCh.,3
a,3
t t,3
そそ,3
六尺野郎,3
徳永理恵,3
るーい,3
くれそるBabuちゃん,3
pepepe pe,2
やなぎゆうた,2
浅生なつめ,2
さいとー_,2
壇ノ浦飯田橋,2
名も無きモニカ,2
kg,2
空太郎,2
権兵衛,2
アーモンドの化身,2
m k,2
toohigh,2
U.N.Owen.Jpn.,2
sibusibuyanyan,2
括弧E魚弱,2
エアプL,2
やまゆわ,2
九分ななりん,2
鳥野 平七朗,2
Gググる,2
Jet Rose,2
らりるれろれろ,1
hati,1
みみみみみみ,1
コウヘイ(カワダ・コウヘイ),1
人運勢,1
むかきん,1
なまほしちゃん,1
赤松,1
竜党のグンマー,1
ポムポム茶碗蒸し,1
水無瀬秀則,1
けたろう,1
DuxRyK 【デューク】,1
のまのた,1
空,1
ガラ,1
佐和山之妖狐,1
アイス,1
いち,1
ありくら,1
魚占,1
穂積,1
BOLTS- KAIDO,1
onigiri3670,1
escape,1
カルパッチョ,1
ワイパー,1
カビンゴ,1
一眼レフ,1
しちろう,1
コロ助,1
雨宮ナッツ-モンドベル,1
もび,1
しーちきん,1
冥土,1
Miku Miku,1
ばななしるこ,1
はまなす,1
優,1
島なか,1
零時,1
ケイゴ,1
うえまつ,1
ʚ睡眠おばけてゃɞ,1
トと,1
シュークリーム,1
ギロチンマン,1
チワ,1
プルート／komihs,1
1990 kamisaka,1
狸,1
小吉,1
こじこじ,1
いっち,1
いよちゃん,1
バタケ,1
星ことり,1
濃口ソース太朗,1
森のゴブリン,1
ドリー,1
Просто SMaiL,1
ヒノモトきょう,1
イヌ型亜目,1
やまげん,1
林修,1
