2021-08-13 19:38:27,もんじ,た　い　き(一番乗り)
2021-08-13 19:45:58,かっこう,待機！
2021-08-13 19:46:28,犀虎,待機
2021-08-13 19:49:09,sakura,こんばん待機！
2021-08-13 19:55:27,いよかん,待機
2021-08-13 19:56:42,カーズ,待機
2021-08-13 19:57:52,翠咲耶、みどりさくや,待機
2021-08-13 19:58:21,もりパン🍞🥖,待機〜
2021-08-13 19:58:36,No.396(ミクロ),たいき！
2021-08-13 19:58:46,零,待機！
2021-08-13 19:59:28,西山雅史,待機
2021-08-13 19:59:37,ヨシオン,待機
2021-08-13 20:00:07,こっこ,:slot_machine::money_with_wings:
2021-08-13 20:00:11,零,きちゃ
2021-08-13 20:00:14,カーズ,きちゃ
2021-08-13 20:00:14,もりパン🍞🥖,きちゃ〜
2021-08-13 20:00:17,いよかん,きちゃ
2021-08-13 20:00:21,カーズ,w
2021-08-13 20:00:21,零,咳払い助かる
2021-08-13 20:00:22,もりパン🍞🥖,草
2021-08-13 20:00:24,sakura,きちゃー？
2021-08-13 20:00:25,ゆき,おはなな〜
2021-08-13 20:00:26,いよかん,おはななー
2021-08-13 20:00:26,カーズ,こんななー
2021-08-13 20:00:29,No.396(ミクロ),きちゃ！
2021-08-13 20:00:29,もんじ,おはななー
2021-08-13 20:00:30,もりパン🍞🥖,おはななー
2021-08-13 20:00:33,零,おはななー
2021-08-13 20:00:37,青葉響,おはなな〜
2021-08-13 20:00:37,鳴神京十郎,こんなな～
2021-08-13 20:00:41,sakura,おはななー！聞こえてんよw
2021-08-13 20:00:41,平賀まつり,おはななー
2021-08-13 20:00:45,西山雅史,おはなな
2021-08-13 20:00:47,ヤマダン,こんななー
2021-08-13 20:00:47,ヨシオン,おはなな
2021-08-13 20:00:48,こっこ,こんななー
2021-08-13 20:00:48,犀虎,おはななー
2021-08-13 20:00:54,maH,おはなな
2021-08-13 20:00:56,No.396(ミクロ),おはなな！
2021-08-13 20:00:56,零,www
2021-08-13 20:00:58,そ ら ち。,こんななー！！
2021-08-13 20:00:59,しびれくらげ,おはなな！
2021-08-13 20:01:07,カーズ,www
2021-08-13 20:01:09,翠咲耶、みどりさくや,こんななー
2021-08-13 20:01:22,take take,こんななー
2021-08-13 20:01:24,嘘月,こんななー
2021-08-13 20:01:31,翠咲耶、みどりさくや,おはみるー
2021-08-13 20:01:31,桑原みー,こんばんはー
2021-08-13 20:01:35,take take,2枠行ったり来たりするか
2021-08-13 20:01:40,おむねる,こんなな〜
2021-08-13 20:01:42,sakura,バカにしてるはウケるw
2021-08-13 20:01:46,もんじ,ハミルンもいるー
2021-08-13 20:01:54,翠咲耶、みどりさくや,www
2021-08-13 20:01:55,take take,サラちゃん言われてんぞ
2021-08-13 20:01:59,ふり かけ,おはななみるー
2021-08-13 20:02:37,もりパン🍞🥖,マイクにななてんの声入ってるねぇ
2021-08-13 20:02:39,Azevok,こんなな〜
2021-08-13 20:02:46,カーズ,大丈夫
2021-08-13 20:03:19,take take,こっちは大丈夫
2021-08-13 20:03:29,sakura,問題無しよ
2021-08-13 20:03:38,maH,今は聞こえないみたいよ
2021-08-13 20:03:40,こっこ,そんなでかいことあるぅ
2021-08-13 20:03:43,犀虎,大丈夫
2021-08-13 20:03:56,翠咲耶、みどりさくや,大丈夫
2021-08-13 20:04:33,sakura,ななてん指示厨になるのか
2021-08-13 20:04:37,そ ら ち。,音声案内かw
2021-08-13 20:04:42,take take,ななてん漢字読める？
2021-08-13 20:04:57,こっこ,光の指示厨期待してます
2021-08-13 20:05:07,カーズ,地雷女になるんか
2021-08-13 20:05:11,こっこ,たしかにー？
2021-08-13 20:05:12,そ ら ち。,www
2021-08-13 20:05:15,もりパン🍞🥖,確かに
2021-08-13 20:05:23,犀虎,お
2021-08-13 20:05:27,sakura,漢字w
2021-08-13 20:05:35,4161きんた,こんななー
2021-08-13 20:05:37,東雲つよし,こんなな、全部いい発音の英語でどうよ
2021-08-13 20:06:03,もんじ,難しそうでそうでもないマニュアル
2021-08-13 20:06:03,そ ら ち。,2窓してる〜w
2021-08-13 20:06:06,犀虎,ばっちり2窓
2021-08-13 20:06:10,take take,スマホだから行ったり来たりするわ
2021-08-13 20:06:12,もりパン🍞🥖,作業BGMにするわ
2021-08-13 20:06:19,翠咲耶、みどりさくや,してるー
2021-08-13 20:06:27,三星ナナミ / Nanami Mituboshi Ch.,https://www.youtube.com/watch?v=VqsJy...
2021-08-13 20:06:45,いよかん,がんばれー
2021-08-13 20:06:52,No.396(ミクロ),２窓してるからめちゃくちゃ楽しみｗｗｗ
2021-08-13 20:06:54,take take,URL貼れてえらい
2021-08-13 20:07:09,東雲つよし,ボタンまみれｗ
2021-08-13 20:07:18,紅葉カエデ,こんなな♪
2021-08-13 20:08:24,犀虎,赤いワイヤーない？
2021-08-13 20:08:30,いよかん,そこ赤ないから関係ないね
2021-08-13 20:08:30,こっこ,虚偽報告
2021-08-13 20:08:36,sakura,おい！パチカスなら奇数分かろうやw
2021-08-13 20:08:41,カーズ,何も進んでないwww
2021-08-13 20:08:49,犀虎,下から3番目
2021-08-13 20:09:09,東雲つよし,ナイス案内
2021-08-13 20:09:55,夕日レモン,こんななー
2021-08-13 20:10:03,sakura,変なボタンじゃ伝わらんやんw
2021-08-13 20:11:31,take take,もう時間が足りん
2021-08-13 20:11:38,sakura,あぁ･･･
2021-08-13 20:11:45,夕日レモン,ハミルん爆発w
2021-08-13 20:11:46,もりパン🍞🥖,終わったな…
2021-08-13 20:11:48,桑原みー,やばいｗ
2021-08-13 20:11:58,犀虎,どかーん
2021-08-13 20:12:06,東雲つよし,ハミルちゃんイってしもうたｗ
2021-08-13 20:12:07,take take,さらばハミルん
2021-08-13 20:12:28,sakura,さよなら･･･
2021-08-13 20:12:30,西山雅史,rest in peace
2021-08-13 20:12:36,翠咲耶、みどりさくや,ハミルンこっぱミジンコやんw
2021-08-13 20:13:03,そ ら ち。,サヨナラ…
2021-08-13 20:13:08,こっこ,さらばハミルン
2021-08-13 20:13:12,夕日レモン,ななてんスロットしながら指示してる
2021-08-13 20:13:22,カーズ,www
2021-08-13 20:13:25,sakura,とりあえず最初だしね･･･でも解体できるのか心配になったわ
2021-08-13 20:13:30,東雲つよし,ゾクゾクすなぁ
2021-08-13 20:13:37,平賀まつり,次の2代目ハミルさんは上手くやってくれるでしょう
2021-08-13 20:14:59,take take,読み方を聞くとできる女っぽいななてん
2021-08-13 20:16:02,夕日レモン,良いテンポ
2021-08-13 20:16:13,sakura,これは行けそう
2021-08-13 20:16:37,夕日レモン,一つずつね
2021-08-13 20:16:37,take take,ボタンの色と文字
2021-08-13 20:16:52,零,まつりママおるやん…
2021-08-13 20:17:31,夕日レモン,おやおや
2021-08-13 20:17:38,零,おやおや
2021-08-13 20:17:41,犀虎,1分切った
2021-08-13 20:17:50,夕日レモン,おー？
2021-08-13 20:17:54,犀虎,:clapping_hands::clapping_hands::clapping_hands::clapping_hands::clapping_hands:
2021-08-13 20:17:54,カーズ,ないすぅ
2021-08-13 20:17:56,ゆき,:clapping_hands::clapping_hands::clapping_hands::clapping_hands::clapping_hands::clapping_hands:
2021-08-13 20:17:57,翠咲耶、みどりさくや,:clapping_hands::clapping_hands::clapping_hands::clapping_hands::clapping_hands:
2021-08-13 20:17:57,そ ら ち。,ないすぅ！
2021-08-13 20:17:57,零,ななてんナイスー
2021-08-13 20:17:59,いよかん,ナイスー
2021-08-13 20:18:00,No.396(ミクロ),:clapping_hands::clapping_hands::clapping_hands::clapping_hands:
2021-08-13 20:18:03,C60（フラーレン）,:clapping_hands::clapping_hands::clapping_hands::clapping_hands::clapping_hands:
2021-08-13 20:18:04,sakura,8888888
2021-08-13 20:18:05,こっこ,ないすコンビネーション
2021-08-13 20:18:08,東雲つよし,ナイスガイド！
2021-08-13 20:18:08,紅葉カエデ,いいコンビネーション！！！ｂｂｂ
2021-08-13 20:18:16,犀虎,聞き取りやすい
2021-08-13 20:18:27,sakura,良い連携だった
2021-08-13 20:18:35,こっこ,ハミルンが死ぬかもという危機感が足りない
2021-08-13 20:18:42,No.396(ミクロ),これは良いコンビなのでは？
2021-08-13 20:18:42,夕日レモン,慣れてくると二人だけのテンプレが出来るから
2021-08-13 20:18:43,take take,ななてんが落ち着いてるから
2021-08-13 20:19:10,take take,これ作業が逆になるとアカンそう
2021-08-13 20:19:18,零,ハミルちゃんの情報だけが頼り
2021-08-13 20:19:25,sakura,爆弾に安心とかあったのか
2021-08-13 20:20:04,夕日レモン,自殺志願者だq
2021-08-13 20:20:07,No.396(ミクロ),ご飯落ちします！がんばって！
2021-08-13 20:20:08,sakura,なんか鳴ったぞ？
2021-08-13 20:20:20,紅葉カエデ,ん？（困惑）　もっともだｗｗ
2021-08-13 20:20:34,いよかん,迷路だよ
2021-08-13 20:20:51,まーだ,こんばんは～
2021-08-13 20:20:54,紅葉カエデ,メモとってるななみさん几帳面！
2021-08-13 20:22:48,カーズ,www
2021-08-13 20:22:49,犀虎,合ってる
2021-08-13 20:23:09,sakura,危ないなぁw
2021-08-13 20:23:30,ソニアマスター,...
2021-08-13 20:23:33,take take,ななてんそれやない
2021-08-13 20:23:45,take take,迷路や
2021-08-13 20:23:52,sakura,ハミルちゃん2ロス･･･
2021-08-13 20:23:54,ゆき,迷路だった
2021-08-13 20:23:56,西山雅史,Requiescat in pace
2021-08-13 20:23:59,紅葉カエデ,わり！俺、死んだｗｗｗ
2021-08-13 20:24:04,東雲つよし,2人目が...ｗ
2021-08-13 20:24:16,犀虎,難しい
2021-08-13 20:24:29,ふり かけ,2機目が散った
2021-08-13 20:24:38,sakura,なかなか伝えるのって難しいんな
2021-08-13 20:26:00,翠咲耶、みどりさくや,ぶ！
2021-08-13 20:26:00,紅葉カエデ,ﾌﾞｰｗ
2021-08-13 20:26:01,sakura,間違えてるw
2021-08-13 20:26:32,平賀まつり,またハミルさんが爆発アフロになってしまう
2021-08-13 20:26:34,ゆき,説明を読んで
2021-08-13 20:26:40,sakura,あぁ･･･3ロス
2021-08-13 20:26:45,東雲つよし,あっ
2021-08-13 20:26:46,翠咲耶、みどりさくや,え？
2021-08-13 20:26:53,犀虎,あー
2021-08-13 20:26:59,take take,あきらめた
2021-08-13 20:27:00,東雲つよし,そこかぁ...ｗ
2021-08-13 20:27:01,紅葉カエデ,綾波ばりの残機ｗｗｗｗ
2021-08-13 20:27:02,ソニアマスター,スルーｗ
2021-08-13 20:27:09,こっこ,痛恨の指示ミス
2021-08-13 20:27:13,いよかん,押したときの色確認してなかったねｗ
2021-08-13 20:28:42,まさ,ななてんさんマニュアルだけなんか…これは難しいw
2021-08-13 20:29:05,桑原みー,槍の上が3つになってるやつみたいなかんじ
2021-08-13 20:29:08,紅葉カエデ,フォークとか言えばｗ
2021-08-13 20:29:21,平賀まつり,ψ
2021-08-13 20:29:26,sakura,aeが重なったやつ
2021-08-13 20:29:53,カーズ,ななてん大丈夫か？
2021-08-13 20:30:06,犀虎,一番みぎ？
2021-08-13 20:30:09,sakura,多分1番右側か？
2021-08-13 20:30:12,ふり かけ,卍みたいなやつ?
2021-08-13 20:30:20,こっこ,かしこまった
2021-08-13 20:30:30,そ ら ち。,6
2021-08-13 20:30:32,いよかん,６あるよ
2021-08-13 20:30:35,犀虎,6
2021-08-13 20:30:36,カーズ,え？
2021-08-13 20:30:37,sakura,6
2021-08-13 20:30:38,翠咲耶、みどりさくや,え
2021-08-13 20:30:39,紅葉カエデ,ラーメンズかよｗｗｗ
2021-08-13 20:30:42,紅葉カエデ,え？　　　え？
2021-08-13 20:30:52,そ ら ち。,うそついたw
2021-08-13 20:31:03,sakura,面白いなぁw
2021-08-13 20:31:16,翠咲耶、みどりさくや,殉職させようとしてるw
2021-08-13 20:31:37,いよかん,4ステージあるんだよ
2021-08-13 20:31:58,sakura,4ロス･･･
2021-08-13 20:32:10,平賀まつり,交代してみます？
2021-08-13 20:32:14,西山雅史,Requiescat in pace
2021-08-13 20:32:21,こっこ,覚えることが多い
2021-08-13 20:32:27,そ ら ち。,ハミルん4人ないなった()
2021-08-13 20:34:53,いよかん,それそれ
2021-08-13 20:34:56,sakura,それだ！
2021-08-13 20:35:00,そ ら ち。,それだ
2021-08-13 20:35:05,東雲つよし,それだ！
2021-08-13 20:35:10,こっこ,わかってもむずそう
2021-08-13 20:36:03,東雲つよし,これ指示難しいかもな
2021-08-13 20:36:07,sakura,右上か
2021-08-13 20:36:21,東雲つよし,MAPは右上っぽいな
2021-08-13 20:37:34,sakura,5人目が･･･
2021-08-13 20:37:57,東雲つよし,4人吹っ飛んだ...ｗ
2021-08-13 20:38:04,こっこ,白い点を動かすルールを先に伝えないとだったね
2021-08-13 20:38:29,平賀まつり,声だけで指示難しいですね……
2021-08-13 20:38:48,sakura,簡単そうで難しいな
2021-08-13 20:39:34,こっこ,やったことないやつからやって次へ繋げる作戦えらい
2021-08-13 20:41:02,こっこ,あもあすの原子炉タスク思い出す
2021-08-13 20:41:43,sakura,右2？
2021-08-13 20:41:55,平賀まつり,右から2番目っぽいですね
2021-08-13 20:43:32,いよかん,すばらしい
2021-08-13 20:43:32,こっこ,ないすぅ
2021-08-13 20:43:33,sakura,やったぜ！8888888
2021-08-13 20:43:35,そ ら ち。,ないすー！
2021-08-13 20:43:36,翠咲耶、みどりさくや,:clapping_hands::clapping_hands::clapping_hands::clapping_hands::clapping_hands:
2021-08-13 20:43:43,桑原みー,おめでとう～
2021-08-13 20:43:43,ゆき,おめでとう
2021-08-13 20:43:44,もりパン🍞🥖,ないすぅー
2021-08-13 20:43:51,平賀まつり,おめでとうー！
2021-08-13 20:44:26,もんじ,何とかいきましたね
2021-08-13 20:44:46,sakura,大変だ
2021-08-13 20:45:02,翠咲耶、みどりさくや,ww
2021-08-13 20:45:27,sakura,起爆しちゃダメだぞw
2021-08-13 20:46:30,犀虎,早いw
2021-08-13 20:46:39,sakura,慣れてきたね
2021-08-13 20:47:21,翠咲耶、みどりさくや,ナナミンかっこいいぞ！
2021-08-13 20:48:29,そ ら ち。,素晴らしい
2021-08-13 20:48:31,犀虎,:clapping_hands::clapping_hands::clapping_hands::clapping_hands::clapping_hands:
2021-08-13 20:48:33,sakura,すげー！
2021-08-13 20:48:40,翠咲耶、みどりさくや,:clapping_hands::clapping_hands::clapping_hands::clapping_hands::clapping_hands:
2021-08-13 20:48:41,いよかん,すばらしい！
2021-08-13 20:48:41,ぐるぐるぐーる,:clapping_hands::clapping_hands::clapping_hands::clapping_hands:
2021-08-13 20:49:04,sakura,迷路が難関か
2021-08-13 20:49:23,平賀まつり,数々のハミルさんの犠牲は忘れないよ……
2021-08-13 20:49:35,犀虎,www
2021-08-13 20:49:41,そ ら ち。,ワロタw
2021-08-13 20:49:41,sakura,www
2021-08-13 20:51:59,sakura,サクサク良いぞ！
2021-08-13 20:52:07,犀虎,www
2021-08-13 20:52:26,こっこ,最難関
2021-08-13 20:53:15,紅葉カエデ,ななみさんが「ハイッ」言うのカッコイイｗ
2021-08-13 20:53:20,犀虎,:clapping_hands::clapping_hands::clapping_hands::clapping_hands::clapping_hands:
2021-08-13 20:53:22,こっこ,ないすぅ
2021-08-13 20:53:22,sakura,88888888
2021-08-13 20:53:23,いよかん,ないすー
2021-08-13 20:53:24,桑原みー,慣れてきた！？
2021-08-13 20:53:25,平賀まつり,素晴らしいです！
2021-08-13 20:53:30,そ ら ち。,慣れてきたww
2021-08-13 20:53:32,ゆき,いいねー♪
2021-08-13 20:53:39,翠咲耶、みどりさくや,すごい:clapping_hands::clapping_hands::clapping_hands::clapping_hands:
2021-08-13 20:53:41,ぐるぐるぐーる,ないすー
2021-08-13 20:53:43,sakura,これは有能指揮官だわ
2021-08-13 20:54:34,ぐるぐるぐーる,頼もしい
2021-08-13 20:55:21,sakura,おや？
2021-08-13 20:55:40,こっこ,闇の指示が飛んだ
2021-08-13 20:55:55,そ ら ち。,やばいww
2021-08-13 20:56:05,sakura,おや？
2021-08-13 20:56:18,そ ら ち。,あっw
2021-08-13 20:56:40,犀虎,あ
2021-08-13 20:56:42,いよかん,あｗ
2021-08-13 20:56:45,sakura,2ミスしてるから違うぞ
2021-08-13 20:56:50,No.396(ミクロ),ご飯落ちから戻ったらやばい状況だったww
2021-08-13 20:56:51,こっこ,流れ作業してしまった
2021-08-13 20:56:53,そ ら ち。,6代目がああ！！！
2021-08-13 20:56:56,平賀まつり,犠牲になったのだ……
2021-08-13 20:56:58,sakura,6ロス･･･
2021-08-13 20:57:06,翠咲耶、みどりさくや,www
2021-08-13 20:57:27,紅葉カエデ,黒ミサで火炙りになっちゃうｗｗｗｗ
2021-08-13 20:57:44,そ ら ち。,あとで出陣かな…
2021-08-13 20:59:29,犀虎,www
2021-08-13 20:59:30,sakura,1番左ぞ
2021-08-13 21:00:14,sakura,4
2021-08-13 21:00:24,翠咲耶、みどりさくや,あじゃー:sweat_droplets:
2021-08-13 21:00:39,犀虎,www
2021-08-13 21:00:59,sakura,7ロスか
2021-08-13 21:01:09,こっこ,他人の命は軽い
2021-08-13 21:01:17,sakura,薄情かw
2021-08-13 21:01:28,平賀まつり,鬼軍曹だ
2021-08-13 21:01:35,ソニアマスター,ななてんそれはﾋﾃﾞｪｗ
2021-08-13 21:01:42,紅葉カエデ,綾波ハミル・・・多分私は●番目
2021-08-13 21:02:01,No.396(ミクロ),ななてんブラックだぁｗｗ
2021-08-13 21:02:19,犀虎,ぼいん
2021-08-13 21:04:09,犀虎,:clapping_hands::clapping_hands::clapping_hands::clapping_hands:
2021-08-13 21:04:12,sakura,88888888
2021-08-13 21:04:17,そ ら ち。,ないすーw
2021-08-13 21:04:17,No.396(ミクロ),:clapping_hands::clapping_hands::clapping_hands::clapping_hands:
2021-08-13 21:04:20,翠咲耶、みどりさくや,:clapping_hands::clapping_hands::clapping_hands::clapping_hands:
2021-08-13 21:04:21,こっこ,ないすぅ
2021-08-13 21:04:40,紅葉カエデ,必殺仕事人
2021-08-13 21:04:59,翠咲耶、みどりさくや,www
2021-08-13 21:05:12,犀虎,www
2021-08-13 21:05:16,sakura,既に7ロスでいったい何人殺るつもりだw
2021-08-13 21:06:22,そ ら ち。,あーこれモールス信号かw
2021-08-13 21:07:19,翠咲耶、みどりさくや,おー
2021-08-13 21:07:31,犀虎,www
2021-08-13 21:08:46,sakura,www
2021-08-13 21:10:12,そ ら ち。,むずいww
2021-08-13 21:10:17,平賀まつり,これ地味に最難関じゃないですか？
2021-08-13 21:10:20,犀虎,Ｆ？
2021-08-13 21:10:30,No.396(ミクロ),これはむずい…
2021-08-13 21:10:40,犀虎,U？
2021-08-13 21:10:53,sakura,伝えるのキツそうだなぁ
2021-08-13 21:10:58,翠咲耶、みどりさくや,わーあ
2021-08-13 21:11:02,犀虎,難しいね
2021-08-13 21:11:07,そ ら ち。,モールス信号伝えるのはなかなかキツいやろうな
2021-08-13 21:11:18,西山雅史,モールスはな
2021-08-13 21:12:20,sakura,お？
2021-08-13 21:14:52,いよかん,ディスプレイには何もないてかいてある
2021-08-13 21:15:00,平賀まつり,(黙って首を振る)
2021-08-13 21:15:07,そ ら ち。,目みたいなマークのとこ押すんかね
2021-08-13 21:15:08,sakura,すまんな
2021-08-13 21:15:10,犀虎,わかんない
2021-08-13 21:15:12,紅葉カエデ,ハンズアップｗｗｗｗ
2021-08-13 21:15:32,犀虎,どかーん
2021-08-13 21:15:41,紅葉カエデ,断末魔ｗｗｗｗｗ
2021-08-13 21:15:51,sakura,8ロス
2021-08-13 21:15:59,翠咲耶、みどりさくや,ww
2021-08-13 21:16:18,紅葉カエデ,最終結論「わからねぇや」
2021-08-13 21:16:19,そ ら ち。,押したなこいつwww
2021-08-13 21:16:58,平賀まつり,野原ひまわりの真似かな？
2021-08-13 21:17:20,audio channel,こんばんは！。
2021-08-13 21:17:44,犀虎,oはありそう
2021-08-13 21:18:12,紅葉カエデ,ななみさんの「こいつナニ言ってんだ」感ｗｗｗ
2021-08-13 21:18:21,犀虎,Bはありそう
2021-08-13 21:19:02,犀虎,:clapping_hands::clapping_hands::clapping_hands::clapping_hands::clapping_hands:
2021-08-13 21:19:08,No.396(ミクロ),マジかよｗｗｗ
2021-08-13 21:19:09,いよかん,素晴らしい！
2021-08-13 21:19:09,sakura,やったな！
2021-08-13 21:19:11,紅葉カエデ,すげええええええええええええ
2021-08-13 21:19:15,翠咲耶、みどりさくや,:clapping_hands::clapping_hands::clapping_hands::clapping_hands:
2021-08-13 21:19:32,犀虎,あ
2021-08-13 21:19:38,sakura,あ･･･
2021-08-13 21:19:45,翠咲耶、みどりさくや,www
2021-08-13 21:19:56,紅葉カエデ,手が滑って爆発ｗｗｗｗｗｗｗ
2021-08-13 21:20:11,sakura,9人目は自分から死にに行ったか
2021-08-13 21:20:19,平賀まつり,そろそろ野球チーム組めそう
2021-08-13 21:23:24,犀虎,左を回してもろて
2021-08-13 21:23:51,犀虎,難しい
2021-08-13 21:24:01,おむねる,死んだ…
2021-08-13 21:24:02,そ ら ち。,むずくね？？w
2021-08-13 21:24:13,犀虎,right？
2021-08-13 21:24:13,sakura,こっちで探すのはキチィな
2021-08-13 21:24:20,No.396(ミクロ),これもむずいな…
2021-08-13 21:24:34,犀虎,書き出すしかない
2021-08-13 21:25:14,おむねる,むずいって
2021-08-13 21:25:33,犀虎,H
2021-08-13 21:26:13,いよかん,さすなな！
2021-08-13 21:26:14,もりパン🍞🥖,:clapping_hands::clapping_hands::clapping_hands:
2021-08-13 21:26:17,翠咲耶、みどりさくや,ナナミン素晴らしい
2021-08-13 21:26:31,sakura,モールスは攻略したか？
2021-08-13 21:27:18,犀虎,ボイン
2021-08-13 21:27:40,犀虎,:clapping_hands::clapping_hands::clapping_hands::clapping_hands::clapping_hands:
2021-08-13 21:27:44,sakura,8888888
2021-08-13 21:27:45,いよかん,8888
2021-08-13 21:27:54,No.396(ミクロ),:clapping_hands::clapping_hands::clapping_hands::clapping_hands:
2021-08-13 21:27:56,翠咲耶、みどりさくや,:clapping_hands::clapping_hands::clapping_hands::clapping_hands::clapping_hands:
2021-08-13 21:27:58,平賀まつり,余裕ですね！
2021-08-13 21:28:19,CZ4620,こんばんは～
2021-08-13 21:28:29,犀虎,www
2021-08-13 21:28:34,No.396(ミクロ),ｗｗｗ
2021-08-13 21:28:43,平賀まつり,ｽﾔｧ…
2021-08-13 21:28:57,sakura,10人目のハミルちゃんにしてようやくか
2021-08-13 21:31:30,まーだ,ゴメン分からんｗ
2021-08-13 21:31:30,おむねる,わかんね:zany_face:
2021-08-13 21:31:31,そ ら ち。,これどういうこと…？
2021-08-13 21:31:39,紅葉カエデ,（ハミルちゃんに爆発してほしいなんて言えない）
2021-08-13 21:31:43,犀虎,わかんない
2021-08-13 21:31:49,No.396(ミクロ),すまぬわからぬ…
2021-08-13 21:31:49,sakura,わからん
2021-08-13 21:31:54,そ ら ち。,待ってこれほんとにどういうことww
2021-08-13 21:32:33,零,全くわからん www
2021-08-13 21:32:35,犀虎,同じことを4回せな
2021-08-13 21:32:48,そ ら ち。,マジでわからん
2021-08-13 21:34:05,犀虎,ん？
2021-08-13 21:34:08,おむねる,死んだ
2021-08-13 21:34:08,sakura,どうした？
2021-08-13 21:34:10,平賀まつり,突然の死
2021-08-13 21:34:12,まーだ,信だｗ
2021-08-13 21:34:21,sakura,10ロスか･･･
2021-08-13 21:34:22,ゆき,...
2021-08-13 21:34:26,犀虎,www
2021-08-13 21:35:30,おむねる,縦のワイヤー何ッわかんねーよ〜
2021-08-13 21:35:42,そ ら ち。,あのワイヤーまじで分からんな
2021-08-13 21:35:59,いよかん,複数のワイヤーはLEDの線の円、★がついてる線の円
2021-08-13 21:36:22,いよかん,円の中に入ってるやつを探す
2021-08-13 21:36:31,紅葉カエデ,文字っての気になるね
2021-08-13 21:37:12,いよかん,LEDも見ないと
2021-08-13 21:37:12,平賀まつり,ワイヤーの特徴や星の有無、LEDを見て対応する英単語を参照にって感じけど難しいですね
2021-08-13 21:37:53,いよかん,Bかな？
2021-08-13 21:38:21,ゆき,ベン図を思い出した
2021-08-13 21:38:47,紅葉カエデ,ATフィールドでどうにかするんだ、ハミルｗｗ
2021-08-13 21:39:03,いよかん,ワイヤが白だよ
2021-08-13 21:39:35,犀虎,あ
2021-08-13 21:39:45,紅葉カエデ,「おう」の軽さｗｗｗｗ
2021-08-13 21:39:46,まーだ,ｗｗｗ
2021-08-13 21:39:48,sakura,全部はパワーだなw
2021-08-13 21:39:57,おむねる,:zany_face:
2021-08-13 21:40:01,いよかん,1本ずつ切るか切らないか判断していくやつ
2021-08-13 21:40:04,翠咲耶、みどりさくや,www
2021-08-13 21:40:07,sakura,11ロスなのか
2021-08-13 21:41:44,おむねる,二本目の青は切るだな
2021-08-13 21:42:57,犀虎,あ
2021-08-13 21:43:32,sakura,12ロス？
2021-08-13 21:43:50,平賀まつり,縞々って事は青と赤の複合条件なのも考えるんですかね
2021-08-13 21:43:53,おむねる,何これ〜
2021-08-13 21:43:59,犀虎,見るのは上と下のLEDの情報
2021-08-13 21:44:02,紅葉カエデ,ななみさんｗｗガチの「わかんねぇや」ｗｗｗ
2021-08-13 21:44:47,ゆき,色　LED :star:をセットでみる
2021-08-13 21:45:18,平賀まつり,集中力削いでて草
2021-08-13 21:45:25,犀虎,www
2021-08-13 21:45:37,sakura,ハミルちゃん必死じゃんw
2021-08-13 21:45:44,紅葉カエデ,β少し静かにｗｗｗｗ
2021-08-13 21:46:13,平賀まつり,星付きのワイヤーは基本切らないって考えるのかな
2021-08-13 21:46:20,まーだ,条件に合う円が重なるのを探すんだろうか？
2021-08-13 21:46:40,犀虎,これはマニュアルが悪い典型
2021-08-13 21:46:42,平賀まつり,違うや切る方だった
2021-08-13 21:47:03,いよかん,S、P、C、B、C、P　かな
2021-08-13 21:48:38,いよかん,これで指示見て切るかどうか
2021-08-13 21:49:23,sakura,おつななか？w
2021-08-13 21:49:38,平賀まつり,次回、ハミル死す！　デュエルスタンバイ！
2021-08-13 21:49:46,Shiki,部の悪い方に賭けるのがギャンブラーよ
2021-08-13 21:50:01,犀虎,www
2021-08-13 21:50:16,sakura,停電とかあるんな
2021-08-13 21:50:29,もんじ,次回、ハミルがハミでル
2021-08-13 21:51:20,まーだ,さて…
2021-08-13 21:51:33,犀虎,LEDと星の組み合わせを確認
2021-08-13 21:52:27,いよかん,"P,C,B,D,Cかな"
2021-08-13 21:52:35,犀虎,www
2021-08-13 21:52:40,sakura,行けたのか！
2021-08-13 21:52:44,take take,すんなり行けた
2021-08-13 21:53:28,sakura,スゲーなw
2021-08-13 21:53:28,紅葉カエデ,なぜ聞いたｗｗｗｗｗｗｗ
2021-08-13 21:53:52,平賀まつり,草
2021-08-13 21:53:54,犀虎,:clapping_hands::clapping_hands::clapping_hands::clapping_hands:
2021-08-13 21:53:57,ゆき,なんと
2021-08-13 21:54:00,take take,ナイスゥ
2021-08-13 21:54:01,ゆき,:clapping_hands::clapping_hands::clapping_hands::clapping_hands::clapping_hands:
2021-08-13 21:54:06,No.396(ミクロ),すごすぎるんだがｗｗｗ
2021-08-13 21:54:07,おむねる,やったぁすげ〜
2021-08-13 21:54:08,sakura,オイオイw
2021-08-13 21:54:08,いよかん,8888888888
2021-08-13 21:54:09,まーだ,クリアしたｗ
2021-08-13 21:54:15,take take,勘でクリアか
2021-08-13 21:54:29,平賀まつり,流石でございます
2021-08-13 21:54:39,sakura,これは凄い
2021-08-13 21:54:43,いよかん,すばらしい
2021-08-13 21:54:48,そ ら ち。,これ結局なんなんや？
2021-08-13 21:55:45,紅葉カエデ,すげええ
2021-08-13 21:55:54,sakura,さすななやん
2021-08-13 21:56:09,まーだ,ななてんもなかなか機転効くやん
2021-08-13 21:56:15,いよかん,さすなな！
2021-08-13 21:56:59,sakura,最終結果ハミルちゃん12ロスかな？
2021-08-13 21:58:07,平賀まつり,ギャンブラーが出そう
2021-08-13 21:58:09,sakura,ななてんの神業期待だな
2021-08-13 21:58:16,翠咲耶、みどりさくや,お疲れ様
2021-08-13 21:58:23,もんじ,ハミルンの方は起爆装置の停止操作をしてましたね
2021-08-13 21:58:34,そ ら ち。,24ロスくらいされそうや
2021-08-13 21:58:52,take take,煽ってゆく
2021-08-13 21:58:52,sakura,倍返しなら20人以上ななてんは逝くのか
2021-08-13 21:59:13,ゆき,あってるよ
2021-08-13 21:59:19,いよかん,あってる
2021-08-13 21:59:29,take take,4P眠り姫多すぎ
2021-08-13 21:59:45,まーだ,省エネ生活…
2021-08-13 22:00:15,take take,煽りよる
2021-08-13 22:00:19,sakura,脳死のやつに起きて言われてるのは草w
2021-08-13 22:01:16,いよかん,お疲れさまー
2021-08-13 22:01:20,take take,おつななー
2021-08-13 22:01:20,こっこ,おつななみるー
2021-08-13 22:01:24,ゆき,お疲れ様〜
2021-08-13 22:01:27,sakura,おつななー！
2021-08-13 22:01:29,犀虎,:clapping_hands::clapping_hands::clapping_hands::clapping_hands:
2021-08-13 22:01:30,そ ら ち。,おつななみるー！
2021-08-13 22:01:32,もりパン🍞🥖,おつかれー
2021-08-13 22:01:34,いよかん,おつななー
2021-08-13 22:01:36,Shiki,おつかれさまです
2021-08-13 22:01:37,ゆき,おつなな〜
2021-08-13 22:01:38,西山雅史,おつなな
2021-08-13 22:01:41,No.396(ミクロ),おつなな！＆おつはみる！
2021-08-13 22:01:41,弥夜にゃ[Yayanya],おつなな～
2021-08-13 22:01:43,翠咲耶、みどりさくや,おつななー
2021-08-13 22:01:49,平賀まつり,おつななみるー　次回交代楽しみです
2021-08-13 22:01:50,もんじ,おつななー
2021-08-13 22:01:51,ふり かけ,おつ～
2021-08-13 22:01:58,もりパン🍞🥖,おつななー
2021-08-13 22:02:10,take take,草
2021-08-13 22:02:14,鳴神京十郎,おつなな～
2021-08-13 22:02:17,ななしさん,bye
