2021-08-21 18:22:18,犀虎,待機
2021-08-21 18:48:52,ダラニスケ,待機
2021-08-21 18:52:02,いよかん,待機
2021-08-21 18:53:45,翠咲耶、みどりさくや,待機
2021-08-21 18:54:40,鳴神京十郎,機待
2021-08-21 18:55:53,浅田アルト,待機～
2021-08-21 18:59:20,かっこう,待機！
2021-08-21 18:59:51,No.396(ミクロ),待機！
2021-08-21 18:59:52,犀虎,くるぞ、備えよう
2021-08-21 19:00:01,ゆき,待機
2021-08-21 19:01:12,ぬー,待機
2021-08-21 19:02:04,犀虎,きちゃ
2021-08-21 19:02:10,いよかん,きちゃ
2021-08-21 19:02:13,桑原みー,konbanha-
2021-08-21 19:02:14,しまごん,きちゃー
2021-08-21 19:02:16,No.396(ミクロ),きちゃ！
2021-08-21 19:02:21,ダラニスケ,きちゃ〜！
2021-08-21 19:02:34,犀虎,こんななー
2021-08-21 19:02:35,浅田アルト,きちゃ！
2021-08-21 19:02:39,翠咲耶、みどりさくや,こんななー((ヾ(･д･｡)ﾌﾘﾌﾘ
2021-08-21 19:02:41,犀虎,おはななー
2021-08-21 19:02:41,いよかん,おはななー
2021-08-21 19:02:42,こっこ,おはななー
2021-08-21 19:02:43,ゆき,おはなな
2021-08-21 19:02:44,しまごん,こんなな～
2021-08-21 19:02:45,浅田アルト,こんなな～
2021-08-21 19:02:45,西山雅史,こんなな
2021-08-21 19:02:46,ぬー,おはなな
2021-08-21 19:02:46,ソニアマスター,こんななー
2021-08-21 19:02:50,ヤマダン,おはななー
2021-08-21 19:02:51,ダラニスケ,おはなな〜
2021-08-21 19:03:00,翠咲耶、みどりさくや,おはななー
2021-08-21 19:03:00,No.396(ミクロ),こんなな！
2021-08-21 19:03:19,ダラニスケ,おはみる〜
2021-08-21 19:03:21,しびれくらげ,こんなな！
2021-08-21 19:03:21,4161きんた,おはななー
2021-08-21 19:03:22,ソニアマスター,草
2021-08-21 19:03:31,ふり かけ,おはなな～おはみる～
2021-08-21 19:03:40,翠咲耶、みどりさくや,ハミルンおはみるーでーす。
2021-08-21 19:03:53,犀虎,おハミルー
2021-08-21 19:04:04,かっこう,こんなな～
2021-08-21 19:04:09,犀虎,役割交代
2021-08-21 19:04:12,ゆき,音量大丈夫よ
2021-08-21 19:04:27,犀虎,あれ？
2021-08-21 19:04:39,ゆき,あら
2021-08-21 19:04:40,翠咲耶、みどりさくや,繋がってない？:sweat_droplets:
2021-08-21 19:04:52,犀虎,www
2021-08-21 19:05:06,No.396(ミクロ),回線ななみん？
2021-08-21 19:05:13,浅田アルト,ｗｗｗ
2021-08-21 19:05:20,犀虎,大丈夫そ
2021-08-21 19:05:23,浅田アルト,回線くんがｗ
2021-08-21 19:05:52,おむねる,こんなな〜
2021-08-21 19:05:54,犀虎,回線君がんばれ！
2021-08-21 19:06:04,鳴神京十郎,こんなな～
2021-08-21 19:06:12,ゆき,回線ご機嫌斜めな感じ？
2021-08-21 19:06:16,No.396(ミクロ),おっと？
2021-08-21 19:06:18,いよかん,回線がんばれ
2021-08-21 19:06:19,辻峰咲夜,こんななー
2021-08-21 19:06:21,西山雅史,回線ななてん？
2021-08-21 19:06:27,平賀まつり,回線がんばれ♡がんばれ♡
2021-08-21 19:06:28,ゆき,待つぜ
2021-08-21 19:06:30,翠咲耶、みどりさくや,用事やりながらきくね
2021-08-21 19:06:30,辻峰咲夜,回線生きろ!
2021-08-21 19:06:40,おむねる,回線最悪やん
2021-08-21 19:06:41,のｚ廃神,回線ではなくてPCやぞ
2021-08-21 19:06:55,犀虎,PCかな？
2021-08-21 19:07:12,のｚ廃神,PCがアップデートしてんちゃうか
2021-08-21 19:07:29,のｚ廃神,アンチウィルスソフト見てみれば
2021-08-21 19:07:35,ゆき,再起動してみるとか？
2021-08-21 19:07:40,のｚ廃神,リアルタイム検索しかけてんのかも
2021-08-21 19:08:02,のｚ廃神,回線はラグないで
2021-08-21 19:08:08,犀虎,復活
2021-08-21 19:08:19,浅田アルト,裏でなんか動いててPCそのものが重い？
2021-08-21 19:08:34,犀虎,www
2021-08-21 19:08:39,犀虎,生きてる
2021-08-21 19:08:42,浅田アルト,ｗ
2021-08-21 19:08:47,辻峰咲夜,ｗｗ
2021-08-21 19:09:02,のｚ廃神,これは熱暴走とか他で処理が動いてる感じ
2021-08-21 19:09:11,No.396(ミクロ),何かしらのソフトが動いてて負荷がすごいことになってるのかも？
2021-08-21 19:09:22,辻峰咲夜,ななてんが消えた
2021-08-21 19:09:30,犀虎,pc
2021-08-21 19:09:36,こっこ,マテ茶
2021-08-21 19:09:36,犀虎,マテ茶！
2021-08-21 19:09:41,浅田アルト,マテ茶うまい
2021-08-21 19:09:51,辻峰咲夜,旨すぎる！
2021-08-21 19:10:15,犀虎,女王様！
2021-08-21 19:10:15,こっこ,ドS
2021-08-21 19:10:15,五十波周一,ちょっと茉莉花茶
2021-08-21 19:10:31,犀虎,www
2021-08-21 19:10:33,No.396(ミクロ),ご飯落ちします！
2021-08-21 19:10:52,犀虎,ちょれーw
2021-08-21 19:11:26,犀虎,はーい
2021-08-21 19:11:31,ゆき,:clapping_hands::clapping_hands::clapping_hands::clapping_hands::clapping_hands:
2021-08-21 19:11:33,犀虎,:clapping_hands::clapping_hands::clapping_hands::clapping_hands::clapping_hands::clapping_hands:
2021-08-21 19:11:40,浅田アルト,がんばえ～
2021-08-21 19:11:42,辻峰咲夜,:clapping_hands::clapping_hands::clapping_hands::clapping_hands::clapping_hands::clapping_hands:
2021-08-21 19:11:45,ダラニスケ,がんばれ〜！
2021-08-21 19:12:37,のｚ廃神,回線の配信レート下げれば軽くはなるが
2021-08-21 19:13:02,おむねる,ハミルちゃんええ子なんやでぇ〜
2021-08-21 19:13:05,犀虎,www
2021-08-21 19:13:13,桑原みー,ななてんはちょろくないの？
2021-08-21 19:13:21,鳴神京十郎,nn?
2021-08-21 19:13:21,いよかん,！？
2021-08-21 19:13:24,辻峰咲夜,が?
2021-08-21 19:13:27,のｚ廃神,あ
2021-08-21 19:13:28,浅田アルト,ｗｗｗ
2021-08-21 19:13:33,犀虎,静止画w
2021-08-21 19:13:44,浅田アルト,大丈夫とはｗ
2021-08-21 19:13:56,犀虎,動いた
2021-08-21 19:14:01,のｚ廃神,なおった臭いな
2021-08-21 19:14:06,浅田アルト,うごいた～
2021-08-21 19:14:12,しまごん,ななてんがんばえ～
2021-08-21 19:14:21,犀虎,がんばれー
2021-08-21 19:14:26,浅田アルト,よろしくおねがいしま～す
2021-08-21 19:14:30,犀虎,www
2021-08-21 19:14:38,かっこう,一体何人のななてんが犠牲になってしまうのか・・・ｗ
2021-08-21 19:14:40,犀虎,カンニング
2021-08-21 19:14:46,ふり かけ,死なんように指南に耳を傾けて
2021-08-21 19:15:14,桑原みー,カンニングしたらクリアできそうだけどｗ
2021-08-21 19:15:35,平賀まつり,(アカン)
2021-08-21 19:15:39,浅田アルト,草ｗ
2021-08-21 19:15:43,こっこ,伝わらなすぎる
2021-08-21 19:15:58,鳴神京十郎,不安しかないんだが
2021-08-21 19:16:02,ゆき,あら、これは…
2021-08-21 19:16:08,こっこ,草
2021-08-21 19:16:11,浅田アルト,ちがうｗｗｗ
2021-08-21 19:16:11,しまごん,ｗｗｗ
2021-08-21 19:16:27,かっこう,初手間違いｗｗｗ
2021-08-21 19:17:43,浅田アルト,ｗｗ
2021-08-21 19:18:04,浅田アルト,:clapping_hands::clapping_hands::clapping_hands::clapping_hands::clapping_hands:
2021-08-21 19:18:06,ゆき,:clapping_hands::clapping_hands::clapping_hands::clapping_hands:
2021-08-21 19:18:07,しまごん,おぉ～
2021-08-21 19:18:10,ダラニスケ,:clapping_hands::clapping_hands::clapping_hands::clapping_hands::clapping_hands::clapping_hands:
2021-08-21 19:18:11,鳴神京十郎,ないすう
2021-08-21 19:18:13,辻峰咲夜,:clapping_hands::clapping_hands::clapping_hands::clapping_hands:
2021-08-21 19:18:13,いよかん,8888888
2021-08-21 19:18:18,翠咲耶、みどりさくや,:clapping_hands::clapping_hands::clapping_hands::clapping_hands::clapping_hands:
2021-08-21 19:18:20,かっこう,:clapping_hands::clapping_hands::clapping_hands::clapping_hands:
2021-08-21 19:18:41,平賀まつり,ナイス生存！
2021-08-21 19:18:47,西山雅史,:thumbs_up:
2021-08-21 19:18:49,浅田アルト,あらぶってるｗ
2021-08-21 19:18:57,犀虎,:clapping_hands::clapping_hands::clapping_hands::clapping_hands::clapping_hands:
2021-08-21 19:19:02,浅田アルト,アップルウォッチ！
2021-08-21 19:20:30,犀虎,えらいw
2021-08-21 19:20:53,桑原みー,めっちゃまじめｗ
2021-08-21 19:22:05,いよかん,白い点が動くんだよ
2021-08-21 19:22:42,浅田アルト,:clapping_hands::clapping_hands::clapping_hands::clapping_hands::clapping_hands:
2021-08-21 19:22:42,ゆき,:clapping_hands::clapping_hands::clapping_hands::clapping_hands::clapping_hands:
2021-08-21 19:22:45,ダラニスケ,:clapping_hands::clapping_hands::clapping_hands::clapping_hands::clapping_hands::clapping_hands:
2021-08-21 19:22:45,犀虎,:clapping_hands::clapping_hands::clapping_hands::clapping_hands::clapping_hands::clapping_hands:
2021-08-21 19:22:48,いよかん,ナイスー
2021-08-21 19:22:56,鳴神京十郎,やるじゃん
2021-08-21 19:23:44,夕日レモン,こんななー
2021-08-21 19:24:00,浅田アルト,ハミルン爆殺して経験値稼いだ成果がｗ
2021-08-21 19:24:19,犀虎,入る
2021-08-21 19:24:44,若葉ジョー,解説がおっぱいてｗｗ
2021-08-21 19:26:31,若葉ジョー,頑張れななみさん！
2021-08-21 19:26:54,もんじ,こんななー
2021-08-21 19:27:23,夕日レモン,ﾌﾟｰﾌﾟｰ！ｶﾁｯ!ﾌﾟｰﾌﾟｰ！ｶﾁｯ！
2021-08-21 19:27:41,浅田アルト,おっとぉ！？
2021-08-21 19:27:44,こっこ,押してる間のゲージの色とか前あったね
2021-08-21 19:27:47,いよかん,1の時だ
2021-08-21 19:27:55,ダラニスケ,やばい
2021-08-21 19:28:09,こっこ,裏にワイヤーがあった
2021-08-21 19:28:10,C60（フラーレン）,ドッカ～ン！
2021-08-21 19:28:11,若葉ジョー,ｗｗｗｗｗｗ
2021-08-21 19:28:12,夕日レモン,裏面に残ってますよｗ
2021-08-21 19:28:15,ゆき,配線が裏にある
2021-08-21 19:28:15,紅月玖桜,後ろにもう一個あった
2021-08-21 19:28:17,浅田アルト,後ろにコードあったｗ
2021-08-21 19:28:19,しまごん,裏にワイヤーがあった
2021-08-21 19:28:20,辻峰咲夜,裏面
2021-08-21 19:28:21,いよかん,後ろにもワイヤーがあった
2021-08-21 19:28:22,C60（フラーレン）,裏面に…
2021-08-21 19:28:22,おむねる,裏に残ってたよ〜
2021-08-21 19:28:23,JUN'ky-じゃんきぃ-,裏側にもありましたｗ
2021-08-21 19:28:28,sakura,こんななー！遅れたぁ。何人目のななてん？
2021-08-21 19:28:29,鳴神京十郎,裏にもう一つあった
2021-08-21 19:28:30,犀虎,次のななみんはきっとうまくやってくれるでしょう
2021-08-21 19:28:47,犀虎,2人目
2021-08-21 19:28:47,西山雅史,Requiescat in pace
2021-08-21 19:31:09,若葉ジョー,ｗｗｗ
2021-08-21 19:31:11,浅田アルト,ｗｗｗ
2021-08-21 19:31:16,sakura,www
2021-08-21 19:31:18,C60（フラーレン）,おや？
2021-08-21 19:31:29,若葉ジョー,ハミルちゃん、まさか意識して誤った指示を・・・？ｗ
2021-08-21 19:31:34,犀虎,www
2021-08-21 19:31:39,こっこ,4への反応遅くてびっくりした
2021-08-21 19:31:51,sakura,落ち着いてw
2021-08-21 19:31:51,C60（フラーレン）,離すの早かったのか。
2021-08-21 19:32:08,浅田アルト,草
2021-08-21 19:32:18,sakura,www
2021-08-21 19:32:24,夕日レモン,草
2021-08-21 19:32:24,C60（フラーレン）,どっかーん
2021-08-21 19:32:25,ゆき,あ
2021-08-21 19:32:25,若葉ジョー,静かなる死・・・ｗ
2021-08-21 19:32:28,西山雅史,Requiescat in pace
2021-08-21 19:32:34,sakura,あーぁ
2021-08-21 19:32:36,夕日レモン,興味本位ｗ
2021-08-21 19:32:36,いよかん,あ
2021-08-21 19:32:39,浅田アルト,興味本位でｗ
2021-08-21 19:32:39,紅月玖桜,興味本位ｗｗ
2021-08-21 19:32:41,辻峰咲夜,ｗｗｗ
2021-08-21 19:32:46,ふり かけ,自爆やん
2021-08-21 19:32:47,ゆき,ななてん、いいやつだったよ
2021-08-21 19:32:53,若葉ジョー,命は投げ捨てるもの！！！
2021-08-21 19:32:57,犀虎,次のななてんはきっとうまくやってくれるでしょう
2021-08-21 19:32:57,鳴神京十郎,素人かw
2021-08-21 19:33:02,犀虎,3人目
2021-08-21 19:33:06,C60（フラーレン）,3号機ー！
2021-08-21 19:33:16,辻峰咲夜,好奇心はななてんを〇す
2021-08-21 19:33:40,桑原みー,好奇心で爆破されるななてん・・・
2021-08-21 19:33:43,平賀まつり,知育玩具感覚で押して草
2021-08-21 19:35:38,sakura,(´>ω∂`)てへぺろ
2021-08-21 19:36:06,ふり かけ,安定のボタン4つ
2021-08-21 19:36:34,浅田アルト,順番に言ってあげてｗｗｗｗ
2021-08-21 19:37:23,浅田アルト,ｗｗｗ
2021-08-21 19:37:27,ゆき,あー
2021-08-21 19:37:27,ダラニスケ,w w w
2021-08-21 19:37:27,辻峰咲夜,ｗｗｗ
2021-08-21 19:37:30,若葉ジョー,青切れもうｗｗｗｗｗｗｗｗｗｗｗｗひっどｗ
2021-08-21 19:37:36,C60（フラーレン）,参号機ー！
2021-08-21 19:37:39,sakura,あらあら
2021-08-21 19:37:41,犀虎,次のななみんはきっとうまくやってくれるでしょう
2021-08-21 19:37:43,もんじ,3秒は明らかに足りないでしょ
2021-08-21 19:37:45,犀虎,4人目
2021-08-21 19:37:46,西山雅史,Requiescat in pace
2021-08-21 19:37:56,犀虎,投げキッス助かる
2021-08-21 19:37:57,若葉ジョー,舌打ち、サラちゃんのモノマネかな？ｗ
2021-08-21 19:38:12,C60（フラーレン）,投げキッスした？
2021-08-21 19:38:21,犀虎,www
2021-08-21 19:38:24,浅田アルト,おしとやか？ｗ
2021-08-21 19:38:38,sakura,おしとやかw
2021-08-21 19:39:01,零,おしとやか？？？？
2021-08-21 19:39:01,辻峰咲夜,ですわよ
2021-08-21 19:39:17,平賀まつり,そうわよ
2021-08-21 19:39:47,零, www
2021-08-21 19:39:54,浅田アルト,何でそれで伝わるんｗ
2021-08-21 19:40:02,sakura,わかるんかいw
2021-08-21 19:40:04,C60（フラーレン）,歯間ブラシみたいな…
2021-08-21 19:40:15,犀虎,ダイイングメッセージw
2021-08-21 19:40:36,ソニアマスター,たまにお嬢になるのなｗ
2021-08-21 19:40:51,浅田アルト,おしとかやどこいったｗ
2021-08-21 19:40:54,犀虎,けつw
2021-08-21 19:41:18,C60（フラーレン）,おけつですわね。
2021-08-21 19:41:29,もんじ,もっとマシな言葉があるでしょうに　桃とかさ
2021-08-21 19:41:31,辻峰咲夜,Deathわね
2021-08-21 19:41:52,浅田アルト,ｗｗｗ
2021-08-21 19:42:10,sakura,時々お嬢様おるなw
2021-08-21 19:42:31,辻峰咲夜,:clapping_hands::clapping_hands::clapping_hands::clapping_hands::clapping_hands::clapping_hands:
2021-08-21 19:42:31,浅田アルト,:clapping_hands::clapping_hands::clapping_hands::clapping_hands::clapping_hands:
2021-08-21 19:42:31,ダラニスケ,:clapping_hands::clapping_hands::clapping_hands::clapping_hands::clapping_hands::clapping_hands:
2021-08-21 19:42:33,C60（フラーレン）,:clapping_hands::clapping_hands::clapping_hands::clapping_hands::clapping_hands:
2021-08-21 19:42:37,ゆき,:clapping_hands::clapping_hands::clapping_hands::clapping_hands:
2021-08-21 19:42:38,sakura,88888888
2021-08-21 19:42:38,犀虎,:clapping_hands::clapping_hands::clapping_hands::clapping_hands::clapping_hands::clapping_hands:
2021-08-21 19:42:40,鳴神京十郎,やるやる
2021-08-21 19:42:40,かっこう,:clapping_hands::clapping_hands::clapping_hands::clapping_hands:
2021-08-21 19:42:41,平賀まつり,お嬢様じゃなくて女王様居ますね
2021-08-21 19:42:41,西山雅史,:clapping_hands:
2021-08-21 19:43:37,辻峰咲夜,爆弾処理班のお嬢様とは?
2021-08-21 19:43:53,浅田アルト,罵詈雑言言う時もお嬢様言葉でヨロシク！
2021-08-21 19:44:23,若葉ジョー,・・・・はぁ？ｗｗｗ
2021-08-21 19:44:25,辻峰咲夜,来た地獄の縦ワイヤー
2021-08-21 19:45:15,狐蛇狼(こたろう),ひし形のだね
2021-08-21 19:45:24,浅田アルト,ウインドウズｗ
2021-08-21 19:45:29,No.396(ミクロ),ご飯落ちから戻ったけどどんなかんじ？
2021-08-21 19:45:53,辻峰咲夜,Windows草
2021-08-21 19:46:03,C60（フラーレン）,ボイン
2021-08-21 19:46:08,若葉ジョー,マジで爆発５分前（MB５）
2021-08-21 19:46:09,犀虎,www
2021-08-21 19:46:24,C60（フラーレン）,キレそうw
2021-08-21 19:46:56,犀虎,でたw
2021-08-21 19:46:58,辻峰咲夜,ｗｗｗ
2021-08-21 19:47:29,浅田アルト,むっずｗｗ
2021-08-21 19:47:29,紅月玖桜,モールス信号は　トン　ツー　が分かりやすいかな？
2021-08-21 19:47:39,sakura,モールス難しいなぁ
2021-08-21 19:47:44,若葉ジョー,ハミりそうｗｗｗ
2021-08-21 19:47:53,若葉ジョー,しかし、ななみさん落ち着いてるｗｗ
2021-08-21 19:47:56,こっこ,むずすぎんかー
2021-08-21 19:47:59,辻峰咲夜,ツー(ー)　トン(-)　でやったほうが分かりやすいかも
2021-08-21 19:48:00,平賀まつり,モールス難しいですね
2021-08-21 19:48:10,浅田アルト,ｗｗｗｗ
2021-08-21 19:48:15,sakura,ブーw
2021-08-21 19:48:31,浅田アルト,時間ぎれｗ
2021-08-21 19:48:32,No.396(ミクロ),な、ななてーん！
2021-08-21 19:48:34,sakura,あー･･･
2021-08-21 19:48:43,若葉ジョー,EXPLODEｗｗ爆発ｗｗｗ
2021-08-21 19:48:53,狐蛇狼(こたろう),ミスすると時間早く進むよ
2021-08-21 19:48:53,浅田アルト,ミスするごとにカウント早くなってるっぽいね
2021-08-21 19:48:55,ダラニスケ,裏になってたからね
2021-08-21 19:49:03,西山雅史,Requiescat in pace
2021-08-21 19:49:16,鳴神京十郎,お、登録者が888
2021-08-21 19:50:25,若葉ジョー,・・・あぁん！？
2021-08-21 19:50:30,浅田アルト,煽り合い草ｗ
2021-08-21 19:50:34,sakura,圧がw
2021-08-21 19:50:38,こっこ,お口がわるーございますわよ
2021-08-21 19:51:53,もんじ,小文字のaとeがくっついたヤツか
2021-08-21 19:51:53,平賀まつり,なんか左のタイマーのやつ不穏ですね…。？
2021-08-21 19:52:12,狐蛇狼(こたろう),ガスのやつが優先しとかないといけなかった
2021-08-21 19:52:18,浅田アルト,定期的にガス外出ボタン押さないとだめっぽい？
2021-08-21 19:52:23,No.396(ミクロ),左のやつが時間切れになった？
2021-08-21 19:52:31,紅月玖桜,ポケベルとか？
2021-08-21 19:52:38,狐蛇狼(こたろう),ガス優先しとかないと
2021-08-21 19:52:39,ゆき,ガスを先に
2021-08-21 19:52:41,こっこ,文字よりボタンの数とかかなあ
2021-08-21 19:52:58,浅田アルト,左上のガス排出ボタンおして～
2021-08-21 19:53:00,ゆき,左上
2021-08-21 19:53:13,平賀まつり,ガスを放出する？の奴を対処しないとペナルティあるみたいですね
2021-08-21 19:53:15,辻峰咲夜,パスワードかな
2021-08-21 19:53:38,辻峰咲夜,もしかしてガスでミスってた？
2021-08-21 19:53:57,ゆき,それで×が増えてた
2021-08-21 19:54:01,No.396(ミクロ),それが時間切れになると1ミスのなるっぽい
2021-08-21 19:54:38,若葉ジョー,司令室がｗｗｗｗ
2021-08-21 19:54:56,若葉ジョー,カスタマーセンターかな？ｗ
2021-08-21 19:54:56,ゆき,「いのちだいじに」で行こうぜ
2021-08-21 19:55:04,ゆき,ガス
2021-08-21 19:55:37,ゆき,正解
2021-08-21 19:55:43,もんじ,YはYes　NがNoだ
2021-08-21 19:55:53,こっこ,定期ガス
2021-08-21 19:56:29,No.396(ミクロ),まだ何もクリアできてないw
2021-08-21 19:56:37,辻峰咲夜,まだ一つも解除できてないww
2021-08-21 19:57:04,ダラニスケ,あかんっぽいw
2021-08-21 19:57:22,鳴神京十郎,コレは駄目っすな
2021-08-21 19:57:22,浅田アルト,ガスは定期的に気にしとけってタイプのやつかな
2021-08-21 19:57:48,C60（フラーレン）,カスタマーセンターさんポンコツw
2021-08-21 19:57:52,浅田アルト,諦めたｗ
2021-08-21 19:57:56,平賀まつり,命は投げ捨てる物
2021-08-21 19:57:59,No.396(ミクロ),さらばななてん…
2021-08-21 19:58:01,ゆき,難しいね
2021-08-21 19:58:02,sakura,解除しながらガスも気にする･･･大変だ
2021-08-21 19:58:14,C60（フラーレン）,……え？
2021-08-21 19:58:25,浅田アルト,ｗｗ
2021-08-21 19:58:28,若葉ジョー,サラ部屋
2021-08-21 19:58:36,sakura,www
2021-08-21 19:58:39,辻峰咲夜,サラ部屋ww
2021-08-21 19:58:49,ふり かけ,夢オチ?
2021-08-21 19:58:54,C60（フラーレン）,……あ
2021-08-21 19:59:18,C60（フラーレン）,リラックスしよー！
2021-08-21 19:59:27,浅田アルト,強気すぎるｗ
2021-08-21 19:59:27,sakura,さすまたw
2021-08-21 19:59:38,若葉ジョー,軽いｗｗｗ
2021-08-21 19:59:49,辻峰咲夜,縦ワイヤー…
2021-08-21 20:00:27,C60（フラーレン）,かわいいw
2021-08-21 20:00:27,浅田アルト,くしゃみたすかる
2021-08-21 20:00:35,No.396(ミクロ),くしゃみたすかる
2021-08-21 20:00:43,平賀まつり,くしゃみありがとう
2021-08-21 20:00:53,sakura,くしゃみ助かるー
2021-08-21 20:00:54,翠咲耶、みどりさくや,かわいーいー
2021-08-21 20:01:18,sakura,ブーw
2021-08-21 20:01:39,辻峰咲夜,おい
2021-08-21 20:01:45,浅田アルト,こらｗ
2021-08-21 20:01:50,しまごん,草
2021-08-21 20:01:55,sakura,あーw
2021-08-21 20:01:56,C60（フラーレン）,w
2021-08-21 20:01:56,ゆき,www
2021-08-21 20:02:12,ふり かけ,見事なフリとオチ
2021-08-21 20:02:14,若葉ジョー,このコンビ、ガバいｗｗ
2021-08-21 20:02:22,sakura,どうして･･･
2021-08-21 20:02:28,辻峰咲夜,指示出てるで
2021-08-21 20:02:45,こっこ,さすがにわかりづらいｗ
2021-08-21 20:02:59,辻峰咲夜,来た縦ワイヤー
2021-08-21 20:03:31,平賀まつり,前回のボスですね
2021-08-21 20:04:28,犀虎,www
2021-08-21 20:04:33,こっこ,草
2021-08-21 20:04:38,犀虎,これは難問w
2021-08-21 20:04:52,若葉ジョー,ななみさんツッコミ上手いｗ
2021-08-21 20:04:58,浅田アルト,デュエルスタンバイ！
2021-08-21 20:05:01,C60（フラーレン）,もう青でいいよね？
2021-08-21 20:05:31,sakura,危なw
2021-08-21 20:05:52,浅田アルト,勘ｗ
2021-08-21 20:06:05,みのみに,w
2021-08-21 20:06:09,浅田アルト,マジかよｗ
2021-08-21 20:06:12,C60（フラーレン）,えー…
2021-08-21 20:06:17,No.396(ミクロ),まじかよwww
2021-08-21 20:06:27,犀虎,www
2021-08-21 20:06:27,sakura,これは指示者が殺しに来てたか？w
2021-08-21 20:06:29,pepepe pe,確率の壁ぶち抜いたな
2021-08-21 20:06:30,No.396(ミクロ),www
2021-08-21 20:06:32,こっこ,結構勘が冴えてた
2021-08-21 20:06:34,桑原みー,やばいやばい
2021-08-21 20:06:38,sakura,興味本位かい！
2021-08-21 20:06:41,辻峰咲夜,勘で当てやがったww
2021-08-21 20:07:08,No.396(ミクロ),1つ目まさかの全切りが正解だったのすごいなw
2021-08-21 20:07:14,若葉ジョー,報酬は高そうｗｗｗ
2021-08-21 20:07:16,C60（フラーレン）,爆弾処理のバイトw
2021-08-21 20:07:21,ゆき,命と引き換え
2021-08-21 20:07:33,浅田アルト,ｗｗｗｗ
2021-08-21 20:07:40,sakura,www
2021-08-21 20:08:00,若葉ジョー,オバケじゃなくて４Pの妖精いそう
2021-08-21 20:09:37,浅田アルト,例えｗｗｗ
2021-08-21 20:09:38,こっこ,確変突入率
2021-08-21 20:09:41,ダラニスケ,たとえがw
2021-08-21 20:09:42,sakura,それ伝わらんだろw
2021-08-21 20:09:47,No.396(ミクロ),学生には伝わらんてw
2021-08-21 20:09:47,ソニアマスター,そこかよｗ
2021-08-21 20:10:13,C60（フラーレン）,確変継続率60は続かない…
2021-08-21 20:11:11,sakura,怒るでないw
2021-08-21 20:11:21,若葉ジョー,ぎゃ、逆ギレ～？ｗｗｗ
2021-08-21 20:12:03,No.396(ミクロ),おっと？
2021-08-21 20:12:19,浅田アルト,1じゃなかった？
2021-08-21 20:12:53,浅田アルト,これ最初からになんのエグいな
2021-08-21 20:13:03,こっこ,前回のハミルンもそんなだったしセーフ
2021-08-21 20:13:08,sakura,4
2021-08-21 20:13:49,こっこ,詰んだ
2021-08-21 20:13:52,No.396(ミクロ),あ、やばいw
2021-08-21 20:13:57,若葉ジョー,投げたｗｗｗ
2021-08-21 20:14:02,sakura,諦めたw
2021-08-21 20:14:02,ゆき,www
2021-08-21 20:14:03,C60（フラーレン）,あー、撤収！
2021-08-21 20:14:06,辻峰咲夜,匙投げたww
2021-08-21 20:14:07,ダラニスケ,w w w
2021-08-21 20:14:07,No.396(ミクロ),www
2021-08-21 20:14:09,浅田アルト,諦めたｗ
2021-08-21 20:14:09,平賀まつり,命が軽すぎるw
2021-08-21 20:14:39,若葉ジョー,爆発オチなんてさいて～～～ｗ
2021-08-21 20:14:39,4161きんた,潔し
2021-08-21 20:14:40,浅田アルト,ｗｗｗ
2021-08-21 20:14:46,翠咲耶、みどりさくや,ww
2021-08-21 20:14:51,sakura,命がいくつあっても足らんよw
2021-08-21 20:14:58,辻峰咲夜,ｗｗ
2021-08-21 20:15:30,辻峰咲夜,解体する気無しww
2021-08-21 20:15:32,若葉ジョー,いぬやしきｗｗｗ
2021-08-21 20:15:48,西山雅史,:thumbs_up:
2021-08-21 20:15:48,sakura,笑ったw
2021-08-21 20:16:01,浅田アルト,6代目くらい？
2021-08-21 20:16:40,No.396(ミクロ),サラちゃんとリリスちゃんともやりたいねw
2021-08-21 20:16:55,C60（フラーレン）,やすっ！
2021-08-21 20:16:59,若葉ジョー,せめて危険手当つけて
2021-08-21 20:17:04,sakura,ななてんが言うと重みあるなぁw
2021-08-21 20:17:35,C60（フラーレン）,ななみんも頑張れ！
2021-08-21 20:17:46,平賀まつり,応援してます
2021-08-21 20:17:46,若葉ジョー,ななみさん合格せんかったら泣く
2021-08-21 20:17:49,浅田アルト,ななてんもがんばって～
2021-08-21 20:17:57,辻峰咲夜,祝わせて
2021-08-21 20:17:58,sakura,頑張れー！
2021-08-21 20:18:03,C60（フラーレン）,111人くらい　
2021-08-21 20:18:06,浅田アルト,あと111人
2021-08-21 20:18:07,No.396(ミクロ),@111ぐらいかな
2021-08-21 20:18:10,こっこ,あとちょっと頑張ろう！
2021-08-21 20:18:16,辻峰咲夜,あと111人
2021-08-21 20:18:23,狐蛇狼(こたろう),毎日配信？
2021-08-21 20:18:31,いよかん,www
2021-08-21 20:18:39,sakura,釣り上げかよw
2021-08-21 20:18:41,辻峰咲夜,最終手段ww
2021-08-21 20:18:42,浅田アルト,エロは正義やぞ
2021-08-21 20:18:43,4161きんた,草
2021-08-21 20:18:51,しまごん,草
2021-08-21 20:18:52,C60（フラーレン）,この期間だけはねw
2021-08-21 20:18:54,No.396(ミクロ),www
2021-08-21 20:18:57,紅月玖桜,４ｋ時間のほうは大丈夫？
2021-08-21 20:18:57,sakura,それは助からんw
2021-08-21 20:18:58,翠咲耶、みどりさくや,ヒデエw
2021-08-21 20:19:09,こっこ,耳舐めしようとしたら事務所行かなきゃで身体もたない可能性
2021-08-21 20:19:15,ヨシオン,こんななー
2021-08-21 20:19:39,浅田アルト,そうね～
2021-08-21 20:19:39,狐蛇狼(こたろう),事務所で生活する？
2021-08-21 20:19:40,C60（フラーレン）,今は怖いねー。
2021-08-21 20:19:49,sakura,確かに電車、バスは怖いよな
2021-08-21 20:19:53,紅月玖桜,ここ2年乗ってないのに昨日電車乗ってしまったよ・・・
2021-08-21 20:19:54,ヨシオン,車移動だな
2021-08-21 20:19:58,若葉ジョー,偉い。だからこそ合格して！
2021-08-21 20:20:29,No.396(ミクロ),時間はアーカイブ回れば行ける…！
2021-08-21 20:21:18,こっこ,1回目のななてん頑張ってた
2021-08-21 20:21:35,sakura,おつななー！
2021-08-21 20:21:38,ダラニスケ,おつなな〜！おつはみる！
2021-08-21 20:21:39,いよかん,おつななー
2021-08-21 20:21:41,ヤマダン,おつななー
2021-08-21 20:21:42,かっこう,おつなな～
2021-08-21 20:21:42,鳴神京十郎,おつなな～
2021-08-21 20:21:42,4161きんた,おつななー
2021-08-21 20:21:43,ぬー,おつななでしたー
2021-08-21 20:21:43,浅田アルト,おつなな～
2021-08-21 20:21:43,狐蛇狼(こたろう),おつななー
2021-08-21 20:21:46,No.396(ミクロ),おつなな＆おつはみる！
2021-08-21 20:21:47,おむねる,おつなな〜
2021-08-21 20:21:48,こっこ,おつななー
2021-08-21 20:21:49,逢間聖邪[おうませいや],おつななー
2021-08-21 20:21:49,ふり かけ,おつなな
2021-08-21 20:21:49,弥夜にゃ[Yayanya],おつなな～
2021-08-21 20:21:50,みのみに,おつななー
2021-08-21 20:21:51,辻峰咲夜,おつなな
2021-08-21 20:21:52,平賀まつり,おつななはみー　楽しかったです
2021-08-21 20:21:52,もんじ,おつななー　おつはみるー
2021-08-21 20:22:02,ダラニスケ,皆さんもお疲れ様でした
2021-08-21 20:22:02,ソニアマスター,おつななー♪
2021-08-21 20:22:07,翠咲耶、みどりさくや,おつななー
2021-08-21 20:22:18,No.396(ミクロ),皆様もお疲れ様でした！
2021-08-21 20:22:35,辻峰咲夜,切断忘れてる?
2021-08-21 20:22:41,西山雅史,おつなな
