2022-02-23 18:22:47,ツーバス技能士,約束された勝利
2022-02-23 19:23:26,犯罪学教室のかなえ先生 V Criminologist,迎える夢の裏垢男子生活
2022-02-23 19:23:34,犯罪学教室のかなえ先生 V Criminologist,熱烈待機
2022-02-23 19:31:20,びゃっこ,待機！＆高評価！
2022-02-23 19:32:17,夜鴉,待機～
2022-02-23 19:39:43,sakura,さ、待機ですよ！
2022-02-23 19:44:39,Midari Rakka ／ 落花みだり,熱烈待機草
2022-02-23 19:51:33,まーだ,待機！
2022-02-23 19:51:47,うまうま,間に合ったぁ
2022-02-23 19:51:53,うまうま,待機します
2022-02-23 19:52:40,A.R. M.S.,待機！
2022-02-23 19:53:56,ゼイクス,仕事しながら待機
2022-02-23 19:54:31,犀虎,待機
2022-02-23 19:55:19,ステアー,タイキ
2022-02-23 19:56:56,No.396(ミクロ),待機！
2022-02-23 19:57:17,雪兎,待機
2022-02-23 19:57:50,ほんまですよ！？,待機
2022-02-23 19:58:20,ゆー,待機！
2022-02-23 19:59:04,げきちん,待機
2022-02-23 19:59:23,SiROE,この日を待っていた
2022-02-23 19:59:40,コーンアイス,やったね
2022-02-23 19:59:41,kaneman 1983,勉強会！
2022-02-23 19:59:48,4161きんた,待機
2022-02-23 20:00:22,くめん,待機
2022-02-23 20:00:27,シャウト君,待機！
2022-02-23 20:00:32,vivi,待機
2022-02-23 20:00:41,GAME あどばん,待機！
2022-02-23 20:01:01,のり,待機
2022-02-23 20:01:04,縁紫 a.k.a ゆかり,侍期
2022-02-23 20:01:18,んじぴー,待機
2022-02-23 20:01:29,うまうま,_φ(`･ω･´)
2022-02-23 20:01:49,なやわ,待機
2022-02-23 20:01:55,鳴神藤四郎,待機
2022-02-23 20:01:56,げそ,待機
2022-02-23 20:02:03,A.R. M.S.,こんなな～＆こんだり～
2022-02-23 20:02:04,くめん,きちゃ
2022-02-23 20:02:07,ほんまですよ！？,きちゃ
2022-02-23 20:02:13,可老,こんなな～
2022-02-23 20:02:14,けんちゃん,こんなな～
2022-02-23 20:02:15,コーンアイス,こんなな〜
2022-02-23 20:02:16,げきちん,こんなな〜
2022-02-23 20:02:17,夜鴉,こんなな～
2022-02-23 20:02:17,No.396(ミクロ),こんなな！
2022-02-23 20:02:17,雪兎,こんななー
2022-02-23 20:02:19,GAME あどばん,こんななー
2022-02-23 20:02:18,vivi,きちゃ
2022-02-23 20:02:19,ほんまですよ！？,こんなな
2022-02-23 20:02:20,びゃっこ,こんなな～こんだり～
2022-02-23 20:02:20,くめん,こんななー
2022-02-23 20:02:20,けつあご,こんななー
2022-02-23 20:02:21,犀虎,きちゃ
2022-02-23 20:02:22,ROCK,こんなな～
2022-02-23 20:02:23,麗冬,こん！
2022-02-23 20:02:24,sakura,こんななー！
2022-02-23 20:02:25,DTZ,こんなな！
2022-02-23 20:02:25,Fanlu9o,こんななー
2022-02-23 20:02:27,ゆー,こんなな〜
2022-02-23 20:02:27,vivi,こんななー
2022-02-23 20:02:28,こっこ,こんななー
2022-02-23 20:02:29,犀虎,こんななー
2022-02-23 20:02:32,ゼイクス,こんななー
2022-02-23 20:02:33,げきちん,肩書が相変わらずひどいｗｗｗ
2022-02-23 20:02:34,まーだ,こんなな～
2022-02-23 20:02:34,ゼイクス,こんだりー
2022-02-23 20:02:34,六尺野郎,こんななー
2022-02-23 20:02:35,うぺぺぺ,肩書が草
2022-02-23 20:02:38,シデサン,こんなな～
2022-02-23 20:02:39,まる,こんななー
2022-02-23 20:02:39,パラコード,こんななー
2022-02-23 20:02:39,うまうま,こんななななななななななな
2022-02-23 20:02:42,りんごカーボネート,こんなな
2022-02-23 20:02:43,犀虎,ひでー肩書きだw
2022-02-23 20:02:47,駄犬,こんななー
2022-02-23 20:02:47,なやわ,こんななー
2022-02-23 20:02:48,珠椛,こんななー
2022-02-23 20:02:54,犀虎,:clapping_hands::clapping_hands::clapping_hands::clapping_hands::clapping_hands::clapping_hands:
2022-02-23 20:02:55,陽 （ひなた）,初見です〜
2022-02-23 20:03:00,Iludo　イルド,対戦よろしくお願いします
2022-02-23 20:03:03,犀虎,ちんすこうかな？
2022-02-23 20:03:07,シャウト君,こんななー
2022-02-23 20:03:10,フェレお(フィニッシュ!),こんななー
2022-02-23 20:03:10,麗冬,セルフピーオン！
2022-02-23 20:03:14,sakura,コンプラ大事よ
2022-02-23 20:03:14,4161きんた,こんななー
2022-02-23 20:03:16,なんこつ,こんなな〜
2022-02-23 20:03:18,空,草
2022-02-23 20:03:19,げそ,肩書ｗ
2022-02-23 20:03:21,バクラバオマ,こんなな～
2022-02-23 20:03:23,isa,こんななー
2022-02-23 20:03:24,のり,こんな信頼できるソムリエいない
2022-02-23 20:03:29,take take,こんななー
2022-02-23 20:03:30,スノーウィー,こんなな
2022-02-23 20:03:36,フェレお(フィニッシュ!),今日はティンダー赤点先生だー
2022-02-23 20:03:37,のぶ,こんなな〜
2022-02-23 20:03:38,_ hooo,初見です　こんななー
2022-02-23 20:03:39,vivi,NG出ちまったかw
2022-02-23 20:03:41,ボンゴレ,こんななー
2022-02-23 20:03:42,こっこ,匂わせ助かる
2022-02-23 20:03:51,びゃっこ,NGかぁ
2022-02-23 20:03:51,poipoi,こんばんは　
2022-02-23 20:03:52,take take,ななてんちょっと声遠い？
2022-02-23 20:03:52,Iludo　イルド,:clapping_hands::clapping_hands::clapping_hands::clapping_hands:
2022-02-23 20:04:04,ゼイクス,顔出して送れる人すごい
2022-02-23 20:04:07,SiROE,こんなな！！！
2022-02-23 20:04:09,ほんまですよ！？,少なかったら送ろうと思った
2022-02-23 20:04:10,はなむう,こんばんは〜
2022-02-23 20:04:34,グスタフ,こんばんはー
2022-02-23 20:04:36,しゃしゃしゃ,こんなな〜
2022-02-23 20:04:38,しろ,間に合っか!?こんななー
2022-02-23 20:04:39,DTZ,勇敢なる猛者達
2022-02-23 20:04:39,sweaty,ななばんわ！
2022-02-23 20:04:39,ステアー,こんなな！
2022-02-23 20:04:47,sakura,おぉ～！これは助かる！
2022-02-23 20:04:48,Ki,こんななー
2022-02-23 20:04:48,Iludo　イルド,先生よろしくお願いします！
2022-02-23 20:04:49,わたあめ,こんなな
2022-02-23 20:04:53,阿佐政孝のSL-Vtuber的channel,おはこんばんちわー（＊・ω・）ノ　夜だけど阿佐ですー！！　あ、みだりさんも、おはこんばんちわー（＊・ω・）ノ
2022-02-23 20:04:55,ゆー,勇気が出なかった…
2022-02-23 20:04:55,こっこ,やるガチ
2022-02-23 20:04:58,びゃっこ,たすかる
2022-02-23 20:05:04,vivi,合格はいたのだろうか…
2022-02-23 20:05:18,はなむう,正解の人はいたのかな
2022-02-23 20:05:19,にんげん,こんなな
2022-02-23 20:05:22,しろ,肩書きがなんか凄いや（白目）
2022-02-23 20:05:23,麗冬,なにを突っ込むのだろうか？
2022-02-23 20:05:29,シャウト君,裏会話楽しそうだな
2022-02-23 20:05:31,Iludo　イルド,お便り草
2022-02-23 20:05:46,スノーウィー,おぉ
2022-02-23 20:05:47,vivi,ナニを突っ込むんやろなー
2022-02-23 20:05:55,一成.,こんなな、顔ありで送るの強いな
2022-02-23 20:05:58,take take,ストレート男性
2022-02-23 20:05:58,SiROE,ひろゆ〇にきこえた
2022-02-23 20:06:00,ステアー,レイヤーニキ！
2022-02-23 20:06:13,縁紫 a.k.a ゆかり,せいてきしこうだよ
2022-02-23 20:06:13,トシ,天パじゃない？ってこと？
2022-02-23 20:06:15,げきちん,！？
2022-02-23 20:06:15,けつあご,ファ！？！？
2022-02-23 20:06:17,take take,ピッチャーじゃね？
2022-02-23 20:06:17,禍福 消長,ファッツ？
2022-02-23 20:06:21,ROCK,あれ？
2022-02-23 20:06:22,Ki,え！？
2022-02-23 20:06:23,ヤマ.パンダ,ん？
2022-02-23 20:06:23,まーだ,あら？
2022-02-23 20:06:23,SiROE,あ
2022-02-23 20:06:25,犀虎,ゲイじゃないってことですよ
2022-02-23 20:06:25,sakura,え！？
2022-02-23 20:06:25,トシ,え、終わった
2022-02-23 20:06:26,まる,あれ
2022-02-23 20:06:26,雪兎,お？ｗ
2022-02-23 20:06:26,sweaty,おわた
2022-02-23 20:06:27,りんごカーボネート,草生える
2022-02-23 20:06:28,阿佐政孝のSL-Vtuber的channel,えええ
2022-02-23 20:06:30,のりお,え？？
2022-02-23 20:06:31,かわいいたぬき,？
2022-02-23 20:06:32,こっこ,配信切れたわ
2022-02-23 20:06:34,Hi B,マイノリティ？
2022-02-23 20:06:36,No.396(ミクロ),おっと？
2022-02-23 20:06:38,ゆー,？
2022-02-23 20:06:38,ステアー,更新したら戻った
2022-02-23 20:06:39,一成.,おつななーww
2022-02-23 20:06:41,えもと,更新したら見れた
2022-02-23 20:06:42,まーだ,更新だ
2022-02-23 20:06:43,パラコード,今のなんだ？
2022-02-23 20:06:43,isa,更新や
2022-02-23 20:06:45,Ki,更新した戻ったか
2022-02-23 20:06:47,禍福 消長,更新したら行けたわ
2022-02-23 20:06:49,阿佐政孝のSL-Vtuber的channel,思春期youtubeのAI君かな
2022-02-23 20:06:50,けんちゃん,??
2022-02-23 20:06:50,げそ,謎
2022-02-23 20:06:52,DTZ,誠実そう
2022-02-23 20:06:52,トシ,よかた
2022-02-23 20:06:53,くめん,更新で見れますよー
2022-02-23 20:06:54,雪兎,ホントだ戻った
2022-02-23 20:06:56,sakura,おかえりー！
2022-02-23 20:07:02,びゃっこ,一瞬何か起きた
2022-02-23 20:07:02,瀬戸内じゃけん,なんか不安定？
2022-02-23 20:07:03,sweaty,もどた
2022-02-23 20:07:13,けんちん汁・ぶしどー,こんなな～
2022-02-23 20:07:18,vivi,ストレート過ぎたか…w
2022-02-23 20:07:20,Hi B,理系なんでしょ
2022-02-23 20:07:21,Kao,不安定
2022-02-23 20:07:30,DTZ,むずっ
2022-02-23 20:07:30,一成.,更新言ってくれた人ありがと
2022-02-23 20:07:36,GAME あどばん,広告入って配信止まった:sweat_droplets::sweat_droplets:
2022-02-23 20:07:38,take take,なるほど
2022-02-23 20:07:52,けんちん汁・ぶしどー,:hugging_face::rolling_on_the_floor_laughing:これか
2022-02-23 20:07:54,ROCK,草
2022-02-23 20:07:54,take take,絵文字使うのおじさんだと聞いた
2022-02-23 20:07:55,まーだ,おじさん構文になっちゃうｗ
2022-02-23 20:07:58,vivi,絵文字はおじさん構文になりがち
2022-02-23 20:08:12,ほんまですよ！？,星座にはどんな効果が
2022-02-23 20:08:19,こっこ,履歴書だったかー
2022-02-23 20:08:19,アルトアイゼン,絵文字使わないと怖いって言われるよね
2022-02-23 20:08:26,sakura,面接＝プロフィール了解
2022-02-23 20:08:27,シャウト君,プロフィールは面接かぁ
2022-02-23 20:08:29,びゃっこ,なるほど。参考になります
2022-02-23 20:08:31,DTZ,竿面接
2022-02-23 20:08:35,けんちん汁・ぶしどー,楽しそう
2022-02-23 20:08:36,take take,写真よ
2022-02-23 20:08:38,vivi,あれ？w
2022-02-23 20:08:39,SiROE,富岡義勇で草
2022-02-23 20:08:44,ROCK,ｗｗ
2022-02-23 20:08:45,くめん,文字だけだと感情伝えられないから難しいよね
2022-02-23 20:08:46,うまうま,影分身！？
2022-02-23 20:08:46,びゃっこ,全員モザイクｗ
2022-02-23 20:08:46,雪兎,オール目線ｗ
2022-02-23 20:08:52,Ki,何でその写真を
2022-02-23 20:08:53,にんげん,どっちがホンモンかな
2022-02-23 20:08:56,大吟醸ニトロ,こんなな〜
2022-02-23 20:09:01,レヴィア・ナナヤ,こんばんは
2022-02-23 20:09:01,くめん,草
2022-02-23 20:09:01,A.R. M.S.,各自元ツイ参照してもろて
2022-02-23 20:09:02,take take,さくらちゃんにも目線入ってて草
2022-02-23 20:09:05,一成.,CC桜と肩組むのはガチなんよww
2022-02-23 20:09:06,vivi,コンプラ大事ね
2022-02-23 20:09:10,ボンゴレ,冨岡義勇
2022-02-23 20:09:14,sakura,富岡さん？
2022-02-23 20:09:18,空,冨岡義勇
2022-02-23 20:09:23,びゃっこ,ＣＣ桜とマッチングしたいｗ
2022-02-23 20:09:36,けんちん汁・ぶしどー,w
2022-02-23 20:09:45,犀虎,www
2022-02-23 20:09:47,アフネル,ww
2022-02-23 20:09:51,sakura,www
2022-02-23 20:09:53,vivi,ちょうどいいバランス
2022-02-23 20:10:04,雪兎,担当ｗ
2022-02-23 20:10:10,びゃっこ,担当ｗ
2022-02-23 20:10:12,vivi,筋肉ソムリエw
2022-02-23 20:10:26,sakura,担当別なのねw
2022-02-23 20:10:29,けんちん汁・ぶしどー,筋肉担当w
2022-02-23 20:10:41,うまうま,〇ントレ？
2022-02-23 20:10:44,frafran,こんななー
2022-02-23 20:10:55,黒っぽい鳥,こんななーやってんねぇ！
2022-02-23 20:10:59,学生wriggle,服がピチッとしてるね
2022-02-23 20:11:02,にんげん,そうなんかw
2022-02-23 20:11:04,やしのき,こんだり＆こんななっす
2022-02-23 20:11:04,ほんまですよ！？,半袖とかね
2022-02-23 20:11:10,ツーバス技能士,こんなな～　こんだり～
2022-02-23 20:11:15,Iludo　イルド,なるほど
2022-02-23 20:11:28,にんげん,ラッシュガードだな
2022-02-23 20:11:29,はなむう,なるほどね
2022-02-23 20:11:33,K.しぇん,全身タイツ？
2022-02-23 20:11:37,vivi,タンクトップスタイルか
2022-02-23 20:12:07,Iludo　イルド,なるほどなぁ
2022-02-23 20:12:19,vivi,一点狙いか
2022-02-23 20:12:24,ゆー,なかやまきんに君みたいな感じ？ww
2022-02-23 20:12:29,ヤマ.パンダ,オレ、オンナ、ホシイ
2022-02-23 20:12:35,雪兎,特攻ありかぁ
2022-02-23 20:12:46,ツーバス技能士,弱点特攻
2022-02-23 20:12:47,スノーウィー,女性特攻か
2022-02-23 20:12:54,びゃっこ,ターゲットを絞るか全面的に狙うかで変わるのか
2022-02-23 20:12:58,ほんまですよ！？,筋肉特化
2022-02-23 20:13:06,けんちん汁・ぶしどー,強そう
2022-02-23 20:13:07,うまうま,筋肉特攻
2022-02-23 20:13:12,バクラバオマ,なかやまきんにくんはLIKEするとき毎回ヤー！って言ってそう
2022-02-23 20:13:34,Iludo　イルド,なるほど
2022-02-23 20:13:37,ほんまですよ！？,ほー
2022-02-23 20:13:46,SiROE,勉強になる
2022-02-23 20:13:48,まーだ,目に止まる写真ってどういうのん？
2022-02-23 20:13:50,ヤマ.パンダ,そういうヲタアピールでもええのね
2022-02-23 20:13:51,一成.,筋肉特化とか強そうだ(小並感
2022-02-23 20:13:52,バクラバオマ,参考になる
2022-02-23 20:13:56,sakura,なるほどな
2022-02-23 20:14:02,アフネル,ほへ～
2022-02-23 20:14:05,けんちん汁・ぶしどー,なるほど
2022-02-23 20:14:09,げきちん,イベントぐらい一人で行けよと思っちゃだめなのか・・・
2022-02-23 20:14:10,vivi,期間限定プロフ
2022-02-23 20:14:11,DTZ,実用的なアドバイス
2022-02-23 20:14:13,ゆー,ほほう
2022-02-23 20:14:13,Iludo　イルド,ダシにして
2022-02-23 20:14:17,まーだ,ほうほう
2022-02-23 20:14:31,Ki,鍛えないとなぁｗ
2022-02-23 20:14:38,DTZ,ただのマッチョ好きなんよ
2022-02-23 20:14:43,くめん,はえー
2022-02-23 20:14:46,SiROE,夜のポップアップｗ
2022-02-23 20:14:49,Iludo　イルド,夜のポップアップは草
2022-02-23 20:14:49,げきちん,夜のポップアップｗ
2022-02-23 20:14:52,うまうま,夜のポップアップ
2022-02-23 20:15:04,AC BUSH,細マッチョなのか重マッチョなのか
2022-02-23 20:15:05,空,草
2022-02-23 20:15:09,けつあご,草
2022-02-23 20:15:11,けんちん汁・ぶしどー,ww
2022-02-23 20:15:12,櫛崎ハル,草
2022-02-23 20:15:12,Wei Hang,hi honey
2022-02-23 20:15:15,ツーバス技能士,パチンコ特攻ｗ
2022-02-23 20:15:15,vivi,お金出すんで打ちましょうは釣れそうw
2022-02-23 20:15:19,ゆー,結局パチンコww
2022-02-23 20:15:24,麗冬,ななてんはパチンコに誘えばいいと！
2022-02-23 20:15:33,YUA,こないだ見かけたよ
2022-02-23 20:15:44,kaneman 1983,ななてんさんやん
2022-02-23 20:15:45,バクラバオマ,草
2022-02-23 20:15:50,A.R. M.S.,パチンコはななてん特効
2022-02-23 20:15:51,一成.,パチンコ特攻とか門が狭そうだなww
2022-02-23 20:15:54,スノーウィー,草
2022-02-23 20:15:55,けんちん汁・ぶしどー,一緒にパチンコ行きましょう！お金は出します！っこと？
2022-02-23 20:15:55,sakura,ポケモンw
2022-02-23 20:15:57,Wei Hang,草
2022-02-23 20:16:00,DTZ,ユニーク個体
2022-02-23 20:16:02,ほんまですよ！？,僕の万発くらいませんかってことか
2022-02-23 20:16:10,もののけ@Hiro,添削助かる！
2022-02-23 20:16:18,ヤマ.パンダ,つまり、パチンコ用で作ればワンチャンななてん釣れると
2022-02-23 20:16:21,kaneman 1983,パチ好きの女性多いですよ。
2022-02-23 20:16:28,びゃっこ,シンフォの大当たり載せてる人見たんだけど・・ななてん？？？
2022-02-23 20:16:29,こっこ,金だけじゃねーんだよな
2022-02-23 20:16:38,あ,パチンコ行く人はあんまよく見られなく無い？男女関係なく
2022-02-23 20:16:44,RIO_ rime,ブツってるの俺だけ？
2022-02-23 20:16:48,空,草
2022-02-23 20:16:54,りんごのり,プロの方ですか？
2022-02-23 20:16:55,櫛崎ハル,パチンコ好きだけでマッチングするアプリ作って一儲けするか
2022-02-23 20:17:00,うまうま,ｗｗ
2022-02-23 20:17:39,ゼイクス,ぐるったりしてうｒ
2022-02-23 20:17:38,S,:buffering::buffering::buffering:
2022-02-23 20:17:39,AC BUSH,俺もなってる
2022-02-23 20:17:40,こっこ,ちょいちょいグルグルする
2022-02-23 20:17:41,A.R. M.S.,今日は不安定だね
2022-02-23 20:17:41,にんげん,音声がたまに
2022-02-23 20:17:41,kaneman 1983,途切れる
2022-02-23 20:17:47,アフネル,たまにぐるる
2022-02-23 20:17:48,ROCK,ちょくちょくグルる
2022-02-23 20:17:49,権兵衛,たまになる
2022-02-23 20:17:50,くめん,ちょっと安定してないかも
2022-02-23 20:17:50,一成.,ちょいグルしてんね
2022-02-23 20:17:51,まる,　配信途切れ途切れってことかな
2022-02-23 20:17:53,のり,ときどき
2022-02-23 20:17:53,しゃしゃしゃ,俺もだな〜
2022-02-23 20:17:54,びゃっこ,たまに不安定になる
2022-02-23 20:17:57,ゆー,ときたま
2022-02-23 20:17:57,にんげん,さっき1回おかしくなったし
2022-02-23 20:17:58,うまうま,特に何もないケド
2022-02-23 20:17:58,アルトアイゼン,今日は不安定な日っぽい
2022-02-23 20:17:59,空,めっちゃ不安定
2022-02-23 20:18:00,櫛崎ハル,よくはないかも
2022-02-23 20:18:02,まーだ,最初落ちたりもしたね
2022-02-23 20:18:04,ツーバス技能士,回線かな。ギリギリ気にならない位
2022-02-23 20:18:04,A.R. M.S.,回線ななてんやし
2022-02-23 20:18:06,ステアー,１秒泊まるのを何回も繰り返してる
2022-02-23 20:18:07,しらす25.5cm,マッチングアプリで一番オススメなの教えてくらはい
2022-02-23 20:18:07,sakura,途中不安定かな？
2022-02-23 20:18:12,懐かしのヤセウマサン,たまにぐるってる
2022-02-23 20:18:16,ユヅキ,まあでもこのくらいは全然
2022-02-23 20:18:17,アフネル,なるほどね
2022-02-23 20:18:18,のり,なるほど
2022-02-23 20:18:19,つねなり,同接の中でも数少ない非童貞ですどうも(笑)
2022-02-23 20:18:22,けんちん汁・ぶしどー,夜は皆盛んだな～
2022-02-23 20:18:26,コーンアイス,声は聞こえる
2022-02-23 20:18:30,アルトアイゼン,ならしゃーないなｗ
2022-02-23 20:18:33,麗冬,えっちサイト？ここのこと？
2022-02-23 20:18:35,こっこ,立ち絵を止め絵にしてみるとか
2022-02-23 20:18:35,ゼイクス,帯域か
2022-02-23 20:18:46,にんげん,非童貞許されない
2022-02-23 20:19:01,つねなり,卒業試合がんばれ
2022-02-23 20:19:06,スノーウィー,滑らかになってようつべ
2022-02-23 20:19:07,ROCK,草
2022-02-23 20:19:07,けんちん汁・ぶしどー,草
2022-02-23 20:19:14,sakura,よし、手を打とう
2022-02-23 20:19:16,Kao,問題ある時は更新しながら見てます
2022-02-23 20:19:17,シャウト君,最悪アーカイブで見ましょう！
2022-02-23 20:19:20,けつあご,なるほどねー
2022-02-23 20:19:20,Wei Hang,草
2022-02-23 20:19:23,びゃっこ,災害とか天候悪くなると回線遅くなる
2022-02-23 20:19:23,犀虎,はーい
2022-02-23 20:19:27,一成.,おけまる
2022-02-23 20:19:28,うまうま,1秒遅らせば問題なし
2022-02-23 20:19:29,モナカ,なるほど～
2022-02-23 20:19:29,vivi,それで手打ちだw
2022-02-23 20:19:29,A.R. M.S.,動画版で裏話付きそう
2022-02-23 20:19:34,kaneman 1983,よし!お願いします!
2022-02-23 20:19:37,スノーウィー,お手数おかけします
2022-02-23 20:19:39,レプチン,こんなな...?精子ソムリエ....?
2022-02-23 20:19:44,Iludo　イルド,承知しました！大丈夫ですよ仕方ないですよ…！
2022-02-23 20:19:44,温泉玉子,２Dを立ち絵に変えると、今度は絵が動いてない！ってyoutube君が怒り出すんですよね
2022-02-23 20:19:46,犀虎,ぷつぷつ動画にも慣れたもんよ
2022-02-23 20:20:15,Wei Hang,草
2022-02-23 20:20:17,けんちん汁・ぶしどー,瞬間移動しやがった
2022-02-23 20:20:21,kaneman 1983,まちまーす!
2022-02-23 20:20:25,てんち,おばんです。
2022-02-23 20:20:31,DTZ,かわいい
2022-02-23 20:20:32,くめん,立ち絵かわいい
2022-02-23 20:20:38,こっこ,ウインクが可愛いのでセーフ
2022-02-23 20:20:45,ゼイクス,かわいい
2022-02-23 20:20:48,のり,かわいい
2022-02-23 20:20:54,ゼイクス,様子見
2022-02-23 20:20:55,シルバーラビット💘🐰,かわいい
2022-02-23 20:20:58,アフネル,あらかわいい
2022-02-23 20:20:58,sakura,ドン！でまずおっpに目が行ってしまった(懺悔)
2022-02-23 20:21:00,gtn,霊圧が消えた⁈
2022-02-23 20:21:00,けんちん汁・ぶしどー,かわいい
2022-02-23 20:21:02,びゃっこ,かわいい
2022-02-23 20:21:04,ROCK,しばらく続けないと分かんない
2022-02-23 20:21:05,スノーウィー,かわうぃぃ
2022-02-23 20:21:05,縁紫 a.k.a ゆかり,調子いいよ
2022-02-23 20:21:11,vivi,安定してそう
2022-02-23 20:21:14,切り抜きかみー,かわいいならOKです
2022-02-23 20:21:18,こっこ,いい感じの可能性あり
2022-02-23 20:21:18,kaneman 1983,分かりました。
2022-02-23 20:21:19,シャウト君,許す！
2022-02-23 20:21:21,Wei Hang,かわいい
2022-02-23 20:21:23,コーンアイス,安定してきた
2022-02-23 20:21:24,けんちん汁・ぶしどー,いや草
2022-02-23 20:21:27,A.R. M.S.,時間停止みだりちゃん
2022-02-23 20:21:28,びゃっこ,しょうがないにゃあ
2022-02-23 20:21:31,けつあご,やばみさわななてん
2022-02-23 20:21:37,けんちん汁・ぶしどー,いい感じ
2022-02-23 20:21:49,vivi,やばw
2022-02-23 20:21:59,犀虎,NURO光は三ヶ月待ちです
2022-02-23 20:22:02,Iludo　イルド,度しがてぇ…
2022-02-23 20:22:03,けんちん汁・ぶしどー,いつもﾇﾙﾇﾙw
2022-02-23 20:22:04,スノーウィー,安定した
2022-02-23 20:22:07,ゼイクス,今は発生してないな
2022-02-23 20:22:10,雪兎,いつもｗ
2022-02-23 20:22:12,こっこ,回線よりもPC負荷
2022-02-23 20:22:12,DTZ,つよい
2022-02-23 20:22:16,ROCK,草
2022-02-23 20:22:16,Wei Hang,ww
2022-02-23 20:22:17,うまうま,ローションのようにｗ
2022-02-23 20:22:18,犀虎,安定してきた
2022-02-23 20:22:27,sakura,ヌルヌルw
2022-02-23 20:22:29,kaneman 1983,うまい
2022-02-23 20:22:29,やしのき,そりゃ仕方ない
2022-02-23 20:22:36,Iludo　イルド,猫である
2022-02-23 20:22:37,のり,いつもぬるぬるw
2022-02-23 20:22:39,sim 123,ニューロはまじ対応がな‥
2022-02-23 20:22:40,アルトアイゼン,シャワーで流してもろて
2022-02-23 20:22:41,びゃっこ,潤滑剤ｗ
2022-02-23 20:22:41,懐かしのヤセウマサン,就活せいかな？
2022-02-23 20:22:42,けんちん汁・ぶしどー,ﾈｯｺ?!
2022-02-23 20:22:42,ほんまですよ！？,分泌液かな
2022-02-23 20:22:45,うまうま,致し方なし
2022-02-23 20:22:55,けんちん汁・ぶしどー,ほぇー
2022-02-23 20:23:01,くめん,猫かわいい〜
2022-02-23 20:23:04,空,へぇ～
2022-02-23 20:23:05,やしのき,ﾈｺﾁｬﾝ
2022-02-23 20:23:07,SiROE,昨日のななてん。。。？？
2022-02-23 20:23:08,のり,かわいい！！！
2022-02-23 20:23:18,vivi,かわいい
2022-02-23 20:23:18,Iludo　イルド,鍛え中ってなんだ…
2022-02-23 20:23:19,アフネル,草
2022-02-23 20:23:24,にんげん,はえー
2022-02-23 20:23:26,スノーウィー,へぇ
2022-02-23 20:23:34,Wei Hang,かわいい
2022-02-23 20:23:35,犀虎,はえー
2022-02-23 20:23:35,櫛崎ハル,出会う為にはワクチンが必要？！
2022-02-23 20:23:37,やしのき,ﾈｺﾁｬﾝにワクチン接種したって話？
2022-02-23 20:23:40,DTZ,カーブとフォークもあるんか
2022-02-23 20:23:42,sakura,そんなのあったのか
2022-02-23 20:23:43,びゃっこ,性的思考の質問あった気がする
2022-02-23 20:23:58,シャウト君,ストレートは性癖ですよ
2022-02-23 20:23:58,ゼイクス,性的思考
2022-02-23 20:24:01,げきちん,ストレートは異性愛ですよってことか
2022-02-23 20:24:01,SiROE,LGBTのやつだった気がする
2022-02-23 20:24:04,けんちん汁・ぶしどー,チェンジアップもあるのか？
2022-02-23 20:24:11,Iludo　イルド,バイかな
2022-02-23 20:24:16,アルトアイゼン,歪みない性癖
2022-02-23 20:24:35,シャウト君,ＬＧＢＴに配慮されてる
2022-02-23 20:24:38,Iludo　イルド,へぇー！知らなかった
2022-02-23 20:24:46,もののけ@Hiro,添削助かる代
2022-02-23 20:25:16,A.R. M.S.,一人パンセクシュアル表記あったね
2022-02-23 20:25:19,Iludo　イルド,趣味が五個じゃ足らん
2022-02-23 20:25:27,けんちん汁・ぶしどー,wwwwww
2022-02-23 20:25:46,Wei Hang,wwww
2022-02-23 20:25:53,びゃっこ,みだりさんがいうのはアリなのよ
2022-02-23 20:25:55,りんごのり,ﾈｺﾁｬﾝをダシにするな
2022-02-23 20:26:08,Iludo　イルド,猫が…
2022-02-23 20:26:10,isa,ﾈｺﾁｬﾝ
2022-02-23 20:26:12,DTZ,つれぇ
2022-02-23 20:26:12,うまうま,かわよ
2022-02-23 20:26:20,sakura,ネコちゃん良いねぇ
2022-02-23 20:26:26,SiROE,猫主体
2022-02-23 20:26:29,ヤマ.パンダ,猫が書いたのかも知れない
2022-02-23 20:26:32,けんちん汁・ぶしどー,猫と出会え
2022-02-23 20:26:35,アルトアイゼン,自覚があってえらい
2022-02-23 20:26:43,A.R. M.S.,猫に愛される綺麗な心
2022-02-23 20:26:47,一成.,猫と幸せになれ
2022-02-23 20:26:48,秀hidEIヒデ,こんばんは〜
2022-02-23 20:27:03,くめん,猫が可愛いので100点です
2022-02-23 20:27:14,Iludo　イルド,たしかに掴みが難しい
2022-02-23 20:27:19,やしのき,そもそもこいつマッチング目当てなのか？
2022-02-23 20:27:19,sakura,なるほど。文ありきの写真なのな
2022-02-23 20:27:31,A.R. M.S.,この企画用のネタやろ
2022-02-23 20:27:34,秀hidEIヒデ,話題を作っておく
2022-02-23 20:27:44,Iludo　イルド,なるほど
2022-02-23 20:27:53,アフネル,ほうほう
2022-02-23 20:28:05,ステアー,めちゃ参考になる話
2022-02-23 20:28:09,けんちん汁・ぶしどー,縦文字で書く
2022-02-23 20:28:12,バクラバオマ,なるほど話題
2022-02-23 20:28:16,vivi,○○好きなんですね〜って入るからね
2022-02-23 20:28:19,怜司,御趣味は？見合いか！
2022-02-23 20:28:35,ヤマ.パンダ,一緒に行ってくる人探してます表現が、便利だな
2022-02-23 20:28:43,Iludo　イルド,自虐的な文章は面白いけどねぇ
2022-02-23 20:28:59,sakura,さすが先生だわ
2022-02-23 20:29:10,Bun A,ナナテンには広告がんがん入れてほしい
2022-02-23 20:29:12,アルトアイゼン,自虐はいらんかも？
2022-02-23 20:29:13,Iludo　イルド,な、ななまい！？
2022-02-23 20:29:18,ツーバス技能士,相手がアラサーの時、喧嘩売ってるしな...
2022-02-23 20:29:38,びゃっこ,ものすごく的確なアドバイス
2022-02-23 20:29:39,くめん,けど勇気と猫は褒めたい
2022-02-23 20:29:40,DTZ,後半ガチムチ洗面所かもしれない
2022-02-23 20:29:47,秀hidEIヒデ,アラサー男子が全てを消している…
2022-02-23 20:29:51,Iludo　イルド,なるほど
2022-02-23 20:30:12,ステアー,こっちのもんｗ
2022-02-23 20:30:23,しりょうと,今来た　これはTinderの添削かな？
2022-02-23 20:30:31,vivi,確かに
2022-02-23 20:30:44,Hi B,リクルートの社員みたいなこと言ってる
2022-02-23 20:30:44,ゆー,ためになる…
2022-02-23 20:30:46,スノーウィー,勉強なります
2022-02-23 20:31:09,kaneman 1983,ユニバ奢りますは?
2022-02-23 20:31:10,sakura,これは勉強になるわ
2022-02-23 20:31:23,ヤマ.パンダ,休日V見てまーすで、ええのか
2022-02-23 20:31:29,Wei Hang,草
2022-02-23 20:31:37,take take,ﾈｺﾁｬﾝはヤバい〆(ﾟ-ﾟ*) ﾒﾓﾒﾓ
2022-02-23 20:31:44,零神,ユニバおごりますw
2022-02-23 20:31:48,空,え？それでついてくるの？
2022-02-23 20:31:54,こっこ,辛辣ぅ！
2022-02-23 20:31:56,アルトアイゼン,話題を振ってもらえるようなコト書いたほうがいいのか
2022-02-23 20:31:58,スマイル,天才だぁ…
2022-02-23 20:31:58,雪兎,釣れるんだ
2022-02-23 20:32:00,モナカ,参考になる
2022-02-23 20:32:00,ハル猫,現地別行動で
2022-02-23 20:32:07,けつあご,ユニバの台かもしれんぞ
2022-02-23 20:32:08,アフネル,ww
2022-02-23 20:32:08,kaneman 1983,ありがとうございます。
2022-02-23 20:32:08,バクラバオマ,天才だ
2022-02-23 20:32:08,sakura,天才おったか
2022-02-23 20:32:21,vivi,それ釣れそうw
2022-02-23 20:32:21,A.R. M.S.,無差別で狙うならアリやね
2022-02-23 20:32:23,ヤマ.パンダ,でも待ち時間の話題が難しい
2022-02-23 20:32:25,零神,スロカスかもしれない
2022-02-23 20:32:26,大石こいし,好きな奴は年パスもってるぞ
2022-02-23 20:32:28,うまうま,ナガシマ行ける？
2022-02-23 20:32:31,ゼイクス,参考にします
2022-02-23 20:32:33,UNK- MAN,レゴランド奢りますだと断られそう
2022-02-23 20:32:34,懐かしのヤセウマサン,初手遊園地辛くね？
2022-02-23 20:32:35,Wei Hang,天才だ
2022-02-23 20:32:36,シャウト君,遊園地おごります最強かー
2022-02-23 20:32:37,櫛崎ハル,結局金で草
2022-02-23 20:32:42,怜司,むしろ天才にかんぱされたｗ
2022-02-23 20:32:46,ジョン,なんで全然知らん人と丸1日も過ごさなきゃいけないんだ？ってなりそう
2022-02-23 20:32:48,零神,つよい
2022-02-23 20:32:48,GAME あどばん,パチンコ行きましょう！軍資金出します！とか？
2022-02-23 20:32:48,kaneman 1983,作った場所自慢したいので!
2022-02-23 20:32:49,こっこ,読売ランドでたのむ
2022-02-23 20:32:52,つねなり,まずワンナイトって怖いんよな
2022-02-23 20:32:53,空,強い
2022-02-23 20:32:55,take take,はいドーン
2022-02-23 20:32:57,雪兎,直行はすげぇなｗ
2022-02-23 20:32:57,ごってむ,直行タイプのが少数派でしょう。。。
2022-02-23 20:32:59,なぎすけ,テーマパークの待ち時間どれだけ楽しませられるかめっちゃ大事になるやん
2022-02-23 20:33:03,アフネル,すごいw
2022-02-23 20:33:03,びゃっこ,大人の遊園地奢ります
2022-02-23 20:33:07,怜司,欲望に忠実ｗｗｗ
2022-02-23 20:33:09,アルトアイゼン,初手遊園地は待ち時間辛そう
2022-02-23 20:33:12,零神,結局やるの草
2022-02-23 20:33:13,うまうま,ホテルしか行きませんｗ
2022-02-23 20:33:18,sakura,www
2022-02-23 20:33:22,Ki,草
2022-02-23 20:33:22,零神,ワザップきたか
2022-02-23 20:33:25,ステアー,ミラコスタックス
2022-02-23 20:33:30,パラコード,そんな人おるんかｗ
2022-02-23 20:33:32,げきちん,ミラコスタックスｗｗｗ
2022-02-23 20:33:34,うまうま,ミラコスタは行くｗ
2022-02-23 20:33:37,ハル猫,USJの前にもホテルあるよ
2022-02-23 20:33:40,ゼイクス,いけるいける
2022-02-23 20:33:41,kaneman 1983,おぉ!
2022-02-23 20:33:41,ジョン,一回あたりの費用高すぎて草
2022-02-23 20:33:42,こっこ,ミラコスタコンボ決めるか
2022-02-23 20:33:42,Wei Hang,草
2022-02-23 20:33:45,秀hidEIヒデ,草
2022-02-23 20:33:47,零神,なるほどね
2022-02-23 20:33:48,スノーウィー,いいねぇ
2022-02-23 20:33:51,なぎすけ,ミラコスタまじ1人1泊10万するからイカつい
2022-02-23 20:33:52,ゼイクス,ミラコスタスイート
2022-02-23 20:33:56,Yこぺ,なるほどなるほど
2022-02-23 20:33:58,yasushi sugano,「スプラッシュマウンテンでスプラッシュしましょう」とか
2022-02-23 20:33:58,vivi,先に1泊って所がいいw
2022-02-23 20:33:59,YUMA,こんばんは〜！
2022-02-23 20:34:04,びゃっこ,富豪にしかできん
2022-02-23 20:34:05,零神,ワザップは困るんだよなぁw
2022-02-23 20:34:06,ステアー,１アポのコスパは悪め
2022-02-23 20:34:07,Ki,ミラコスタ凄い高いよｗ
2022-02-23 20:34:08,Hi B,ギャンブルが過ぎるよ~
2022-02-23 20:34:09,スマイル,やっぱ金だな！
2022-02-23 20:34:10,雪兎,ミラコスタ付けると途端に費用が高いなｗ
2022-02-23 20:34:19,バクラバオマ,ミラコスタディズニーチケ強すぎる
2022-02-23 20:34:20,怜司,どれだけ金かけるんだよｗｗｗ
2022-02-23 20:34:30,温泉玉子,ユニバ行きましょうで実際は沖ドキ座るだけなのかｗ
2022-02-23 20:34:30,ボンゴレ,行為目的だったらお店に行った方が安く済みそう
2022-02-23 20:34:30,こっこ,金で解決
2022-02-23 20:34:32,パラコード,金か～
2022-02-23 20:34:35,朔良,コスパがやばい
2022-02-23 20:34:36,シャウト君,ワザップが金って何やねんw
2022-02-23 20:34:40,零神,金はかかりそうやな
2022-02-23 20:34:42,シルバーラビット💘🐰,金の力はすげぇや
2022-02-23 20:34:50,懐かしのヤセウマサン,やっぱ金か
2022-02-23 20:34:51,なぎすけ,多分その金あるやつTinder使わないでも良いんだよな
2022-02-23 20:34:52,ステアー,何回もやって破産しそう
2022-02-23 20:34:57,うまうま,お財布軽くなりそう
2022-02-23 20:34:58,つねなり,お風呂屋さん行けばいい
2022-02-23 20:34:59,A.R. M.S.,Money is Power！
2022-02-23 20:35:03,Bun A,確実に社会復帰させるくらいの覚悟
2022-02-23 20:35:07,Yこぺ,USJはリッツカールトン前泊で釣れるかな
2022-02-23 20:35:11,びゃっこ,それは別の手段で解決しそう
2022-02-23 20:35:17,零神,オタク君だ〜
2022-02-23 20:35:25,Wei Hang,草
2022-02-23 20:35:30,青猫のトルソ,但しイケメンに限る
2022-02-23 20:35:34,ごってむ,よろしく卍
2022-02-23 20:35:36,懐かしのヤセウマサン,そんな富豪は港区で豪遊するんじゃない？
2022-02-23 20:35:38,ジョン,ええ…
2022-02-23 20:35:38,スノーウィー,７３cmは草
2022-02-23 20:35:42,怜司,その財政力あるやつはそんなサイトつかわんやろｗ
2022-02-23 20:35:42,つねなり,???「動物好きって書いときゃ女つれるやろ〜w」
2022-02-23 20:35:47,やしのき,印度オタク？
2022-02-23 20:36:00,零神,へぇー
2022-02-23 20:36:12,Bun A,ティンダー音声交換機能いいよね
2022-02-23 20:36:30,零神,たしかに
2022-02-23 20:36:33,くめん,高え、裏山
2022-02-23 20:36:48,ジョン,普通体型ぐらい
2022-02-23 20:36:53,Bun A,途切れるのきのへい？
2022-02-23 20:36:56,レンたろう,人権あるかどうか大事だから
2022-02-23 20:36:57,ヤマ.パンダ,確かに。だったら、写真で良いよな
2022-02-23 20:37:00,雪兎,身長足切りか
2022-02-23 20:37:08,無天露雨,こんにちはー
2022-02-23 20:37:12,reonasky,前に身長体重かけって言ってなかったか
2022-02-23 20:37:15,朔良,人権アピール
2022-02-23 20:37:15,懐かしのヤセウマサン,あー、男性が女性の数値聞いてもわからんもんね
2022-02-23 20:37:24,零神,70〜80はわかんないな
2022-02-23 20:37:33,Hi B,差別化しやすいからじゃないの
2022-02-23 20:37:41,うまうま,やるときの参考数値
2022-02-23 20:37:45,Bun A,じゃあ腕の太さかいとこうか
2022-02-23 20:37:45,vivi,逆にこれが流行ってるから他の文章にすると目立つとか？
2022-02-23 20:37:57,ヤマ.パンダ,一文が長い。
2022-02-23 20:38:00,ツーバス技能士,体重で大体の筋肉量測れない？
2022-02-23 20:38:03,"1, 2の",インドオタク?
2022-02-23 20:38:05,なぎすけ,ただのオタクなんだなって風にしか思わない
2022-02-23 20:38:15,A.R. M.S.,ななてんのTinder攻略 プロフィールに身長体重書くの推奨してるで
2022-02-23 20:38:15,ROCK,草
2022-02-23 20:38:16,はなむう,一文で書いちゃってるからわかりずらい？
2022-02-23 20:38:19,櫛崎ハル,ゲイの人だと好きな体型とかあるから身長体重書くイメージあるなぁ
2022-02-23 20:38:20,ジョン,くとうてん
2022-02-23 20:38:20,Ki,日本語下手だよな
2022-02-23 20:38:21,シャウト君,ごちゃってしてる文書
2022-02-23 20:38:23,バクラバオマ,草
2022-02-23 20:38:26,Wei Hang,草
2022-02-23 20:38:27,朔良,いきなり国語になったぞ
2022-02-23 20:38:27,Kao,草
2022-02-23 20:38:28,"1, 2の",海外勢か...
2022-02-23 20:38:29,こっこ,辛辣ぅ！
2022-02-23 20:38:30,Bun A,体重は百こえなければ標準体型そう
2022-02-23 20:38:31,yasushi sugano,身長体重数字で書くより体系のちかい芸能人でも挙げたほうがいいかな
2022-02-23 20:38:33,シルバーラビット💘🐰,国語の授業始まった
2022-02-23 20:38:33,アルミホイル,句読点（くとうてん）
2022-02-23 20:38:35,秀hidEIヒデ,草
2022-02-23 20:38:35,ヤマ.パンダ,Vのところで一回◯を置いていいな。
2022-02-23 20:38:40,3号,赤ペン先生になってるｗ
2022-02-23 20:38:40,sakura,国語やな
2022-02-23 20:38:42,Kao,勉強しよ
2022-02-23 20:38:46,うまうま,国語教師！？
2022-02-23 20:38:47,犀虎,クトウテン
2022-02-23 20:38:49,零神,国語の授業始まったw
2022-02-23 20:38:52,雪兎,まぁ実際読みやすさは必要だよな
2022-02-23 20:38:55,秀hidEIヒデ,ドバドバはどうなんだろう
2022-02-23 20:38:55,やしのき,くとうてん
2022-02-23 20:38:58,Kao,ですます
2022-02-23 20:38:58,Bun A,何が好きかがわからない
2022-02-23 20:39:00,ハル猫,インド青宅
2022-02-23 20:39:04,vivi,Vで。か改行か
2022-02-23 20:39:13,kaneman 1983,箇条書きですね。
2022-02-23 20:39:13,Bun A,社会人経験ないのかも
2022-02-23 20:39:15,たっくん,国語の先生や
2022-02-23 20:39:27,sakura,条件キッツ
2022-02-23 20:39:28,スノーウィー,文章力が試されるな
2022-02-23 20:39:31,Iludo　イルド,なるほど…
2022-02-23 20:39:38,yasushi sugano,ラノベと書くより具体的なタイトルや作家あげたほうがわかりやすそう
2022-02-23 20:39:40,vivi,初対面だしやっぱ敬語よな
2022-02-23 20:39:42,Bun A,長いのは読みづらいかな
2022-02-23 20:39:54,のり,なるほどー
2022-02-23 20:39:56,YUMA,身長はアド
2022-02-23 20:40:01,空,国語の授業は、マッチングアプリで役に立つってこと！？
2022-02-23 20:40:03,なぎすけ,結局面白いやつがモテるんや
2022-02-23 20:40:03,ヤマ.パンダ,イケメンなるよりは、文章考えた方が楽だな
2022-02-23 20:40:04,零神,そこまでのイケメンは出会いに困ってないやろ
2022-02-23 20:40:11,やしのき,確かにこの文章ではなにも惹かれないな
2022-02-23 20:40:26,Iludo　イルド,たしかに
2022-02-23 20:40:46,スノーウィー,ホイホイ
2022-02-23 20:40:48,シルバーラビット💘🐰,あと3cmあれば爆アドだったのに…
2022-02-23 20:40:53,助泥,全身写真入れた方がプラスか？
2022-02-23 20:40:57,ねぎちさん,身長はねw問題になるくらい大切なんだって最近感じたよね
2022-02-23 20:40:58,零神,やはり文章力か
2022-02-23 20:41:04,vivi,高身長アドだよな〜
2022-02-23 20:41:08,Bun A,コミュ力ゼロって最初から伝えておきたい
2022-02-23 20:41:08,うまうま,やっぱり身長かぁ
2022-02-23 20:41:21,take take,今だったら着せ恋見てますは良さそう
2022-02-23 20:41:33,Bun A,五月雨を集めてはやし最上川
2022-02-23 20:41:36,のり,身長大事か
2022-02-23 20:41:41,とわとわ,ラノベ以降が近接ジャンルなのがな
2022-02-23 20:41:45,零神,キャラはきついなー
2022-02-23 20:41:49,Iludo　イルド,そうなのか…
2022-02-23 20:41:52,びゃっこ,なるほど。わかりやすい
2022-02-23 20:41:57,フジケンSB,身長サバ読んじゃえ
2022-02-23 20:41:59,六尺野郎,自分同じくらいの身長だけど筋肉質で大会時は80kgくらい。
2022-02-23 20:42:00,うまうま,ななてんが好きですとか
2022-02-23 20:42:04,sakura,なるほどねぇ
2022-02-23 20:42:07,Bun A,好きな短歌書いとく
2022-02-23 20:42:11,助泥,固有名詞だしちゃうとね・・・
2022-02-23 20:42:11,シャウト君,出せる引き出し全部出した方が取っ掛かりにはいいのね
2022-02-23 20:42:16,けんちん汁・ぶしどー,なるー
2022-02-23 20:42:19,スノーウィー,勝率の問題か
2022-02-23 20:42:20,零神,深いな
2022-02-23 20:42:24,空,ジャンプ系が好きです。とかの方が良さそう
2022-02-23 20:42:34,なぎすけ,まず別にオタクが魅力にはならないくない？
2022-02-23 20:42:39,のり,固有名詞だしていいの？
2022-02-23 20:42:40,雪兎,女性狙いなら、に〇さんじ好きのが釣れるべ
2022-02-23 20:42:42,バクラバオマ,勉強になるなぁ
2022-02-23 20:42:47,ヤマ.パンダ,範囲を絞りつつ、具体名を出しすぎないと
2022-02-23 20:42:48,たっくん,草
2022-02-23 20:42:54,秀hidEIヒデ,勉強になるなぁ
2022-02-23 20:43:02,Wei Hang,草
2022-02-23 20:43:08,kaneman 1983,勉強になります。
2022-02-23 20:43:14,シャウト君,いや、本当に勉強になるわ
2022-02-23 20:43:17,秀hidEIヒデ,なが
2022-02-23 20:43:17,たらもん,女の子側の意見参考になりますね
2022-02-23 20:43:20,スノーウィー,おもしろいなぁ
2022-02-23 20:43:27,Bun A,でもオタクなんてすぐボロでちゃう
2022-02-23 20:43:29,空,レシートだ
2022-02-23 20:43:29,sakura,長文やな
2022-02-23 20:43:41,アルミホイル,モンハン解答
2022-02-23 20:43:47,けんちん汁・ぶしどー,オムライス？
2022-02-23 20:43:49,スマイル,タグもちゃんとしてるわぁ
2022-02-23 20:43:52,くめん,タップルかと
2022-02-23 20:43:55,げきちん,情報量が多い
2022-02-23 20:43:59,和泉　玲,細かさ的にタップルやと思う
2022-02-23 20:44:00,はなむう,ガチだ
2022-02-23 20:44:01,SiROE,めっちゃ細かい
2022-02-23 20:44:01,パラコード,気合がこもってる
2022-02-23 20:44:10,雪兎,刺身ｗ
2022-02-23 20:44:11,バクラバオマ,刺身！？
2022-02-23 20:44:12,うまうま,ななてんが釣れたｗ
2022-02-23 20:44:13,3号,お遊び部分だね
2022-02-23 20:44:15,権兵衛,写真がいいね
2022-02-23 20:44:15,ヤマ.パンダ,西野カナほんとに好きなんか？
2022-02-23 20:44:20,たらもん,女体盛りかなw
2022-02-23 20:44:20,げきちん,刺し身？
2022-02-23 20:44:22,Hi B,なが
2022-02-23 20:44:30,sakura,刺身は面白いわw
2022-02-23 20:44:32,びゃっこ,刺身タグおもろいな
2022-02-23 20:44:37,Ki,刺身いいなぁ
2022-02-23 20:44:41,切り抜きかみー,趣味　刺身。
2022-02-23 20:44:42,Iludo　イルド,いろんな人が刺さりそう　　
2022-02-23 20:44:43,Bun A,設定しすぎじゃない？
2022-02-23 20:44:48,ジョン,文章だけで読むには長文過ぎるけど、写真で興味持った人が読んでくれると考えたら逆にアリなのかもしれない
2022-02-23 20:45:01,やしのき,何らかの隠語では？:thinking_face:
2022-02-23 20:45:05,櫛崎ハル,刺身は草
2022-02-23 20:45:09,Kao,上手いな
2022-02-23 20:45:16,Wei Hang,草
2022-02-23 20:45:19,のり,かっこいい
2022-02-23 20:45:21,スマイル,うーん丁寧、好印象・・・すごい
2022-02-23 20:45:22,ヤマ.パンダ,刺青の隠語かも知れない
2022-02-23 20:45:29,ジョン,草
2022-02-23 20:45:31,SiROE,導入草
2022-02-23 20:45:35,バクラバオマ,旨いなぁ
2022-02-23 20:45:35,yasushi sugano,うめぇなあ
2022-02-23 20:45:42,零神,これはウェブデザイナー
2022-02-23 20:45:42,トシ,す、凄い・・・
2022-02-23 20:45:45,雪兎,文章上手い
2022-02-23 20:45:46,スノーウィー,センスあるなぁ
2022-02-23 20:45:51,とわとわ,わーうまい
2022-02-23 20:45:51,びゃっこ,言い方うまい
2022-02-23 20:45:52,アフネル,すげぇ
2022-02-23 20:45:53,こっこ,広告かな？
2022-02-23 20:45:54,Kao,引きつけられる文章力
2022-02-23 20:45:54,DTZ,もうプロやん
2022-02-23 20:45:54,Hi B,業者の方ですか？
2022-02-23 20:45:55,SiROE,話上手みたい
2022-02-23 20:45:55,一成.,この人こんなんやらんでも、モテるやろww
2022-02-23 20:45:56,のり,上手い！
2022-02-23 20:45:56,sakura,これは出来る
2022-02-23 20:45:57,ジョン,自信が強すぎる
2022-02-23 20:45:59,くめん,これはイケメン
2022-02-23 20:46:00,げきちん,なんかプロっぽいｗ
2022-02-23 20:46:01,権兵衛,営業上手そう
2022-02-23 20:46:01,ゼイクス,広告で草
2022-02-23 20:46:02,はなむう,めっちゃ惹きつけられる文章
2022-02-23 20:46:07,ROCK,上手い
2022-02-23 20:46:08,寝る寝る寝るね,おもしれぇ…
2022-02-23 20:46:08,Ki,ななてんおおうけじゃんｗ
2022-02-23 20:46:09,SiROE,8888888888
2022-02-23 20:46:09,ペケ,先生！
2022-02-23 20:46:09,ゆー,うんま
2022-02-23 20:46:09,one one,強い
2022-02-23 20:46:10,うまうま,イケメンだ
2022-02-23 20:46:11,たらもん,プロwww
2022-02-23 20:46:11,空,広告だ
2022-02-23 20:46:11,田村音弥,レベルが高すぎる...
2022-02-23 20:46:11,ヤマ.パンダ,広告かな
2022-02-23 20:46:14,バクラバオマ,88888888888888888
2022-02-23 20:46:15,犀虎,:clapping_hands::clapping_hands::clapping_hands::clapping_hands::clapping_hands::clapping_hands::clapping_hands::clapping_hands:
2022-02-23 20:46:16,アフネル,:clapping_hands::clapping_hands:
2022-02-23 20:46:17,けんちん汁・ぶしどー,素晴らしい
2022-02-23 20:46:17,3号,なるほどこれが模範解答、、、
2022-02-23 20:46:19,スノーウィー,これは勝てるのでは
2022-02-23 20:46:21,スマイル,営業でもくってける
2022-02-23 20:46:22,いち,惹き込まれるわぁ
2022-02-23 20:46:22,和泉　玲,文章がうまい
2022-02-23 20:46:22,のり,:clapping_hands::clapping_hands::clapping_hands::clapping_hands:
2022-02-23 20:46:23,Wei Hang,強い
2022-02-23 20:46:23,YUMA,これはメッセ送ってみたくなる
2022-02-23 20:46:24,reonasky,奇麗なおじさん
2022-02-23 20:46:26,パラコード,読んでて面白い
2022-02-23 20:46:26,yasushi sugano,チャンネル登録しそう
2022-02-23 20:46:26,梨梨,プロだ……！
2022-02-23 20:46:26,ポリバケツモンスター,イケメンで草
2022-02-23 20:46:26,まーだ,これは出会い慣れてる人やろｗ
2022-02-23 20:46:27,No.396(ミクロ),すごいしっかりしてる！
2022-02-23 20:46:30,秀hidEIヒデ,うさんくせぇ…
2022-02-23 20:46:31,Iludo　イルド,好印象だなぁ、あと自分への自虐的文章は入って無いですよね
2022-02-23 20:46:31,DTZ,もうヤってるだろ
2022-02-23 20:46:33,ジョン,ここまで自信があったらもっと他の戦場あるだろ
2022-02-23 20:46:35,シャウト君,模範解答
2022-02-23 20:46:38,ツーバス技能士,:clapping_hands::clapping_hands::clapping_hands::clapping_hands:
2022-02-23 20:46:39,たらもん,イケメン　業者w
2022-02-23 20:46:39,バクラバオマ,おじさんでも出会いたくなる
2022-02-23 20:46:40,零神,サクラを疑うレベル
2022-02-23 20:46:41,うまうま,拍手
2022-02-23 20:46:48,vivi,勝率高そう
2022-02-23 20:46:49,YUMA,改善案あるの？
2022-02-23 20:46:51,秀hidEIヒデ,文章がうますぎる
2022-02-23 20:46:56,くめん,イケメンやんけ！
2022-02-23 20:46:56,げそ,読み方キレイ
2022-02-23 20:47:00,炭酸水,セールスライターじゃない？
2022-02-23 20:47:01,take take,逆にサクラと思われそう
2022-02-23 20:47:02,にんげん,完璧すぎるな
2022-02-23 20:47:07,げきちん,もうやりまくれてるだろｗ
2022-02-23 20:47:07,けつあご,おじさんとラーメン食いにいくか？ってメッセージ送るわ
2022-02-23 20:47:09,vivi,これは出会えてるw
2022-02-23 20:47:11,トシ,これ、女子がバックに居るかもね、コンサル役
2022-02-23 20:47:13,sakura,これは直すとこある？
2022-02-23 20:47:14,かじの,ななてんの言いたいことが分かった気がする
2022-02-23 20:47:17,のり,プロだねー
2022-02-23 20:47:17,3号,勝率は高いが持続性が無いとか？
2022-02-23 20:47:21,うまうま,うらやま
2022-02-23 20:47:21,バクラバオマ,なるほど無双
2022-02-23 20:47:27,たらもん,ナナミさんを落としに来てるのかも
2022-02-23 20:47:30,Iludo　イルド,無双は許せねぇ…
2022-02-23 20:47:42,零神,やってますね
2022-02-23 20:47:45,うまうま,無双ｗ
2022-02-23 20:47:47,スマイル,ヤリ慣れてる感はまぁ…
2022-02-23 20:47:53,懐かしのヤセウマサン,男で５０はやべぇな
2022-02-23 20:47:53,yasushi sugano,人物がイメージできる
2022-02-23 20:47:54,Wei Hang,ww
2022-02-23 20:47:59,ヤマ.パンダ,よっしゃ、これコピペしようぜ
2022-02-23 20:48:12,take take,ユーモアの加減はムズい
2022-02-23 20:48:12,vivi,これをお手本にしましょうw
2022-02-23 20:48:21,たらもん,ここまで完璧な文章考えれないな
2022-02-23 20:48:32,雪兎,もはやこれのコピーを推奨するしかｗ
2022-02-23 20:48:32,スノーウィー,コピペは草
2022-02-23 20:48:32,たっくん,これはやり手
2022-02-23 20:48:43,DTZ,途中で大正コソコソ噂話入ってるしな
2022-02-23 20:48:48,うまうま,企画が倒れるｗ
2022-02-23 20:48:51,トシ,友達画像だね〜
2022-02-23 20:48:52,yasushi sugano,座ってる写真の手が股間にあることも気にならない
2022-02-23 20:48:55,のｚ廃神,やはり刺身が
2022-02-23 20:48:56,一成.,コピペ用は草
2022-02-23 20:48:59,権兵衛,他撮りなのもいい
2022-02-23 20:49:04,くめん,多分別ページで設定するところありますよー
2022-02-23 20:49:11,零神,全て出す必要もないのか
2022-02-23 20:49:22,雪兎,写真見てスタイル普通ならそこまで問題なさそ？
2022-02-23 20:49:23,バクラバオマ,刺身がデバフに・・・
2022-02-23 20:49:35,遠月ソラ,でもDTでこれ書いてたらヤるときに相手困惑しそう
2022-02-23 20:49:37,Iludo　イルド,嫌だなぁ…
2022-02-23 20:49:38,sakura,それはヤバないか？w
2022-02-23 20:49:38,零神,撮ってもらってそう
2022-02-23 20:49:56,のｚ廃神,収入書いとけよ
2022-02-23 20:49:56,take take,刺身はどうよ
2022-02-23 20:49:56,Iludo　イルド,貞子居らん？
2022-02-23 20:49:57,切り抜きかみー,全部刺身のせいだろこれw
2022-02-23 20:49:58,vivi,ほんとだ他撮りだ…怪しいw
2022-02-23 20:50:05,うまうま,彼女切れ散らかしちゃう
2022-02-23 20:50:22,雪兎,婚活なるやんけｗ
2022-02-23 20:50:23,豚キムチ,病歴もかけ
2022-02-23 20:50:28,take take,収入書くのはガチ
2022-02-23 20:50:28,空,収入ｗｗｗ
2022-02-23 20:50:29,一成.,刺身デバフの可能性は笑う
2022-02-23 20:50:30,YUMA,刺身で釣られる？
2022-02-23 20:50:34,ヤマ.パンダ,刺身（さしみ）を刺青（いれずみ）に変えようぜ
2022-02-23 20:50:35,うまうま,ストレートｗ
2022-02-23 20:50:37,秀hidEIヒデ,収入w
2022-02-23 20:50:38,犀虎,刺身だろうね
2022-02-23 20:50:38,くめん,草
2022-02-23 20:50:40,Iludo　イルド,お寿司にしとくとか？
2022-02-23 20:50:42,零神,刺身許されなかった
2022-02-23 20:50:43,タンタン,刺身に厳しいｗ
2022-02-23 20:50:46,Wei Hang,草
2022-02-23 20:50:47,まーだ,刺身ええやん！ｗ
2022-02-23 20:50:48,のり,草
2022-02-23 20:50:49,sakura,刺身が足引っ張るのかw
2022-02-23 20:50:51,DTZ,シーシェパードかよ
2022-02-23 20:50:51,スノーウィー,個人的にオレンジジュース爽やか
2022-02-23 20:50:54,ステアー,刺身に何のうらみがあるんや…
2022-02-23 20:50:58,こっこ,刺身美味しいやろがい！
2022-02-23 20:50:58,空,刺身ってそもそも検索に引っかかるのか？
2022-02-23 20:50:58,neyami,草
2022-02-23 20:50:58,take take,刺身は実際笑ってまう
2022-02-23 20:51:04,びゃっこ,絞りだした結論が刺身
2022-02-23 20:51:07,パラコード,出会い系用の写真撮ってくれるやつかな？
2022-02-23 20:51:08,のｚ廃神,刺身釣りって事を揶揄してるのか
2022-02-23 20:51:09,vivi,刺身が寿司だったら100点w
2022-02-23 20:51:12,やしのき,海鮮丼だったらワンチャンあったな
2022-02-23 20:51:21,うまうま,焼肉の方がいいのでは？
2022-02-23 20:51:25,ステアー,とても李れいな心を持った女性やぞ
2022-02-23 20:51:29,take take,刺身の横にサーモンって入れようぜ
2022-02-23 20:51:38,ヤマ.パンダ,ぽっちゃり好きですとか良いの？
2022-02-23 20:51:42,雪兎,綺麗の心を持った女性好きなんだろう
2022-02-23 20:51:49,一一にのまえはじめ,刺身をおいしく食べる女性募集？
2022-02-23 20:51:51,葉桜西楚,高ステータスだから寄ってくれないかもね　例が欲しい、ロング好きとか
2022-02-23 20:51:54,vivi,相手の条件か〜
2022-02-23 20:51:57,のｚ廃神,女の方が綺麗な心じゃねーからなぁってことじゃない
2022-02-23 20:52:00,にんげん,そうなのか
2022-02-23 20:52:00,take take,ゴリライモが来るかも
2022-02-23 20:52:02,Iludo　イルド,どんな女も好きはヤバイから
2022-02-23 20:52:03,びゃっこ,あるあるだね
2022-02-23 20:52:08,こっこ,責任は持てませんのやつじゃん
2022-02-23 20:52:12,一成.,とても綺麗な心を持ってれば万事okなんでね？
2022-02-23 20:52:17,スマイル,ひぇ
2022-02-23 20:52:20,Wei Hang,草
2022-02-23 20:52:21,sakura,執着は怖いなぁ
2022-02-23 20:52:22,バクラバオマ,ﾋｪ
2022-02-23 20:52:23,うまうま,とんでもないものｗ
2022-02-23 20:52:24,ROCK,浮気かいｗ
2022-02-23 20:52:26,はなむう,こわ
2022-02-23 20:52:26,Iludo　イルド,きっついな…　
2022-02-23 20:52:27,たらもん,おー　大変だな
2022-02-23 20:52:35,田村音弥,選ばれる人間ではなくが選ぶ側に回っている...?
2022-02-23 20:52:37,vivi,こわ
2022-02-23 20:52:44,アフネル,ほうほう
2022-02-23 20:52:46,のｚ廃神,わたしは好きだよ(収入が)
2022-02-23 20:52:51,まーだ,同年代が良いです的な
2022-02-23 20:52:53,雪兎,うんｗ
2022-02-23 20:52:54,スマイル,いる・・・？
2022-02-23 20:52:58,ヤマ.パンダ,きみ、子持ち？とか聞けないやろ
2022-02-23 20:52:59,にんげん,真実だな
2022-02-23 20:53:00,犀虎,あ・・・
2022-02-23 20:53:02,びゃっこ,そもそも出会い系をしてない
2022-02-23 20:53:02,うまうま,そこ重要
2022-02-23 20:53:02,Iludo　イルド,やめとけやめとけ
2022-02-23 20:53:03,take take,とても綺麗な顔ってしとくか
2022-02-23 20:53:08,しな,人間は汚い
2022-02-23 20:53:09,こっこ,そんなにいないわりに自称は多そう
2022-02-23 20:53:18,バクラバオマ,あっ・・・
2022-02-23 20:53:18,のｚ廃神,綺麗な心なんてねーよ
2022-02-23 20:53:21,筑前works,そんないい子は出会い系使わないもんね
2022-02-23 20:53:23,vivi,出会い系やってる時点で…w
2022-02-23 20:53:27,のり,汚れてるよ、みんな
2022-02-23 20:53:39,ヤマ.パンダ,逆にキレイな心だとキツイから、多少汚れといてくれ
2022-02-23 20:53:41,ツーバス技能士,そういうことかｗｗｗ
2022-02-23 20:53:44,雪兎,この画面見た時点で綺麗認定されてるんじゃｗ
2022-02-23 20:53:44,とわとわ,綺麗な心を出会い系で探すのは苦行では
2022-02-23 20:53:44,うまうま,そっちかぁ
2022-02-23 20:53:45,YUMA,心が綺麗(だと思っている)な女性
2022-02-23 20:53:46,のｚ廃神,出会い系に綺麗な心はあるんか？
2022-02-23 20:53:48,take take,やみがでてきた
2022-02-23 20:53:49,りんごのり,こじらせてて草
2022-02-23 20:53:55,こっこ,急に重くなった
2022-02-23 20:53:59,切り抜きかみー,刺身さんなにがあったし
2022-02-23 20:54:05,びゃっこ,それは清楚系A〇女優と同じ定義なんじゃ
2022-02-23 20:54:10,sakura,急に空気変わったか？
2022-02-23 20:54:10,のぶ,先ず出会系アプリやめよ
2022-02-23 20:54:12,六尺野郎,心以外汚い女性はキツイなぁ
2022-02-23 20:54:13,寝る寝る寝るね,なんか流れ変わったなw
2022-02-23 20:54:18,アフネル,なるほどなぁ
2022-02-23 20:54:23,Ryo,誰も当てはまらない w
2022-02-23 20:54:24,Wei Hang,:woozy_face::woozy_face::woozy_face:
2022-02-23 20:54:25,ROCK,刺身ニキｗ
2022-02-23 20:54:27,懐かしのヤセウマサン,天網恢恢疎にして漏らさずってか？
2022-02-23 20:54:29,バクラバオマ,刺身ﾆｷｗｗｗｗｗｗｗ
2022-02-23 20:54:29,のり,いきなり重くなったね
2022-02-23 20:54:37,sakura,刺身ニキw
2022-02-23 20:54:40,チキン,刺身ニキｗ
2022-02-23 20:54:41,かも。,こんなな＆こんだり〜！ もう少し出会いの数増やしたくて添削お願いしました！
2022-02-23 20:54:41,まーだ,刺身ニキｗ
2022-02-23 20:54:43,のｚ廃神,結婚相談所は達成後のおかねが高すぎるので
2022-02-23 20:54:46,一一にのまえはじめ,結婚相談所も年収目的よ・・・
2022-02-23 20:54:47,Iludo　イルド,あだ名が刺身ニキは草
2022-02-23 20:54:51,トシ,刺身ニキw
2022-02-23 20:54:53,ヤマ.パンダ,実際にきれいな心持った人は、自分が汚いと思って、応募しなそう
2022-02-23 20:54:54,vivi,刺身ニキw
2022-02-23 20:54:55,YUMA,刺身ニキもがんばれよ〜
2022-02-23 20:54:56,懐かしのヤセウマサン,結婚相談所も魔窟だからな・・・
2022-02-23 20:55:01,秀hidEIヒデ,刺身ニキw
2022-02-23 20:55:06,パラコード,刺身に持っていかれるｗ
2022-02-23 20:55:06,かも。,ガチで綺麗な心を求めてる訳じゃないですw
2022-02-23 20:55:08,びゃっこ,心じゃよ・・
2022-02-23 20:55:09,こっこ,心か・・・
2022-02-23 20:55:09,一成.,つまり刺身は海のようなおおらかな心って意味なのか
2022-02-23 20:55:09,A.R. M.S.,心か…（背景　白）
2022-02-23 20:55:16,のり,刺身ニキ頑張ってー！
2022-02-23 20:55:18,Kao,草
2022-02-23 20:55:22,ROCK,勝手に過去盛ってくｗ
2022-02-23 20:55:23,A.R. M.S.,ほんにんきちゃ
2022-02-23 20:55:24,トシ,20〜30万からかかるからなぁ相談所
2022-02-23 20:55:29,かじの,心　か
2022-02-23 20:55:30,vivi,心かぁ〜…
2022-02-23 20:55:32,Ryo,良い人感はすごくあるよ
2022-02-23 20:55:35,yasushi sugano,そんな出会い系使ってる後ろめたさを、そんなことないよって否定してるのが上手い
2022-02-23 20:55:35,のｚ廃神,多くは求めません収入が1000万あるだけでいいんです
2022-02-23 20:55:38,sakura,本人おる？w
2022-02-23 20:55:39,つきみ,この手のひらの上にあるものが…..心か….
2022-02-23 20:55:41,Iludo　イルド,それは思いますね
2022-02-23 20:55:46,アルトアイゼン,人の心が真っ白なわけないだろ！
2022-02-23 20:55:48,A.R. M.S.,刺身ニキコメ欄におるで
2022-02-23 20:55:48,たらもん,コピペする
2022-02-23 20:55:48,びゃっこ,刺身ニキ来たｗ
2022-02-23 20:55:48,禍福 消長,ご本人いらっしゃらない？
2022-02-23 20:55:50,六尺野郎,刺身だけにツマがいますってことか
2022-02-23 20:55:52,Hi B,オタクは短い文を好む
2022-02-23 20:55:54,3号,ただし20代に限る
2022-02-23 20:55:59,ヤマ.パンダ,写真もパクろうぜ
2022-02-23 20:56:02,トシ,刺身ニキ、ありがとう
2022-02-23 20:56:02,かも。,ちょっと戻してどんな添削して頂いたのか見てきます！
2022-02-23 20:56:03,ゆー,本人きちゃww
2022-02-23 20:56:06,kaneman 1983,文章一つで人生出来てる。
2022-02-23 20:56:12,のｚ廃神,ギャンブラーやんけ
2022-02-23 20:56:13,バクラバオマ,地球ﾆｷｗｗ
2022-02-23 20:56:15,トシ,地球ニキw
2022-02-23 20:56:20,アフネル,地球ニキw
2022-02-23 20:56:24,3号,konohito 
2022-02-23 20:56:24,Iludo　イルド,地球ニキw
2022-02-23 20:56:28,Wei Hang,草
2022-02-23 20:56:31,うまうま,刺身ニキになればいいってコト！？
2022-02-23 20:56:37,3号,親近感あるな
2022-02-23 20:56:46,vivi,地球ニキw
2022-02-23 20:56:46,のｚ廃神,サイゼじゃね
2022-02-23 20:56:51,スノーウィー,ユーモアが大事
2022-02-23 20:56:54,炊飯器,自称地球
2022-02-23 20:56:59,たらもん,なるほど
2022-02-23 20:57:01,こっこ,ちゃんと推しマも入れてる
2022-02-23 20:57:02,ゼイクス,推しマークが一般に通じずマイナスかもしれん
2022-02-23 20:57:04,バクラバオマ,推しマｗｗｗ
2022-02-23 20:57:07,ROCK,草
2022-02-23 20:57:08,スノーウィー,草
2022-02-23 20:57:09,権兵衛,草
2022-02-23 20:57:10,六尺野郎,まずは交尾にでも行きましょうってことか……
2022-02-23 20:57:12,のり,推しマークw
2022-02-23 20:57:24,3号,確かにそれあるなｗ
2022-02-23 20:57:25,チキン,草
2022-02-23 20:57:26,雪兎,ギャンブル好きみたいに見えるか
2022-02-23 20:57:29,一一にのまえはじめ,スロカスにしかみえない
2022-02-23 20:57:31,Wei Hang,草
2022-02-23 20:57:31,のｚ廃神,昔の十字架の負の遺産を感じる
2022-02-23 20:57:33,sakura,推しマークがw
2022-02-23 20:57:34,vivi,匂わせw
2022-02-23 20:57:34,スノーウィー,ギャンブル好きです感
2022-02-23 20:57:36,はなむう,説あるｗ
2022-02-23 20:57:37,うまうま,スポンサーマーク
2022-02-23 20:57:37,のり,確実にななてん狙い！
2022-02-23 20:57:39,びゃっこ,数少ないななてん女性リスナー狙い
2022-02-23 20:57:39,アフネル,草
2022-02-23 20:57:40,空,草
2022-02-23 20:57:46,まーだ,ななてん狙いなんでしょｗ
2022-02-23 20:57:52,アルトアイゼン,草
2022-02-23 20:57:52,かも。,刺身ニキです添削ありがとう代
2022-02-23 20:57:54,たらもん,草
2022-02-23 20:57:54,櫛崎ハル,お金なくてコンビニにしか行けないのかなって
2022-02-23 20:57:55,スノーウィー,これはななてんのせい
2022-02-23 20:57:58,Iludo　イルド,あー…
2022-02-23 20:58:05,のｚ廃神,ななてんを探してんでしょ
2022-02-23 20:58:05,reonasky,馬主じゃなくて馬券買ってそう
2022-02-23 20:58:09,んじぴー,パチンコもいくしギャンブルも好きなんだよな
2022-02-23 20:58:10,びゃっこ,ナイスパ！
2022-02-23 20:58:10,ツーバス技能士,推しへの愛が前に出てしまったかｗｗｗ
2022-02-23 20:58:10,Iludo　イルド,うぇえ！？
2022-02-23 20:58:11,sakura,刺身ニキナイスパw
2022-02-23 20:58:11,kaneman 1983,本人来た!
2022-02-23 20:58:16,A.R. M.S.,Tinderしてるななてんリスナー限定特効
2022-02-23 20:58:16,のり,刺身ニキないスパ！
2022-02-23 20:58:17,かじの,ななてんそれブーメランだけどｗ
2022-02-23 20:58:19,No.396(ミクロ),刺身ニキナイスパ！
2022-02-23 20:58:20,はなむう,逆にななてん一点狙いならいいのかな
2022-02-23 20:58:20,Iludo　イルド,ナイスパ！
2022-02-23 20:58:22,ゆー,ナイスパ！！
2022-02-23 20:58:23,YUMA,刺身ニキないすぱー
2022-02-23 20:58:25,一成.,刺身ニキー
2022-02-23 20:58:26,のｚ廃神,これは一口馬券だよね
2022-02-23 20:58:26,切り抜きかみー,刺身ニキ！
2022-02-23 20:58:27,A.R. M.S.,刺身代ナイス！
2022-02-23 20:58:31,たらもん,刺身ニキナイスパ
2022-02-23 20:58:33,DTZ,推しマバーガー
2022-02-23 20:58:34,シャウト君,刺身ニキナイスパー！！
2022-02-23 20:58:36,空,ナイスパ！
2022-02-23 20:58:37,ヤマ.パンダ,ななてんなら、リスナー狙わないでしょ
2022-02-23 20:58:43,のｚ廃神,刺身ニキがいたｗｗｗ
2022-02-23 20:58:47,まーだ,推しマの概念分からん人も居るだろうし…
2022-02-23 20:58:58,vivi,前後に入れたのが仇となったw
2022-02-23 20:59:00,Iludo　イルド,そうかな:pleading_face:
2022-02-23 20:59:12,ツーバス技能士,刺身ニキないすぱ！
2022-02-23 20:59:23,3号,ラーメン？！ｗ
2022-02-23 20:59:25,たっくん,刺身ニキ登場〜
2022-02-23 20:59:26,ゆー,刺身ニキホントにマッチしてないんですか？ww
2022-02-23 20:59:27,無天露雨,:steaming_bowl:ﾗｰ̤̮ﾒﾝ
2022-02-23 20:59:29,ヤマ.パンダ,どういうのなんだろう:japanese_castle:
2022-02-23 20:59:30,sakura,ラーメン食べてんのかな？w
2022-02-23 20:59:37,vivi,ラーメンかw
2022-02-23 20:59:40,はなむう,ギャルはノリで使ってそう
2022-02-23 20:59:44,たらもん,ラーメン食べながら打ってるのかもw
2022-02-23 20:59:53,怜司,刺身ニキｗｗ
2022-02-23 20:59:57,vivi,でもギャルが使ってると言うことは…
2022-02-23 20:59:58,うまうま,ラーメン大好きニキ
2022-02-23 21:00:00,のｚ廃神,写真にペットが映ってないやろがい
2022-02-23 21:00:02,やす,エロジジイです！ぴちぴちギャルにモテるプロフィールが知りたいです！！！
2022-02-23 21:00:02,雪兎,ラーメン食いたいなくらいのノリじゃない？
2022-02-23 21:00:20,3号,絵文字って難しいなｗｗ
2022-02-23 21:00:31,Iludo　イルド,アースニキ…
2022-02-23 21:00:39,櫛崎ハル,草
2022-02-23 21:00:42,たらもん,地球ニキ　モテそう
2022-02-23 21:00:47,スノーウィー,おもしろいなぁ
2022-02-23 21:00:48,Wei Hang,草
2022-02-23 21:00:50,sakura,推しマークは薬だった！？
2022-02-23 21:00:53,カイザー,自撮りも苦手で他取りも無いんですが、自撮りのコツってありますか？
2022-02-23 21:01:01,やす,無難な絵文字ってないの？
2022-02-23 21:01:02,A.R. M.S.,時間が早く感じる
2022-02-23 21:01:07,のり,たくさん来てたね！
2022-02-23 21:01:12,んじぴー,地球ニキです　推しマの位置変えます
2022-02-23 21:01:21,のｚ廃神,☨←無難
2022-02-23 21:01:23,Iludo　イルド,:clapping_hands::clapping_hands::clapping_hands:
2022-02-23 21:01:25,やす,みんなモテたいんやな
2022-02-23 21:01:28,sakura,地球ニキナイスパw
2022-02-23 21:01:28,のｚ廃神,地球ｗ
2022-02-23 21:01:29,kaneman 1983,また、本人来た!
2022-02-23 21:01:29,シャウト君,地球ニキナイスパー！
2022-02-23 21:01:30,ゆー,第二弾待ってます！！
2022-02-23 21:01:32,バクラバオマ,地球ﾆｷ！
2022-02-23 21:01:33,Wei Hang,:clapping_hands::clapping_hands::clapping_hands:
2022-02-23 21:01:34,vivi,:clapping_hands::clapping_hands::clapping_hands:
2022-02-23 21:01:36,のり,地球ニキないスパ！
2022-02-23 21:01:38,A.R. M.S.,地球ニキ
2022-02-23 21:01:40,Iludo　イルド,地球ニキ現れた
2022-02-23 21:01:40,雪兎,ナイスパー！
2022-02-23 21:01:40,SiROE,本人おって草
2022-02-23 21:01:42,秀hidEIヒデ,モテたいんよな
2022-02-23 21:01:43,たらもん,女の子と遊びたいんだよ
2022-02-23 21:01:44,sim 123,ないスパ
2022-02-23 21:01:46,vivi,パート2くるか？w
2022-02-23 21:01:47,ゆー,地球ニキナイスパー
2022-02-23 21:01:48,たっくん,地球ニキも来たw
2022-02-23 21:01:48,朔良,次もお願いします！
2022-02-23 21:01:52,うまうま,女性に枯渇ｗ
2022-02-23 21:01:52,No.396(ミクロ),地球ニキないすぱ！
2022-02-23 21:01:55,びゃっこ,地球ニキもナイスパ！
2022-02-23 21:01:56,怠惰熊,見てるの楽しい
2022-02-23 21:01:56,トシ,また見たい
2022-02-23 21:02:01,スノーウィー,NF
2022-02-23 21:02:03,Iludo　イルド,いやもう好評でしょ
2022-02-23 21:02:04,DTZ,なんでニキ達金髪の女の子やねん
2022-02-23 21:02:04,sakura,これは第2弾欲しいわ
2022-02-23 21:02:05,シャウト君,添削希望の人割と無限にいそう
2022-02-23 21:02:07,YUMA,地球ニキないすぱー
2022-02-23 21:02:09,ツーバス技能士,地球ニキないすぱ！
2022-02-23 21:02:10,たらもん,地球ニキ　ナイスパ
2022-02-23 21:02:12,reonasky,毎週やって
2022-02-23 21:02:12,Wei Hang,地球ニキ
2022-02-23 21:02:14,りんごカーボネート,楽しかった
2022-02-23 21:02:15,のり,:clapping_hands::clapping_hands::clapping_hands::clapping_hands:
2022-02-23 21:02:20,kaneman 1983,また、見たいです!
2022-02-23 21:02:20,バクラバオマ,ﾆｷたちﾅｲｽﾊﾟ
2022-02-23 21:02:20,3号,刺身にきーーーー！！！地球にきーーーー！！！ｗｗ
2022-02-23 21:02:23,まーだ,定期的にやって欲しいです
2022-02-23 21:02:27,雪兎,楽しかったー！
2022-02-23 21:02:31,トシ,スパチャ挙手制ワロタ
2022-02-23 21:02:31,deimod zak,今来た
2022-02-23 21:02:31,ゆー,毎週恒例にしましょう！
2022-02-23 21:02:33,シャウト君,定例配信にしてほしいまである
2022-02-23 21:02:34,空,草
2022-02-23 21:02:34,こっこ,だいぶ面白かった
2022-02-23 21:02:39,くめん,楽しかったです！
2022-02-23 21:02:40,やしのき,ニキ！！
2022-02-23 21:02:46,vivi,ニキ達ナイスパ
2022-02-23 21:02:51,怜司,刺身とアース、ニキ素敵やでｗ
2022-02-23 21:02:57,懐かしのヤセウマサン,ヒーローが一堂に会してる感ある
2022-02-23 21:03:03,たらもん,本当に参考になるから助かる
2022-02-23 21:03:03,切り抜きかみー,趣旨変わってきてて草w
2022-02-23 21:03:05,のり,定期的に！
2022-02-23 21:03:07,スノーウィー,カロリー高すぎ
2022-02-23 21:03:09,gtn,ニキ達参考になったありがとう！
2022-02-23 21:03:09,A.R. M.S.,月一定例会で
2022-02-23 21:03:10,Wei Hang,草
2022-02-23 21:03:14,バクラバオマ,面白かった！
2022-02-23 21:03:15,のｚ廃神,彼女が出来るまでやり続ければいける
2022-02-23 21:03:15,sakura,ちょっとニキ達参考にプロフ分変えるか
2022-02-23 21:03:20,縁紫 a.k.a ゆかり,添削してもらえなかったので第二弾待ってます:folded_hands:
2022-02-23 21:03:21,シルバーラビット💘🐰,でも定期配信はして欲しい感はある
2022-02-23 21:03:30,バクラバオマ,もう一杯・・・？
2022-02-23 21:03:30,怜司,楽しい企画をありがとうｗｗ
2022-02-23 21:03:31,vivi,月一で待ってる
2022-02-23 21:03:33,びゃっこ,途端に胡散臭くなったｗ
2022-02-23 21:03:39,Iludo　イルド,月一はワンチャンあり！
2022-02-23 21:03:40,アルミホイル,飢えてる男子無限にいるから大丈夫
2022-02-23 21:03:41,vivi,枯渇したら終了？w
2022-02-23 21:03:44,SiROE,youtubeの広告にありそう
2022-02-23 21:03:47,sakura,怪しいなぁ
2022-02-23 21:03:50,まーだ,刺身ニキと地球ニキと友達になりてぇｗ
2022-02-23 21:03:51,権兵衛,出会うどころかゴールしてる
2022-02-23 21:03:53,怜司,それはCMすぎるｗ
2022-02-23 21:03:56,たらもん,詐欺広告www
2022-02-23 21:03:56,ゆー,月一丁度いいかも
2022-02-23 21:03:59,のｚ廃神,彼女が全部できるまで毎月配信でしょ
2022-02-23 21:03:59,A.R. M.S.,月一でTinder案件ｸﾙｰ
2022-02-23 21:04:05,たっくん,胡散臭くなったwe
2022-02-23 21:04:06,チキン,tinder人口増えそう
2022-02-23 21:04:11,카이테•カイテイ,素敵な企画ありがとうございました。韓国人だけど、次機会があったら参加してみたいです。一生童貞は嫌だ。
2022-02-23 21:04:12,たらもん,案件待ったなし
2022-02-23 21:04:14,スノーウィー,案件ねらってけ
2022-02-23 21:04:23,バクラバオマ,TinderのCMでななてん出てくる日も・・・
2022-02-23 21:04:26,のｚ廃神,Twitterの広告に来るまでやろう
2022-02-23 21:04:35,vivi,面白い事やってるVがいるぞってなりそう
2022-02-23 21:04:37,麗冬,お願いします！！！
2022-02-23 21:04:39,YUMA,ないすぱー
2022-02-23 21:05:00,Wei Hang,お疲れ様
2022-02-23 21:05:07,スノーウィー,:clapping_hands::clapping_hands::clapping_hands:
2022-02-23 21:05:07,のり,ないスパ！
2022-02-23 21:05:10,Iludo　イルド,芸能人もオフでパコしようとしてんのかな
2022-02-23 21:05:14,シャウト君,お疲れ様！
2022-02-23 21:05:14,うまうま,＃２期待しています
2022-02-23 21:05:18,バクラバオマ,切実ﾆｷ…
2022-02-23 21:05:20,Iludo　イルド,ナイスパ！
2022-02-23 21:05:21,A.R. M.S.,韓国の出会い系ってなんかあるんかな？
2022-02-23 21:05:26,けんちん汁・ぶしどー,またしてくれ
2022-02-23 21:05:27,sakura,韓国ニキも頑張れ！
2022-02-23 21:05:28,A.R. M.S.,ないすぱ
2022-02-23 21:05:32,のｚ廃神,お店があるよ＾＾
2022-02-23 21:05:36,櫛崎ハル,草
2022-02-23 21:05:40,ゆー,ナイスパ！！
2022-02-23 21:05:43,範馬ゆうーー次郎,切実ニキ元気出して...
2022-02-23 21:05:44,vivi,切実ニキ…
2022-02-23 21:05:45,ツーバス技能士,うっ....
2022-02-23 21:05:49,一成.,韓国ニキ幸せになってくれ
2022-02-23 21:05:49,トシ,アベンジャーズで草
2022-02-23 21:05:50,麗冬,えっ？もらってくれるん？
2022-02-23 21:05:52,Iludo　イルド,童貞預けてどうする
2022-02-23 21:05:52,寝る寝る寝るね,草
2022-02-23 21:05:56,たらもん,2人とも頼もしい
2022-02-23 21:06:04,Wei Hang,草
2022-02-23 21:06:08,けんちん汁・ぶしどー,？？？「その童貞、消えるよ…？｣
2022-02-23 21:06:13,ツーバス技能士,優勝請負人に任せてみよう
2022-02-23 21:06:13,りんごカーボネート,草
2022-02-23 21:06:21,たらもん,童貞の救世主
2022-02-23 21:06:31,一成.,転生すんのかww
2022-02-23 21:06:32,のｚ廃神,今回は成功例のが多かったから失敗例が欲しいかな
2022-02-23 21:06:37,りんごカーボネート,童貞加工品
2022-02-23 21:06:39,バクラバオマ,預けた童貞倍にして返してくれるかもしれん・・・
2022-02-23 21:06:42,無天露雨,お疲れ様です
2022-02-23 21:06:47,Wei Hang,草
2022-02-23 21:06:50,YUMA,めっちゃリプきてたね
2022-02-23 21:06:55,sakura,楽しかった！
2022-02-23 21:06:57,うまうま,刺身ニキになって出直します
2022-02-23 21:07:00,mmtg03,童貞だから…
2022-02-23 21:07:02,シルバーラビット💘🐰,お疲れ様でした！
2022-02-23 21:07:03,やす,早速見直して復習だ！
2022-02-23 21:07:08,vivi,いた！凄かった！
2022-02-23 21:07:13,DTZ,童貞は毎年生まれてくるからな
2022-02-23 21:07:16,Iludo　イルド,マッチングアプリはガチガチなものかと思ってましたが結構ラフなんですね、自分もやってみようかな
2022-02-23 21:07:19,スノーウィー,皆にこにこ
2022-02-23 21:07:20,一成.,チキン冷めちゃった…
2022-02-23 21:07:22,シルバーラビット💘🐰,アプリインストールするところから始めます
2022-02-23 21:07:24,のｚ廃神,童貞1万人視聴目指せ
2022-02-23 21:07:25,mf max,競争率激しくならん？
2022-02-23 21:07:26,シャウト君,動画版も待ってます！
2022-02-23 21:07:29,麗冬,いい配信だったな！！
2022-02-23 21:07:31,YUMA,お疲れ様でした！
2022-02-23 21:07:34,Kao,楽しかったです
2022-02-23 21:07:36,けんちん汁・ぶしどー,童貞消えちゃった……
2022-02-23 21:07:37,ゆー,卒業頑張ります
2022-02-23 21:07:39,のり,ありがとうございました！
2022-02-23 21:07:41,こっこ,おつななだりー
2022-02-23 21:07:45,たらもん,ナナミさんの配信でtinder知りました　ありがとうございます
2022-02-23 21:07:45,可老,おつななー
2022-02-23 21:07:46,SiROE,おつなな！！
2022-02-23 21:07:48,チキン,お疲れさまでした
2022-02-23 21:07:51,くめん,おつななー
2022-02-23 21:07:54,一成.,おつななー
2022-02-23 21:07:54,権兵衛,おつななー
2022-02-23 21:07:56,のり,おつななー
2022-02-23 21:07:56,Wei Hang,お疲れ様
2022-02-23 21:07:57,雪兎,お疲れ様でしたー
2022-02-23 21:07:57,けんちん汁・ぶしどー,おつななー
2022-02-23 21:07:58,たらもん,おつなな
2022-02-23 21:08:00,新垣かなで,おつななー
2022-02-23 21:08:00,麗冬,チンソのみだりさんか…今度見に行こ！
2022-02-23 21:08:01,No.396(ミクロ),おつなな！
2022-02-23 21:08:01,シャウト君,おつななー
2022-02-23 21:08:02,A.R. M.S.,男の数だけ増えてハードル上がるんだよなぁ
2022-02-23 21:08:02,ツーバス技能士,後半回線良かったね！見やすかった
2022-02-23 21:08:03,sakura,おつなな！
2022-02-23 21:08:03,mf max,おつなな
2022-02-23 21:08:10,Iludo　イルド,お疲れさまでした
2022-02-23 21:08:13,ツーバス技能士,おつなな～　おつだり～
2022-02-23 21:08:15,kaneman 1983,お疲れ様です。
2022-02-23 21:08:15,けんちん汁・ぶしどー,お
2022-02-23 21:08:19,3号,別居鵜になる
2022-02-23 21:08:20,DTZ,一章二章やんけ
2022-02-23 21:08:20,びゃっこ,ハードル高いなｗ
2022-02-23 21:08:23,田村音弥,義務教育や
2022-02-23 21:08:25,雪兎,おつななーおつだりー！
2022-02-23 21:08:26,無天露雨,見て損はねぇなぁ
2022-02-23 21:08:26,のり,みだりさんにもお邪魔しに行きます
2022-02-23 21:08:27,3号,勉強になる
2022-02-23 21:08:29,一成.,草
2022-02-23 21:08:29,新垣かなで,応用編たすかる
2022-02-23 21:08:29,Iludo　イルド,うっ…
2022-02-23 21:08:31,バクラバオマ,step2だ
2022-02-23 21:08:36,シルバーラビット💘🐰,おつなな〜　おつだり〜
2022-02-23 21:08:38,のｚ廃神,店で履修できるやろ
2022-02-23 21:08:38,ステアー,おつかれさま！
2022-02-23 21:08:39,ゆー,お邪魔します
2022-02-23 21:08:39,うまうま,おつなな～
2022-02-23 21:08:39,スノーウィー,勉強なったな
2022-02-23 21:08:40,助泥,またいらぬ知識が増えるか・・・
2022-02-23 21:08:41,月面着陸,ソムリエ…！
2022-02-23 21:08:42,ベルベット,おつななーおつだりー
2022-02-23 21:08:45,まーだ,出会った後の知識ですねｗ
2022-02-23 21:08:47,YUMA,おつなな〜　おつだり〜
2022-02-23 21:08:50,やしのき,触ってはいけない場所…過去？
2022-02-23 21:08:59,vivi,ここで繋がるの草
2022-02-23 21:09:07,寝る寝る寝るね,面白そう
2022-02-23 21:09:16,びゃっこ,リーチ演出中
2022-02-23 21:09:22,こっこ,体調次第と、FC関連かな
2022-02-23 21:09:27,Iludo　イルド,:clapping_hands::clapping_hands::clapping_hands:
2022-02-23 21:09:28,百合最強,おつななー！！！
2022-02-23 21:09:28,A.R. M.S.,おつなな～＆おつだり～
2022-02-23 21:09:30,BOSSだよ?,息子が
2022-02-23 21:09:30,かも。,おつなな〜！おつだり〜！
2022-02-23 21:09:31,YUMA,夢があるよ〜！！！
2022-02-23 21:09:31,雪兎,おつななー
2022-02-23 21:09:33,夜鴉,おつなな～
2022-02-23 21:09:34,しろ,おつななー おつだりー
2022-02-23 21:09:34,シャウト君,おつななー
2022-02-23 21:09:34,無天露雨,おつなな
2022-02-23 21:09:35,くめん,おつなな〜
2022-02-23 21:09:34,のり,おつなな
2022-02-23 21:09:35,Kao,おつなな～
2022-02-23 21:09:36,Fanlu9o,おつななー
2022-02-23 21:09:36,こっこ,おつななだりー
2022-02-23 21:09:36,バクラバオマ,おつななだり～
2022-02-23 21:09:36,sakura,おつなな！
2022-02-23 21:09:37,やす,おつななー
2022-02-23 21:09:37,びゃっこ,おつなな～おつだり～
2022-02-23 21:09:38,ゆー,おつなな〜
2022-02-23 21:09:38,Iludo　イルド,お疲れさまでした
2022-02-23 21:09:39,まーだ,おつなな～
2022-02-23 21:09:39,権兵衛,おつなな
2022-02-23 21:09:39,空,おつなな～
2022-02-23 21:09:39,ボンゴレ,おつなな〜
2022-02-23 21:09:40,コーンアイス,おつななー
2022-02-23 21:09:40,ステアー,おつなな～！
2022-02-23 21:09:42,一成.,おつなだりー
2022-02-23 21:09:43,Wei Hang,bye bye
2022-02-23 21:09:43,麗冬,では！お疲れさまでした！
2022-02-23 21:09:45,たらもん,おつななー
2022-02-23 21:09:48,けんちゃん,おつななー
2022-02-23 21:09:49,DTZ,おつなな！
2022-02-23 21:09:49,寝る寝る寝るね,おつなな〜
2022-02-23 21:09:51,やしのき,おつななーおつだりー
2022-02-23 21:09:51,のｚ廃神,おつなな
2022-02-23 21:09:54,vivi,おつななー
2022-02-23 21:09:55,うまうま,おつなな～
2022-02-23 21:09:56,朔良,おつななー　おつだりー
