2021-12-04 20:37:23,JIN JIN,待機中
2021-12-04 20:37:29,Greed,待機
2021-12-04 20:37:32,Aoi,待機
2021-12-04 20:37:33,ごま豆腐,たいき
2021-12-04 20:37:35,vivi,移動待機！
2021-12-04 20:37:36,雪蛍,待機
2021-12-04 20:37:37,西山雅史,待機
2021-12-04 20:37:38,A.R. M.S.,移動完了
2021-12-04 20:37:38,ぬー,お引っ越し待機
2021-12-04 20:37:39,げきちん,待機
2021-12-04 20:37:39,こっこ,:slot_machine::money_with_wings:
2021-12-04 20:37:40,isa,移動
2021-12-04 20:37:40,入巣京子,待ってる
2021-12-04 20:37:41,aiueo,待機
2021-12-04 20:37:43,カピバラ1号,引っ越し
2021-12-04 20:37:43,とっしーR,たいき
2021-12-04 20:37:43,びゃっこ,移動完了！
2021-12-04 20:37:47,塩ワサビ,:shelterin:
2021-12-04 20:37:47,taro,案内できてえらい！
2021-12-04 20:37:48,ほんまですよ！？,待機！
2021-12-04 20:37:56,渡貫,焦らずどうぞ
2021-12-04 20:37:57,犀虎,待機
2021-12-04 20:37:58,ヤーナムの影,待機
2021-12-04 20:38:00,No.396(ミクロ),引越し待機！
2021-12-04 20:38:01,辻峰咲夜,続編の上映会場はこちらでよろしいでしょうか？
2021-12-04 20:38:04,くろー,いどう
2021-12-04 20:38:06,ゼイクス,待機
2021-12-04 20:38:06,KAZU,待機
2021-12-04 20:38:09,Wei Hang,待機
2021-12-04 20:38:10,いる,たいき
2021-12-04 20:38:11,しろ,ｼｭﾀ
2021-12-04 20:38:14,翠咲耶、みどりさくや,移動待機
2021-12-04 20:38:14,いる,りんご
2021-12-04 20:38:16,카이테•カイテイ,対き
2021-12-04 20:38:17,いる,ごりら
2021-12-04 20:38:21,4161きんた,待機
2021-12-04 20:38:23,いる,ラッパ
2021-12-04 20:38:28,辻峰咲夜,パンツ
2021-12-04 20:38:33,hello there!,待機
2021-12-04 20:38:41,しまごん,修復作業お疲れ様です～ななんてんはみるんありがとう！
2021-12-04 20:38:44,frafran,待機
2021-12-04 20:38:45,のぶ,待機
2021-12-04 20:38:53,もんじ,真っ暗
2021-12-04 20:38:53,十六夜ヒビキ,待機
2021-12-04 20:39:03,Wei Hang,待機
2021-12-04 20:39:26,pirota,待機
2021-12-04 20:39:28,いる,はやーくーーーーーーーーーーーーーーー
2021-12-04 20:39:30,Ki,待機
2021-12-04 20:39:33,ほんまですよ！？,一服タイムや
2021-12-04 20:39:36,ブラァァァ,待機
2021-12-04 20:39:38,紅月玖桜,きちゃ
2021-12-04 20:39:42,SYEC,きたああ
2021-12-04 20:39:45,びゃっこ,カメラ？
2021-12-04 20:39:46,しろ,きちゃ！
2021-12-04 20:39:46,十六夜ヒビキ,きちゃ
2021-12-04 20:39:47,はばな,おかえりー
2021-12-04 20:39:47,isa,おかえりー
2021-12-04 20:39:47,若葉ジョー,じっしゃ！？
2021-12-04 20:39:48,マロンスマイル,きた？？
2021-12-04 20:39:48,Greed,きちゃ！
2021-12-04 20:39:50,ゼイクス,声出てる
2021-12-04 20:39:50,Ki,聞こえたー
2021-12-04 20:39:51,のぶ,ん？
2021-12-04 20:39:51,左 ゴロウ,おかえりー
2021-12-04 20:39:51,vivi,きちゃ
2021-12-04 20:39:51,Aoi,きちゃ
2021-12-04 20:39:51,Wei Hang,:smiling_face_with_hearts::smiling_face_with_hearts::smiling_face_with_hearts:
2021-12-04 20:39:51,ぬー,カメラ気をつけて
2021-12-04 20:39:52,若葉ジョー,あぶない！！！
2021-12-04 20:39:52,犀虎,カメラ？
2021-12-04 20:39:52,辻峰咲夜,あれ
2021-12-04 20:39:53,げきちん,カメラ？
2021-12-04 20:39:54,カピバラ1号,映ったよ
2021-12-04 20:39:54,aiueo,きちゃ
2021-12-04 20:39:55,ウルトラアル中マン,ただいま～！
2021-12-04 20:39:57,4161きんた,声聞こえた
2021-12-04 20:39:58,犀虎,大丈夫そ？
2021-12-04 20:39:58,Mirror,実写！？
2021-12-04 20:39:58,Greed,おけぇり
2021-12-04 20:39:58,ゼイクス,カメラON？
2021-12-04 20:39:59,黒っぽい鳥,きた
2021-12-04 20:39:59,翠咲耶、みどりさくや,がめんが？？？
2021-12-04 20:39:59,しろ,事故怖いなw
2021-12-04 20:40:00,こっこ,おかななみるー
2021-12-04 20:40:02,ほんまですよ！？,わざとじゃないんだ仕方ないよ
2021-12-04 20:40:02,しまごん,きちゃ
2021-12-04 20:40:03,さけちゃ,おかえりぃぃぃぃいいい！！！
2021-12-04 20:40:03,おかき屋トム,カメラ？
2021-12-04 20:40:03,のぶ,カメラ！？
2021-12-04 20:40:04,犀虎,おかえりー
2021-12-04 20:40:05,もんじ,おかえりー　でも見えづらい
2021-12-04 20:40:06,てふてふ,聞こえたけどカメラ？
2021-12-04 20:40:06,JIN JIN,スマフォ！？
2021-12-04 20:40:09,犀虎,事故だけは注意
2021-12-04 20:40:09,権兵衛,おかえりー
2021-12-04 20:40:10,辻峰咲夜,カメラ付いてるカメラ！
2021-12-04 20:40:11,青葉響,おかえりー
2021-12-04 20:40:14,☆『いくバる』★,おかえり
2021-12-04 20:40:14,Wei Hang,wwww
2021-12-04 20:40:17,SYEC,祝！復帰！　無事で何より
2021-12-04 20:40:22,ウルトラアル中マン,事故気をつけてもろて
2021-12-04 20:40:27,もんじ,実写ですか
2021-12-04 20:40:28,若葉ジョー,綺麗な手
2021-12-04 20:40:29,ゼイクス,カワイイてえええ
2021-12-04 20:40:29,犀虎,おーーーー
2021-12-04 20:40:31,Greed,実写！！
2021-12-04 20:40:31,犀虎,ご褒美や
2021-12-04 20:40:32,黒っぽい鳥,ネイルきれい
2021-12-04 20:40:32,4161きんた,実写配信きちゃ
2021-12-04 20:40:32,渡貫,ww
2021-12-04 20:40:33,空,！？
2021-12-04 20:40:34,びゃっこ,ハミルン爪なっが！
2021-12-04 20:40:34,犀虎,綺麗
2021-12-04 20:40:35,辻峰咲夜,まさかの実写配信！
2021-12-04 20:40:35,紅月玖桜,実写だぁぁｗｗ
2021-12-04 20:40:37,十六夜ヒビキ,可愛いーーーーーー
2021-12-04 20:40:37,No.396(ミクロ),スマホで配信か！映んないように気をつけてね！
2021-12-04 20:40:37,入巣京子,超美麗3Dやんな
2021-12-04 20:40:38,てふてふ,実写だった
2021-12-04 20:40:39,しろ,fooooo
2021-12-04 20:40:39,塩ワサビ,実写ええぞ！
2021-12-04 20:40:41,夜,実写？！
2021-12-04 20:40:42,Wei Hang,:smiling_face_with_hearts::smiling_face_with_hearts::smiling_face_with_hearts:
2021-12-04 20:40:43,vivi,突然の実写助かる
2021-12-04 20:40:46,はばな,ありがてえ
2021-12-04 20:40:46,狐蛇狼(こたろう),急遽実写w
2021-12-04 20:40:50,のぶ,おてて助かる
2021-12-04 20:40:50,ほんまですよ！？,キャーー:red_exclamation_mark:
2021-12-04 20:40:51,げきちん,声は聞きやすくなった
2021-12-04 20:40:52,渡貫,ふつうにいいよ
2021-12-04 20:40:52,辻峰咲夜,声はおｋ
2021-12-04 20:40:53,こてんげいん,パソコン絶頂
2021-12-04 20:40:53,SYEC,声はいい感じ
2021-12-04 20:40:54,しまごん,だいじょうぶやで
2021-12-04 20:40:54,ウルトラアル中マン,音質良くなったまである
2021-12-04 20:40:56,犀虎,今のところ音質大丈夫
2021-12-04 20:40:57,雪蛍,超美麗3D
2021-12-04 20:40:57,Ki,音質は平気やで
2021-12-04 20:40:58,ゼイクス,ハミルの声もちゃんと聞こえてるのでOK
2021-12-04 20:40:58,はばな,音だいじょうぶ！
2021-12-04 20:40:59,Greed,音質はさっきより聞きやすいかもら
2021-12-04 20:41:00,おかき屋トム,むしろさっきより音質クリアな気が
2021-12-04 20:41:01,こっこ,トラブルクイーン
2021-12-04 20:41:02,カピバラ1号,むしろ音質いいかも
2021-12-04 20:41:03,若葉ジョー,ななみさんのゴメンボイスかわいいｗｗｗ
2021-12-04 20:41:04,maH,音声は問題ないですね！
2021-12-04 20:41:04,翠咲耶、みどりさくや,ＰＣとまった
2021-12-04 20:41:05,vivi,全然大丈夫！
2021-12-04 20:41:06,犀虎,電車が止まらないかわりにPCがとまった
2021-12-04 20:41:06,くろー,音質は大丈夫そう
2021-12-04 20:41:08,犀虎,さすが
2021-12-04 20:41:08,ほんまですよ！？,リアルだなぁ
2021-12-04 20:41:09,JIN JIN,実写感謝代です
2021-12-04 20:41:09,A.R. M.S.,音質よくなってむしろあり
2021-12-04 20:41:09,isa,大丈夫
2021-12-04 20:41:10,alpha_cat,しょうがない
2021-12-04 20:41:11,vivi,たしかに音質良くなったw
2021-12-04 20:41:13,若葉ジョー,良くなったは実際そう
2021-12-04 20:41:14,もんじ,パソコンが逝きましたね
2021-12-04 20:41:17,しろ,なんでやwww
2021-12-04 20:41:20,ぬー,謝らなくてOK、ナイス復旧！
2021-12-04 20:41:20,黒っぽい鳥,いつもと声違うねー
2021-12-04 20:41:20,Ki,音質クリアになったよなｗ
2021-12-04 20:41:20,辻峰咲夜,大丈夫問題ない
2021-12-04 20:41:21,のぶ,音質確かによくなったW
2021-12-04 20:41:22,てふてふ,電車が止まらなかったばかりに…
2021-12-04 20:41:25,A.R. M.S.,ご褒美やんけ
2021-12-04 20:41:26,ゆゆ,良かった
2021-12-04 20:41:26,ほんまですよ！？,かわいい
2021-12-04 20:41:30,しまごん,超美麗かつ超美声が聞けて満足や！
2021-12-04 20:41:31,4161きんた,電車止まらんけどPC止まってww
2021-12-04 20:41:34,ブラァァァ,まぁーしゃーなしよなー
2021-12-04 20:41:36,辻峰咲夜,むしろ良くなったww
2021-12-04 20:41:36,さけちゃ,ええんやで～
2021-12-04 20:41:41,No.396(ミクロ),ななてんは電気を使う物と相性が悪い説あるなこれwww
2021-12-04 20:41:44,SYEC,ななてんへの焦らし成功
2021-12-04 20:41:49,辻峰咲夜,おイイゾーやったれ！
2021-12-04 20:41:49,びゃっこ,もう一回遊べるドン！
2021-12-04 20:41:49,げきちん,また最初から楽しめるドン！
2021-12-04 20:41:50,Wei Hang,草
2021-12-04 20:41:50,七つの草,こんなな〜
2021-12-04 20:41:50,Greed,もう1回遊べるドンw
2021-12-04 20:41:52,塩ワサビ,やり直しだよなぁ
2021-12-04 20:41:53,ヤーナムの影,ww
2021-12-04 20:41:57,カピバラ1号,二度美味しい
2021-12-04 20:41:58,しろ,やったぜ
2021-12-04 20:42:00,マロンスマイル,ハミルンｗｗｗ
2021-12-04 20:42:03,のすけ,気にしないで代
2021-12-04 20:42:03,もんじ,最初からやり直し
2021-12-04 20:42:04,アインス,ハミルんに130個使ったななてんが70個に挑戦
2021-12-04 20:42:06,てふてふ,１からの再開ですか
2021-12-04 20:42:08,辻峰咲夜,もう一回遊べるドン！
2021-12-04 20:42:10,ブラァァァ,やったれー
2021-12-04 20:42:11,ウルトラアル中マン,最初から助かる♡
2021-12-04 20:42:13,狐蛇狼(こたろう),部屋の時間は平気？
2021-12-04 20:42:17,ゆゆ,いえー
2021-12-04 20:42:19,ほんまですよ！？,時を戻そう
2021-12-04 20:42:19,No.396(ミクロ),ハミルんウッキウキだぁwww
2021-12-04 20:42:27,しまごん,仕切り直し頑張って～ｗｗ
2021-12-04 20:42:30,辻峰咲夜,介護ｗｗ
2021-12-04 20:42:37,SYEC,おばあちゃんに飲まさんでｗｗ
2021-12-04 20:42:37,げきちん,再プレイ代
2021-12-04 20:42:38,Bun A,大丈夫？カメラが
2021-12-04 20:42:39,辻峰咲夜,こら未成年ｗｗ
2021-12-04 20:42:42,Greed,おばちゃんにストゼロはwww
2021-12-04 20:42:44,vivi,介護でストゼロ飲ますなw
2021-12-04 20:42:47,ブラァァァ,介護されてるwww
2021-12-04 20:42:50,アインス,ハミルんがノリノリですねぇ
2021-12-04 20:42:56,JIN JIN,ストゼロwww
2021-12-04 20:42:58,のぶ,こしいいね
2021-12-04 20:43:02,辻峰咲夜,※カメラは床に付けてます
2021-12-04 20:43:02,Wei Hang,wwww
2021-12-04 20:43:11,渡貫,終末治療かな
2021-12-04 20:43:28,辻峰咲夜,いろんなスイッチ(意味深)
2021-12-04 20:43:28,櫛崎ハル,草
2021-12-04 20:43:30,Bun A,気をつけてね
2021-12-04 20:43:40,翠咲耶、みどりさくや,ｗｗｗ
2021-12-04 20:43:46,紅月玖桜,音声だけでお楽しみください
2021-12-04 20:43:50,しろ,www
2021-12-04 20:43:51,ほんまですよ！？,音質良すぎやな
2021-12-04 20:43:54,若葉ジョー,どんどんどんどん増えるｗｗｗｗｗ
2021-12-04 20:43:54,SYEC,ｗｗｗ
2021-12-04 20:43:55,ブラァァァ,確変中
2021-12-04 20:44:01,ウルトラアル中マン,ヒューッ！
2021-12-04 20:44:02,げきちん,SOUND ONLY
2021-12-04 20:44:02,Wei Hang,:clapping_hands::clapping_hands::clapping_hands:
2021-12-04 20:44:02,辻峰咲夜,イエーイ:raising_hands:
2021-12-04 20:44:03,aiueo,音質良くて草
2021-12-04 20:44:03,カピバラ1号,300人超えたよ
2021-12-04 20:44:07,No.396(ミクロ),www
2021-12-04 20:44:12,Greed,SOUND ONLY
2021-12-04 20:44:13,塩ワサビ,気持ちいいね:heart_suit:
2021-12-04 20:44:16,4161きんた,ラジオだと思えば問題ない
2021-12-04 20:44:17,C60（フラーレン）,前枠未だにライブ中？
2021-12-04 20:44:17,辻峰咲夜,え？
2021-12-04 20:44:18,炬燵,おつななー
2021-12-04 20:44:19,isa,ｗｗｗ
2021-12-04 20:44:20,犀虎,ｗｗｗ
2021-12-04 20:44:21,櫛崎ハル,声草
2021-12-04 20:44:21,若葉ジョー,最初からこれでやれ！まであるｗｗ（悪意なし）
2021-12-04 20:44:21,Vおじ,草
2021-12-04 20:44:25,Wei Hang,wwww
2021-12-04 20:44:25,ゼイクス,巨乳すぎるｗｗｗ
2021-12-04 20:44:29,Greed,気持ちいいねえかわいいねえ♡(無慈悲)
2021-12-04 20:44:32,辻峰咲夜,ななてんのππが取れた!?
2021-12-04 20:44:34,こっこ,:folded_hands:
2021-12-04 20:44:36,Bun A,きれいな音質
2021-12-04 20:44:45,ソニアマスター,こっち？
2021-12-04 20:44:49,おかき屋トム,この盗撮盗聴感、逆に興奮する配信になりましたな
2021-12-04 20:44:50,狐蛇狼(こたろう),sound only
2021-12-04 20:44:51,JIN JIN,いともたやすくハミルちゃんを煽っとおられるw
2021-12-04 20:45:09,ブラァァァ,機械音スゲーなw
2021-12-04 20:45:15,辻峰咲夜,ナニが起きたｗｗ
2021-12-04 20:45:26,Bun A,歴史が新しく作られている
2021-12-04 20:45:27,若葉ジョー,ちなみにハミルちゃん今日帰るの？
2021-12-04 20:45:29,ためなみ,完全に女子会のノリ
2021-12-04 20:45:31,SYEC,ドSハミルンうっきうきやなｗｗ
2021-12-04 20:45:32,渡貫,豪雨かな
2021-12-04 20:45:39,vivi,ハミルんがドSになっとるw
2021-12-04 20:45:40,狐蛇狼(こたろう),まだ余裕そうですね
2021-12-04 20:45:48,しろ,なんかオフ見てる感じでなんかすごい...
2021-12-04 20:45:52,Wei Hang,:woozy_face::woozy_face::woozy_face:
2021-12-04 20:46:15,紅蝶伽,草
2021-12-04 20:46:15,辻峰咲夜,実質オフなんよｗｗ
2021-12-04 20:46:23,翠咲耶、みどりさくや,ナナミンかわいいよー:red_heart:
2021-12-04 20:46:25,Wei Hang,草
2021-12-04 20:46:38,ブラァァァ,:smirking_face::smirking_face::smirking_face:
2021-12-04 20:46:39,塩ワサビ,ローターだけはオンにしっぱなしで
2021-12-04 20:46:39,びゃっこ,ハミルン楽しそうｗ
2021-12-04 20:46:39,SYEC,意地悪ｗｗ
2021-12-04 20:46:42,さけちゃ,絡まったら仕方ないね～
2021-12-04 20:46:43,しろ,www
2021-12-04 20:46:43,アカハナ,草
2021-12-04 20:46:45,ぬー,遅延行為はじまったｗ
2021-12-04 20:46:46,てふてふ,絡まったんならほどかないとね
2021-12-04 20:46:48,げきちん,ｗｗｗ
2021-12-04 20:46:49,No.396(ミクロ),絡まってるの治さないとねぇｗｗｗ
2021-12-04 20:46:49,辻峰咲夜,焦らしおるｗｗ
2021-12-04 20:46:49,もんじ,コードでつながっているからね
2021-12-04 20:46:54,狐蛇狼(こたろう),画像が何もない分耳に集中できる
2021-12-04 20:46:54,vivi,めっちゃ楽しそうw
2021-12-04 20:46:57,ゼイクス,楽しそうやなぁ
2021-12-04 20:46:57,ほんまですよ！？,絡まってるなら仕方ないなぁ
2021-12-04 20:46:58,しまごん,はみるんいいぞ～その調子だ～
2021-12-04 20:47:03,渡貫,視界ぐわんぐわんになりそう
2021-12-04 20:47:12,はばな,てぇてぇ
2021-12-04 20:47:28,こっこ,Sハミルのエンジンかかってきましたね
2021-12-04 20:47:30,辻峰咲夜,やっぱ痒いんかいｗｗ
2021-12-04 20:47:42,KAZU,血行良くなって健康になってきてるのかな
2021-12-04 20:47:57,Wei Hang,:smiling_face_with_hearts::smiling_face_with_hearts::smiling_face_with_hearts:
2021-12-04 20:47:59,ウルトラアル中マン,要介護(全身健康器具)
2021-12-04 20:48:01,狐蛇狼(こたろう),骨が振動されて中に直接響くのかな？
2021-12-04 20:48:09,Greed,真っ赤になってそうw
2021-12-04 20:48:10,vivi,バケモンw
2021-12-04 20:48:13,塩ワサビ,取れたぶんは追加してもろて
2021-12-04 20:48:16,ほんまですよ！？,おやおや介護プレイですか
2021-12-04 20:48:24,SYEC,比較対象がおかしいｗｗ
2021-12-04 20:48:24,ステアー,一周回ってちゃんとしたマッサージ機になってるじゃん
2021-12-04 20:48:29,おかき屋トム,振動で血行が良くなるのと、急な振動に軽い炎症反応みたいなものが起きるから痒くなるんですねぇ
2021-12-04 20:48:30,take take,こんななー
2021-12-04 20:48:33,A.R. M.S.,比較対象が怖い
2021-12-04 20:48:34,カピバラ1号,ｗｗｗ
2021-12-04 20:48:36,しろ,それは怖いw
2021-12-04 20:48:38,フェレお(フィニッシュ!),えーと？なんやこれ
2021-12-04 20:48:39,Bun A,まだやってなかったのか
2021-12-04 20:48:39,SYEC,かゆいのが良くなってくるさ
2021-12-04 20:48:40,辻峰咲夜,イイゾーやったれ
2021-12-04 20:48:41,げきちん,やったー
2021-12-04 20:48:41,翠咲耶、みどりさくや,きちゃｗｗ
2021-12-04 20:48:42,alpha_cat,うおおおおおおおおおおおおおおお
2021-12-04 20:48:52,はばな,そんな比較対象ある？
2021-12-04 20:48:53,Greed,きちゃ
2021-12-04 20:48:53,西山雅史,待ってたぜ
2021-12-04 20:48:59,しろ,foooooooo!!!!
2021-12-04 20:49:00,カピバラ1号,いけーハミルん！
2021-12-04 20:49:01,もんじ,お待ちかねの下
2021-12-04 20:49:07,Bun A,いまならパチンコやめさせられる
2021-12-04 20:49:10,SYEC,いぇーーい
2021-12-04 20:49:13,塩ワサビ,もう楽にしてやろうぜ
2021-12-04 20:49:24,vivi,ヒモに巻き付けたれw
2021-12-04 20:49:26,こっこ,ななてんが賢者タイムになってからがどうなるか
2021-12-04 20:49:31,のすけ,草
2021-12-04 20:49:34,No.396(ミクロ),確固たる意志ｗｗｗ
2021-12-04 20:49:39,Wei Hang,草
2021-12-04 20:49:41,てふてふ,経験談でしょうか
2021-12-04 20:49:46,Ki,助けたいんだけど場所がわからないからなー（棒
2021-12-04 20:49:46,ブラァァァ,www
2021-12-04 20:49:53,櫛崎ハル,草
2021-12-04 20:49:54,木本らい,即否定されたｗｗ
2021-12-04 20:49:55,おかき屋トム,なんか30分後くらいには慣れたとか言ってそう
2021-12-04 20:49:58,まーだ,や”め”な”い”！ｗ
2021-12-04 20:49:59,SYEC,助けは来ないんだなーこれが
2021-12-04 20:50:01,Wei Hang,気持ちいい？？？:woozy_face::woozy_face::woozy_face:
2021-12-04 20:50:02,滞納プロ,イヤホンした
2021-12-04 20:50:05,ためなみ,ロー○ー70個＜パチンコ
2021-12-04 20:50:09,vivi,ん？なんて？w
2021-12-04 20:50:21,もんじ,やだぁ～(駄々っ子)
2021-12-04 20:50:22,おかき屋トム,パンツがなんだって
2021-12-04 20:50:24,ウルトラアル中マン,助けなどこない。現実は非常である。
2021-12-04 20:50:35,のすけ,ふにゃてんかわいいな
2021-12-04 20:50:39,Wei Hang,可愛い:woozy_face::woozy_face::woozy_face:
2021-12-04 20:50:43,ブラァァァ,声が震えとるw
2021-12-04 20:50:44,Greed,かわいい♡
2021-12-04 20:50:46,塩ワサビ,見せて頂きたい
2021-12-04 20:50:49,はばな,おれもみてぇよ・・・
2021-12-04 20:50:49,ウルトラアル中マン,咳込み始めてて草
2021-12-04 20:50:50,てふてふ,後でイラストで説明していただければ
2021-12-04 20:50:50,辻峰咲夜,写真きぼんぬ
2021-12-04 20:50:51,しろ,かわいい
2021-12-04 20:50:56,Wei Hang,kawaii girl :woozy_face::woozy_face::woozy_face:
2021-12-04 20:51:02,翠咲耶、みどりさくや,これはハミルンいじめたぁーなるわｗｗ
2021-12-04 20:51:03,ゼイクス,もっともっと
2021-12-04 20:51:09,びゃっこ,ななてん素直だ
2021-12-04 20:51:12,しろ,言いなりななてんかわい
2021-12-04 20:51:12,辻峰咲夜,まだまだ遊べるドン
2021-12-04 20:51:13,A.R. M.S.,同接400超え
2021-12-04 20:51:19,狐蛇狼(こたろう),ハミルンが個人で楽しむように写真撮っとけー
2021-12-04 20:51:26,のすけ,同時接続400はすごい
2021-12-04 20:51:36,Wei Hang,ecchi M girl
2021-12-04 20:51:37,渡貫,ほんとだすごいな
2021-12-04 20:51:47,にゃっき,Sですごめんなさいwww
2021-12-04 20:51:54,辻峰咲夜,Sですゴメンナサイは草
2021-12-04 20:51:55,カピバラ1号,420人超えた
2021-12-04 20:51:56,しろ,www
2021-12-04 20:52:02,No.396(ミクロ),どうせつがどんどん増えてるｗ
2021-12-04 20:52:04,おかき屋トム,ウソつきにはお仕置きを！
2021-12-04 20:52:08,翠咲耶、みどりさくや,Ｓハミルンｗｗ
2021-12-04 20:52:08,ブラァァァ,Sですごめんなさいw
2021-12-04 20:52:11,はばな,言葉責めが的確！！！
2021-12-04 20:52:13,SYEC,ドSハミルン最高すぎるｗｗ
2021-12-04 20:52:16,ほんまですよ！？,目覚めてきたか
2021-12-04 20:52:17,塩ワサビ,同接ガンガン伸びてるよ！
2021-12-04 20:52:19,げきちん,ドSハミルんおもしろすぎるｗ
2021-12-04 20:52:23,しろ,Sミルすごい...
2021-12-04 20:52:23,もんじ,何か軟化した:red_question_mark:
2021-12-04 20:52:24,狐蛇狼(こたろう),尋問始まりました？
2021-12-04 20:52:28,しまごん,同接伸びてんな～ｗｗ
2021-12-04 20:52:28,aiueo,えぐいなｗｗ
2021-12-04 20:52:31,Wei Hang,:rolling_on_the_floor_laughing::rolling_on_the_floor_laughing::rolling_on_the_floor_laughing:
2021-12-04 20:52:33,渡貫,ｗｗ
2021-12-04 20:52:35,SYEC,MはSにもなれるってはっきりわかる
2021-12-04 20:52:41,辻峰咲夜,ななてん目覚めるんだ！ｗｗ
2021-12-04 20:52:49,おかき屋トム,さすがハミルン、責め方がうまい
2021-12-04 20:52:52,A.R. M.S.,特殊訓練済みの光のメンヘラの真骨頂よ
2021-12-04 20:52:58,辻峰咲夜,拘束タイム
2021-12-04 20:53:00,カピバラ1号,:eyes::eyes:
2021-12-04 20:53:00,SYEC,暴れたら危ないからねー
2021-12-04 20:53:01,こっこ,暴れないようにしないとねー
2021-12-04 20:53:03,塩ワサビ,足首固定中かな
2021-12-04 20:53:10,ヨッシーヨッシー,カメラが(笑)
2021-12-04 20:53:11,Greed,固定助かる
2021-12-04 20:53:14,ウルトラアル中マン,光のメンヘラ(ビニテ高速)
2021-12-04 20:53:16,SYEC,もう話せなくなってるｗｗ
2021-12-04 20:53:29,Wei Hang,wwwwww
2021-12-04 20:53:30,狐蛇狼(こたろう),拘束のプロですネ
2021-12-04 20:53:31,おかき屋トム,光属性水族メンヘラ、ノリノリである
2021-12-04 20:53:33,渡貫,死ぬな！
2021-12-04 20:53:35,ウルトラアル中マン,めっさ咳込んでて草
2021-12-04 20:53:39,翠咲耶、みどりさくや,ガチ咳き込みｗ
2021-12-04 20:53:43,もじゃラッテ,音が田んぼにいるカエルの鳴き声に聞こえてしょうがない…
2021-12-04 20:53:45,しろ,大丈夫か?w
2021-12-04 20:53:45,まーだ,ガチ咽ｗ
2021-12-04 20:53:45,げきちん,ストゼロ飲む？は草
2021-12-04 20:53:46,あかりん,えなにこれｗ
2021-12-04 20:53:48,もんじ,でもヨーツベにはこの動画の意味が全く分かってない！
2021-12-04 20:53:54,てふてふ,特殊な訓練が生きてますね
2021-12-04 20:54:04,ためなみ,カエルの声わかる
2021-12-04 20:54:06,辻峰咲夜,マジで？
2021-12-04 20:54:07,take take,写真見たい
2021-12-04 20:54:09,びゃっこ,個人用に撮っておこう
2021-12-04 20:54:09,ウルトラアル中マン,酔った方がラクかもしれないという事実
2021-12-04 20:54:12,カピバラ1号,写真撮って！
2021-12-04 20:54:14,SYEC,地獄絵図で草
2021-12-04 20:54:14,辻峰咲夜,てえてえ
2021-12-04 20:54:17,Wei Hang,wwwwwwww
2021-12-04 20:54:18,SYEC,泣いてるｗｗｗ
2021-12-04 20:54:24,isa,２人とも！？？
2021-12-04 20:54:25,アキト,wwwwww
2021-12-04 20:54:28,世紀末クマりん,何してんのこれ　？
2021-12-04 20:54:31,翠咲耶、みどりさくや,ナナミンなかないでぇーｗｗ
2021-12-04 20:54:31,塩ワサビ,ハミルんが興奮したらヤバいってことやな！
2021-12-04 20:54:33,take take,想像するだけですごい絵面
2021-12-04 20:54:34,狐蛇狼(こたろう),てえてえ
2021-12-04 20:54:38,ぬー,実況助かる
2021-12-04 20:54:38,ウルトラアル中マン,てえてえ(ハードプレイ)
2021-12-04 20:54:39,雪蛍,ハミルん泣かしたー
2021-12-04 20:54:48,DeDKebine,um what
2021-12-04 20:54:51,vivi,自己紹介してるw
2021-12-04 20:54:52,ほんまですよ！？,おもしろくなってきやがった！
2021-12-04 20:54:55,はばな,初見さん配慮えらい
2021-12-04 20:54:56,ジョン190,初見です
2021-12-04 20:54:59,だいすきにゃんこ,いきそ
2021-12-04 20:54:59,にゃっき,ここで自己紹介は強い
2021-12-04 20:55:00,こっこ,自己紹介をすることで自我を保とうとしている
2021-12-04 20:55:01,take take,ろーにゃー地獄です
2021-12-04 20:55:07,ステアー,初めましてなんですけどなんか草です
2021-12-04 20:55:10,しろ,πθπ来るか？
2021-12-04 20:55:14,しまごん,全身にピンクのロー〇ーを張り付けております。その数なんと70個！
2021-12-04 20:55:15,ウルトラアル中マン,汗でテープ落ちてるんやろなあ
2021-12-04 20:55:20,渡貫,ｗｗ
2021-12-04 20:55:27,Wei Hang,:woozy_face::woozy_face::woozy_face:
2021-12-04 20:55:29,Greed,今回初見ですw
2021-12-04 20:55:42,辻峰咲夜,※現在ピンクの震える健康器具を70個程乗せる工事をしております
2021-12-04 20:56:07,塩ワサビ,ななてんに装着したローター限定70個販売しよう
2021-12-04 20:56:28,しまごん,初見さん、チャンネル登録、高評価お願いします～
2021-12-04 20:56:28,Greed,工事現場w
2021-12-04 20:56:29,4161きんた,同接400草
2021-12-04 20:56:30,aiueo,ガチで草
2021-12-04 20:56:32,giraffe danny,いくら
2021-12-04 20:56:32,紅蝶伽,草
2021-12-04 20:56:33,キサラギ,音だけ聞くと工事現場の近くw
2021-12-04 20:56:39,SYEC,今貼り付けてる側は先日130個貼り付けられた逆襲をしている形
2021-12-04 20:56:41,にゃっき,血の流れを止める縛りはあかん
2021-12-04 20:56:43,Wei Hang,草
2021-12-04 20:56:44,ぽんつよ,こんなな〜おはみる〜
2021-12-04 20:56:45,Greed,高評価ポチ
2021-12-04 20:56:46,giraffe danny,幾つか
2021-12-04 20:56:47,ほんまですよ！？,一緒に沼にはまろう！
2021-12-04 20:56:59,のぶ,同接400おめ
2021-12-04 20:57:06,take take,この倍つけたハミルんは一体・・・
2021-12-04 20:57:07,SYEC,助けなんてこないからねー
2021-12-04 20:57:07,こっこ,言えるうちに高評価と登録を促すVtuberno鑑
2021-12-04 20:57:10,紅蝶伽,慈悲は無い
2021-12-04 20:57:12,しまごん,音の脅威を楽しんでください～ｗｗｗ
2021-12-04 20:57:14,辻峰咲夜,なんちゅう水道(血管)工事ww
2021-12-04 20:57:17,しろ,天井のシミ数えてればすぐ終わるよ
2021-12-04 20:57:20,びゃっこ,ｺﾛｼﾃｗ
2021-12-04 20:57:21,もじゃラッテ,無数のカエルが鳴いてるようにしか聞こえない…
2021-12-04 20:57:21,塩ワサビ,今何個？
2021-12-04 20:57:23,SYEC,メンヘラ感がすごいｗｗ
2021-12-04 20:57:24,Wei Hang,:rolling_on_the_floor_laughing::rolling_on_the_floor_laughing::rolling_on_the_floor_laughing:
2021-12-04 20:57:24,げきちん,ラブラブ？ｗｗｗｗ
2021-12-04 20:57:24,新入社員探偵工藤新壱,ドSハミルン助かる・・・
2021-12-04 20:57:26,ぬー,ハミルンと1対1になることの恐怖…
2021-12-04 20:57:28,雪蛍,ころして…
2021-12-04 20:57:29,vivi,www
2021-12-04 20:57:29,isa,ｗｗ
2021-12-04 20:57:30,炬燵,くっころで草
2021-12-04 20:57:31,ためなみ,ｺﾛｼﾃ……ｺﾛｼﾃ……
2021-12-04 20:57:32,ジョン190,今楽しそうだけど後々に後悔しそう
2021-12-04 20:57:34,辻峰咲夜,これが光のメンヘラの実力か!!
2021-12-04 20:57:36,ステアー,ｼﾃ･･･ｺﾛ･･･ｼﾃ･･････
2021-12-04 20:57:39,ほんまですよ！？,俺らは見守ることしかできないんだ
2021-12-04 20:57:40,カピバラ1号,ｗｗ
2021-12-04 20:57:40,しろ,ｺﾛｼﾃｯ!
2021-12-04 20:57:41,Greed,血管拡張工事草
2021-12-04 20:57:43,ブラァァァ,ゲコゲコゲコ
2021-12-04 20:57:44,もんじ,誰も助けには　コングラチュレーション
2021-12-04 20:57:46,びゃっこ,写真と健康器具はFC特典にしたらどうでしょ
2021-12-04 20:57:51,ZenDo:ゼンド,放置？？？
2021-12-04 20:57:54,take take,ｼﾃ・・・ｺﾛｼﾃ
2021-12-04 20:57:54,giraffe danny,カエル 草草草
2021-12-04 20:57:55,Masa,抱き合ってるの？かわいい
2021-12-04 20:58:06,辻峰咲夜,メンヘラ本家が言うと現実味あんなぁｗｗ
2021-12-04 20:58:20,mmtg03,:frog:
2021-12-04 20:58:24,A.R. M.S.,撃墜数３桁の意地を見せてくれ
2021-12-04 20:58:29,辻峰咲夜,あと何個や？
2021-12-04 20:58:35,げきちん,ちっちｗｗｗ
2021-12-04 20:58:37,SYEC,ななてん自身がピンクロー○ーになるｗ
2021-12-04 20:58:37,西山雅史,この流れは
2021-12-04 20:58:39,vivi,それはしょうがないね
2021-12-04 20:58:39,辻峰咲夜,行ってらっしゃーい
2021-12-04 20:58:39,しろ,遅延行為ww
2021-12-04 20:58:42,SYEC,意地悪すぎるｗｗｗ
2021-12-04 20:58:44,Wei Hang,:woozy_face::woozy_face::woozy_face:
2021-12-04 20:58:44,まーだ,ｗｗｗ
2021-12-04 20:58:44,ブラァァァ,いってらー
2021-12-04 20:58:45,4161きんた,ちっちタイム
2021-12-04 20:58:45,vivi,トイレ優先だわw
2021-12-04 20:58:45,もじゃラッテ,放置プレイする気満々やん
2021-12-04 20:58:49,Ki,備え付けの水飲んでもらってｗ
2021-12-04 20:58:49,KAZU,始まったw
2021-12-04 20:58:51,ぬー,どこかで聞いたような台詞
2021-12-04 20:58:51,Aoi,でたw
2021-12-04 20:58:51,SYEC,生理現象は仕方ないよね
2021-12-04 20:58:52,塩ワサビ,チッチいってらっしゃい
2021-12-04 20:58:52,だいすきにゃんこ,いってら
2021-12-04 20:58:53,take take,お約束きちゃー
2021-12-04 20:58:53,もんじ,ハミルン　ジュース＝お酒　ですか:red_question_mark:
2021-12-04 20:58:54,isa,仕返しｗ
2021-12-04 20:58:56,翠咲耶、みどりさくや,いてらー
2021-12-04 20:58:57,No.396(ミクロ),ハミルン行ってらっしゃーいｗ
2021-12-04 20:59:00,西山雅史,いってらっしゃい、ゆっくりね
2021-12-04 20:59:02,Wei Hang,1919:woozy_face::woozy_face::woozy_face:
2021-12-04 20:59:08,辻峰咲夜,漏れたら大変やしいっといで
2021-12-04 20:59:09,ぽんつよ,ちっちならしょうがないね〜
2021-12-04 20:59:11,take take,飛行機飛んでんのかな
2021-12-04 20:59:11,ブラァァァ,がんばれー
2021-12-04 20:59:19,まーだ,弱ってるななてんムラつく
2021-12-04 20:59:23,翠咲耶、みどりさくや,ゆっくり紅茶のみながらねー
2021-12-04 20:59:29,西山雅史,因果応報
2021-12-04 20:59:33,take take,ななてん、実況しなきゃ
2021-12-04 20:59:41,げきちん,注：特殊な訓練に基づいた配信を行っています。決して配信内容を真似しないで下さい。
2021-12-04 20:59:43,Wei Hang,:woozy_face::woozy_face::woozy_face:
2021-12-04 20:59:45,4161きんた,ホテルやからシャワー浴びてきたら？ww
2021-12-04 20:59:46,ジョン190,ラジコンのヘリコプターみたいな音
2021-12-04 20:59:48,ゼイクス,67個カー、もう結構きたな
2021-12-04 20:59:48,ウルトラアル中マン,思ったよりついてて草
2021-12-04 20:59:49,辻峰咲夜,ハミルんトイレ大丈夫？
2021-12-04 20:59:51,ブラァァァ,あと三個
2021-12-04 20:59:52,狐蛇狼(こたろう),ハミルン本当に70個付いてる？１回数え直したほうが良いんじゃない？
2021-12-04 20:59:52,紅蝶伽,死にかけｗ
2021-12-04 20:59:53,塩ワサビ,お股集中砲火しよう
2021-12-04 20:59:56,若葉ジョー,ｗｗｗ
2021-12-04 20:59:57,ファーザー,w
2021-12-04 20:59:57,翠咲耶、みどりさくや,ｗｗｗまたガチ
2021-12-04 20:59:59,びゃっこ,ガチのせき込み
2021-12-04 20:59:59,Aoi,もうそこまでいったんかw
2021-12-04 21:00:04,しろ,残り2個かー
2021-12-04 21:00:05,SYEC,ちっちの我慢は体に良くないよ
2021-12-04 21:00:07,Bun A,いてらー
2021-12-04 21:00:08,若葉ジョー,とりまトイレ行こう
2021-12-04 21:00:11,翠咲耶、みどりさくや,いっといれぇー
2021-12-04 21:00:12,渡貫,130ってすごかったんだね
2021-12-04 21:00:14,ぬー,2個をどこに着けるのか
2021-12-04 21:00:15,しろ,ハミルん喉乾いてない？
2021-12-04 21:00:17,渡貫,ｗｗｗｗ
2021-12-04 21:00:19,辻峰咲夜,ｗｗｗｗｗ
2021-12-04 21:00:19,Greed,草
2021-12-04 21:00:20,Bun A,部屋にあるトイレいこう
2021-12-04 21:00:21,ブラァァァ,www
2021-12-04 21:00:21,若葉ジョー,トイレでストゼロ・・・・・ちっち！？ｗ
2021-12-04 21:00:22,No.396(ミクロ),あれ？ハミルンティータイムの時間でもあるね？
2021-12-04 21:00:23,ファーザー,w
2021-12-04 21:00:25,ぽんつよ,飲んでくれるwww
2021-12-04 21:00:26,SYEC,飲むｗｗｗｗ
2021-12-04 21:00:27,翠咲耶、みどりさくや,ｗｗｗ
2021-12-04 21:00:28,vivi,ここででたちっち飲みw
2021-12-04 21:00:28,しろ,伏線か!?
2021-12-04 21:00:28,空,！？
2021-12-04 21:00:29,Wei Hang,草
2021-12-04 21:00:34,塩ワサビ,ハミルん空気乾燥してるし水分補給大事にね
2021-12-04 21:00:35,Greed,飲むwww
2021-12-04 21:00:35,ヤーナムの影,ww
2021-12-04 21:00:38,こっこ,草
2021-12-04 21:00:40,紅蝶伽,草
2021-12-04 21:00:43,マロンスマイル,事故にならんように注意・・・
2021-12-04 21:00:44,isa,草
2021-12-04 21:00:45,げきちん,ここでちっち飲みｗｗｗ
2021-12-04 21:00:45,Bun A,いまなら飲んでくれそう
2021-12-04 21:00:46,ウルトラアル中マン,いぅといれ～
2021-12-04 21:00:49,ブラァァァ,いってらー
2021-12-04 21:00:49,Greed,放置www
2021-12-04 21:00:49,辻峰咲夜,草
2021-12-04 21:00:51,aiueo,草
2021-12-04 21:00:52,giraffe danny,草
2021-12-04 21:00:54,SYEC,いってらー
2021-12-04 21:00:55,辻峰咲夜,行ってらっしゃーい
2021-12-04 21:00:56,若葉ジョー,ななみさん生きてるかぁーｗ
2021-12-04 21:00:57,翠咲耶、みどりさくや,ｗｗｗ
2021-12-04 21:01:00,まーだ,ｗｗｗ
2021-12-04 21:01:00,SYEC,ｗｗｗ
2021-12-04 21:01:00,Wei Hang,草
2021-12-04 21:01:02,しろ,いってらー
2021-12-04 21:01:08,しまごん,１個だけつけよう
2021-12-04 21:01:10,ウルトラアル中マン,トイレ優先でしょ
2021-12-04 21:01:10,もじゃラッテ,焦らして焦らして
2021-12-04 21:01:11,紅蝶伽,トイレは大事だよ
2021-12-04 21:01:11,若葉ジョー,焦らし・・・？
2021-12-04 21:01:12,shellbottle1374,しっかり仕返ししていく
2021-12-04 21:01:12,辻峰咲夜,漏れたら大変やいっといで
2021-12-04 21:01:13,Nao,一時間ほどトイレタイム？
2021-12-04 21:01:13,ナカザワン🎰💸,こんななー！音凄くて草
2021-12-04 21:01:14,こっこ,1個だけつけてトイレいく？
2021-12-04 21:01:14,翠咲耶、みどりさくや,付けてからちっちいこかー
2021-12-04 21:01:14,SYEC,ハミルン我慢は体に良くないよ
2021-12-04 21:01:17,びゃっこ,クリティカルなポイントに１個
2021-12-04 21:01:17,aiueo,トイレ行かないと
2021-12-04 21:01:17,げきちん,漏らしたら大変だからトイレに行きましょう
2021-12-04 21:01:18,はませ,せめてもう1個つけていきなよ
2021-12-04 21:01:18,しろ,トイレの我慢は良くないよね？
2021-12-04 21:01:20,若葉ジョー,頬に１個
2021-12-04 21:01:21,Bun A,ラストワンにしよう
2021-12-04 21:01:25,塩ワサビ,丁度69個付けよう
2021-12-04 21:01:26,てふてふ,生理現象は急がないとね
2021-12-04 21:01:29,戯言遣い,1個だけ付けてトイレ行こうね
2021-12-04 21:01:30,紅月玖桜,トイレは我慢したら体に良くないよ！
2021-12-04 21:01:30,No.396(ミクロ),膀胱炎になっちゃうからトイレ優先でw
2021-12-04 21:01:34,狐蛇狼(こたろう),本当に６８個？数え直してみて？
2021-12-04 21:01:37,若葉ジョー,ななみさんの顔にまたがって・・・
2021-12-04 21:01:39,ヤーナムの影,トイレ大事
2021-12-04 21:01:44,戯言遣い,こんななみるー
2021-12-04 21:01:44,Wei Hang,:woozy_face::woozy_face::woozy_face:
2021-12-04 21:01:45,Bun A,そして69耐久へ
2021-12-04 21:01:45,Greed,ゆっくり行ってきてねー(無慈悲)
2021-12-04 21:01:45,もんじ,はみるんもおしがま状態ですか
2021-12-04 21:01:46,ウルトラアル中マン,膀胱我慢するの身体に悪いからね
2021-12-04 21:01:49,辻峰咲夜,ばいばーい
2021-12-04 21:01:49,ウルトラアル中マン,いてら～
2021-12-04 21:01:50,てふてふ,飲んでもらえないならトイレ行くしかないね
2021-12-04 21:01:50,こっこ,またはみー
2021-12-04 21:01:55,giraffe danny,草
2021-12-04 21:01:56,紅蝶伽,1時間後...
2021-12-04 21:01:56,vivi,いてらー
2021-12-04 21:01:57,4161きんた,いってら〜
2021-12-04 21:01:57,げきちん,ﾀｽｹﾃ・・・
2021-12-04 21:01:57,若葉ジョー,ななみさん泣かないで～～～
2021-12-04 21:01:57,SYEC,助けは来ないよー
2021-12-04 21:01:58,A.R. M.S.,喘息大丈夫か
2021-12-04 21:01:58,アキト,地獄だｗ
2021-12-04 21:02:00,Greed,かわいいねえ♡
2021-12-04 21:02:01,ほんまですよ！？,いってらっしゃいー
2021-12-04 21:02:01,ウルトラアル中マン,助けなんて来ないんだよなあ
2021-12-04 21:02:03,Bun A,これでコメント読んでくれたら感動する
2021-12-04 21:02:06,翠咲耶、みどりさくや,ナナミン気持ちいい？？ｗｗ
2021-12-04 21:02:06,ゼイクス,鳴き声かわいい
2021-12-04 21:02:07,しまごん,ななてん元気～ｗｗ
2021-12-04 21:02:07,辻峰咲夜,さてハミルんのTwitter監視するか
2021-12-04 21:02:08,SYEC,ガチ泣きｗｗ
2021-12-04 21:02:09,まーだ,放置プレイｗ
2021-12-04 21:02:09,だいすきにゃんこ,かわいいねぇ
2021-12-04 21:02:09,若葉ジョー,可愛いけど可哀想///
2021-12-04 21:02:13,しろ,大丈夫そ？
2021-12-04 21:02:13,ゼイクス,ななてん、可愛そうかわいい
2021-12-04 21:02:13,Masa,可愛すぎる
2021-12-04 21:02:14,西山雅史,がちなき
2021-12-04 21:02:14,燕飛ぶ,これは地獄w
2021-12-04 21:02:16,ヤーナムの影,可愛い
2021-12-04 21:02:16,戯言遣い,今までに聞いたことない声出てるｗ
2021-12-04 21:02:18,ブラァァァ,かわいいw
2021-12-04 21:02:18,紅蝶伽,慈悲は無い
2021-12-04 21:02:21,isa,ぞくぞく
2021-12-04 21:02:22,はませ,何の涙がでてるんだろｗ
2021-12-04 21:02:22,もんじ,ななてん　気持ちよさそうだ
2021-12-04 21:02:25,Ki,いえーい、ななてん元気ー？
2021-12-04 21:02:25,もじゃラッテ,放置プレイw
2021-12-04 21:02:25,aiueo,えぐいなwｗ
2021-12-04 21:02:26,Greed,助けて助かる
2021-12-04 21:02:26,まーだ,かわいそうはかわいい
2021-12-04 21:02:28,新入社員探偵工藤新壱,詳しい説明を所望
2021-12-04 21:02:28,SYEC,かわいいね～
2021-12-04 21:02:32,Wei Hang,1919:woozy_face:
2021-12-04 21:02:32,ぬー,前回、かなり放置しちゃったからね…
2021-12-04 21:02:33,翠咲耶、みどりさくや,ナナミンがかわいい
2021-12-04 21:02:33,ステアー,今どういう感情？？
2021-12-04 21:02:35,若葉ジョー,ギャップ萌えやめてよ/////
2021-12-04 21:02:36,西山雅史,かわいい
2021-12-04 21:02:36,Greed,かわいい♡
2021-12-04 21:02:36,カピバラ1号,可哀そうなは可愛い
2021-12-04 21:02:38,こっこ,イキリ芸連発するの反省して
2021-12-04 21:02:46,マロンスマイル,大丈夫なんか・・・
2021-12-04 21:02:47,No.396(ミクロ),かわいい
2021-12-04 21:02:47,のぶ,かわいい
2021-12-04 21:02:49,ぽんつよ,かわいい
2021-12-04 21:02:51,辻峰咲夜,誰も助けに来ないってメンヘラが言ってたし来ないでしょうね
2021-12-04 21:02:52,Aoi,隣の部屋に人いたら『なんの音？』ってなってそうw
2021-12-04 21:02:53,若葉ジョー,さてハミルちゃんは何かつぶやいてるかな
2021-12-04 21:02:54,塩ワサビ,ななてんの音声売れる！
2021-12-04 21:02:56,Greed,なでなで
2021-12-04 21:03:01,しろ,ハミルんツイートしやがったww
2021-12-04 21:03:02,KAZU,Twitter来たw
2021-12-04 21:03:07,ウルトラアル中マン,ローター69個つけ拘束されながら放置プレイされるVチューバーいるらしいすよ
2021-12-04 21:03:10,Greed,ツイート草
2021-12-04 21:03:12,てふてふ,何が落ちた？
2021-12-04 21:03:19,ブラァァァ,なんか落ちたね
2021-12-04 21:03:26,紅蝶伽,不正か？
2021-12-04 21:03:33,はばな,ﾀｽｹﾃ
2021-12-04 21:03:42,もじゃラッテ,こんな騒音に近いバイブ音聞いたの初めて
2021-12-04 21:03:49,戯言遣い,ちょっと手が届かないんでむずかしいっすねぇ
2021-12-04 21:03:56,SYEC,動けないの最高すぎるｗｗ
2021-12-04 21:04:01,空,ツイートｗｗｗ
2021-12-04 21:04:01,雪蛍,ﾎﾞｽｹﾃ
2021-12-04 21:04:06,ブラァァァ,タスケテ...タスケテ...
2021-12-04 21:04:10,渡貫,地震きた時がクッソ怖い
2021-12-04 21:04:12,Wei Hang,草
2021-12-04 21:04:23,ウルトラアル中マン,僕らは画面の向こう側で応援する事しかできない…クッ
2021-12-04 21:04:24,つきみ,ふらっときてみたら音すごい
2021-12-04 21:04:28,げきちん,ななてんイキ待ちｗｗｗ
2021-12-04 21:04:34,ためなみ,これで地震来たら笑えないよ
2021-12-04 21:04:38,Greed,イキ待ち草
2021-12-04 21:04:41,A.R. M.S.,Sの波動に目覚めたハミルん
2021-12-04 21:04:46,太刀っぱなし,草
2021-12-04 21:05:01,マロンスマイル,大丈夫なの？？
2021-12-04 21:05:02,太刀っぱなし,工事現場みてぇな音してるｗｗ
2021-12-04 21:05:02,ためなみ,はみちゃんイクの待ってる？
2021-12-04 21:05:04,翠咲耶、みどりさくや,これナナミンいけないのでは？？ｗ
2021-12-04 21:05:15,こっこ,刺激に集中しないと終わらないっぽいぞ
2021-12-04 21:05:16,Wei Hang,気持ちいい？？？
2021-12-04 21:05:18,はませ,逝きそうなのか振動のせいで声震えてるのかわからない
2021-12-04 21:05:22,びゃっこ,ななてんの鳴き声ええな
2021-12-04 21:05:29,塩ワサビ,年末は二人で108個ずつやな
2021-12-04 21:05:29,SYEC,気持ちいいところ探してもらって
2021-12-04 21:05:41,しろ,ななてんかわいい
2021-12-04 21:05:41,おかき屋トム,イキ待ちしてるからイクときはちゃんと申告してね
2021-12-04 21:05:43,Greed,逆にイケなそうw
2021-12-04 21:05:51,まーだ,かわいい
2021-12-04 21:05:59,塩ワサビ,声高くなってきた？
2021-12-04 21:06:03,ウルトラアル中マン,なかないで・・・
2021-12-04 21:06:05,もじゃラッテ,音がドリルとかアスファルトならす機会の音
2021-12-04 21:06:08,犀虎,ｗｗｗ
2021-12-04 21:06:17,はませ,刺激が多すぎて混乱してるのかなｗ
2021-12-04 21:06:18,isa,そろそろ・・・
2021-12-04 21:06:19,Wei Hang,草
2021-12-04 21:06:23,新入社員探偵工藤新壱,ザ・ワールド！時代止まれい！
2021-12-04 21:06:23,太刀っぱなし,動けないてｗ
2021-12-04 21:06:26,めんたい,なにこれダークウェブ？
2021-12-04 21:06:26,げきちん,ろーにゃーチャレンジがセキララの所属試験になったら困る（楽しみ
2021-12-04 21:06:31,こっこ,草
2021-12-04 21:06:31,take take,飛行機のエンジンレベル
2021-12-04 21:06:32,にゃっき,んんんんんんんんんh
2021-12-04 21:06:33,紅蝶伽,草
2021-12-04 21:06:33,ブリキのドーナツ,草
2021-12-04 21:06:33,ためなみ,ろーにゃー70個どこで確保したんだろ……
2021-12-04 21:06:35,狐蛇狼(こたろう),なんて？
2021-12-04 21:06:36,shellbottle1374,地獄やろなあ
2021-12-04 21:06:37,SYEC,草
2021-12-04 21:06:43,燕飛ぶ,草
2021-12-04 21:06:49,SYEC,行けなかったらずっとこのままかな
2021-12-04 21:06:52,塩ワサビ,ジャパニーズ生殺しｗ
2021-12-04 21:06:53,しろ,終わったやんww
2021-12-04 21:06:53,若葉ジョー,今打ちたい台あるー？
2021-12-04 21:07:04,Wei Hang,1919？？？
2021-12-04 21:07:05,take take,快楽地獄
2021-12-04 21:07:05,A.R. M.S.,ヤバいときはちゃんとギブアップ宣言してな
2021-12-04 21:07:08,Greed,具合い悪くなりそうw
2021-12-04 21:07:15,take take,いい声
2021-12-04 21:07:16,のすけ,このまま雑談枠するか
2021-12-04 21:07:17,闇さん,生殺し状態w
2021-12-04 21:07:18,マロンスマイル,時間制限設けないとキツいかも
2021-12-04 21:07:24,てふてふ,とあるVtuberの企画で200個ローターを発注することになりましてね、130個を使った残りなんですよ
2021-12-04 21:07:25,おかき屋トム,当事務所に所属したい？　ろーにゃー200個付けれますかとかになんのかセキララ
2021-12-04 21:07:27,フジノリ,すごいなぁ
2021-12-04 21:07:28,奥多摩,ハミルン手伝ってあげてｗ
2021-12-04 21:07:31,辻峰咲夜,お?
2021-12-04 21:07:32,塩ワサビ,あと7736秒耐えよう
2021-12-04 21:07:35,ウルトラアル中マン,声が生々しくなってきたな
2021-12-04 21:07:37,もじゃラッテ,Youtubeで再生される音じゃねぇよこれ
2021-12-04 21:07:37,ステアー,まぁいつまででも待てる
2021-12-04 21:07:40,カピバラ1号,声可愛いよ
2021-12-04 21:07:41,狐蛇狼(こたろう),ななてん雑談でもしてる？
2021-12-04 21:07:42,take take,雑談タイム
2021-12-04 21:07:50,雪蛍,そろそろ限界来る？
2021-12-04 21:07:52,Greed,良い声♡
2021-12-04 21:07:53,渡貫,機関車みたい
2021-12-04 21:07:54,まひろ,いい声
2021-12-04 21:08:02,燕飛ぶ,Youtubeくん耐えてくれ
2021-12-04 21:08:03,SYEC,可愛いねー
2021-12-04 21:08:04,西山雅史,仕上がってきたか
2021-12-04 21:08:05,てふてふ,今更な事だけどななてんはSなんだろうかMなんだろうか
2021-12-04 21:08:08,ぽんつよ,良い声:smiling_face_with_smiling_eyes:
2021-12-04 21:08:14,Aoi,そろそろクる？
2021-12-04 21:08:18,しろ,お？
2021-12-04 21:08:19,若葉ジョー,おおおおおぉ！？////
2021-12-04 21:08:20,Greed,お？
2021-12-04 21:08:22,まーだ,お？
2021-12-04 21:08:25,SYEC,だめって何ｗｗ
2021-12-04 21:08:26,闇さん,お！
2021-12-04 21:08:28,もじゃラッテ,キタ？
2021-12-04 21:08:28,渡貫,ｗｗ
2021-12-04 21:08:29,Wei Hang,気持ちいい？？？？
2021-12-04 21:08:30,太刀っぱなし,どう？イけそう？
2021-12-04 21:08:32,ゼイクス,だめです
2021-12-04 21:08:32,翠咲耶、みどりさくや,おいったか
2021-12-04 21:08:33,辻峰咲夜,ホントにぃ?
2021-12-04 21:08:33,犀虎,いったてばｗ
2021-12-04 21:08:33,にゃっき,w
2021-12-04 21:08:34,A.R. M.S.,ドクターストップ
2021-12-04 21:08:35,狐蛇狼(こたろう),ほんとに？？
2021-12-04 21:08:36,Bun A,音質神
2021-12-04 21:08:37,ウルトラアル中マン,おかえり～！
2021-12-04 21:08:37,Greed,イッたかー
2021-12-04 21:08:38,塩ワサビ,ハミルんBAN対策で音声別撮りしといて
2021-12-04 21:08:39,こっこ,嬢は演技するからなー
2021-12-04 21:08:40,take take,このまま歌ってみようか
2021-12-04 21:08:41,雪蛍,いっtsかw
2021-12-04 21:08:41,ブラァァァ,まだそうかな？
2021-12-04 21:08:43,はませ,かわいい
2021-12-04 21:08:43,vivi,おっタイミングいいねw
2021-12-04 21:08:44,まひろ,ほんとか？
2021-12-04 21:08:46,にゃっき,吐くんじゃねw
2021-12-04 21:08:46,てふてふ,おかえり
2021-12-04 21:08:48,ぽんつよ,イッたか
2021-12-04 21:08:49,犀虎,いってまうやろー
2021-12-04 21:08:52,闇さん,イッたですか～！
2021-12-04 21:08:52,若葉ジョー,この中に医者の卵はいらっしゃいますか！？
2021-12-04 21:08:53,Greed,よちよち(無慈悲)
2021-12-04 21:08:55,パラジウム,これアーカイブ残る？
2021-12-04 21:08:57,ぽんつよ,ハミルンおかえり〜
2021-12-04 21:08:57,辻峰咲夜,さあ最後の1個を乗せようか？
2021-12-04 21:08:58,カピバラ1号,ｗｗｗ
2021-12-04 21:09:02,はませ,そういえば1個あったｗ
2021-12-04 21:09:03,vivi,あっ！そうだったw
2021-12-04 21:09:06,Greed,おお！
2021-12-04 21:09:06,げきちん,70個やったー
2021-12-04 21:09:08,vivi,おつかれーw
2021-12-04 21:09:10,take take,まだ終わってなかった
2021-12-04 21:09:11,こっこ,おつななー！
2021-12-04 21:09:11,Wei Hang,:clapping_hands::clapping_hands::clapping_hands::clapping_hands::clapping_hands::clapping_hands::clapping_hands:
2021-12-04 21:09:11,alpha_cat,８８８８８８８
2021-12-04 21:09:12,ブラァァァ,おめでとう:party_popper:
2021-12-04 21:09:12,SYEC,７０個おめでとー
2021-12-04 21:09:13,若葉ジョー,88888888888888888（謎の感動
2021-12-04 21:09:13,No.396(ミクロ),:clapping_hands::clapping_hands::clapping_hands::clapping_hands:
2021-12-04 21:09:13,辻峰咲夜,:clapping_hands::clapping_hands::clapping_hands::clapping_hands::clapping_hands::clapping_hands::clapping_hands:
2021-12-04 21:09:15,isa,:clapping_hands:
2021-12-04 21:09:15,くそざこ,声聞いてたら拷問みたいでマジ気分悪くなってきたマジでもうやめてほしい　たのしいのこれ？
2021-12-04 21:09:15,もじゃラッテ,忘れてた
2021-12-04 21:09:17,てふてふ,そういえば69個でとまってましたね
2021-12-04 21:09:17,A.R. M.S.,:clapping_hands::clapping_hands::clapping_hands::clapping_hands::clapping_hands::clapping_hands:
2021-12-04 21:09:18,take take,８８８８８８８８
2021-12-04 21:09:18,びゃっこ,よしよしするの完璧なＳのムープ
2021-12-04 21:09:18,RB,:clapping_hands::clapping_hands::clapping_hands::clapping_hands::clapping_hands::clapping_hands::clapping_hands::clapping_hands:
2021-12-04 21:09:19,しろ,70おめでとー！
2021-12-04 21:09:20,KAZU,お疲れ様でしたー
2021-12-04 21:09:20,4161きんた,:clapping_hands::clapping_hands::clapping_hands::clapping_hands::clapping_hands::clapping_hands::clapping_hands:
2021-12-04 21:09:20,ニャン太郎,88888
2021-12-04 21:09:20,翠咲耶、みどりさくや,:clapping_hands::clapping_hands::clapping_hands::clapping_hands::clapping_hands::clapping_hands:
2021-12-04 21:09:20,vivi,:clapping_hands::clapping_hands::clapping_hands::clapping_hands::clapping_hands:
2021-12-04 21:09:21,狐蛇狼(こたろう),ななてん感想をお願いします
2021-12-04 21:09:22,権兵衛,:clapping_hands::clapping_hands::clapping_hands:
2021-12-04 21:09:23,DeDKebine,:clapping_hands::clapping_hands::clapping_hands::clapping_hands::clapping_hands:
2021-12-04 21:09:23,ぬー,70個お疲れさま～
2021-12-04 21:09:24,JIN JIN,70個おめでとう!
2021-12-04 21:09:25,てふてふ,:clapping_hands::clapping_hands::clapping_hands::clapping_hands:
2021-12-04 21:09:25,Aoi,:clapping_hands::clapping_hands::clapping_hands::clapping_hands::clapping_hands::clapping_hands::clapping_hands::clapping_hands:
2021-12-04 21:09:26,しろ,:clapping_hands::clapping_hands::clapping_hands::clapping_hands::clapping_hands:
2021-12-04 21:09:26,Greed,おめでとう
2021-12-04 21:09:28,ほんまですよ！？,おめでとう:clapping_hands::clapping_hands::clapping_hands:
2021-12-04 21:09:29,KURO730,あと10分
2021-12-04 21:09:30,しまごん,写真撮った？
2021-12-04 21:09:33,とっしーR,おめでとう
2021-12-04 21:09:36,ぽんつよ,:clapping_hands::clapping_hands::clapping_hands::clapping_hands:
2021-12-04 21:09:36,Wei Hang,:clapping_hands::clapping_hands::clapping_hands:
2021-12-04 21:09:38,カピバラ1号,:clapping_hands::clapping_hands:
2021-12-04 21:09:38,闇さん,おめでとうございます！
2021-12-04 21:09:38,まーだ,:clapping_hands::clapping_hands::clapping_hands::clapping_hands::clapping_hands::clapping_hands::clapping_hands::clapping_hands:
2021-12-04 21:09:39,テノールジョセフィーヌ,:clapping_hands:
2021-12-04 21:09:40,Greed,:clapping_hands::clapping_hands::clapping_hands::clapping_hands::clapping_hands:
2021-12-04 21:09:40,塩ワサビ,外しちゃうの？
2021-12-04 21:09:40,ヤーナムの影,:washhands::washhands:
2021-12-04 21:09:41,Jiro Millan,???
2021-12-04 21:09:42,狐蛇狼(こたろう),外す前に記念写真ヲw
2021-12-04 21:09:50,新入社員探偵工藤新壱,感謝
2021-12-04 21:09:53,ゼイクス,:clapping_hands::clapping_hands::clapping_hands::clapping_hands:
2021-12-04 21:09:54,ステアー,検証結果：70個到達前にイく
2021-12-04 21:09:55,辻峰咲夜,70個目はどこですか？
2021-12-04 21:09:55,SYEC,ｗｗｗ
2021-12-04 21:09:55,七つの草,:clapping_hands::clapping_hands::clapping_hands::clapping_hands::clapping_hands::clapping_hands::clapping_hands::clapping_hands:
2021-12-04 21:09:58,Bun A,なんて？
2021-12-04 21:10:00,塩ワサビ,あと60個実はあるんじゃない？
2021-12-04 21:10:00,渡貫,切れんのｗ？
2021-12-04 21:10:01,もんじ,:clapping_hands::clapping_hands::clapping_hands::clapping_hands::clapping_hands::clapping_hands::clapping_hands::clapping_hands:
2021-12-04 21:10:06,Wei Hang,:clapping_hands::clapping_hands::clapping_hands:
2021-12-04 21:10:07,フジノリ,初見ですごいの見たは
2021-12-04 21:10:08,ブラァァァ,:clapping_hands::clapping_hands::clapping_hands::clapping_hands::clapping_hands:
2021-12-04 21:10:17,Bun A,一個ずつなのね
2021-12-04 21:10:23,A.R. M.S.,電源切らないと写真ぶれるからね
2021-12-04 21:10:24,まーだ,470人が見てたよｗ
2021-12-04 21:10:35,take take,誰だよ130個もつけてたVは
2021-12-04 21:10:35,はませ,タイトルにつられてすごいもの見てしまった
2021-12-04 21:10:38,若葉ジョー,同接多っ！！！ｗ
2021-12-04 21:10:39,Greed,初見でいいモノ見られました:smiling_face_with_heart_eyes:
2021-12-04 21:10:39,taro,彼女たちは特殊な訓練を受けています
2021-12-04 21:10:42,渡貫,痒みに耐えてよく頑張った！
2021-12-04 21:10:43,SYEC,ｗｗｗｗ
2021-12-04 21:10:45,げきちん,ｺﾛｼﾃｗｗｗ
2021-12-04 21:10:56,Wei Hang,草
2021-12-04 21:10:57,闇さん,ｺﾛｼﾃ……w
2021-12-04 21:10:58,ウルトラアル中マン,経験者は語る
2021-12-04 21:10:59,てふてふ,ｼﾃ…ｺﾛｼﾃ…
2021-12-04 21:11:04,しろ,こう見ると（聞くと？）130は偉大やな
2021-12-04 21:11:13,戯言遣い,ところでハミルん、一生懸命外そうとしてたら滑って強く押し当てちゃうこともあるよね
2021-12-04 21:11:14,紅蝶伽,同じ耐えし者の共感
2021-12-04 21:11:16,カピバラ1号,:camera_with_flash::camera_with_flash:
2021-12-04 21:11:17,渡貫,まぶしいかな？
2021-12-04 21:11:19,まーだ,初見さん良かったらこれからも推してあげて下さい！
2021-12-04 21:11:19,KURO730,ごちそうさまでした、結構なお点前でした
2021-12-04 21:11:26,辻峰咲夜,:camera_with_flash::camera_with_flash::camera_with_flash::camera_with_flash::camera_with_flash:
2021-12-04 21:11:27,こっこ,初見さんたくさんでありがたい
2021-12-04 21:11:30,Bun A,こうして新たな拷問が生まれた…
2021-12-04 21:11:35,A.R. M.S.,ななてん脳を破壊される
2021-12-04 21:11:36,びゃっこ,なんか戦友みたいになってんね
2021-12-04 21:11:42,RB,アタマがゴミてw
2021-12-04 21:11:43,SYEC,電源切れないは草
2021-12-04 21:11:44,ぽんつよ,:camera_with_flash::camera_with_flash::camera_with_flash::movie_camera:
2021-12-04 21:11:45,take take,ななてん、セスナ乗ってる？
2021-12-04 21:11:53,Ki,おつかれ、ななてん
2021-12-04 21:11:55,辻峰咲夜,テープが邪魔で電源切れないwwwww
2021-12-04 21:12:01,塩ワサビ,テープがじゃまなら仕方ないね
2021-12-04 21:12:02,のすけ,過去配信に130個版もあるからな　初見さんはそれもみてもろて
2021-12-04 21:12:06,はませ,おもちゃで泣いてるってゾクゾクする
2021-12-04 21:12:20,Greed,130は凄いww
2021-12-04 21:12:27,4161きんた,こうして見たら130個ってとんでもない状態やったんやな
2021-12-04 21:12:33,おかき屋トム,やられてみてわけだけど、またやりたい？
2021-12-04 21:12:33,狐蛇狼(こたろう),付いてるやつは光ってるはず？
2021-12-04 21:12:35,Wei Hang,:smiling_face_with_hearts::smiling_face_with_hearts::smiling_face_with_hearts:
2021-12-04 21:12:40,SYEC,ななてんは実はMだったんだなー
2021-12-04 21:12:44,辻峰咲夜,:thumbs_up:
2021-12-04 21:12:53,ウルトラアル中マン,ローター70だの130だのエロイラストでも見たこと無いという
2021-12-04 21:12:53,isa,頑張ったね
2021-12-04 21:12:55,櫛崎ハル,草
2021-12-04 21:12:56,塩ワサビ,:clapping_hands::clapping_hands::clapping_hands:
2021-12-04 21:12:57,こっこ,一皮むけた
2021-12-04 21:13:01,SYEC,草
2021-12-04 21:13:01,take take,ななてんのイイ声が聞けて良かった
2021-12-04 21:13:02,おかき屋トム,はみるんは次いつ？
2021-12-04 21:13:08,vivi,頑張った！
2021-12-04 21:13:09,Wei Hang,草
2021-12-04 21:13:10,Greed,分からせ助かる〜♡
2021-12-04 21:13:16,Iludo　イルド,お疲れさまでした
2021-12-04 21:13:28,櫛崎ハル,ここでローター視聴者プレゼントのお時間！？
2021-12-04 21:13:30,kaGemi,体調崩さないようにね
2021-12-04 21:13:37,翠咲耶、みどりさくや,ナナミンおつかれさま
2021-12-04 21:13:37,A.R. M.S.,逆襲のハミル　東京再上陸編　-完-
2021-12-04 21:13:42,しろ,あっためてもろて
2021-12-04 21:13:44,まーだ,おつかれさま～
2021-12-04 21:13:46,take take,これがセキでもの所属条件になろうとは
2021-12-04 21:13:46,No.396(ミクロ),風邪ひかないようにねw
2021-12-04 21:13:47,はばな,暖かくしてもろて
2021-12-04 21:13:47,KURO730,このままお風呂配信いっといで
2021-12-04 21:13:50,ステアー,お疲れさまでした、ナイスファイトでした
2021-12-04 21:13:50,ゼイクス,ろーたプレゼント待ってます
2021-12-04 21:13:51,しまごん,88888
2021-12-04 21:13:54,はませ,88888
2021-12-04 21:13:54,闇さん,お疲れ様でした～！
2021-12-04 21:13:55,炬燵,おつななー
2021-12-04 21:13:55,もんじ,今夜はここまでか
2021-12-04 21:13:55,Greed,:clapping_hands::clapping_hands::clapping_hands::clapping_hands::clapping_hands::clapping_hands:
2021-12-04 21:13:58,西山雅史,お疲れさまでした
2021-12-04 21:13:58,Aoi,お疲れ様でした〜
2021-12-04 21:13:59,権兵衛,お疲れ様でした～
2021-12-04 21:14:00,しろ,おつななーおつはみるー
2021-12-04 21:14:00,翠咲耶、みどりさくや,:clapping_hands::clapping_hands::clapping_hands::clapping_hands::clapping_hands::clapping_hands:
2021-12-04 21:14:00,こっこ,おつななはみるー
2021-12-04 21:14:00,ためなみ,体ガクガクでキツイでしょ
2021-12-04 21:14:01,Mirror,おつななー
2021-12-04 21:14:02,もんじ,家ーーーい
2021-12-04 21:14:02,vivi,おつななみるー
2021-12-04 21:14:03,ゼイクス,おつなな、おつはみるー
2021-12-04 21:14:03,isa,お疲れ様です
2021-12-04 21:14:04,しまごん,おつなな～おつはみる～
2021-12-04 21:14:04,ヤーナムの影,おつななーおつはみるー
2021-12-04 21:14:04,ブリキのドーナツ,お疲れ様ー
2021-12-04 21:14:04,辻峰咲夜,ゆっくり休んでねー
2021-12-04 21:14:05,ヤマダン,おつななー
2021-12-04 21:14:05,ぬー,二人ともお疲れさま～
2021-12-04 21:14:06,戯言遣い,:clapping_hands::clapping_hands::clapping_hands::clapping_hands:
2021-12-04 21:14:06,take take,わからせ成功
2021-12-04 21:14:06,alpha_cat,おつかれさまー
2021-12-04 21:14:07,みのみに,おつななー！
2021-12-04 21:14:08,No.396(ミクロ),おつなな！＆おつはみる！
2021-12-04 21:14:08,はませ,入ったローターならオークションがいいな
2021-12-04 21:14:09,ぽんつよ,:clapping_hands::clapping_hands::clapping_hands::clapping_hands:
2021-12-04 21:14:09,SYEC,おつななーおつはみるー
2021-12-04 21:14:10,ウルトラアル中マン,おつななはみ～！！！
2021-12-04 21:14:10,翠咲耶、みどりさくや,おつななー
2021-12-04 21:14:10,フジノリ,ナイスファイト:clapping_hands::clapping_hands::clapping_hands::clapping_hands::clapping_hands:
2021-12-04 21:14:11,のすけ,おつなな！おつはみる！
2021-12-04 21:14:12,aiueo,おつかれさま
2021-12-04 21:14:13,鈴木智貴,:clapping_hands::clapping_hands::clapping_hands::clapping_hands::clapping_hands::clapping_hands:
2021-12-04 21:14:13,びゃっこ,おつななー
2021-12-04 21:14:14,塩ワサビ,おつはみる〜
2021-12-04 21:14:14,翠咲耶、みどりさくや,おつはみるー
2021-12-04 21:14:14,A.R. M.S.,おつななみるー
2021-12-04 21:14:15,くろー,おつななー、おつはみるー
2021-12-04 21:14:15,てふてふ,おつななー
2021-12-04 21:14:15,七つの草,お疲れ様でした〜
2021-12-04 21:14:15,ためなみ,おつななー
2021-12-04 21:14:16,辻峰咲夜,おつはみる～おつなな～
2021-12-04 21:14:16,まーだ,おつななはみる～
2021-12-04 21:14:16,ブリキのドーナツ,おつななー
2021-12-04 21:14:17,藤藤,おつななー
2021-12-04 21:14:18,JIN JIN,おつななおつはみる！
2021-12-04 21:14:19,犀虎,おつななー
2021-12-04 21:14:19,alpha_cat,おつななー
2021-12-04 21:14:19,ほんまですよ！？,おつななーおつはみるー
2021-12-04 21:14:19,take take,ふにゃてん
2021-12-04 21:14:20,紅月玖桜,おつななみるー
2021-12-04 21:14:20,카이테•カイテイ,おつななーー
2021-12-04 21:14:20,びゃっこ,おつはみるー
2021-12-04 21:14:21,vivi,:clapping_hands::clapping_hands::clapping_hands::clapping_hands::clapping_hands:
2021-12-04 21:14:21,渡貫,おつなな おつはみる〜
2021-12-04 21:14:22,犀虎,おつはみるー
2021-12-04 21:14:22,西山雅史,おつなな！＆おつはみる！
2021-12-04 21:14:23,フジノリ,お疲れ様でした。
2021-12-04 21:14:23,KAZU,おつななーおつはみるー
2021-12-04 21:14:24,Greed,おつななーおつはみるー
2021-12-04 21:14:25,Wei Hang,:clapping_hands::clapping_hands::clapping_hands:
2021-12-04 21:14:25,タンタン,おつななー
2021-12-04 21:14:26,Ki,おつななはみるー
2021-12-04 21:14:26,左 ゴロウ,おつななー
2021-12-04 21:14:26,No.396(ミクロ),ゆっくりやすんでね！
2021-12-04 21:14:27,ブラァァァ,おつななはみー
2021-12-04 21:14:27,もんじ,おつななはみる
2021-12-04 21:14:27,白熊ZX,:clapping_hands::clapping_hands::clapping_hands::clapping_hands:
2021-12-04 21:14:28,frafran,おつななー
2021-12-04 21:14:28,ぬー,おつななおつはみる～
2021-12-04 21:14:28,のぶ,おつななみる
2021-12-04 21:14:29,take take,おつななおつはみるー
2021-12-04 21:14:29,とっしーR,おつななー
2021-12-04 21:14:30,狐蛇狼(こたろう),おつななーおつはみるー
2021-12-04 21:14:30,櫛崎ハル,おつなな
2021-12-04 21:14:31,4161きんた,おつななー
2021-12-04 21:14:31,カピバラ1号,おつなな～　おつハミル
2021-12-04 21:14:33,黒鉄,お疲れ様でした
2021-12-04 21:14:34,観月[みつき],おつななはみるー
2021-12-04 21:14:35,SYEC,助けてｗｗ
2021-12-04 21:14:35,はませ,閉じるから助けてｗ
2021-12-04 21:14:35,ほんまですよ！？,ばいばーい！
2021-12-04 21:14:36,渡貫,ww
2021-12-04 21:14:36,ぽんつよ,おつなな〜おつはみる〜
2021-12-04 21:14:38,ウルトラアル中マン,事故気をつけて
2021-12-04 21:14:38,まーだ,ｗｗｗ
2021-12-04 21:14:39,とっしーR,おつはみるー
2021-12-04 21:14:39,辻峰咲夜,事故だけはせでね
2021-12-04 21:14:39,A.R. M.S.,カメラ気を付けてな
2021-12-04 21:14:40,4161きんた,おつハミルー
2021-12-04 21:14:41,Aoi,おつなな〜 おつはみる〜
2021-12-04 21:14:42,vivi,事故きをつけてー
2021-12-04 21:14:43,渡貫,あかん
2021-12-04 21:14:46,フジノリ,良く体休めろよ
2021-12-04 21:14:46,vivi,ばいばーい
2021-12-04 21:14:47,Greed,ばいばーい！
2021-12-04 21:14:48,塩ワサビ,延長戦かな
2021-12-04 21:14:49,take take,前の配信も閉じてないよ
2021-12-04 21:14:49,Wei Hang,bye bye
2021-12-04 21:14:51,ウルトラアル中マン,ばい～！
2021-12-04 21:14:53,카이테•カイテイ,ばいばー
2021-12-04 21:14:54,犀虎,しーゆー
2021-12-04 21:14:54,てふてふ,ばいばーい
2021-12-04 21:14:55,isa,ばいばいー
2021-12-04 21:14:57,ブラァァァ,ばっばーい
2021-12-04 21:14:57,しろ,ばいばーい
2021-12-04 21:14:57,空,ばいばーい
2021-12-04 21:14:57,辻峰咲夜,ばいばーい
2021-12-04 21:14:58,aiueo,ばい
2021-12-04 21:14:59,Wei Hang,bye bye :smiling_face_with_hearts::smiling_face_with_hearts::smiling_face_with_hearts:
2021-12-04 21:15:01,翠咲耶、みどりさくや,ばいばいーい
