2021-11-30 18:26:01,4161きんた,APEXから訴えられそうwww
2021-11-30 19:07:09,Ki,怒られろんｗ
2021-11-30 19:08:38,スマイル,よく思いついたと感心しちゃった
2021-11-30 19:42:37,そ ら ち。,タイトルやばいwww
2021-11-30 19:44:51,A.R. M.S.,〇を変えてセーフな単語探したけど思いつかんかったセッ〇ス無理
2021-11-30 19:53:10,こっこ,しごおわするまでのアーカイブ代です。
2021-11-30 19:54:55,辻峰咲夜,待機
2021-11-30 19:55:32,戯言遣い,待機
2021-11-30 19:55:46,ぬー,待機～
2021-11-30 19:56:01,No.396(ミクロ),待機！
2021-11-30 19:57:04,まーだ,待機
2021-11-30 19:57:44,A.R. M.S.,待機
2021-11-30 19:58:29,犀虎,きちゃ
2021-11-30 19:58:38,ナカザワン🎰💸,待機
2021-11-30 19:58:45,No.396(ミクロ),きちゃ！
2021-11-30 19:58:46,辻峰咲夜,きちゃ
2021-11-30 19:58:46,4161きんた,間に合った
2021-11-30 19:58:53,犀虎,こんななー
2021-11-30 19:59:02,one one,きちゃ
2021-11-30 19:59:11,犀虎,今日こそ般若心経apexを期待
2021-11-30 19:59:23,のぶ,きちゃー
2021-11-30 19:59:54,犀虎,Switchのアップデートの音がした
2021-11-30 20:00:09,スマイル,こんなな～
2021-11-30 20:00:19,A.R. M.S.,こんなな～
2021-11-30 20:00:22,Ki,こんななな
2021-11-30 20:00:22,ぬー,こんなな～
2021-11-30 20:00:23,No.396(ミクロ),こんなな！
2021-11-30 20:00:24,のぶ,こんなな〜
2021-11-30 20:00:26,犀虎,こんななー
2021-11-30 20:00:27,まーだ,こんなな～
2021-11-30 20:00:27,びゃっこ,こんななー
2021-11-30 20:00:27,辻峰咲夜,こんななー
2021-11-30 20:00:28,one one,こんななー
2021-11-30 20:00:28,4161きんた,こんななー
2021-11-30 20:00:29,ナカザワン🎰💸,こんななー
2021-11-30 20:00:29,ヤマダン,こんなな～
2021-11-30 20:00:30,犀虎,チース
2021-11-30 20:00:31,みたらしぃ,こんなな〜
2021-11-30 20:00:32,KAZU,こんななー
2021-11-30 20:00:35,CZ4620,こんななー
2021-11-30 20:00:39,Ki,どっかに俺らいるの？
2021-11-30 20:00:41,犀虎,ショート動画見たよー
2021-11-30 20:00:42,ロゼ,成仏
2021-11-30 20:00:44,辻峰咲夜,ななてんが半分にww
2021-11-30 20:00:50,犀虎,コメント見えないw
2021-11-30 20:00:50,カピバラ1号,こんなな～
2021-11-30 20:00:53,00ボックス,こんななー
2021-11-30 20:00:54,犀虎,成仏w
2021-11-30 20:00:56,がみぃ,こんなな〜
2021-11-30 20:01:03,A.R. M.S.,真っ二つ
2021-11-30 20:01:14,びゃっこ,ノイキャンｗ
2021-11-30 20:01:15,犀虎,また髪の話してる・・・
2021-11-30 20:01:16,A.R. M.S.,こんなな～
2021-11-30 20:01:16,まーだ,身体切れてますよｗ
2021-11-30 20:01:18,しまごん,こんなな～
2021-11-30 20:01:23,犀虎,メガネがよー似合う
2021-11-30 20:01:23,戯言遣い,こんななー
2021-11-30 20:01:30,Ki,いたわｗ
2021-11-30 20:01:35,あかつきけい,身体がマミられてる
2021-11-30 20:01:36,青葉響,こんなな〜
2021-11-30 20:01:41,犀虎,コメントの霊圧が戻った
2021-11-30 20:01:54,take take,こんななー
2021-11-30 20:02:04,take take,逆マミられ
2021-11-30 20:02:07,辻峰咲夜,逆マミww
2021-11-30 20:02:09,maH,こんななー
2021-11-30 20:02:20,狐蛇狼(こたろう),こんなな～
2021-11-30 20:02:29,take take,お菓子の魔女に食べられた側が残ってる
2021-11-30 20:02:34,そ ら ち。,逆マミw
2021-11-30 20:02:39,犀虎,ヨシ！:backhand_index_pointing_left:
2021-11-30 20:02:57,Ki,なんか枠があるな
2021-11-30 20:02:58,ロゼ,ななてんの声が小さいかもね
2021-11-30 20:03:11,辻峰咲夜,ナニを？
2021-11-30 20:03:27,No.396(ミクロ),ふぁ！？
2021-11-30 20:03:32,びゃっこ,やべぇな
2021-11-30 20:03:35,そ ら ち。,メモリがヒーヒー言うてるww
2021-11-30 20:03:36,犀虎,メモリ90は草
2021-11-30 20:03:39,take take,CPU負荷が
2021-11-30 20:03:45,ロゼ,そんな変わるかいなw
2021-11-30 20:03:46,犀虎,カックカク
2021-11-30 20:03:46,片手片手,こんなな〜！…サムネ…
2021-11-30 20:03:47,ビビビビビ,ベンチマークということでね
2021-11-30 20:03:49,そ ら ち。,かくついてますね…
2021-11-30 20:03:50,スマイル,これはキツそうですね…
2021-11-30 20:03:52,辻峰咲夜,カックカックやないか！
2021-11-30 20:03:54,あかつきけい,　apex 　４kでもやってるのか
2021-11-30 20:04:01,DTZ,紙芝居w
2021-11-30 20:04:04,No.396(ミクロ),カックカクやないかw
2021-11-30 20:04:09,辻峰咲夜,ラグいラグいww
2021-11-30 20:04:15,ナカザワン🎰💸,やっばwww
2021-11-30 20:04:21,Ki,画面すっごいラグいで
2021-11-30 20:04:32,犀虎,紙芝居ではないけど
2021-11-30 20:04:34,犀虎,カクカク
2021-11-30 20:04:35,そ ら ち。,ボチボチかくついてるなぁ
2021-11-30 20:04:39,take take,そこまででは
2021-11-30 20:04:43,pp p,画質下げたら
2021-11-30 20:04:47,SYEC,FPS10くらいな感覚
2021-11-30 20:04:48,そ ら ち。,めちゃくちゃ酷い訳では無いけど
2021-11-30 20:04:51,Dogi,good luck
2021-11-30 20:05:09,そ ら ち。,色々下げないとダメかぁw
2021-11-30 20:05:13,ビビビビビ,プレイは大丈夫なんだ
2021-11-30 20:05:17,辻峰咲夜,ラグい･･･
2021-11-30 20:05:25,犀虎,うーん
2021-11-30 20:05:26,びゃっこ,ゲーム的に問題なければいいんでは？
2021-11-30 20:05:28,Ki,無視できるレベルではあるけど
2021-11-30 20:05:44,辻峰咲夜,プレーは普通、配信画面がラグいのか
2021-11-30 20:05:47,Ki,振り向きがやばいｗ
2021-11-30 20:06:20,No.396(ミクロ),ななてんのプレイに支障がなければそのままでもいいんでない？
2021-11-30 20:06:31,SYEC,ふにゃTNだった
2021-11-30 20:06:45,ギムレット,こんなな〜
2021-11-30 20:06:45,辻峰咲夜,まあななてんが普通にプレーできればいいんじゃね？
2021-11-30 20:06:48,Dogi,他のVtuberはpngを使ってfpsを上げています。
2021-11-30 20:06:53,そ ら ち。,自分がやる分に大丈夫ならしょうがない
2021-11-30 20:07:00,isa,こんななー
2021-11-30 20:07:25,ジョン,こんなな～
2021-11-30 20:07:26,しゃしゃしゃ,プレイできればいいと思います
2021-11-30 20:07:36,A.R. M.S.,今気づいたメガネ助かる
2021-11-30 20:07:37,そ ら ち。,戦闘はやばそうww
2021-11-30 20:07:45,辻峰咲夜,これはこれで面白い配信になりそうww
2021-11-30 20:07:56,辻峰咲夜,ほう
2021-11-30 20:08:00,Ki,大会！？
2021-11-30 20:08:08,そ ら ち。,やはりかw
2021-11-30 20:08:16,びゃっこ,コラボで出場？
2021-11-30 20:08:18,ナカザワン🎰💸,銃声デカくて声聴こえづらいね
2021-11-30 20:08:19,辻峰咲夜,とりあえずゲーム環境音大きいかな？
2021-11-30 20:08:21,黒っぽい鳥,こんななー
2021-11-30 20:08:25,犀虎,銃声にななてんの声がかき消される問題
2021-11-30 20:08:26,しまごん,年末…CRカップ:exclamation_question_mark:
2021-11-30 20:08:30,ジョン,射撃音デカすぎて聞こえ辛いかも
2021-11-30 20:08:38,SYEC,銃声１０：音声７割くらいの音量かも
2021-11-30 20:08:47,JIN JIN,APEX頑張って下さい!
2021-11-30 20:08:54,黒っぽい鳥,ええ、FPS出来んのななてん…目押しじゃないんだよ…？
2021-11-30 20:09:01,辻峰咲夜,リコイル練習ならR99かCAR使った方がいいんじゃない？
2021-11-30 20:09:10,辻峰咲夜,音はおｋ
2021-11-30 20:09:10,ジョン,でかくなったな・・・
2021-11-30 20:09:11,黒っぽい鳥,急にでかくなったね
2021-11-30 20:09:12,犀虎,おk
2021-11-30 20:09:15,犀虎,いい感じ
2021-11-30 20:09:15,しまごん,良くなった
2021-11-30 20:09:18,カピバラ1号,良い感じです
2021-11-30 20:09:38,Dogi,fps is fine if you can play
2021-11-30 20:09:38,ぬー,音のバランス良くなった
2021-11-30 20:09:39,黒っぽい鳥,てか普段VALORANTしかしないの？
2021-11-30 20:09:47,Ki,ガタ！
2021-11-30 20:09:48,そ ら ち。,参加型…くっ…ww
2021-11-30 20:10:01,ナカザワン🎰💸,野良にブチギレるななてんが見える
2021-11-30 20:10:04,Sally Sally,こんなな　あーなるペックスときいて
2021-11-30 20:10:30,そ ら ち。,神マップ来た
2021-11-30 20:10:52,アインス,こんななー
2021-11-30 20:10:53,JIN JIN,VALは配信しないんですか？
2021-11-30 20:10:55,one one,lolは遊ぶことあるの?
2021-11-30 20:10:58,犀虎,3時間ぐらいですか？
2021-11-30 20:11:00,ウルトラアル中マン,こんなな～
2021-11-30 20:11:09,辻峰咲夜,ななてんが嫌いな某虫が出る新マップ･･･
2021-11-30 20:11:30,犀虎,はーい
2021-11-30 20:11:31,ウルトラアル中マン,眼鏡似合う
2021-11-30 20:11:42,Flied-eggs,パチンコ店の方がうるさそうだけど
2021-11-30 20:11:46,フェレお(フィニッシュ!),こんなな
2021-11-30 20:12:04,そ ら ち。,メガネななてん助かる
2021-11-30 20:12:07,フェレお(フィニッシュ!),メガネしてんの？
2021-11-30 20:12:21,ジョン,トラウマ刺激マップだ
2021-11-30 20:12:35,そ ら ち。,新マップええぞ〜好み分かれるけどw
2021-11-30 20:12:43,戯言遣い,うるささの種類が違う
2021-11-30 20:12:51,犀虎,APEX新マップ評判悪いらしいね
2021-11-30 20:12:58,SYEC,草
2021-11-30 20:13:02,辻峰咲夜,そこ海側に行けば物質多いで
2021-11-30 20:13:03,そ ら ち。,個人的に中距離戦える武器あると戦いやすい
2021-11-30 20:13:10,SYEC,大会でも我慢できないのかｗｗ
2021-11-30 20:13:14,ウルトラアル中マン,女の子クモ苦手だよね。カッコいいのに…
2021-11-30 20:13:14,ジョン,ゲームキャラのクモとかでもダメなの？
2021-11-30 20:13:17,そ ら ち。,蜘蛛すぐ倒せるから大丈夫やでw
2021-11-30 20:13:21,しろ,こんななー
2021-11-30 20:13:23,Ki,あれよく見ると蜘蛛じゃないよ
2021-11-30 20:13:23,黒っぽい鳥,ななてん虫ダメなの？
2021-11-30 20:13:52,びゃっこ,しばらくやり込まないとならんね
2021-11-30 20:13:55,そ ら ち。,動くまえにぶっ〇せぇ！！！
2021-11-30 20:14:05,Flied-eggs,死んでるのは平気なん？
2021-11-30 20:14:06,ウルトラアル中マン,恐怖症ならしゃーない
2021-11-30 20:14:19,黒っぽい鳥,虫よりおっさんの急所の方がずっとキモイからそれに比べたら平気平気
2021-11-30 20:14:23,辻峰咲夜,マップ見れば分かるえ
2021-11-30 20:14:24,Ki,マップに赤いマーク出てるから
2021-11-30 20:14:25,ジョン,結局全部ダメで草
2021-11-30 20:14:26,戯言遣い,VTuber・・・おしらせ・・・こわい・・・；；
2021-11-30 20:14:33,びゃっこ,スパイダーマンがアウトだから相当ヤバい
2021-11-30 20:14:37,そ ら ち。,蜘蛛はね、巣攻撃したら出てくるから、巣撃たなければいい
2021-11-30 20:14:56,そ ら ち。,ななてんはバックパックだった？
2021-11-30 20:14:56,Flied-eggs,プロ荷物持ち
2021-11-30 20:15:17,しろ,キャリー（荷物持ち）
2021-11-30 20:15:18,Bias,このマプ廣すぎだ
2021-11-30 20:15:19,SYEC,スパイダーマンはもう人じゃんｗｗ
2021-11-30 20:15:26,辻峰咲夜,ななてんがバック！？
2021-11-30 20:15:30,ウルトラアル中マン,「鉄十字キラー！スパイダーマッ！」
2021-11-30 20:15:44,そ ら ち。,漁られてなさそうだね
2021-11-30 20:15:44,ジョン,先週家の中に手のひらサイズのクモ出た
2021-11-30 20:15:48,戯言遣い,マ！？ふざけてｽﾊﾟｲﾀﾞｰﾏｯの画像送ってごめんなさい・・・
2021-11-30 20:15:52,Ki,荷物持つならヒューズで投げ物か、ワットソンでアルティメット促進剤だな
2021-11-30 20:15:56,Ki,そこ蜘蛛ゾーン
2021-11-30 20:15:56,黒っぽい鳥,なんか過疎ってるねこの地区
2021-11-30 20:16:14,そ ら ち。,赤いやつが蜘蛛。巣は撃っちゃダメよ
2021-11-30 20:16:19,ジョン,草
2021-11-30 20:16:29,辻峰咲夜,クモとプラウラーの巣が赤く表示されますね
2021-11-30 20:16:33,SYEC,思ったより致命的過ぎて草
2021-11-30 20:16:35,Ki,赤いのプラウラーの場合もあるけどな
2021-11-30 20:16:37,そ ら ち。,部隊の減りはえーw
2021-11-30 20:16:42,ジョン,腕とか以前の問題で草
2021-11-30 20:16:53,そ ら ち。,トリプルテイク出現率低めに設定されてると思う
2021-11-30 20:16:57,辻峰咲夜,圧倒的ハボック草
2021-11-30 20:17:05,若葉ジョー,今来た！こん７～～
2021-11-30 20:17:04,Bias,目をつぶってしながら走る
2021-11-30 20:17:12,Ki,カジュアルじゃなくってこれランク何かｗ
2021-11-30 20:17:17,そ ら ち。,通るだけなら出てこない
2021-11-30 20:17:21,黒っぽい鳥,撃たなきゃ大丈夫でしょ
2021-11-30 20:17:21,SYEC,卵潰さなければNPNP
2021-11-30 20:17:30,ジョン,草
2021-11-30 20:17:32,しろ,てか眼鏡かわい
2021-11-30 20:17:33,黒っぽい鳥,来ない来ない
2021-11-30 20:17:34,そ ら ち。,大丈夫、下だから
2021-11-30 20:17:35,ウルトラアル中マン,目隠し縛りプレイと聞いて
2021-11-30 20:17:38,Ki,そこの下だから上は平気だぞ
2021-11-30 20:17:46,SYEC,ｗｗｗｗ
2021-11-30 20:17:47,そ ら ち。,かわいいかよww
2021-11-30 20:17:49,辻峰咲夜,ｗｗｗ
2021-11-30 20:17:54,ナカザワン🎰💸,味方だけみて走ろう
2021-11-30 20:17:55,Dogi,let's shoot
2021-11-30 20:17:57,カピバラ1号,かわいい
2021-11-30 20:18:03,黒っぽい鳥,大丈夫大丈夫
2021-11-30 20:18:08,Flied-eggs,アイテム拾ってフリして仲間に任せよう
2021-11-30 20:18:10,No.396(ミクロ),倒せる倒せない関係なくクモがダメだからきついね...
2021-11-30 20:18:13,ウルトラアル中マン,Windows君迫真の通知音
2021-11-30 20:18:14,辻峰咲夜,PC「ピロリン」ｗｗ
2021-11-30 20:18:14,戯言遣い,かつてないレベルでテンパってるななてん
2021-11-30 20:18:15,びゃっこ,下手なホラゲーより悲鳴がｗ
2021-11-30 20:18:15,SYEC,まじで何も見ずに走ってて草
2021-11-30 20:18:18,そ ら ち。,あかんかわいい
2021-11-30 20:18:18,まーだ,かわいい
2021-11-30 20:18:19,one one,かわいいな
2021-11-30 20:18:20,黒っぽい鳥,もう大丈夫
2021-11-30 20:18:25,ぬー,ななてんには悪いけど、かわいいｗ
2021-11-30 20:18:31,Ki,この画面凝ってるけどなくそうぜ？ｗ
2021-11-30 20:18:32,ジョン,大会にこのステージ出たら終わりで草
2021-11-30 20:18:37,黒っぽい鳥,かわいいとこあんじゃん？？？
2021-11-30 20:18:42,戯言遣い,グーグルの通知音でしょｗ
2021-11-30 20:18:49,Bias,打たなきゃ出ないよ
2021-11-30 20:18:54,がみぃ,もう大丈夫w
2021-11-30 20:19:00,ウルトラアル中マン,全部クモのせい草。タスクマネージャー見てもろて
2021-11-30 20:19:00,Bias,たぶん
2021-11-30 20:19:00,SYEC,ｗｗｗｗ
2021-11-30 20:19:17,4161きんた,ある意味致命的
2021-11-30 20:19:17,ジョン,草
2021-11-30 20:19:19,辻峰咲夜,これボイチャ繋がってるから野良に丸聞こやんww
2021-11-30 20:19:35,Flied-eggs,オレンジジュースおいしい
2021-11-30 20:19:38,SYEC,ヴァロに逃げそうになってるの草
2021-11-30 20:19:39,びゃっこ,さらに重くしていくｗ
2021-11-30 20:19:59,Ki,ほぼないですね
2021-11-30 20:20:00,黒っぽい鳥,無いよ大丈夫
2021-11-30 20:20:01,渡貫,ないよ基本的には
2021-11-30 20:20:05,辻峰咲夜,トリテトリテ！
2021-11-30 20:20:06,そ ら ち。,蜘蛛はホンマに巣撃たんかったらええ
2021-11-30 20:20:13,おむねる,カックカクですね
2021-11-30 20:20:13,辻峰咲夜,さっきトリテあった
2021-11-30 20:20:14,渡貫,ｗｗ
2021-11-30 20:20:21,ジョン,ADHD特有のメモリパンパンになるまでタスク開くやつ
2021-11-30 20:20:27,isa,重いねぇ
2021-11-30 20:20:29,黒っぽい鳥,なんでこんなに重いんだろ
2021-11-30 20:20:30,しまごん,できたもんじゃないねｗｗｗ
2021-11-30 20:20:33,ウルトラアル中マン,PCん中のホコリ飛ばすだけでも大分違うで
2021-11-30 20:20:36,そ ら ち。,おおーかくかくだ
2021-11-30 20:20:43,Ki,敵にから見たらラグいわこのボケって言われる奴
2021-11-30 20:20:43,渡貫,ｗｗ
2021-11-30 20:20:43,しろ,ダメだぁ...
2021-11-30 20:20:49,しまごん,ｗｗｗ
2021-11-30 20:20:49,田中ボルケーノ,ビデオ設定下げた？
2021-11-30 20:20:51,SYEC,ﾁｭｯ
2021-11-30 20:20:53,渡貫,ノートパソコンのがましかもしれん
2021-11-30 20:20:57,がみぃ,カクカクだぁ…
2021-11-30 20:20:59,そ ら ち。,トリテにやられたwwww
2021-11-30 20:20:59,辻峰咲夜,舌打ち頂きました
2021-11-30 20:21:01,No.396(ミクロ),オンラインゲームでいちばんきついやつwww
2021-11-30 20:21:04,まーだ,舌打ち助かる
2021-11-30 20:21:06,ナカザワン🎰💸,PC吹っ飛ぶ
2021-11-30 20:21:08,カピバラ1号,投げキス助かる
2021-11-30 20:21:10,ジョン,PCのスペック足りてなかったっけ
2021-11-30 20:21:15,ウルトラアル中マン,同業者くさ
2021-11-30 20:21:19,田中ボルケーノ,解像度と品質下げたらだいぶ軽くなると思うけど…
2021-11-30 20:21:26,SYEC,えっぐｗｗ
2021-11-30 20:21:37,Ki,ななてん…装飾消そう？ｗ
2021-11-30 20:21:50,Bias,顔がおもいかも
2021-11-30 20:21:52,渡貫,コンパス消すか
2021-11-30 20:21:54,おむねる,回線ななてんw
2021-11-30 20:21:55,pp p,PCスペック足りてない説
2021-11-30 20:21:59,Bias,カメラのほう
2021-11-30 20:22:06,SYEC,メモリ瀕死で草
2021-11-30 20:22:08,Ki,ななてんも消そう？ｗ
2021-11-30 20:22:11,isa,ｗｗ
2021-11-30 20:22:13,Flied-eggs,92
2021-11-30 20:22:15,しろ,www
2021-11-30 20:22:22,辻峰咲夜,装飾消そう
2021-11-30 20:22:22,ウルトラアル中マン,メモリーなら保存データ溜め込んだりしてない？
2021-11-30 20:22:31,しまごん,前の時は問題なかったね
2021-11-30 20:22:36,戯言遣い,やばｗ
2021-11-30 20:22:39,びゃっこ,サラコラボの時は全然普通に見えたけど
2021-11-30 20:22:43,pp p,グラボとかのドライバー更新してないとか？
2021-11-30 20:22:50,田中ボルケーノ,解像度も下げない？
2021-11-30 20:22:54,Dogi,pc is doing its best
2021-11-30 20:22:59,ウルトラアル中マン,おっカク付きマシになった
2021-11-30 20:23:05,辻峰咲夜,ww
2021-11-30 20:23:08,キクラゲしいたけ,生初見です　タイトルがあまりにも最低すぎてきました　
2021-11-30 20:23:11,齋藤keep it real,こんばんはー
2021-11-30 20:23:12,Ki,APEXそんな食べるっけｗ
2021-11-30 20:23:12,ウルトラアル中マン,単にスぺ足りてない可能性
2021-11-30 20:23:17,ジョン,雑談
2021-11-30 20:23:27,かわさんさん,グラボじやないの？
2021-11-30 20:23:30,若葉ジョー,ざ　つ　だ　ん　？
2021-11-30 20:23:30,辻峰咲夜,「笑えばいいと思うよ」
2021-11-30 20:23:30,そ ら ち。,この前問題なかったのになんでだろう？
2021-11-30 20:23:32,SYEC,草
2021-11-30 20:23:40,渡貫,サラちゃんとやってたときとか参加型の時はそんなことなかったもんね
2021-11-30 20:24:01,Ki,メモリどっかちんだんじゃないか？
2021-11-30 20:24:04,ジョン,出来なかったら永久に雑談配信するしかない
2021-11-30 20:24:09,Flied-eggs,エペ配信じゃなくても良いよ
2021-11-30 20:24:15,こてんげいん,PC君が悲鳴あげてる
2021-11-30 20:24:27,渡貫,最悪参加型にすれば迷惑は掛かんないっしょ
2021-11-30 20:24:29,田中ボルケーノ,度重なるアプデにななてんのpc敗北…
2021-11-30 20:24:36,渡貫,ｗｗ
2021-11-30 20:24:42,ウルトラアル中マン,さっきよりはカク付いてない
2021-11-30 20:24:44,かわさんさん,パチンコでかって資金をつくろう
2021-11-30 20:24:56,辻峰咲夜,モザンビークひあ！
2021-11-30 20:25:04,渡貫,冷静
2021-11-30 20:25:07,SYEC,結構軽くなったやん
2021-11-30 20:25:16,渡貫,つよい
2021-11-30 20:25:18,SYEC,つんよｗｗ
2021-11-30 20:25:18,辻峰咲夜,全滅したｗｗ
2021-11-30 20:25:30,辻峰咲夜,ジブさんパネェｗｗ
2021-11-30 20:25:32,おむねる,仲間つよっ
2021-11-30 20:25:37,そ ら ち。,あのジブ縦ハン持ってたw
2021-11-30 20:25:38,がみぃ,さすジブ
2021-11-30 20:25:40,しろ,味方神か？
2021-11-30 20:25:43,しまごん,チャンピオン耐久配信見返してきたけど普通に見れたね
2021-11-30 20:25:44,SYEC,スキャンのおかげよ、きっと
2021-11-30 20:25:45,渡貫,痩せそう
2021-11-30 20:26:08,そ ら ち。,タボチャ奇跡的に落ちてないか？ww
2021-11-30 20:26:10,Ki,ハボック近距離強いよきっと
2021-11-30 20:26:57,辻峰咲夜,ブックマーケットから武器漁れば？
2021-11-30 20:27:16,辻峰咲夜,フェニキ3本目ｗｗ
2021-11-30 20:27:20,そ ら ち。,ピーキーもう一生使わん
2021-11-30 20:27:25,渡貫,大丈夫か！
2021-11-30 20:27:29,Flied-eggs,手裏剣は草
2021-11-30 20:27:33,渡貫,つええ
2021-11-30 20:27:34,しまごん,ｗｗｗ
2021-11-30 20:27:36,がみぃ,味方つえ
2021-11-30 20:27:37,辻峰咲夜,ジブ強ぇ
2021-11-30 20:27:38,SYEC,味方ゲーで草
2021-11-30 20:27:38,そ ら ち。,圧倒的にフェニキwwwwww
2021-11-30 20:27:41,Ki,弱ってるななてん可愛いわｗ
2021-11-30 20:27:46,No.396(ミクロ),味方が強すぎるw
2021-11-30 20:27:47,びゃっこ,味方強い
2021-11-30 20:27:48,そ ら ち。,ぜってぇサブ垢だろww
2021-11-30 20:28:40,SYEC,まだ写ってもいない蜘蛛のプレッシャえぐｗｗ
2021-11-30 20:28:42,そ ら ち。,蜘蛛は手出さんかったらええからほんまに大丈夫
2021-11-30 20:28:42,Ki,そこのそばも蜘蛛がいるな
2021-11-30 20:29:03,Dogi,spider?
2021-11-30 20:29:07,ジョン,草
2021-11-30 20:29:17,辻峰咲夜,かわいいww
2021-11-30 20:29:25,Ki,っていうかいったんソロで蜘蛛の場所いったほうがいい気もするなｗ
2021-11-30 20:29:30,そ ら ち。,巣を撃たない限り出てこない
2021-11-30 20:29:31,ジョン,だんだん「まんじゅうこわい」みたいに見えてきた
2021-11-30 20:29:35,辻峰咲夜,卵撃たなきゃ出てこないのよ
2021-11-30 20:29:35,渡貫,こんなカクついてたらクモ認識できないんじゃないか
2021-11-30 20:29:35,SYEC,クモの卵を撃って割らないと出てこない
2021-11-30 20:29:39,いかついゴリボウ,巣壊さなかったら大丈夫
2021-11-30 20:29:39,しろ,そもそも巣？から出てこないよ
2021-11-30 20:29:43,Ki,巣を撃たないからぎりでてこない
2021-11-30 20:29:43,そ ら ち。,巣を撃ったら飛び出てくる
2021-11-30 20:29:54,おむねる,仕事中なのでまた後で見まーす ななてん頑張って〜応援はしてるぅ〜:raising_hands:
2021-11-30 20:30:08,いかついゴリボウ,やるぞ
2021-11-30 20:30:10,そ ら ち。,トリテ出現率低いんよ多分…
2021-11-30 20:30:26,SYEC,ｗｗｗｗ
2021-11-30 20:30:26,そ ら ち。,スルーしてる
2021-11-30 20:30:27,渡貫,二人いたら十分だから待ってれば？
2021-11-30 20:30:28,DTZ,草
2021-11-30 20:30:36,辻峰咲夜,出るときゃ出る
2021-11-30 20:30:38,Ki,多分はぐれるぞｗ
2021-11-30 20:30:42,ジョン,草
2021-11-30 20:30:45,雪蛍,ビビり散らして弱々ななてんめっちゃ可愛いw
2021-11-30 20:30:51,ウルトラアル中マン,クモゾーン重いあるかも
2021-11-30 20:30:56,渡貫,やっべえ
2021-11-30 20:30:56,しろ,敵は自然かw
2021-11-30 20:31:21,そ ら ち。,かくかくだやべぇw
2021-11-30 20:31:35,Ki,ななてんなんで大会受けちゃったんだｗ
2021-11-30 20:31:36,そ ら ち。,くっさ
2021-11-30 20:31:58,渡貫,ｗｗ
2021-11-30 20:31:58,そ ら ち。,別おる！
2021-11-30 20:31:59,辻峰咲夜,敵6ｗｗ
2021-11-30 20:32:00,Ki,6体おるやんｗ
2021-11-30 20:32:08,あかりん,こんばんはかくかくｗ
2021-11-30 20:32:09,SYEC,草
2021-11-30 20:32:10,がみぃ,別おるぅ
2021-11-30 20:32:23,そ ら ち。,よぉ！こっちはカクカクだ！
2021-11-30 20:32:43,そ ら ち。,モザンビークwwwwww
2021-11-30 20:32:53,しまごん,迷惑すぎwww
2021-11-30 20:32:57,辻峰咲夜,安置外ww
2021-11-30 20:33:06,Ki,後ろｗ
2021-11-30 20:33:15,ウルトラアル中マン,ｇｇ
2021-11-30 20:33:16,入巣京子,出遅れた
2021-11-30 20:33:18,そ ら ち。,GG
2021-11-30 20:33:21,Dogi,gg
2021-11-30 20:33:21,雪蛍,ななてん介護チーム組まないとw
2021-11-30 20:33:22,Ki,草
2021-11-30 20:33:24,しまごん,えぇ…
2021-11-30 20:33:25,ウルトラアル中マン,草
2021-11-30 20:33:27,SYEC,草
2021-11-30 20:33:27,がみぃ,gg
2021-11-30 20:33:29,せとぎわ,草
2021-11-30 20:33:29,DTZ,致命的すぎるw
2021-11-30 20:33:30,そ ら ち。,イヤホン逆wwwwwww
2021-11-30 20:33:31,しろ,ww
2021-11-30 20:33:32,まーだ,ポンｗ
2021-11-30 20:33:35,雪蛍,草
2021-11-30 20:33:38,がみぃ,まさかのw
2021-11-30 20:33:39,渡貫,だからやけに左警戒してたのか
2021-11-30 20:33:39,闇さん,草
2021-11-30 20:33:43,No.396(ミクロ),ありゃwww
2021-11-30 20:33:43,Dogi,vs kumo
2021-11-30 20:33:44,カビふきん,やばいミスで草
2021-11-30 20:33:49,そ ら ち。,今日のななてん可愛いぞいいぞww
2021-11-30 20:33:51,戯言遣い,そらおかしくなるわｗｗｗ
2021-11-30 20:33:51,辻峰咲夜,ミラージュはイイゾー
2021-11-30 20:33:53,あかりん,ｗ
2021-11-30 20:34:31,雪蛍,頑張るしかないです
2021-11-30 20:34:36,戯言遣い,初戦で気付いてｗｗｗ
2021-11-30 20:34:44,Ki,そういうもんじゃないどん
2021-11-30 20:34:45,辻峰咲夜,ライフライン「ええぇ･･･」
2021-11-30 20:34:46,しろ,パスかヴァルキリーで蜘蛛ゾーン飛ぶしかないんか？
2021-11-30 20:34:49,one one,草
2021-11-30 20:34:48,そ ら ち。,100万回生きたななてん
2021-11-30 20:34:58,ウルトラアル中マン,急な童貞弄り
2021-11-30 20:34:59,渡貫,クモ狩り中は敵警戒してればいいんじゃない？
2021-11-30 20:35:01,そ ら ち。,コースティック『は？』
2021-11-30 20:35:08,そ ら ち。,ダブハン爪痕wwwwwwwwwww
2021-11-30 20:35:09,辻峰咲夜,何故にダブ爪おるん？
2021-11-30 20:35:12,がみぃ,ブロ2でダブハン爪痕えぐ()
2021-11-30 20:35:12,黒っぽい鳥,童貞で何が悪い！！
2021-11-30 20:35:26,あかりん,ゲーム画面はぬるぬるなの？
2021-11-30 20:35:31,そ ら ち。,復帰勢とかサブ垢だらけだなぁ
2021-11-30 20:35:33,戯言遣い,ななてん、ガスおじのＤＴもらってあげる？
2021-11-30 20:35:43,辻峰咲夜,トリテきちゃーーーー
2021-11-30 20:35:45,そ ら ち。,トリテきたw
2021-11-30 20:35:57,雪蛍,ななてんに貰ってもらうためにとってあんねん…
2021-11-30 20:35:57,辻峰咲夜,ww
2021-11-30 20:35:58,ウルトラアル中マン,重い童貞？(難聴)
2021-11-30 20:36:17,渡貫,あかん死ぬ
2021-11-30 20:36:18,辻峰咲夜,ああ敵絶対アーマー強い
2021-11-30 20:36:23,そ ら ち。,場所キツいねぇ
2021-11-30 20:37:05,辻峰咲夜,ないすぅ
2021-11-30 20:37:06,SYEC,完璧なガスで草
2021-11-30 20:37:06,DTZ,孔明
2021-11-30 20:37:07,渡貫,おっしゃｗｗ
2021-11-30 20:37:10,そ ら ち。,ないすぅ！
2021-11-30 20:37:12,闇さん,ナイス～
2021-11-30 20:37:14,しろ,ないす！
2021-11-30 20:37:15,びゃっこ,ナイス
2021-11-30 20:37:19,そ ら ち。,ああw
2021-11-30 20:37:28,がみぃ,ないすぅ
2021-11-30 20:37:28,辻峰咲夜,ジャンパ吹っ飛んだｗｗ
2021-11-30 20:37:45,辻峰咲夜,回復ねぇＷＷ
2021-11-30 20:37:51,ウルトラアル中マン,ｇｇ
2021-11-30 20:37:55,雪蛍,ダメやったw
2021-11-30 20:38:02,がみぃ,GG
2021-11-30 20:38:05,そ ら ち。,ワンダウン取れたのにな、惜しい
2021-11-30 20:38:23,雪蛍,ななてん重いのか…
2021-11-30 20:38:36,渡貫,十分のはずだけどね…
2021-11-30 20:38:40,辻峰咲夜,gg
2021-11-30 20:38:41,渡貫,ｗｗ
2021-11-30 20:38:41,SYEC,なっつｗｗ
2021-11-30 20:38:52,SYEC,ここまで下げられるのかｗ
2021-11-30 20:38:55,しろ,のっぺりしとるww
2021-11-30 20:38:58,カピバラ1号,ｗｗ
2021-11-30 20:38:58,入巣京子,AVAなつい
2021-11-30 20:39:01,辻峰咲夜,ポリゴンペックス
2021-11-30 20:39:04,ウルトラアル中マン,オブジェクトの影とか無効化できるのかなエペって
2021-11-30 20:39:05,雪蛍,こんな弱々グラのエーペックス初めて見たわw
2021-11-30 20:39:12,そ ら ち。,結構下がるんだねw
2021-11-30 20:39:17,戯言遣い,服装のグラがやばいｗｗｗ
2021-11-30 20:39:53,渡貫,1650でこれなんか…
2021-11-30 20:40:06,戯言遣い,β版かな？
2021-11-30 20:40:09,ウルトラアル中マン,RTX２０８０ti配信には良いらしいすよ
2021-11-30 20:40:10,びゃっこ,RTX欲しいね
2021-11-30 20:40:20,そーたん,設定下げれば出来そうだけどね
2021-11-30 20:40:23,辻峰咲夜,モバイルエペかな？
2021-11-30 20:40:29,そ ら ち。,お、味方古参だw
2021-11-30 20:40:29,びゃっこ,メモリーは？
2021-11-30 20:40:30,渡貫,配信やっぱきついのかなあ
2021-11-30 20:40:39,戯言遣い,メモリ増設しよ？ｗ
2021-11-30 20:40:42,雪蛍,3070買ったから金ないんよ。ごめんね
2021-11-30 20:40:47,Ki,今グラボ高いから…
2021-11-30 20:40:48,辻峰咲夜,また被っとる
2021-11-30 20:40:59,がみぃ,グラボ高いんよなぁ…
2021-11-30 20:40:59,びゃっこ,配信するならメモリ増やした方がいい
2021-11-30 20:41:04,そーたん,スリッパ買ったのでお金が
2021-11-30 20:41:09,戯言遣い,ガッツリ要求上がってるじゃねえかｗ
2021-11-30 20:41:12,ウルトラアル中マン,今だと多分30万ちょいくらいしそうそのコーデ
2021-11-30 20:41:24,Bias,メモリはどう？
2021-11-30 20:41:49,雪蛍,エーペックスやる間だけ俺のPC貸してあげたいわw
2021-11-30 20:41:49,びゃっこ,グラボのみ買って交換した方が安い
2021-11-30 20:41:55,がみぃ,シンプル暴言w
2021-11-30 20:41:56,渡貫,BTO送ってもらうのが現実的かなあ
2021-11-30 20:41:58,ウルトラアル中マン,ｇｇ
2021-11-30 20:42:19,辻峰咲夜,ｗｗ
2021-11-30 20:42:38,びゃっこ,配信者としては１６は少なすぎる
2021-11-30 20:42:51,SYEC,互換性あれば壊れたPCからメモリぶっこ抜きわんちゃん
2021-11-30 20:42:56,戯言遣い,そっちからメモリ抜いて来れないの？
2021-11-30 20:42:58,雪蛍,ユニコーンで30万稼ぐしかないよなあ
2021-11-30 20:43:04,入巣京子,誕生日に運営からもらおう
2021-11-30 20:43:04,ウルトラアル中マン,グラボ替えると今度電源周りも変えんと
2021-11-30 20:43:20,渡貫,1650だったし電源も必要になるよな
2021-11-30 20:43:37,入巣京子,ユニコーンは無理でしょ
2021-11-30 20:44:15,渡貫,寿命伸びるしね
2021-11-30 20:44:28,戯言遣い,:unicorn:は経験人数に比例して出にくくなるから・・・ｗ
2021-11-30 20:44:43,雪蛍,電源はとりあえず600あれば最低限どうにかできる。それよりはCPUとグラボに金使いたい
2021-11-30 20:44:44,Ki,モザビは強いよ
2021-11-30 20:44:52,渡貫,より取り見取りだあ
2021-11-30 20:45:01,SYEC,電源の安定性大事よね
2021-11-30 20:45:11,辻峰咲夜,今EVA8よりモザンの方が強いえ
2021-11-30 20:45:13,ウルトラアル中マン,ななてんPC機器知ってそうだしパーツあれば自分で何とかできそうね
2021-11-30 20:45:15,ジョン,モザンビーク最強！モザンビーク最強！
2021-11-30 20:45:20,そーたん,システムの安定には上質の電源も必要だからねぇ
2021-11-30 20:45:31,そ ら ち。,モザンビークは強い(棒)
2021-11-30 20:45:40,渡貫,いやあり得る
2021-11-30 20:45:41,そ ら ち。,まぁでもモザン持つなら…他の持つよな…
2021-11-30 20:45:44,雪蛍,どうも石油王デース
2021-11-30 20:45:47,しろ,それなんて漫画？
2021-11-30 20:45:56,入巣京子,石油王のパチンカスかぁ
2021-11-30 20:46:25,びゃっこ,普通のプレイで問題ないならメモリじゃない？
2021-11-30 20:46:26,Ki,石油王は多分ななてんのあれにドン引きすると思う
2021-11-30 20:46:37,渡貫,筐体いっぱいありそう
2021-11-30 20:47:22,びゃっこ,P石油王
2021-11-30 20:47:34,辻峰咲夜,巣撃たなきゃ出ないって
2021-11-30 20:47:47,渡貫,石油の色が白だと望み薄とか
2021-11-30 20:47:48,黒っぽい鳥,石パチ専門店
2021-11-30 20:47:52,SYEC,こわｗｗ
2021-11-30 20:47:54,DTZ,それはそれで
2021-11-30 20:47:57,Ki,逆に怖い
2021-11-30 20:48:02,辻峰咲夜,別意味で怖ぇわｗｗ
2021-11-30 20:48:10,ウルトラアル中マン,2000年代のフリーゲームかな？
2021-11-30 20:48:14,雪蛍,かみかみ
2021-11-30 20:48:19,そ ら ち。,怖い怖いw.
2021-11-30 20:48:22,渡貫,ここでれないんよ
2021-11-30 20:48:36,びゃっこ,カービィ型にテクスチャ変えられないかなぁ
2021-11-30 20:49:16,雪蛍,ここまでの弱々でプレイすること想定してなかった可能性
2021-11-30 20:49:20,そーたん,増設したから余ってるBTOに刺さってたメモリあるけど要る？　8G1枚しかないけど
2021-11-30 20:49:20,渡貫,空見ると少しは落ち着くと思う
2021-11-30 20:49:30,ウルトラアル中マン,任天堂法務部激怒不可避
2021-11-30 20:49:43,No.396(ミクロ),地形がのっぺりしてるw
2021-11-30 20:50:01,SYEC,同じメモリ２枚買い足すくらいなら１万かからんしパチ我慢して買お
2021-11-30 20:50:44,渡貫,メモリ16が上限なの？
2021-11-30 20:50:51,Ki,普通に遅番の可能性
2021-11-30 20:51:06,雪蛍,DDR3でよければ32G分くらいあるけど送ろうか？
2021-11-30 20:51:20,しろ,ほう
2021-11-30 20:51:25,渡貫,はい
2021-11-30 20:51:33,渡貫,ああ…
2021-11-30 20:51:44,黒っぽい鳥,クリエイターです、で良くない？
2021-11-30 20:51:47,しろ,ww
2021-11-30 20:51:49,ナカザワン🎰💸,草
2021-11-30 20:51:51,辻峰咲夜,ｗｗｗ
2021-11-30 20:51:53,犀虎,www
2021-11-30 20:51:54,ウルトラアル中マン,接客業言うとけ
2021-11-30 20:51:55,まーだ,ｗ
2021-11-30 20:51:56,SYEC,草
2021-11-30 20:51:56,スマイル,かなしいなぁ
2021-11-30 20:51:56,雪蛍,無職継続中だったかあw
2021-11-30 20:51:58,るみなん,自営業じゃだめなのか・・・
2021-11-30 20:52:06,Bias,パチンコ言えばいいのにｗｗ
2021-11-30 20:52:07,DTZ,虚無
2021-11-30 20:52:09,そ ら ち。,www
2021-11-30 20:52:13,戯言遣い,悲しい
2021-11-30 20:52:14,辻峰咲夜,稼げる無職
2021-11-30 20:52:16,入巣京子,家事手伝いでええやん
2021-11-30 20:52:19,Ki,いや、オタクも無職には厳しいよ
2021-11-30 20:52:21,犀虎,求職中ですって言えばいいのに
2021-11-30 20:52:21,まーだ,逆の立場ならどう思います？ｗ
2021-11-30 20:52:23,水月EX,一般ピープルには早かったか・・・
2021-11-30 20:52:25,スマイル,まぁ、:atm_sign:にはなりたくないから…
2021-11-30 20:52:25,渡貫,Tinderに偏見あったけど意外とちゃんとしてるのか
2021-11-30 20:52:30,雪蛍,ななてんだから無職でもいいんであって、リアルで無職はさすがに避けるぞw
2021-11-30 20:52:33,入巣京子,もしくは自称パチプロ
2021-11-30 20:52:55,戯言遣い,今日も配信出来てえらいよ、ななてん！
2021-11-30 20:52:55,びゃっこ,ななてんガチ恋勢が悲しむ
2021-11-30 20:52:57,ウルトラアル中マン,イケメンとオタクを同じ生き物と思ってるってこれマジ？
2021-11-30 20:52:58,渡貫,ブラックホール見えない？
2021-11-30 20:53:30,ナカザワン🎰💸,ティンダーで彼女探すのがもうオワでしょw
2021-11-30 20:53:34,ウルトラアル中マン,ワンナイト狙いで頑張るなら風俗のがコスパ良いんだよなあ・・・
2021-11-30 20:53:40,Ki,もしくは貢がせる相手を探してる可能性
2021-11-30 20:53:41,SYEC,純粋な人もおったもんや
2021-11-30 20:53:44,るみなん,ちゃんとしたイケメンだったのか、、もったいないまである
2021-11-30 20:53:50,渡貫,ガハハ！
2021-11-30 20:53:56,黒っぽい鳥,何系のイケメン？
2021-11-30 20:54:04,ジョン,ヤリモクお断りです！
2021-11-30 20:54:06,びゃっこ,この時期だしクリスマスプレゼントもらってバイバイと思われたんじゃね？
2021-11-30 20:54:09,ナカザワン🎰💸,オタクは優しくすることしか出来んのやで
2021-11-30 20:54:16,黒っぽい鳥,女に不自由してないと女に金まで求めるから
2021-11-30 20:54:30,辻峰咲夜,ランパおるか？
2021-11-30 20:54:33,スマイル,というか相手もヒモになりたかったのかも知れない
2021-11-30 20:54:34,ウルトラアル中マン,ｇｇ
2021-11-30 20:54:38,まーだ,けどセフ探してますって書いて女の子食いつくかな？
2021-11-30 20:54:38,がみぃ,色々あったイケメンやったかもしれんし……
2021-11-30 20:54:47,入巣京子,チーズ牛丼うまいのにチーズ牛のせいで食べづらくなった　基礎
2021-11-30 20:54:50,辻峰咲夜,犬?
2021-11-30 20:54:52,渡貫,可愛い系ってことですか
2021-11-30 20:54:54,ウルトラアル中マン,犬・・・？
2021-11-30 20:54:55,しろ,？
2021-11-30 20:55:02,るみなん,ショタ？
2021-11-30 20:55:04,犀虎,犬は悪口なんよ
2021-11-30 20:55:07,ジョン,ブルドッグ・・・
2021-11-30 20:55:08,雪蛍,それ、ヒモになりたかったんじゃない？
2021-11-30 20:55:14,辻峰咲夜,子犬系イケメン？
2021-11-30 20:55:23,スマイル,ゴールデンレトリバーはイケメン…？
2021-11-30 20:55:24,渡貫,ふわっとした感じ？
2021-11-30 20:55:27,戯言遣い,犬みたいなイケメンってどんなだｗｗｗ
2021-11-30 20:55:33,かわさんさん,バターいぬ？
2021-11-30 20:55:43,しろ,Mっぽいって事？
2021-11-30 20:55:52,渡貫,よくわからんなあ
2021-11-30 20:55:52,one one,ななてんが言うとプレイかなって思ってしまう
2021-11-30 20:55:57,渡貫,ｗｗ
2021-11-30 20:55:58,ジョン,そら嫌だろ
2021-11-30 20:55:59,六尺野郎,僕も犬系です！（メキシカンヘアレスドッグ）
2021-11-30 20:56:12,水月EX,ふっ、おもしれーパチンコ
2021-11-30 20:56:15,雪蛍,ハードル上げすぎやろw
2021-11-30 20:56:16,びゃっこ,フリーのデザイナーです！
2021-11-30 20:56:24,ジョン,良いか嫌かで言えば嫌だろ
2021-11-30 20:56:24,戯言遣い,ここならたくさん受け入れてくれる人いるよｗ
2021-11-30 20:56:28,Ki,フェードアウトするわｗ
2021-11-30 20:56:30,渡貫,アハハ！って人じゃないと無理かぁ
2021-11-30 20:56:40,ウルトラアル中マン,Vで収益化なってるなら接客業とか自営業って言えるやん
2021-11-30 20:56:59,渡貫,自虐笑ってもらえないのはつらいよね…
2021-11-30 20:56:59,ナカザワン🎰💸,犬になる人探そう
2021-11-30 20:57:12,六尺野郎,毛のない犬です。〈メキシカン略
2021-11-30 20:57:17,入巣京子,最後いつパチンコ打った？
2021-11-30 20:57:26,Flied-eggs,「お仕事は？」「プロ荷物持ちです」
2021-11-30 20:57:52,辻峰咲夜,職業はギャンブラーです
2021-11-30 20:57:55,雪蛍,自営業でええやんけw
2021-11-30 20:57:58,しろ,素直でよろしいww
2021-11-30 20:58:05,渡貫,でも確かに正直でいいよね
2021-11-30 20:58:09,スマイル,それはそうかも
2021-11-30 20:58:16,ナカザワン🎰💸,石油王探すしかねえ
2021-11-30 20:58:28,ジョン,いっそ「vTuberです」で反応を試して欲しい
2021-11-30 20:58:38,Bun A,サムネにつられた！
2021-11-30 20:58:41,渡貫,不労所得しか…
2021-11-30 20:58:41,炬燵,こんななー
2021-11-30 20:58:43,スマイル,じぶんもなりたい
2021-11-30 20:58:43,ウルトラアル中マン,これもうわかんねえなあ
2021-11-30 20:58:49,Bun A,無職の王
2021-11-30 20:58:56,Ki,びっくりするほどめんどくさいｗ
2021-11-30 20:58:59,入巣京子,生活保護しかないやん
2021-11-30 20:59:04,Bun A,ブログ書いて生きてくしかない
2021-11-30 20:59:10,スマイル,すきなことをして生きていきたいぃ！
2021-11-30 20:59:12,Bun A,デアイチュウ
2021-11-30 20:59:16,渡貫,アパートの管理人とかできないんかな
2021-11-30 20:59:22,辻峰咲夜,ミラージュはイイゾー
2021-11-30 20:59:23,渡貫,管理はきついか
2021-11-30 20:59:29,Flied-eggs,めんどくさい女好きな男いたりするからへーきへーき
2021-11-30 20:59:32,ジョン,なまほしちゃんに相談しよう
2021-11-30 20:59:51,Bun A,猫のほうが自由に生きてるよ
2021-11-30 20:59:51,雪蛍,ななてん管理のアパートはあんま住みたくないな
2021-11-30 20:59:52,渡貫,ｗｗ
2021-11-30 20:59:57,one one,友達として見てる分には面白そう
2021-11-30 20:59:57,SYEC,役満で草
2021-11-30 21:00:06,スマイル,ギャンブルで5万すられるのはキツいな…
2021-11-30 21:00:14,Ki,配偶者にするのはきつい
2021-11-30 21:00:19,辻峰咲夜,敵もミラージュや
2021-11-30 21:00:20,Bun A,駄菓子屋のオネエさんやってそう
2021-11-30 21:00:31,雪蛍,それ許容できるの石油王しかおらん
2021-11-30 21:00:52,Bun A,適当に金持ちのヒモになるわけでもない
2021-11-30 21:01:03,渡貫,ガス出してにげっか！
2021-11-30 21:01:19,Ki,投げもん飛んできてたから
2021-11-30 21:01:22,入巣京子,距離をおいてみるとそれなりに楽しいやつなんですがねえ
2021-11-30 21:01:41,Bun A,まったくサムネタイトル関係なくて草
2021-11-30 21:01:49,ウルトラアル中マン,OMG
2021-11-30 21:01:52,雪蛍,おーまいがっ
2021-11-30 21:01:55,ジョン,「理解のある彼くん」の中でも100万人に1人くらいの割合でないと
2021-11-30 21:02:12,Ki,シルバー１ならガン逃げる
2021-11-30 21:02:19,Bun A,これで耐久配信したらしんじゃうね
2021-11-30 21:02:43,犀虎,宝くじレベル
2021-11-30 21:02:45,渡貫,何を理解してるのでしょうか
2021-11-30 21:02:50,びゃっこ,そういうめんどくせー女が彼女にいたわ
2021-11-30 21:02:57,辻峰咲夜,作れるｗｗ
2021-11-30 21:03:08,かわさんさん,れ、錬成するってことか…
2021-11-30 21:03:16,shellbottle1374,やばいやばい
2021-11-30 21:03:26,ジョン,無職には「まず」のハードルが高すぎる
2021-11-30 21:03:29,雪蛍,リスナーが理解のある彼くんだし
2021-11-30 21:03:31,にゃんころ餅,こんななー　ゴッドイーターで万発出た代
2021-11-30 21:03:43,A.R. M.S.,※ただしイケメンに限る
2021-11-30 21:03:47,ウルトラアル中マン,衣食住を与えるとかいう上級プレイ
2021-11-30 21:04:05,渡貫,悲しすぎるよ…
2021-11-30 21:04:22,びゃっこ,最終的に「自分がいないと彼女は死んでしまう」って気持ちにさせれば勝ち
2021-11-30 21:04:33,辻峰咲夜,ww
2021-11-30 21:04:54,にゃんころ餅,原作プレイヤーだからゴッドイーター上手い寄り
2021-11-30 21:05:01,赤井林檎,初めまして初見です
2021-11-30 21:05:13,ジョン,怖すぎる
2021-11-30 21:05:27,戯言遣い,つまりななてんは一見いい女と
2021-11-30 21:05:32,しろ,すんご
2021-11-30 21:05:42,雪蛍,日照りが続いてるワイへの煽りか？
2021-11-30 21:05:52,4161きんた,彼氏という名のセフレ？ww
2021-11-30 21:05:53,ジョン,知り合いでDV癖のある女の子も彼氏尽きてない
2021-11-30 21:05:57,入巣京子,今日のパチンコ代もらってたんか　すごい
2021-11-30 21:06:15,渡貫,ｗｗ
2021-11-30 21:06:17,ウルトラアル中マン,それ彼氏と思っていただけでは・・・？
2021-11-30 21:06:24,犀虎,www
2021-11-30 21:06:31,かわさんさん,バナージかよ
2021-11-30 21:06:32,SYEC,ｗｗｗｗ
2021-11-30 21:06:34,しろ,www
2021-11-30 21:06:37,まーだ,ｗ
2021-11-30 21:06:39,こっこ,現状すでにめんどくさい女だしな
2021-11-30 21:06:39,戯言遣い,先に警告したのにｗ
2021-11-30 21:06:41,カピバラ1号,草
2021-11-30 21:06:41,スマイル,引かれると惹かれるのが男だからなぁ
2021-11-30 21:06:46,w.kaknika,こんばんはー初見です
2021-11-30 21:06:46,辻峰咲夜,本日2度目の舌打ち頂きました！
2021-11-30 21:06:49,雪蛍,草
2021-11-30 21:07:03,ジョン,草
2021-11-30 21:07:03,渡貫,ｗｗ
2021-11-30 21:07:06,びゃっこ,セフレならいいのかよ
2021-11-30 21:07:11,辻峰咲夜,ww
2021-11-30 21:07:11,DTZ,おもろいｗ
2021-11-30 21:07:14,Bun A,きれてんるんですよね
2021-11-30 21:07:17,ウルトラアル中マン,そらナニしたいんやろ
2021-11-30 21:07:28,Bun A,キレ散らかしてん
2021-11-30 21:07:54,Bun A,サブスクでせふれすれば稼げる
2021-11-30 21:08:00,びゃっこ,プレイ（ダブルミーニング）
2021-11-30 21:08:03,こっこ,倫理観だぞ
2021-11-30 21:08:22,雪蛍,初見さんこの話きいてドン引きしてそう
2021-11-30 21:08:25,4161きんた,避妊さえしっかりしてればね
2021-11-30 21:08:27,スマイル,月額ｗｗ
2021-11-30 21:08:28,びゃっこ,FCやん
2021-11-30 21:08:33,犀虎,いいねw
2021-11-30 21:08:34,DTZ,強すぎる
2021-11-30 21:08:35,にゃんころ餅,メンバーシップで草
2021-11-30 21:08:37,辻峰咲夜,月額ww
2021-11-30 21:08:38,SYEC,マジレスすると感染症や妊娠の危険性からそういう倫理観が作られるんや
2021-11-30 21:08:42,ナカザワン🎰💸,プレミアプランで10万取ろう
2021-11-30 21:08:42,Bun A,薄い倫理観に守られた世界なんて
2021-11-30 21:08:42,ウルトラアル中マン,ダメではないよね
2021-11-30 21:08:55,ジョン,実際超絶メンヘラと何年か一緒に居るけど、最初連絡来るだけで嬉しかったのに今電話来る旅に震えてる
2021-11-30 21:08:57,hello there!,これは売れる
2021-11-30 21:09:22,にゃんころ餅,人と会う専用の体力ゲージある
2021-11-30 21:09:22,辻峰咲夜,逃げまくっとる･･･ウチみたいww
2021-11-30 21:09:25,Bun A,メンズエステは稼げそう
2021-11-30 21:09:29,渡貫,あと少しでプラスや！
2021-11-30 21:09:42,戯言遣い,正直ななてんのセフレはうらやましいとは思う
2021-11-30 21:09:49,辻峰咲夜,ん？
2021-11-30 21:09:49,Bun A,会いたくて震えるの究極
2021-11-30 21:10:39,Bun A,実質ななてんと配信で会話してるからせふれ
2021-11-30 21:10:48,渡貫,メンヘラってメンヘラ好きになれるんですかね？
2021-11-30 21:10:51,ウルトラアル中マン,束縛する癖に浮気するじゃんメンヘラって
2021-11-30 21:10:57,雪蛍,メンヘラ彼女のほうが共依存できるから好き
2021-11-30 21:11:11,ジョン,依存してくるとかじゃなくて発作で自滅するタイプも怖い
2021-11-30 21:11:23,入巣京子,自覚ある方がまだましやで
2021-11-30 21:11:28,渡貫,うっほ！
2021-11-30 21:11:28,ウルトラアル中マン,ｇｇ
2021-11-30 21:11:33,スマイル,うーんつらい！
2021-11-30 21:11:41,戯言遣い,それはそのメンヘラによると思うけど
2021-11-30 21:11:59,Bun A,猫飼ったら満足する
2021-11-30 21:12:16,Bun A,タバコと一緒じゃん
2021-11-30 21:12:28,スマイル,順応するんだなぁ
2021-11-30 21:12:28,辻峰咲夜,進化･･･なのか?
2021-11-30 21:12:33,Ki,というか一人になれるとそうなる
2021-11-30 21:12:47,ナカザワン🎰💸,一人暮らし3年目だけどキツくなってきた
2021-11-30 21:12:49,にゃんころ餅,一生に付き合う分付き合いきっちゃった説
2021-11-30 21:12:53,ジョン,究極生命体カーズじゃん
2021-11-30 21:13:00,びゃっこ,めんどくせー依存体質メンヘラ女から最終的に拒絶されたんですけど
2021-11-30 21:13:10,DTZ,刺されてて草
2021-11-30 21:13:34,雪蛍,弟二人結婚して実家に居場所なくなったワイよりはまだええよ
2021-11-30 21:13:47,ウルトラアル中マン,トイレから戻ったら宇宙規模の話ししてんの草
2021-11-30 21:13:59,SYEC,バッドENDしかないｗｗ
2021-11-30 21:14:07,入巣京子,最後考えるのやめるやん
2021-11-30 21:14:12,辻峰咲夜,そのタワーアーマーあるよ
2021-11-30 21:14:14,Bun A,ゼロヒャク理論で生きてんのすご
2021-11-30 21:14:24,びゃっこ,ある意味逃げれたのでこっちは勝利！
2021-11-30 21:14:43,Bun A,メンヘラって心療内科でなおらんのか
2021-11-30 21:14:57,かわさんさん,メンヘラはメンヘラと付き合うのがいい気がする
2021-11-30 21:15:15,にゃんころ餅,"2,3組おる？"
2021-11-30 21:15:26,スマイル,心療内科で治る精神病ってあんの？
2021-11-30 21:15:26,ウルトラアル中マン,今そんなカク付いてないからエペん中のグラ重くなるとこだとヤバい感じかな
2021-11-30 21:15:32,ジョン,メンヘラで怖かったイベント、前日まで普通にしてたのにいきなり失踪して半年帰ってこなかったこと
2021-11-30 21:15:38,入巣京子,メンヘラの理解者はメンヘラしかおらんから
2021-11-30 21:15:47,Ki,アモがないってアピールできるぞｗ
2021-11-30 21:16:01,Ki,アピールできてない気がするｗ
2021-11-30 21:16:06,雪蛍,メンヘラは治るものじゃなくて付き合い方を学ぶ病だから
2021-11-30 21:16:11,Bun A,モテ期
2021-11-30 21:16:15,びゃっこ,メンヘラは薬で症状抑えられるけど完治は本人次第
2021-11-30 21:16:46,にゃんころ餅,メンヘラってナチュラルボーンでなるもんなんけ？
2021-11-30 21:17:03,A.R. M.S.,初恋の女の子が1カ月見ないうちにカルトに入信して別人になってたわ
2021-11-30 21:17:19,ウルトラアル中マン,急に口悪くなるの好き
2021-11-30 21:18:13,ジョン,メンヘラ絶対に明日カノ読んでる
2021-11-30 21:18:15,Ki,ななてんそれはカルト舐めすぎだと思うよ
2021-11-30 21:18:26,雪蛍,良いやつ頑張れ！
2021-11-30 21:18:45,辻峰咲夜,てかバッジ･･･
2021-11-30 21:19:04,しろ,救世主頑張れ！
2021-11-30 21:19:04,戯言遣い,応援するのかディスるのかどっちかにしてくれｗｗ
2021-11-30 21:19:56,雪蛍,創世主なんよ(
2021-11-30 21:20:55,SYEC,何よりもクモの恐怖心が勝るの草
2021-11-30 21:21:04,ななしさん,すごいタイトル
2021-11-30 21:21:06,DTZ,ブロックでええで
2021-11-30 21:21:09,ジョン,草
2021-11-30 21:21:13,スマイル,今気づいた！
2021-11-30 21:21:16,ナカザワン🎰💸,荒らしやwww
2021-11-30 21:21:17,六尺野郎,そうだよー
2021-11-30 21:21:18,SYEC,ちょっと嬉しそうｗｗ
2021-11-30 21:21:20,戯言遣い,アンチというか荒しだねｗ
2021-11-30 21:21:20,紅蝶伽,初めての荒らし
2021-11-30 21:21:20,スマイル,人気者だなぁ
2021-11-30 21:21:20,入巣京子,ちょｗｗｗおまｗｗｗ有名人じゃん
2021-11-30 21:21:23,しろ,今かいw
2021-11-30 21:21:24,かわさんさん,ワクワクで草
2021-11-30 21:21:24,No.396(ミクロ),荒らしでテンション上がってるwww
2021-11-30 21:21:26,Ki,嬉しそうで草
2021-11-30 21:21:27,ジョン,人気になったな
2021-11-30 21:21:27,taro,今！？
2021-11-30 21:21:27,渡貫,アハハ！
2021-11-30 21:21:29,ウルトラアル中マン,これが、荒らしって…コト！？
2021-11-30 21:21:30,辻峰咲夜,喜んどるww
2021-11-30 21:21:31,ぬー,やったね、ななてん！ｗ
2021-11-30 21:21:32,isa,嬉しそうｗ
2021-11-30 21:21:35,そ ら ち。,人気者になった証
2021-11-30 21:21:35,雪蛍,荒らしがくるぐらい有名人？！
2021-11-30 21:21:39,びゃっこ,やったじゃん！
2021-11-30 21:21:43,戯言遣い,ななてんも有名人になったね！
2021-11-30 21:21:47,紅蝶伽,草
2021-11-30 21:21:47,ras joy,やったね
2021-11-30 21:21:53,しまごん,ハイテンションでワロタww
2021-11-30 21:21:57,辻峰咲夜,よ！有名人！
2021-11-30 21:21:59,がみぃ,有名人じゃーーーん
2021-11-30 21:22:07,まーだ,とうとう荒らしが来るようになったか…
2021-11-30 21:22:15,辻峰咲夜,ああいたね矢印
2021-11-30 21:22:23,No.396(ミクロ),まぁ荒らしが湧くって事は有名になってきた証拠他でもあるからねw
2021-11-30 21:22:26,ウルトラアル中マン,荒らし記念
2021-11-30 21:22:27,A.R. M.S.,コピペ連投のやつ
2021-11-30 21:22:31,4161きんた,荒らしで喜ぶVtuberww
2021-11-30 21:22:32,ソニアマスター,今日見れてよかったわ
2021-11-30 21:22:34,SYEC,草
2021-11-30 21:22:36,カピバラ1号,ｗｗ
2021-11-30 21:22:36,辻峰咲夜,金リピーターｗｗ
2021-11-30 21:22:43,犀虎,本物の嵐
2021-11-30 21:22:44,DTZ,古からいる女性配信者に湧くタイプやった
2021-11-30 21:22:45,戯言遣い,それはマネちゃんに言われそうｗ
2021-11-30 21:22:57,入巣京子,荒らしのおかげでスパチャもらえてよかったやん
2021-11-30 21:23:03,雪蛍,よっ！有名人！
2021-11-30 21:23:09,スマイル,荒らしが出ると配信者としてレベル上がった感はある
2021-11-30 21:23:34,Ki,逆に何もなかったんじゃないかな
2021-11-30 21:23:41,ななしさん,え？何もされてないけど、聞いて欲しい
2021-11-30 21:23:43,SYEC,慰めてて草
2021-11-30 21:23:46,びゃっこ,かまってちゃんかな
2021-11-30 21:23:48,戯言遣い,荒らしにもやさしいななてん
2021-11-30 21:23:51,ナカザワン🎰💸,荒らしきたから高評価押しといた
2021-11-30 21:24:02,SYEC,めっちゃおるｗｗ
2021-11-30 21:24:07,ジョン,5500人も登録してるからな
2021-11-30 21:24:16,雪蛍,ななてん余裕ありすぎて荒らしが哀れになるわw
2021-11-30 21:24:19,Ki,そこの家すかすかだから無理だぞ
2021-11-30 21:24:24,ソニアマスター,ななてんの心の広さに
2021-11-30 21:24:32,ウルトラアル中マン,ｇｇ
2021-11-30 21:24:38,辻峰咲夜,GG
2021-11-30 21:24:53,戯言遣い,ｎｆ
2021-11-30 21:25:09,ウルトラアル中マン,嵐記念って競馬にありそうだよね
2021-11-30 21:25:10,がみぃ,nf
2021-11-30 21:25:10,辻峰咲夜,荒らしで稼げるVtube　ww
2021-11-30 21:25:12,ななしさん,臭男使ってるんか
2021-11-30 21:25:16,辻峰咲夜,ミラージュはイイゾー
2021-11-30 21:25:16,びゃっこ,おもれー配信者におもれーリスナーだよ
2021-11-30 21:25:17,taro,gg
2021-11-30 21:25:27,hello there!,荒らしですぱちゃの嵐
2021-11-30 21:25:31,SYEC,ななてんの傷つけ方はこうやで
2021-11-30 21:25:40,Ki,流れで
2021-11-30 21:25:43,A.R. M.S.,ななてんの視聴者は上級者多いから
2021-11-30 21:26:09,入巣京子,767とか荒らしやん
2021-11-30 21:26:12,辻峰咲夜,誰か座布団持ってきて
2021-11-30 21:26:51,戯言遣い,普通に荒らすより767スパチャの方がダメージを受けるななてんである
2021-11-30 21:26:57,びゃっこ,ｸﾞｻ（流れでヤバい女
2021-11-30 21:26:57,辻峰咲夜,そこ水辺の方が物質ええで
2021-11-30 21:27:01,isa,767ｗ
2021-11-30 21:27:03,渡貫,諭してくれてありがたい
2021-11-30 21:27:06,ななしさん,性癖の上級者やで
2021-11-30 21:27:17,まーだ,767ｗ
2021-11-30 21:27:22,4161きんた,荒らしの対応見たら前世ないことがわかると思う
2021-11-30 21:27:25,六尺野郎,画面に着席って書いてあったから流されて座ったら1万円持ってかれたわ
2021-11-30 21:27:35,ジョン,ボロ負けしてたな
2021-11-30 21:27:35,雪蛍,アイドルなれなかったやつか
2021-11-30 21:27:38,ウルトラアル中マン,767(悪魔の数字)
2021-11-30 21:27:43,SYEC,ガラパゴスな環境すぎる
2021-11-30 21:27:54,びゃっこ,オーディションに落ちましたか
2021-11-30 21:28:16,かわさんさん,勿論、突破はしないよ
2021-11-30 21:28:21,辻峰咲夜,パンパン？
2021-11-30 21:28:39,辻峰咲夜,ないすぅ
2021-11-30 21:28:43,がみぃ,キルパクナイスゥー！
2021-11-30 21:28:46,渡貫,キルポはいるし大丈夫っしょ
2021-11-30 21:28:55,辻峰咲夜,キルポおめ
2021-11-30 21:29:00,にゃんころ餅,二連続は確信犯
2021-11-30 21:29:07,taro,ナイスゥ
2021-11-30 21:29:11,ななしさん,男をパクるよりかはマシや
2021-11-30 21:29:21,黒っぽい鳥,パチの話？
2021-11-30 21:29:25,戯言遣い,AKBみたいな感じか
2021-11-30 21:30:11,ウルトラアル中マン,すまねえ、パチ語はサッパリなんだ…
2021-11-30 21:30:18,にゃんころ餅,世界一悲しい負け方じゃん
2021-11-30 21:30:20,がみぃ,あるある()
2021-11-30 21:30:40,雪蛍,乃木坂リベンジはやらんの？
2021-11-30 21:31:13,戯言遣い,:unicorn:リベンジはある？
2021-11-30 21:31:22,にゃんころ餅,今打ちたい台なんかあるの？
2021-11-30 21:31:39,KAZU,あの台Vストック込みの継続率だから続かない気がする。
2021-11-30 21:31:41,4161きんた,次は有馬記念ですか？
2021-11-30 21:32:11,入巣京子,1月レールガンの新台あるけど打つ？
2021-11-30 21:32:27,雪蛍,12/26だったかな
2021-11-30 21:32:30,A.R. M.S.,:horse_racing:→:unicorn:→:money_with_wings:？
2021-11-30 21:32:46,ななしさん,おい、まさかクリスマス俺をおいていくつもりか
2021-11-30 21:33:13,SYEC,エイムええやん
2021-11-30 21:33:22,あかつきけい,今週はG1チャンピオン　ダート１８００
2021-11-30 21:33:30,SYEC,ないす！
2021-11-30 21:33:33,辻峰咲夜,ないすぅ
2021-11-30 21:33:45,がみぃ,ないすぅ
2021-11-30 21:34:12,辻峰咲夜,あれトリテは？
2021-11-30 21:35:01,Ki,味方が強かったらワンチャン
2021-11-30 21:35:44,辻峰咲夜,安置遠ｗｗ
2021-11-30 21:36:44,びゃっこ,そういや一度顔固定で軽くなるか試してみたら？
2021-11-30 21:37:59,黒っぽい鳥,プレステ3みてーな画面だよね
2021-11-30 21:38:02,SYEC,置きすぎで草
2021-11-30 21:38:08,ウルトラアル中マン,草
2021-11-30 21:38:11,辻峰咲夜,もおにげよ
2021-11-30 21:38:38,ウルトラアル中マン,ｇｇ
2021-11-30 21:38:40,渡貫,ｗｗ
2021-11-30 21:38:40,SYEC,草
2021-11-30 21:38:47,辻峰咲夜,gg
2021-11-30 21:38:55,DTZ,自グレぇ！
2021-11-30 21:38:57,黒っぽい鳥,今のは…
2021-11-30 21:39:05,がみぃ,nf
2021-11-30 21:39:05,黒っぽい鳥,トロてん
2021-11-30 21:39:07,渡貫,おつ！
2021-11-30 21:39:09,ウルトラアル中マン,おっ
2021-11-30 21:39:12,No.396(ミクロ),ナイスファイト！
2021-11-30 21:39:12,辻峰咲夜,ほうほう
2021-11-30 21:39:12,スマイル,わくわく
2021-11-30 21:39:13,戯言遣い,nf
2021-11-30 21:39:14,犀虎,はーい
2021-11-30 21:39:17,戯言遣い,ん？
2021-11-30 21:39:17,犀虎,面白かったー
2021-11-30 21:39:19,渡貫,ｗｗ
2021-11-30 21:39:20,黒っぽい鳥,お疲れ様ー
2021-11-30 21:39:24,雪蛍,ん？
2021-11-30 21:39:29,ウルトラアル中マン,ななてん銘柄何吸ってんの
2021-11-30 21:39:32,SYEC,ほう
2021-11-30 21:39:33,雪蛍,ほう
2021-11-30 21:39:33,ウルトラアル中マン,？
2021-11-30 21:39:34,戯言遣い,ふむ？
2021-11-30 21:39:36,にゃんころ餅,ほ？？？
2021-11-30 21:39:37,渡貫,はい…
2021-11-30 21:39:37,辻峰咲夜,と言うと
2021-11-30 21:39:38,ぬー,おぉ？
2021-11-30 21:39:42,しろ,？
2021-11-30 21:39:44,観月[みつき],はい
2021-11-30 21:39:46,スマイル,はいぃ…
2021-11-30 21:39:51,4161きんた,？
2021-11-30 21:39:51,びゃっこ,おｋ
2021-11-30 21:39:51,ジョン,？
2021-11-30 21:39:52,SYEC,あ、はい
2021-11-30 21:39:52,がみぃ,？？
2021-11-30 21:39:55,Ki,なるほろ
2021-11-30 21:40:00,まーだ,何だ？
2021-11-30 21:40:03,辻峰咲夜,ハミルんも？
2021-11-30 21:40:03,黒っぽい鳥,5分で足りる？
2021-11-30 21:40:06,犀虎,ファンクラブ？
2021-11-30 21:40:07,雪蛍,5分で何があるんや
2021-11-30 21:40:09,戯言遣い,なんとなく察しは付いた
2021-11-30 21:40:09,がみぃ,なるほど？
2021-11-30 21:40:11,KAZU,なんだろ？
2021-11-30 21:40:12,渡貫,歌でも出すんです？
2021-11-30 21:40:18,にゃんころ餅,始まってね？
2021-11-30 21:40:19,びゃっこ,なんかわかった！！
2021-11-30 21:40:19,ジョン,ついにカードバトル始まるのか
2021-11-30 21:40:22,渡貫,普通に押してたよ
2021-11-30 21:40:24,SYEC,草
2021-11-30 21:40:25,スマイル,始まってますね
2021-11-30 21:40:26,ウルトラアル中マン,もう一回遊べるドン！
2021-11-30 21:40:29,Ki,もう間に合わない
2021-11-30 21:40:30,戯言遣い,いってらっしゃーいｗ
2021-11-30 21:40:34,渡貫,あ…
2021-11-30 21:40:35,雪蛍,察しはついたが5分で寝るのは不可能そうw
2021-11-30 21:40:36,ワッザファッカドゥ,もう間に合わない
2021-11-30 21:40:48,辻峰咲夜,今やると･･･ペナ喰らうえ
2021-11-30 21:40:58,ウルトラアル中マン,あい
2021-11-30 21:41:11,渡貫,ということでね
2021-11-30 21:41:13,戯言遣い,なんとなく察しは付くけど５分で終わるのだろうか・・・？
2021-11-30 21:41:16,ワッザファッカドゥ,ペナルティ食らうな
2021-11-30 21:41:16,ジョン,ファンクラブ開設かー
2021-11-30 21:41:18,びゃっこ,祭りになる予感
2021-11-30 21:41:35,ワッザファッカドゥ,ブロンズでペナ食らうとポイントマイナスなるんかな？
2021-11-30 21:41:44,Dogi,APEX machine broke
2021-11-30 21:41:44,渡貫,ああなるほど！
2021-11-30 21:41:52,ウルトラアル中マン,銘柄何吸ってんの？
2021-11-30 21:41:54,入巣京子,エイペックスの大会に出るに花京院の魂をかける
2021-11-30 21:41:57,まーだ,明日の朝確認でもOK？
2021-11-30 21:42:01,渡貫,PC買えるぜ！
2021-11-30 21:42:06,びゃっこ,PＣ壊したーー
2021-11-30 21:42:09,黒っぽい鳥,ふむふむ
2021-11-30 21:42:16,辻峰咲夜,はーい
2021-11-30 21:42:17,JIN JIN,了解”
2021-11-30 21:42:20,No.396(ミクロ),なるほど了解
2021-11-30 21:42:22,Ki,告知みじか
2021-11-30 21:42:29,Flied-eggs,クラファンでPC代募ろう
2021-11-30 21:42:34,戯言遣い,とりあえず、ななてんとハミルんのTwitterを５分間ガッツリ監視してればいいのね
2021-11-30 21:42:41,Bias,Apexが怒った
2021-11-30 21:42:48,観月[みつき],半年記念ではじめて見ました～　楽しかったです！
2021-11-30 21:42:51,ウルトラアル中マン,半年記念でななてん知ったけどおもろかった
2021-11-30 21:42:59,入巣京子,始まっていつの間にか終わってた
2021-11-30 21:43:03,ジョン,アーカイブで観たけど面白かった
2021-11-30 21:43:09,戯言遣い,そんなことしないでも貸出しますって言われそう
2021-11-30 21:43:09,辻峰咲夜,爆笑した
2021-11-30 21:43:14,黒っぽい鳥,やっぱハミルとコラボは良かった
2021-11-30 21:43:14,渡貫,ｗｗ
2021-11-30 21:43:19,しろ,半年からななてんに入った！
2021-11-30 21:43:22,びゃっこ,マロ拾ってくれてありがとう。まだ質問があった
2021-11-30 21:43:27,one one,楽しかった（小並感）
2021-11-30 21:43:51,ウルトラアル中マン,濃い暴露だった
2021-11-30 21:44:06,雪蛍,スケベはななてんが自分から漏らしてくれるし…
2021-11-30 21:44:23,Flied-eggs,意外
2021-11-30 21:44:29,カピバラ1号,笑いっぱなしだった
2021-11-30 21:44:51,戯言遣い,コラボの度に衝撃の新事実が明らかになるハミルんに笑った
2021-11-30 21:45:05,辻峰咲夜,リスナーからえっっっな質問が二の次になるえっっなVtuber ww
2021-11-30 21:45:06,4161きんた,普段から性癖言ってるから別に改めてマシュマロで聞くほどでは……w
2021-11-30 21:45:21,JIN JIN,二人でのコラボ初めて見たけどめっちゃ面白かったｗ
2021-11-30 21:45:32,にゃんころ餅,ハミルちゃんあれが初見だったのでキャラ濃いな～ってなたｔ
2021-11-30 21:45:32,雪蛍,めっちゃ楽しかったから最高の配信よ
2021-11-30 21:45:45,戯言遣い,質問よりも本人の発言の方がｴｯだからなｗ
2021-11-30 21:45:54,ウルトラアル中マン,半年記念から入って今日配信観たら思ったより笑う子だな思った
2021-11-30 21:46:24,戯言遣い,お姉さん、ハミルんをください
2021-11-30 21:46:26,かわさんさん,はみるんは言われそうだけどななてんは…
2021-11-30 21:46:30,渡貫,ｗｗ
2021-11-30 21:46:37,雪蛍,ハミルん楽しそうだったからええんよw
2021-11-30 21:46:44,A.R. M.S.,最後のアンケートやばかった
2021-11-30 21:47:02,ぬー,2人の素のやり取りが楽しいｗ
2021-11-30 21:47:03,戯言遣い,ぶっちゃけななてんの「おいバカ」はなんというか悪意が含まれてる感じが無いからあんまり気になかった
2021-11-30 21:47:28,びゃっこ,ななてん軽く眠かったんじゃ？
2021-11-30 21:47:35,ウルトラアル中マン,パンツVSちっち　勝手に戦え！
2021-11-30 21:48:26,渡貫,関西の人はアホ！よりバカ！のほうが効くと聞きました
2021-11-30 21:48:35,4161きんた,お互いに心開いたら口悪くなるけど問題はない
2021-11-30 21:48:44,だいすきにゃんこ,こんばんは！何時まで配信予定でしょうか？
2021-11-30 21:48:47,ウルトラアル中マン,たのしかったから今日来た。ありがとな。
2021-11-30 21:48:50,JIN JIN,握力でハミルさんに勝てそうになかったの面白かった
2021-11-30 21:48:51,戯言遣い,でも別に不快感とかハミルんをいじめるな！的なのは感じなかったな
2021-11-30 21:49:03,雪蛍,いえーい
2021-11-30 21:49:04,辻峰咲夜,ついに70個ですか？
2021-11-30 21:49:05,びゃっこ,７０個！？
2021-11-30 21:49:09,しろ,やったー
2021-11-30 21:49:13,one one,楽しみ
2021-11-30 21:49:13,KAZU,連動企画のやつかな？
2021-11-30 21:49:16,がみぃ,コラボ助かる！
2021-11-30 21:49:45,そ ら ち。,楽しみや
2021-11-30 21:49:50,ウルトラアル中マン,小学生女児で30後半は強者
2021-11-30 21:49:54,びゃっこ,ハミルンは脳内のリミッターを外せるから・・
2021-11-30 21:50:06,まーだ,ゴムボールにぎにぎして鍛えようかｗ
2021-11-30 21:50:13,戯言遣い,７０個の時に１２９個の復讐をされる予感
2021-11-30 21:50:19,ウルトラアル中マン,あい～
2021-11-30 21:50:22,4161きんた,はーい
2021-11-30 21:50:28,だいすきにゃんこ,はやいいいい.°(ಗдಗ。)°.
2021-11-30 21:50:30,がみぃ,はいー
2021-11-30 21:50:48,frafran,未来で待ってる
2021-11-30 21:50:53,戯言遣い,高評価ってこの黒い上向きの親指を押せばいいの？
2021-11-30 21:50:58,びゃっこ,明日は何の配信を？
2021-11-30 21:50:58,ウルトラアル中マン,おつなな～
2021-11-30 21:51:00,スマイル,おつななー
2021-11-30 21:51:01,A.R. M.S.,おつななー
2021-11-30 21:51:03,Ki,おつなな
2021-11-30 21:51:03,みのみに,おつなな！
2021-11-30 21:51:03,にゃんころ餅,おつななー
2021-11-30 21:51:04,SYEC,おつななー
2021-11-30 21:51:04,ぬー,おつなな～
2021-11-30 21:51:06,4161きんた,おつななー
2021-11-30 21:51:07,狐蛇狼(こたろう),おつなな～
2021-11-30 21:51:08,しろ,おつななー
2021-11-30 21:51:09,まーだ,おつなな～
2021-11-30 21:51:10,カピバラ1号,おつなな～
2021-11-30 21:51:10,one one,おつななー
2021-11-30 21:51:12,辻峰咲夜,おつなな～
2021-11-30 21:51:12,がみぃ,おつななーー
2021-11-30 21:51:12,のぶ,おつなな～
2021-11-30 21:51:12,isa,おつななー
2021-11-30 21:51:12,観月[みつき],おつななー
2021-11-30 21:51:13,びゃっこ,おつななー
2021-11-30 21:51:15,そ ら ち。,おつなな！
2021-11-30 21:51:18,No.396(ミクロ),おつなな！
2021-11-30 21:51:21,渡貫,おつなな～
2021-11-30 21:51:25,ジョン,おつななー
2021-11-30 21:51:28,JIN JIN,おつなな～
2021-11-30 21:51:31,ジョン,今のいいな
2021-11-30 21:51:46,ヤマダン,おつななー
2021-11-30 21:51:55,Dogi,bye bye
