2021-10-22 19:09:42,犀虎,待機
2021-10-22 20:02:18,テルーン,待機:shelterin:
2021-10-22 20:06:56,ユセイ,待機
2021-10-22 20:14:52,ふにさん,ここが待合室ね:shelterin:
2021-10-22 20:34:12,美咲お姉ちゃん,待機
2021-10-22 20:34:25,Ki,お邪魔します、待機
2021-10-22 20:35:06,七海ゆう,待機
2021-10-22 20:36:27,えめらだ,お邪魔します
2021-10-22 20:37:27,十文字隼人,コラボお邪魔します
2021-10-22 20:46:09,麗華,:shelterin::shelterin::shelterin:
2021-10-22 20:52:49,R T,:locomotive:待機
2021-10-22 20:52:57,sakura,待機！
2021-10-22 20:54:16,三星ナナミ / Nanami Mituboshi Ch.,真白もえさんのyoutubeチャンネル　https://www.youtube.com/channel/UCpaA...
2021-10-22 20:55:45,ばら,こんばんは
2021-10-22 20:56:19,mugiメガネ属性,お邪魔します〜
2021-10-22 20:58:11,ぬー,待機
2021-10-22 20:58:21,まーだ,待機
2021-10-22 20:58:34,つあさ,たいき
2021-10-22 20:58:38,真白もえ,待機
2021-10-22 20:58:54,R T,え？
2021-10-22 20:58:58,美咲お姉ちゃん,え？
2021-10-22 20:59:04,sakura,あら？
2021-10-22 20:59:07,七海ゆう,草
2021-10-22 20:59:13,美咲お姉ちゃん,草
2021-10-22 20:59:29,あまでぃー,待機
2021-10-22 20:59:34,mugiメガネ属性,草
2021-10-22 20:59:41,R T,マテ
2021-10-22 20:59:42,Asdxy,待機
2021-10-22 20:59:52,Asdxy,草
2021-10-22 21:00:08,若葉ジョー,:shelterin:
2021-10-22 21:00:11,真白もえ,:shelterin:
2021-10-22 21:00:25,あまでぃー,:shelterin:
2021-10-22 21:00:26,えめらだ,:shelterin:
2021-10-22 21:00:32,C60（フラーレン）,なんでコメ欄にいるんですかねぇ…？
2021-10-22 21:00:43,あまでぃー,こんばんは〜
2021-10-22 21:00:48,若葉ジョー,こんばんわ
2021-10-22 21:00:49,よしりこ#ヴァイス勢🐾🍳,！？
2021-10-22 21:00:49,isa,こんばんはー
2021-10-22 21:00:50,ばら,きた
2021-10-22 21:00:51,犀虎,こんななー
2021-10-22 21:00:52,sakura,こんなな！
2021-10-22 21:00:55,（てのり）,お邪魔します～:shelterin:
2021-10-22 21:00:55,塩ワサビ,こんなな
2021-10-22 21:00:56,つあさ,っでか
2021-10-22 21:00:58,かさぼにーたっ,！？
2021-10-22 21:01:00,Asdxy,こんばんは～
2021-10-22 21:01:01,ヤマダン,こんななー
2021-10-22 21:01:05,塩ワサビ,もう1回ぐらい！
2021-10-22 21:01:06,えめらだ,デデドン
2021-10-22 21:01:06,あまでぃー,ガチ恋距離たすかる
2021-10-22 21:01:11,No.396(ミクロ),こんなな！
2021-10-22 21:01:12,美咲お姉ちゃん,こんばんは～
2021-10-22 21:01:13,東方影,こんもえ
2021-10-22 21:01:14,えめらだ,こんばんわー
2021-10-22 21:01:17,mugiメガネ属性,こんばんは
2021-10-22 21:01:17,R T,こんばんは、ここでは初見です。
2021-10-22 21:01:18,ぬー,こんばんは
2021-10-22 21:01:18,まーだ,こんなな～
2021-10-22 21:01:19,テルーン,ばんばんは
2021-10-22 21:01:20,麗華,こんもえ♪
2021-10-22 21:01:21,ムラサキ,こんばんは〜
2021-10-22 21:01:22,しまごん,こんななー
2021-10-22 21:01:22,あまでぃー,こんもえ〜
2021-10-22 21:01:23,七海ゆう,ドンッ！
2021-10-22 21:01:30,Ki,こんばんは！
2021-10-22 21:01:31,よしりこ#ヴァイス勢🐾🍳,こんもえ〜
2021-10-22 21:01:31,えめらだ,二人ともかわいいですね
2021-10-22 21:01:34,take take,こんななー
2021-10-22 21:01:34,こっこ,こんななもえー
2021-10-22 21:01:38,あまでぃー,初見の者です
2021-10-22 21:01:41,塩ワサビ,タイプは違うけど、好きな二人並ぶのイイ！
2021-10-22 21:01:41,真白もえ,こんなな～
2021-10-22 21:01:42,十文字隼人,コラボ失礼します
2021-10-22 21:01:42,青葉響,こんばんは
2021-10-22 21:01:42,ソニアマスター,こんななー
2021-10-22 21:01:42,sakura,ななてん、落ち着いて！
2021-10-22 21:01:47,ぴーた,こんばんは〜
2021-10-22 21:01:49,かさぼにーたっ,こんななー
2021-10-22 21:01:50,にふらむ＠おなぎり,こんもえ
2021-10-22 21:01:53,美咲お姉ちゃん,こんなな～
2021-10-22 21:01:54,七海ゆう,こんばんわ～
2021-10-22 21:01:54,若葉ジョー,二人共好きだ～～～ｗ
2021-10-22 21:01:59,にふらむ＠おなぎり,開店待ちしてた
2021-10-22 21:02:01,えめらだ,正座してました
2021-10-22 21:02:05,テルーン,こんなな
2021-10-22 21:02:06,Asdxy,こんなな～
2021-10-22 21:02:08,犀虎,よろしくお願いします
2021-10-22 21:02:09,mugiメガネ属性,こんなな
2021-10-22 21:02:09,ばら,かわよ
2021-10-22 21:02:09,真白もえ,緊張
2021-10-22 21:02:13,あまでぃー,今日も可愛い！
2021-10-22 21:02:17,sakura,よろしくお願いします！
2021-10-22 21:02:31,犀虎,音量もう少し上げれませんか？
2021-10-22 21:02:32,こっこ,本番好き
2021-10-22 21:02:34,mugiメガネ属性,もえちゃん普通にコメ欄にいるの草
2021-10-22 21:02:45,十文字隼人,ん？
2021-10-22 21:02:47,まーだ,現役！
2021-10-22 21:02:52,take take,現役なんや
2021-10-22 21:02:55,若葉ジョー,もえちゃんを探して３千里
2021-10-22 21:03:03,真白もえ,どきどき
2021-10-22 21:03:04,テルーン,今日目を手術して片目でしか見えないよ
2021-10-22 21:03:05,犀虎,現役！
2021-10-22 21:03:08,sakura,なるほど現役さんとな！
2021-10-22 21:03:10,R T,何が出るかな、何が出るかな？
2021-10-22 21:03:11,あまでぃー,大丈夫ですよ！
2021-10-22 21:03:11,テルーン,大丈夫
2021-10-22 21:03:17,よしりこ#ヴァイス勢🐾🍳,音量おkd('∀'*)
2021-10-22 21:03:19,美咲お姉ちゃん,大丈夫よ
2021-10-22 21:03:22,Asdxy,大丈夫
2021-10-22 21:03:27,mugiメガネ属性,大丈夫です
2021-10-22 21:03:29,sakura,問題無いよ！
2021-10-22 21:03:35,物黒京,こんばんわ
2021-10-22 21:03:45,\N[0001],大丈夫だよー
2021-10-22 21:03:53,R T,無問題
2021-10-22 21:04:02,カリメロ,こんばんは
2021-10-22 21:04:03,真白もえ,:hot_beverage:
2021-10-22 21:04:05,若葉ジョー,お茶ひきとは
2021-10-22 21:04:08,つあさ,お茶をひく
2021-10-22 21:04:10,美咲お姉ちゃん,お茶
2021-10-22 21:04:11,isa,わかるで
2021-10-22 21:04:20,真白もえ,給料０
2021-10-22 21:04:22,あまでぃー,お茶を引くってなぁに？
2021-10-22 21:04:25,mugiメガネ属性,お茶を引くはもえちゃんから聞かされてます
2021-10-22 21:04:25,Ki,:teacup_without_handle:
2021-10-22 21:04:27,テルーン,虚無0
2021-10-22 21:04:27,sakura,なるほど
2021-10-22 21:04:27,ばら,この時期だと暇になりやすいのかな
2021-10-22 21:04:31,十文字隼人,遊郭の話だったかな
2021-10-22 21:04:37,R T,客０
2021-10-22 21:04:38,Kaiser Riceball,(っ´∀`)っ:teacup_without_handle:
2021-10-22 21:04:39,炭酸水,へー
2021-10-22 21:04:41,よしりこ#ヴァイス勢🐾🍳,前にも聞いたけど、キツいね…
2021-10-22 21:04:43,こっこ,お茶に罪はない
2021-10-22 21:04:48,七海ゆう,:teacup_without_handle:×１０
2021-10-22 21:04:54,テルーン,歩合性が多いの？
2021-10-22 21:05:05,若葉ジョー,もえちゃんなら場所言えば速攻で予約埋まりそうｗ
2021-10-22 21:05:09,十文字隼人,安いの？
2021-10-22 21:05:10,炭酸水,何割くらい？
2021-10-22 21:05:12,sakura,やっぱり影響あるんだなぁ
2021-10-22 21:05:25,mugiメガネ属性,交通費より稼ぎないのヤバいな
2021-10-22 21:05:30,あまでぃー,なるほどなぁ
2021-10-22 21:05:44,あまでぃー,今はお客さん戻ってます？
2021-10-22 21:05:48,こっこ,つれえわ
2021-10-22 21:05:50,sakura,やーば
2021-10-22 21:05:50,C60（フラーレン）,うわ…
2021-10-22 21:05:55,R T,フルコミッション？
2021-10-22 21:05:58,麗華,マイナスはキツい
2021-10-22 21:06:09,ばら,ボーナス時期まで待たないといけないのか
2021-10-22 21:06:09,C60（フラーレン）,時期により変わるんですね。
2021-10-22 21:06:17,テルーン,働いたらマイナスはしんどい
2021-10-22 21:06:23,あまでぃー,年末は仕事が忙しい、
2021-10-22 21:06:28,mugiメガネ属性,閑散期とか知らんかったな
2021-10-22 21:06:28,ふにさん,金しだい
2021-10-22 21:06:29,えめらだ,様子見てるんじゃない？
2021-10-22 21:06:30,C60（フラーレン）,年末は普通に忙しい。　
2021-10-22 21:06:31,麗華,自分はそもそも行ったことない
2021-10-22 21:06:33,門番,寒くて縮こまる、慣れるまで立たぬ
2021-10-22 21:06:33,炭酸水,ボーナスの時期なら６、１２月あたりがいいかね
2021-10-22 21:06:37,塩ワサビ,転勤前の駆け込み需要？
2021-10-22 21:06:37,sakura,行ってみたい感はある
2021-10-22 21:06:43,美咲お姉ちゃん,理解していない
2021-10-22 21:06:48,十文字隼人,発情期じゃない？
2021-10-22 21:07:03,びゃっこ,ご時世的に行きにくい
2021-10-22 21:07:11,うづりん,あんまくにせずいく
2021-10-22 21:07:12,C60（フラーレン）,12月10日前後
2021-10-22 21:07:15,あまでぃー,ボーナス入ったら風俗行ってみようかな
2021-10-22 21:07:17,麗華,自分とこは3月9月
2021-10-22 21:07:19,よしりこ#ヴァイス勢🐾🍳,近くには何件かあって一度は行ってみたいけど、行く勇気が…
2021-10-22 21:07:31,mugiメガネ属性,ボーナスでたら混むのかな
2021-10-22 21:07:32,門番,ボーナス八月、十二月ですね
2021-10-22 21:07:33,ばら,ボーナスより休みの時期なのか
2021-10-22 21:07:36,塩ワサビ,6月～7月がボーナスだからね
2021-10-22 21:07:48,えめらだ,風でコロナ貰ったら会社にバレてヤバいとか？
2021-10-22 21:07:50,テルーン,列を作って待たないと
2021-10-22 21:07:51,sakura,長期休暇のシーズンは混むのね
2021-10-22 21:07:58,塩ワサビ,大体1.5～2Hです。。。
2021-10-22 21:08:03,こっこ,無限出勤編
2021-10-22 21:08:10,十文字隼人,ひりひり？
2021-10-22 21:08:19,炭酸水,稼ぎどきではあるね
2021-10-22 21:08:30,テルーン,怖い痛そう
2021-10-22 21:08:34,sakura,忙しいのな
2021-10-22 21:08:35,ばら,体力仕事やな
2021-10-22 21:08:36,mugiメガネ属性,そんなに準備大変なのか
2021-10-22 21:08:43,えめらだ,身体保つんか…
2021-10-22 21:08:49,よしりこ#ヴァイス勢🐾🍳,デリやとそうなるんやね( 'ω' )
2021-10-22 21:08:54,あまでぃー,Wao
2021-10-22 21:08:56,塩ワサビ,チェーン系のアレか？
2021-10-22 21:09:02,mugiメガネ属性,学園系はよいな
2021-10-22 21:09:08,sakura,学園系ってコスプレするんですか？
2021-10-22 21:09:22,十文字隼人,M性感てまだあるのか
2021-10-22 21:09:24,塩ワサビ,ローションマッサージ気持ちいい
2021-10-22 21:09:28,よしりこ#ヴァイス勢🐾🍳,初見さんいらっしゃい！ちなみにこっちの配信はウチも初見
2021-10-22 21:09:43,テルーン,デリとか怖い時がありそう
2021-10-22 21:09:46,炭酸水,ソープ楽なん？
2021-10-22 21:09:48,あまでぃー,マットが大変そう、
2021-10-22 21:09:52,えめらだ,デリが慣れてて楽ならそっちの方がいいんかなぁ
2021-10-22 21:10:09,十文字隼人,2枚でどう？
2021-10-22 21:10:10,sakura,交渉！？
2021-10-22 21:10:21,うづりん,騎乗位を長時間してもらうと申し訳なくなる
2021-10-22 21:10:27,mugiメガネ属性,ソープ単純に身体キツそうなイメージだな
2021-10-22 21:10:29,ふにさん,で、イクラやねん
2021-10-22 21:10:36,こっこ,ひえーこわい
2021-10-22 21:10:39,七海ゆう,よく聞くめんどいやつ～
2021-10-22 21:10:39,（てのり）,よく聞いたお話
2021-10-22 21:10:39,ばら,説教おじさんｗｗｗｗ
2021-10-22 21:10:48,sakura,害悪極まりない客やん
2021-10-22 21:10:50,塩ワサビ,クレームってどこに？ｗ店に本番禁止書いてあるやんｗ
2021-10-22 21:10:56,あまでぃー,ルール守れない人嫌だね
2021-10-22 21:10:58,えめらだ,本番自体は嫌ではないのかな
2021-10-22 21:11:03,mugiメガネ属性,精神攻撃きついな
2021-10-22 21:11:05,C60（フラーレン）,性に関わることは猿になるからね、男は。
2021-10-22 21:11:23,テルーン,客でも最低限超えたちゃいけない領域があるでしょ
2021-10-22 21:11:26,門番,夜の肉体労働なんだなw
2021-10-22 21:11:26,mugiメガネ属性,マットは筋トレ道具みたいなもんかw
2021-10-22 21:11:33,十文字隼人,本番禁止の意味は色々
2021-10-22 21:11:40,Ki,マジ肉体労働なんだなぁ
2021-10-22 21:11:41,あまでぃー,マットってどこで練習できるの？
2021-10-22 21:11:46,炭酸水,動きっぱなしだもんね
2021-10-22 21:11:57,テルーン,ムキムキになりそう
2021-10-22 21:12:18,十文字隼人,本番ある方が楽だよね
2021-10-22 21:12:22,若葉ジョー,もえちゃんは養殖、っと〆(._.)ﾒﾓﾒﾓ
2021-10-22 21:12:25,えめらだ,あっ…
2021-10-22 21:12:26,mugiメガネ属性,ヘルスのほうがよいな
2021-10-22 21:12:31,No.396(ミクロ),ｗｗｗ
2021-10-22 21:12:32,七海ゆう,ないなった
2021-10-22 21:12:33,かさぼにーたっ,tkbストーカー
2021-10-22 21:12:35,よしりこ#ヴァイス勢🐾🍳,アニマルビデオで見た感じとちゃうんやね( ˙꒳˙ )
2021-10-22 21:12:36,isa,つらい
2021-10-22 21:12:37,sakura,そんな事あるのか･･･
2021-10-22 21:12:38,あまでぃー,許せねぇ、
2021-10-22 21:12:39,こっこ,きつそー
2021-10-22 21:12:41,mugiメガネ属性,もえちゃんのtkbがないなった
2021-10-22 21:12:42,R T,痛そう
2021-10-22 21:12:42,十文字隼人,7人か・・・
2021-10-22 21:12:48,テルーン,ないなったよーーー
2021-10-22 21:12:48,えめらだ,許せねぇよなぁ！
2021-10-22 21:12:50,りう,痛そう
2021-10-22 21:12:55,よしりこ#ヴァイス勢🐾🍳,その客最低…
2021-10-22 21:12:56,塩ワサビ,すみません、勘違い男です。。。
2021-10-22 21:12:57,かさぼにーたっ,tkbって弄られすぎると取れるらしいね
2021-10-22 21:12:57,シュラプネルおじさん,やべぇ気を付けるわ
2021-10-22 21:12:59,Kaiser Riceball,つら
2021-10-22 21:13:01,Asdxy,痛そう
2021-10-22 21:13:04,チテイランのお絵描きチャンネル,こんばんは
2021-10-22 21:13:06,（てのり）,勘違いも甚だしい
2021-10-22 21:13:07,ばら,お客さんはなにすればええんや
2021-10-22 21:13:11,mugiメガネ属性,普通に噛まれるの痛いやん
2021-10-22 21:13:21,No.396(ミクロ),それは痛そうだなぁ…
2021-10-22 21:13:34,R T,やさしくやらしく
2021-10-22 21:13:37,炭酸水,回復時間がないからか
2021-10-22 21:13:42,十文字隼人,なにしていいかわからんもんな
2021-10-22 21:13:43,あまでぃー,辛いな、
2021-10-22 21:13:44,Ki,そうなのか
2021-10-22 21:13:47,門番,サラリーマンの愚痴飲みのノリに近い何か（脱サラと現役リーマン）
2021-10-22 21:13:52,sakura,勉強になる
2021-10-22 21:13:54,塩ワサビ,( ﾟДﾟ)ゞ
2021-10-22 21:13:55,炭酸水,ソフトですね
2021-10-22 21:13:58,七海ゆう,そこに限らずだろうｗ
2021-10-22 21:13:58,mugiメガネ属性,tkbはデリケートだからね
2021-10-22 21:13:59,かさぼにーたっ,tkbは貴重品
2021-10-22 21:14:00,チテイランのお絵描きチャンネル,痛い話だ
2021-10-22 21:14:02,ふにさん,マーキングかよ
2021-10-22 21:14:07,No.396(ミクロ),フェザータッチ大事！
2021-10-22 21:14:10,カリメロ,前の人の事までは考えが及ばなんだｗ
2021-10-22 21:14:11,十文字隼人,フェザータッチ（さわれない）
2021-10-22 21:14:13,テルーン,男性が股間噛まれたら嫌がるのに、女性にはしちゃう人がいる
2021-10-22 21:14:12,あまでぃー,tkbは優しく舐める！
2021-10-22 21:14:17,C60（フラーレン）,掴んでくる人もいるのね。
2021-10-22 21:14:21,よしりこ#ヴァイス勢🐾🍳,なるほどねφ(･_･ )
2021-10-22 21:14:24,塩ワサビ,フェザーだとよくくすぐったいって言われる
2021-10-22 21:14:28,mugiメガネ属性,フェザータッチね！
2021-10-22 21:14:28,take take,ピアスしてる人もいるけど
2021-10-22 21:14:34,炭酸水,ちょっと隙間あけるくらい？
2021-10-22 21:14:46,mugiメガネ属性,フェザーぺろぺろだな
2021-10-22 21:14:48,えめらだ,ふぁさぁ
2021-10-22 21:14:50,テルーン,足がわかりやすいかも
2021-10-22 21:14:54,門番,子どもをくすぐる位なイメージだったけどもっとソフトなのかな？
2021-10-22 21:14:57,あまでぃー,勉強になる
2021-10-22 21:15:00,ふにさん,猫なでるように
2021-10-22 21:15:02,sakura,ほほぅ
2021-10-22 21:15:04,戯言遣い,こんななー
2021-10-22 21:15:14,辻峰咲夜,こんななー
2021-10-22 21:15:21,mugiメガネ属性,自分の下半身で練習…
2021-10-22 21:15:27,麗華,フェザータッチ…...φ(・ω・ )ﾒﾓﾒﾓ
2021-10-22 21:15:30,えめらだ,草
2021-10-22 21:15:30,No.396(ミクロ),ハムスターw
2021-10-22 21:15:33,ふにさん,草
2021-10-22 21:15:35,かさぼにーたっ,ハメすたー
2021-10-22 21:15:36,Asdxy,草
2021-10-22 21:15:37,C60（フラーレン）,ハムスター(意味深)
2021-10-22 21:15:37,mugiメガネ属性,ハムスターw
2021-10-22 21:15:38,あまでぃー,ハム太郎…
2021-10-22 21:15:38,炭酸水,ハムスターね
2021-10-22 21:15:39,シュラプネルおじさん,でも男は下半身ガシガシしがちだからなぁ
2021-10-22 21:15:40,Ki,草
2021-10-22 21:15:41,sakura,優しい忠告だなw
2021-10-22 21:15:44,mugiメガネ属性,くしくし
2021-10-22 21:15:51,よしりこ#ヴァイス勢🐾🍳,ハムハムーw
2021-10-22 21:15:53,戯言遣い,ハメスターがしんだ！
2021-10-22 21:15:57,門番,ハムスターなのだ！
2021-10-22 21:15:58,えめらだ,その辺も禁止したらいいのにねー
2021-10-22 21:16:02,もんじ,こんななー　真白もえちゃんよろしくお願いします
2021-10-22 21:16:05,十文字隼人,そりゃわからないから
2021-10-22 21:16:05,りう,AVに憧れてる
2021-10-22 21:16:06,炭酸水,最初はガシガシしてた。AVの知識しかないからわからんのよ
2021-10-22 21:16:07,かさぼにーたっ,客は自分が気持ちよくなりたくて来てるんだから仕方ない
2021-10-22 21:16:08,まーだ,ﾊﾑﾀﾛｻｧﾝ…
2021-10-22 21:16:13,塩ワサビ,ちゃんと爪切っておかんと
2021-10-22 21:16:26,sakura,AVのみすぎ？
2021-10-22 21:16:29,テルーン,なんでも口に入れたがる子供みたい
2021-10-22 21:16:30,十文字隼人,彼女にはしないというね
2021-10-22 21:16:40,あまでぃー,楽しみ♪
2021-10-22 21:16:53,戯言遣い,ほうw
2021-10-22 21:16:54,sakura,マロきちゃ！
2021-10-22 21:16:55,mugiメガネ属性,マシュマロ楽しみ
2021-10-22 21:17:02,よしりこ#ヴァイス勢🐾🍳,あ、送ってねぇ(꒪д꒪IIちなみに今マシュマロ送っても？
2021-10-22 21:17:07,ばら,くさ
2021-10-22 21:17:11,かさぼにーたっ,教えたがりおじさんとは
2021-10-22 21:17:16,十文字隼人,とは？
2021-10-22 21:17:16,あまでぃー,草
2021-10-22 21:17:22,よしりこ#ヴァイス勢🐾🍳,何それ(・・?)
2021-10-22 21:17:24,C60（フラーレン）,説教おじさんはいそう。
2021-10-22 21:17:25,テルーン,ごらんおじさんはいる
2021-10-22 21:17:27,sakura,教えたがりw
2021-10-22 21:17:31,十文字隼人,アニオタ？
2021-10-22 21:17:34,mugiメガネ属性,自分の知識を教えたがり？
2021-10-22 21:17:36,はじき,世界の情勢だろなあ...
2021-10-22 21:17:42,かさぼにーたっ,豆知識教えたがりおじさんならツイッターによく居る
2021-10-22 21:17:53,ばら,くさ
2021-10-22 21:17:54,塩ワサビ,潮吹きさせる、とか？（気持ちよくはない
2021-10-22 21:17:57,あまでぃー,なんやそれw
2021-10-22 21:17:59,sakura,www
2021-10-22 21:18:00,七海ゆう,聞いてもないのに助言してくるおじさん
2021-10-22 21:18:02,十文字隼人,それは違うんじゃ？
2021-10-22 21:18:02,Asdxy,ｗｗｗ
2021-10-22 21:18:03,かさぼにーたっ,しょうもない質問w
2021-10-22 21:18:06,mugiメガネ属性,ただのキモオタやんw
2021-10-22 21:18:09,こっこ,それは純粋な疑問かもしれない
2021-10-22 21:18:10,よしりこ#ヴァイス勢🐾🍳,草すぎっしょw
2021-10-22 21:18:13,C60（フラーレン）,えぇ…
2021-10-22 21:18:16,門番,教えたがり？雑学語りおじさんとかな感じな人かな
2021-10-22 21:18:20,あまでぃー,同人誌の見過ぎかなw
2021-10-22 21:18:21,炭酸水,教えたがりとは違うねｗ
2021-10-22 21:18:27,ぴーた,新人ばかり指名する人いるらしいね
2021-10-22 21:18:38,狐蛇狼(こたろう),新人相手に教えたがるおじさん？
2021-10-22 21:18:44,十文字隼人,あああれだ自分のここが感じるとか教えるやつでは？
2021-10-22 21:18:49,mugiメガネ属性,プライド高い系ね
2021-10-22 21:18:51,sakura,上からw
2021-10-22 21:18:51,こっこ,説教おじさん！
2021-10-22 21:18:54,かさぼにーたっ,｢こういう仕事｣って言われ方するのか…
2021-10-22 21:18:56,門番,自分語りおじさんか〜
2021-10-22 21:18:59,塩ワサビ,お前の狭い社会など知るかｗｗｗと
2021-10-22 21:19:02,テルーン,AV（アニマルビデオ）の見過ぎ
2021-10-22 21:19:11,よしりこ#ヴァイス勢🐾🍳,そういう客めんどいねぇ…
2021-10-22 21:19:16,十文字隼人,小卒？
2021-10-22 21:19:29,C60（フラーレン）,はえ〜…
2021-10-22 21:19:31,mugiメガネ属性,小卒ってw
2021-10-22 21:19:34,シュラプネルおじさん,そっちが世間知らないんだよなぁｗｗｗｗ
2021-10-22 21:19:43,Ki,もえちゃんそうだったもんなぁｗ
2021-10-22 21:19:46,よしりこ#ヴァイス勢🐾🍳,それこそ草だわ
2021-10-22 21:19:53,かさぼにーたっ,若く見えたってコトさ
2021-10-22 21:19:57,十文字隼人,バカの子がかわいい
2021-10-22 21:19:58,C60（フラーレン）,くぅ〜ん…
2021-10-22 21:19:58,テルーン,自分の考えが全てって感じてるおじさん
2021-10-22 21:19:59,あまでぃー,草
2021-10-22 21:20:02,七海ゆう,はにゃ？
2021-10-22 21:20:10,mugiメガネ属性,天然はかわいい
2021-10-22 21:20:15,狐蛇狼(こたろう),はにゃーは演技なんですねぇ
2021-10-22 21:20:16,えめらだ,はにゃ？（ビキビキ
2021-10-22 21:20:16,かさぼにーたっ,男はバカでエロい女が好きだから
2021-10-22 21:20:19,戯言遣い,はにゃ？どっかできいたことあるような
2021-10-22 21:20:32,かさぼにーたっ,居るんだ〜
2021-10-22 21:20:36,塩ワサビ,疲れた時休憩（添い寝）したい
2021-10-22 21:20:39,十文字隼人,お話は普通やろ？
2021-10-22 21:20:46,よしりこ#ヴァイス勢🐾🍳,居るんやね( 'ω' )
2021-10-22 21:20:47,sakura,そこは大丈夫なんだ
2021-10-22 21:20:49,テルーン,ゲームとかは？
2021-10-22 21:20:58,塩ワサビ,1プレイ後、ガチで寝たことある
2021-10-22 21:21:02,ふにさん,セレブやん
2021-10-22 21:21:09,mugiメガネ属性,お話のネタないなる
2021-10-22 21:21:26,C60（フラーレン）,4時間…！？
2021-10-22 21:21:28,狐蛇狼(こたろう),ななてんは会話だけだと飽きそうなイメージあるな
2021-10-22 21:21:29,（てのり）,240分は長いなー
2021-10-22 21:21:31,十文字隼人,でも楽じゃないの？
2021-10-22 21:21:41,七海ゆう,合わない話延々と相づち打つのはなぁ…ｗ
2021-10-22 21:21:44,mugiメガネ属性,180分？
2021-10-22 21:21:45,塩ワサビ,長くて2時間までやな。。。
2021-10-22 21:21:50,よしりこ#ヴァイス勢🐾🍳,さすがにそれだけはねぇ…
2021-10-22 21:21:52,こっこ,なるほどなー
2021-10-22 21:21:53,sakura,話だけだと色々間が持たなそう･･･
2021-10-22 21:21:58,あまでぃー,ある意味大変？
2021-10-22 21:22:15,No.396(ミクロ),ほうほう…
2021-10-22 21:22:16,十文字隼人,お客も大変だと思うぞ
2021-10-22 21:22:21,mugiメガネ属性,バック？
2021-10-22 21:22:27,テルーン,高くなるの？
2021-10-22 21:22:58,えめらだ,張り切りすぎなんかな
2021-10-22 21:22:59,戯言遣い,なるほど
2021-10-22 21:23:02,mugiメガネ属性,240分？4時間？
2021-10-22 21:23:08,sakura,なるほどなぁ
2021-10-22 21:23:10,十文字隼人,風俗行きなれてないならそういうことはあるさ
2021-10-22 21:23:15,ふにさん,なるほど
2021-10-22 21:23:18,よしりこ#ヴァイス勢🐾🍳,話しとかしたいならキャバ行けば？になるね^^;
2021-10-22 21:23:21,かさぼにーたっ,愚痴大会
2021-10-22 21:23:22,mugiメガネ属性,きついな〜
2021-10-22 21:23:26,あまでぃー,相性悪かったらなおキツそう
2021-10-22 21:23:34,テルーン,本指名で240分は何するの？
2021-10-22 21:23:37,よしりこ#ヴァイス勢🐾🍳,マジかぁ…
2021-10-22 21:23:38,十文字隼人,キャバは敷居高いぞ
2021-10-22 21:23:41,燃え滓,気まずい雰囲気はきつそう
2021-10-22 21:23:52,門番,９０分が最短じゃないんだ
2021-10-22 21:23:53,mugiメガネ属性,せいぜい60分くらいかな
2021-10-22 21:24:24,ふにさん,50分よ
2021-10-22 21:24:34,塩ワサビ,あんま日を空けてなければ、2回目でも覚えてくれてる？
2021-10-22 21:24:40,十文字隼人,風俗嬢では
2021-10-22 21:24:46,門番,そうなのか〜
2021-10-22 21:24:47,Ki,風〇嬢かも
2021-10-22 21:24:47,かさぼにーたっ,巨根だったらうれしいの？
2021-10-22 21:24:51,塩ワサビ,店によっては40分スターターコース、的なのも
2021-10-22 21:24:55,えめらだ,中身は同じかもね
2021-10-22 21:25:04,十文字隼人,巨根はよくない
2021-10-22 21:25:13,ばら,くさ
2021-10-22 21:25:15,あまでぃー,あるあるなんですねw
2021-10-22 21:25:16,まーだ,そうなんだｗ
2021-10-22 21:25:20,C60（フラーレン）,あー…
2021-10-22 21:25:27,mugiメガネ属性,外見より優しいほうがよいよね
2021-10-22 21:25:27,えめらだ,優しいオタク勝利
2021-10-22 21:25:36,はじき,www
2021-10-22 21:25:41,七海ゆう,やだなぁｗ
2021-10-22 21:25:46,ふにさん,手の店は短いね
2021-10-22 21:25:47,炭酸水,負担かからないのが一番いいのね
2021-10-22 21:25:48,こっこ,めっちゃおもしろい
2021-10-22 21:25:49,十文字隼人,なんか女子トークだな
2021-10-22 21:25:54,塩ワサビ,それは熟女系に行ってから考えよう
2021-10-22 21:25:55,えめらだ,深いぜ
2021-10-22 21:25:57,よしりこ#ヴァイス勢🐾🍳,やっぱりそういうチャラい感じが多いのね…アニマルビデオの見すぎな
2021-10-22 21:25:58,ばら,やっぱ清潔感なのね
2021-10-22 21:26:03,R T,デカさより回復力？
2021-10-22 21:26:14,かさぼにーたっ,外国人サイズは疲れそうね
2021-10-22 21:26:18,あまでぃー,巨根って長さ？太さ？
2021-10-22 21:26:18,狐蛇狼(こたろう),若いのにイケメンなのに店来るの？って引かない？
2021-10-22 21:26:21,ふにさん,清潔感は見た目だろ
2021-10-22 21:26:26,mugiメガネ属性,小さいほうが良いのか！なるほど
2021-10-22 21:26:59,まーだ,巨根は嫌がられるっていうのはよく聞く
2021-10-22 21:27:03,十文字隼人,え？
2021-10-22 21:27:06,かさぼにーたっ,ガバガバになってしまう……
2021-10-22 21:27:23,えめらだ,鯉はヤバい
2021-10-22 21:27:24,十文字隼人,うらやましいなｗ
2021-10-22 21:27:31,塩ワサビ,普段スパチャしないんですが、面白いので、これで二人でご飯いく足しにでもしてください。
2021-10-22 21:27:33,かさぼにーたっ,しんだは言わなくてええやろw
2021-10-22 21:27:33,Ki,萎えてて死んだ鯉！？
2021-10-22 21:27:36,よしりこ#ヴァイス勢🐾🍳,そんなに！？
2021-10-22 21:27:36,mugiメガネ属性,○んだ鯉w
2021-10-22 21:27:38,ふにさん,こわ
2021-10-22 21:27:39,門番,例えば分かりやすいけどヤバイ大きさw
2021-10-22 21:27:44,シュラプネルおじさん,ちょっと想像つかないっすねぇｗｗｗｗ
2021-10-22 21:27:48,炭酸水,日常生活不便そうｗ
2021-10-22 21:27:49,こっこ,鯉を死なす必要あった？
2021-10-22 21:27:59,C60（フラーレン）,ムダ毛処理して口臭対策して、爪きって。清潔感ってそんなもんよ。
2021-10-22 21:28:05,不知火,やっぱりデカいほうがテンション上がるんやな
2021-10-22 21:28:07,戯言遣い,鯉生きてたらあかんのか？w
2021-10-22 21:28:08,まーだ,何cm位が理想ですか？
2021-10-22 21:28:25,ばら,外国の人NGってそういう理由もあるのか
2021-10-22 21:28:30,えめらだ,ぐでーんて
2021-10-22 21:28:34,ホットミルク,デカいののラインてどっからなんだろ
2021-10-22 21:28:34,びゃっこ,そんな電話したくないな
2021-10-22 21:28:41,Ki,びちびちしてないってことか
2021-10-22 21:28:44,テルーン,立っていたら生きてる鯉なのか
2021-10-22 21:28:45,こっこ,罪のない鯉が・・・
2021-10-22 21:28:45,門番,萎えて死んだ鯉、立ったら登り竜なんだろうな
2021-10-22 21:28:53,mugiメガネ属性,デカイのか自分でわからないよね
2021-10-22 21:29:15,炭酸水,じゃあ大丈夫だわ。エコだわ
2021-10-22 21:29:17,天津功史朗,肩に担げるくらいのイチモツって本当にあるんだ…
2021-10-22 21:29:20,C60（フラーレン）,それはでかい。
2021-10-22 21:29:30,狐蛇狼(こたろう),ななてんの手の大きさが……わからない
2021-10-22 21:29:31,塩ワサビ,ワイの手だと15cmぐらいか
2021-10-22 21:29:31,えめらだ,痛そう…
2021-10-22 21:29:32,十文字隼人,きつきつか
2021-10-22 21:29:33,あまでぃー,それは痛い、
2021-10-22 21:29:43,C60（フラーレン）,いたいいたい
2021-10-22 21:29:44,mugiメガネ属性,痛いな
2021-10-22 21:29:48,かさぼにーたっ,細長いw
2021-10-22 21:29:53,ばら,ひえっ・・・
2021-10-22 21:29:59,Ki,蛇かな
2021-10-22 21:30:01,辻峰咲夜,ひえ
2021-10-22 21:30:01,かさぼにーたっ,チンアナゴかな？
2021-10-22 21:30:04,mugiメガネ属性,短くて細いのが正解ね
2021-10-22 21:30:05,テルーン,痛い！注射器かな
2021-10-22 21:30:08,七海ゆう,きつそう
2021-10-22 21:30:11,十文字隼人,子宮突かれると痛いという子もいるね
2021-10-22 21:30:13,ふにさん,うらやましいねえ
2021-10-22 21:30:16,よしりこ#ヴァイス勢🐾🍳,それはヤバい…
2021-10-22 21:30:37,門番,大腸検査でも細いの奥に当たるとヤバイ痛い！細いの舐めない方が良い！
2021-10-22 21:30:37,あまでぃー,怖い、
2021-10-22 21:30:48,十文字隼人,クスコ
2021-10-22 21:30:48,塩ワサビ,さすがに子宮は届かん。。。
2021-10-22 21:30:49,こっこ,子宮が気持ちいいはファンタジー
2021-10-22 21:30:52,Ki,ひぃ
2021-10-22 21:30:54,mugiメガネ属性,聞いただけで痛そう
2021-10-22 21:30:56,えめらだ,ブチ抜かれるのか…
2021-10-22 21:31:00,塩ワサビ,いや、処女いないだろｗ
2021-10-22 21:31:00,Kaiser Riceball,やめてー
2021-10-22 21:31:14,ホットミルク,そうなると自分はそういうお店に行かない方が良いなぁ
2021-10-22 21:31:34,C60（フラーレン）,処女いますぜ。
2021-10-22 21:31:41,テルーン,妹とかも言ってたりする
2021-10-22 21:31:47,よしりこ#ヴァイス勢🐾🍳,今の聞いてて一瞬､冷っとした(っ'﹏'c)
2021-10-22 21:31:51,あまでぃー,そうなんだ。勉強になる
2021-10-22 21:31:52,mugiメガネ属性,なるほど
2021-10-22 21:31:55,えめらだ,じゃあ最初からエコーでいいんじゃ…
2021-10-22 21:32:03,C60（フラーレン）,おおっと…
2021-10-22 21:32:04,十文字隼人,処女だから膜あるとは限らんが
2021-10-22 21:32:09,戯言遣い,親の横でw
2021-10-22 21:32:15,mugiメガネ属性,それはいい辛いw
2021-10-22 21:32:15,テルーン,破らないように気おつけるんだ
2021-10-22 21:32:18,狐蛇狼(こたろう),親の前で宣言かぁ
2021-10-22 21:32:18,七海ゆう,いいづらｗ
2021-10-22 21:32:21,門番,親の前は辛すぎるw
2021-10-22 21:32:22,はじき,親同伴は辛いなあ
2021-10-22 21:32:26,No.396(ミクロ),親同伴でそれはきついなぁwww
2021-10-22 21:32:33,R T,ある意味処刑だな
2021-10-22 21:32:50,十文字隼人,精教育
2021-10-22 21:32:50,塩ワサビ,イメクラならやってくれるんじゃない
2021-10-22 21:32:59,狐蛇狼(こたろう),置き換えはチカンかなぁ？
2021-10-22 21:33:05,C60（フラーレン）,オプションでーす。
2021-10-22 21:33:07,R T,マシュマロ回避術かな？
2021-10-22 21:33:09,Kaiser Riceball,地下ん
2021-10-22 21:33:12,mugiメガネ属性,精教育w
2021-10-22 21:33:26,ふにさん,先生ｘ学生で
2021-10-22 21:33:27,mugiメガネ属性,置き換えとは？
2021-10-22 21:33:30,テルーン,すごい？
2021-10-22 21:33:40,十文字隼人,電車のやつ
2021-10-22 21:33:45,門番,二人が生徒か……良いな〜そんな世界素晴らしいな〜
2021-10-22 21:33:47,あまでぃー,普段しないシチュエーションって興奮しそう
2021-10-22 21:33:49,えめらだ,漫画で見たことあるなぁ
2021-10-22 21:33:53,塩ワサビ,そういうとこ言ったことある。今じゃ都内にはないけど。。。
2021-10-22 21:34:01,辻峰咲夜,そんな部屋あるとこ確かにあるよね
2021-10-22 21:34:24,よしりこ#ヴァイス勢🐾🍳,そんなんあるんやぁ( •ㅿ• )？
2021-10-22 21:34:38,こっこ,個人差あり
2021-10-22 21:34:49,mugiメガネ属性,教師はリアルだな
2021-10-22 21:34:49,辻峰咲夜,おっと
2021-10-22 21:34:50,十文字隼人,そりゃまずいやろ
2021-10-22 21:34:52,テルーン,よく考えるな
2021-10-22 21:34:53,えめらだ,手出したいのかよ
2021-10-22 21:34:55,ばら,それはおもろいな
2021-10-22 21:34:55,塩ワサビ,いや、でも現実手をださなければセーフ。。。
2021-10-22 21:34:56,ふにさん,本物かあ
2021-10-22 21:34:57,テルーン,やば
2021-10-22 21:35:00,Kaiser Riceball,こわっ
2021-10-22 21:35:00,シュラプネルおじさん,そこで発散してくれるならまぁまだ・・・
2021-10-22 21:35:07,R T,ナイスガス抜き？
2021-10-22 21:35:08,麗華,こわっ
2021-10-22 21:35:08,C60（フラーレン）,わーお…
2021-10-22 21:35:09,あまでぃー,子供いる人もくるのかw
2021-10-22 21:35:13,よしりこ#ヴァイス勢🐾🍳,そりゃそうやわ！だとしてもそれはあかん
2021-10-22 21:35:21,かさぼにーたっ,お店で満足してる間は犯罪者じゃないから…
2021-10-22 21:35:23,びゃっこ,闇が深い・・
2021-10-22 21:35:24,mugiメガネ属性,娘と同じとかあかん
2021-10-22 21:35:33,えめらだ,まあ犯罪に走るよりはいいよね
2021-10-22 21:35:41,テルーン,治安維持活動だった
2021-10-22 21:35:46,炭酸水,平和に貢献してるんだね
2021-10-22 21:35:50,塩ワサビ,うんうん、お店で発散して、外には持ち込むな、と。
2021-10-22 21:35:52,mugiメガネ属性,まぁお店なら犯罪にならんからね
2021-10-22 21:35:59,R T,性犯罪抑制策かな？
2021-10-22 21:36:04,十文字隼人,実の娘ぐらいが適正になるのはしょうがない
2021-10-22 21:36:19,びゃっこ,シチュエーションはノリがよくないと辛くなりそう
2021-10-22 21:36:33,あまでぃー,えぇ
2021-10-22 21:36:46,燃え滓,厳しいのやってみたい
2021-10-22 21:36:50,炭酸水,行ってみたいｗ
2021-10-22 21:36:51,C60（フラーレン）,M向け?
2021-10-22 21:36:51,こっこ,ちょっとおもしろそう
2021-10-22 21:36:54,シュラプネルおじさん,舐められて気持ちよくなったことないんだよなぁ
2021-10-22 21:36:56,あまでぃー,テクは教えて欲しいかも
2021-10-22 21:36:57,狐蛇狼(こたろう),それは受けてみたいねぇ
2021-10-22 21:37:00,十文字隼人,親切
2021-10-22 21:37:04,門番,企画としてありだなやって欲しい
2021-10-22 21:37:08,ふにさん,鼻息当てていいのかなあ
2021-10-22 21:37:12,Ki,心が折れそうだから行かないｗ
2021-10-22 21:37:14,mugiメガネ属性,それはいいな
2021-10-22 21:37:14,七海ゆう,ご褒美あるんだ
2021-10-22 21:37:15,炭酸水,どこですか？
2021-10-22 21:37:19,かさぼにーたっ,そんだけ説教されたら立たないでしょ
2021-10-22 21:37:22,テルーン,色々あるなほんとに
2021-10-22 21:37:46,塩ワサビ,アニャル舐めたい、までは言ったことある
2021-10-22 21:37:48,まーだ,ｗ
2021-10-22 21:37:48,十文字隼人,AIもえ
2021-10-22 21:37:52,戯言遣い,心を無にw
2021-10-22 21:38:07,十文字隼人,それきつい
2021-10-22 21:38:08,塩ワサビ,ｗｗｗ
2021-10-22 21:38:08,ばら,くさ
2021-10-22 21:38:13,かさぼにーたっ,くすぐりマニアかな
2021-10-22 21:38:14,No.396(ミクロ),うわぁw
2021-10-22 21:38:15,C60（フラーレン）,えぇ…
2021-10-22 21:38:15,戯言遣い,疲れそう
2021-10-22 21:38:19,Ki,同じ人！？
2021-10-22 21:38:19,isa,草
2021-10-22 21:38:19,かさぼにーたっ,同じ客！？
2021-10-22 21:38:22,R T,え？
2021-10-22 21:38:23,塩ワサビ,もう羽ペン用意しとけばいいんじゃないかな？
2021-10-22 21:38:23,辻峰咲夜,え?
2021-10-22 21:38:26,こっこ,まさかの同じ客
2021-10-22 21:38:26,あまでぃー,同じお客さんかな？w
2021-10-22 21:38:26,mugiメガネ属性,きっつw
2021-10-22 21:38:32,渡貫,力加減きつそう
2021-10-22 21:38:36,まーだ,同じ客だったりしてｗ
2021-10-22 21:38:37,七海ゆう,なにを求めてきたんやｗ
2021-10-22 21:38:37,門番,同じ客が渡り歩いてる？！
2021-10-22 21:38:44,燃え滓,フェザーガチ勢
2021-10-22 21:38:46,びゃっこ,もしや？？
2021-10-22 21:38:48,十文字隼人,同じ人かよ
2021-10-22 21:38:49,塩ワサビ,多分Ｍで焦らされるのが一番興奮するんだろうな
2021-10-22 21:38:51,よしりこ#ヴァイス勢🐾🍳,そうなん！？
2021-10-22 21:38:55,戯言遣い,同じ客の可能性が出てきたな
2021-10-22 21:38:58,辻峰咲夜,ん？まさかの同じ客ｗｗ
2021-10-22 21:39:02,かさぼにーたっ,毛深い人ってそういうの喜びそう
2021-10-22 21:39:04,ホットミルク,上級者過ぎる
2021-10-22 21:39:04,mugiメガネ属性,フェザーだけで満足なのかな
2021-10-22 21:39:15,R T,そらそうよ
2021-10-22 21:39:22,mugiメガネ属性,てもみんw
2021-10-22 21:39:28,No.396(ミクロ),同じ客説あるなこれw
2021-10-22 21:39:34,戯言遣い,！？
2021-10-22 21:39:34,はじき,ﾋｴ
2021-10-22 21:39:35,あまでぃー,えっ、
2021-10-22 21:39:41,七海ゆう,ひぃ
2021-10-22 21:39:41,Ki,！？
2021-10-22 21:39:43,門番,うぅん？
2021-10-22 21:39:44,mugiメガネ属性,つぶす？
2021-10-22 21:39:53,炭酸水,こわい
2021-10-22 21:39:53,テルーン,感覚神経の固まりを潰すはやばい
2021-10-22 21:39:53,mugiメガネ属性,正気か…
2021-10-22 21:39:56,ばら,ええ・・・
2021-10-22 21:39:59,よしりこ#ヴァイス勢🐾🍳,怖っ
2021-10-22 21:40:00,C60（フラーレン）,いやいやいやいやいや
2021-10-22 21:40:02,ふにさん,ふるえる
2021-10-22 21:40:02,ホットミルク,そんな動画あったな
2021-10-22 21:40:18,戯言遣い,SM系に行けw
2021-10-22 21:40:19,塩ワサビ,ななみんに踏んでほしいはアリ
2021-10-22 21:40:32,テルーン,考えは良心的
2021-10-22 21:40:36,No.396(ミクロ),怖ぇ…
2021-10-22 21:40:37,塩ワサビ,握りつぶすのは嫌ｗ((((；ﾟДﾟ))))
2021-10-22 21:40:41,ccdd aabb,数十分玉を蹴り上げてほしいみたいな人もいるからまぁ。。。
2021-10-22 21:40:48,mugiメガネ属性,握り潰す…普通に痛いやん
2021-10-22 21:40:50,辻峰咲夜,タマヒュン
2021-10-22 21:40:52,かさぼにーたっ,ムニュって
2021-10-22 21:40:53,あまでぃー,怖い怖い、
2021-10-22 21:40:54,門番,転ぶ事に気を使えるなら、自分の体にも気を使えし
2021-10-22 21:41:04,ホットミルク,グリュンてして欲しいのか
2021-10-22 21:41:07,十文字隼人,やりたいの？
2021-10-22 21:41:08,炭酸水,痛い痛いｗ
2021-10-22 21:41:16,ふにさん,ｶﾞｸｶﾞｸ
2021-10-22 21:41:17,mugiメガネ属性,特殊すぎる
2021-10-22 21:41:18,麗華,もえちゃんやりたいのかw
2021-10-22 21:41:19,よしりこ#ヴァイス勢🐾🍳,握り潰すはヾﾉㅇㅁㅇ;;)ｲﾔｲﾔ
2021-10-22 21:41:34,R T,ピギャアアアアアアアアアアアア！
2021-10-22 21:41:38,炭酸水,玉転がし
2021-10-22 21:41:38,チテイランのお絵描きチャンネル,草
2021-10-22 21:41:43,あまでぃー,もえちゃんテンション上がってない？w
2021-10-22 21:41:44,mugiメガネ属性,もえちゃんやりたいの？w
2021-10-22 21:41:45,テルーン,ぶるんって感覚？
2021-10-22 21:42:01,塩ワサビ,グロい話するけど、前女王様じゃないけど、ドSの人で、恋人の目玉食べたいって言われたときはガチで引いた((((；ﾟДﾟ))))
2021-10-22 21:42:04,ホットミルク,ちょっとわかる気がする
2021-10-22 21:42:05,かさぼにーたっ,逃がすって表現で笑うw
2021-10-22 21:42:07,ばら,いやです・・・
2021-10-22 21:42:09,R T,運動会かよ
2021-10-22 21:42:10,十文字隼人,自分でやるとそれほど気持ちよくないよ
2021-10-22 21:42:14,よしりこ#ヴァイス勢🐾🍳,もえ姉にされるなら構わない(´ω`)
2021-10-22 21:42:28,かさぼにーたっ,赤ちゃんプレイで心を無にしちゃダメだろう！w
2021-10-22 21:42:29,十文字隼人,ばぶー
2021-10-22 21:42:29,C60（フラーレン）,母親役？子供役？
2021-10-22 21:42:31,七海ゆう,やっぱりそれかぁｗ
2021-10-22 21:42:32,テルーン,どっちが赤ちゃん？
2021-10-22 21:42:39,辻峰咲夜,ばぶ
2021-10-22 21:42:48,isa,:baby_bottle:
2021-10-22 21:42:49,かさぼにーたっ,ちゃんとママの気持ちになりなさいよ！w
2021-10-22 21:42:52,塩ワサビ,赤ちゃんほどじゃないけど、膝枕＋頭ナデナデは好き
2021-10-22 21:42:58,Asdxy,ばぶ
2021-10-22 21:42:59,よしりこ#ヴァイス勢🐾🍳,さすたがるなのねw
2021-10-22 21:43:03,十文字隼人,もえママあ～
2021-10-22 21:43:06,R T,(ストレス)たまってんねぇー。
2021-10-22 21:43:08,こっこ,絵面的に無にならないと笑っちゃう
2021-10-22 21:43:10,Ki,おもしろｗ
2021-10-22 21:43:13,塩ワサビ,ミルク違いですｗ
2021-10-22 21:43:15,炭酸水,甘えたいのわかる
2021-10-22 21:43:16,よしりこ#ヴァイス勢🐾🍳,ww
2021-10-22 21:43:18,シュラプネルおじさん,それは草ｗｗｗｗ
2021-10-22 21:43:20,かさぼにーたっ,哺乳瓶ほちいの〜？（股間あてがい
2021-10-22 21:43:24,mugiメガネ属性,もえママはめっちゃ良い
2021-10-22 21:43:25,ばら,オムツはくのか
2021-10-22 21:43:26,麗華,草
2021-10-22 21:43:27,テルーン,龍が如くじゃん
2021-10-22 21:43:34,Asdxy,草
2021-10-22 21:43:36,あまでぃー,ガチすぎる
2021-10-22 21:43:39,辻峰咲夜,ガチww
2021-10-22 21:43:39,mugiメガネ属性,ガラガラw
2021-10-22 21:43:44,かさぼにーたっ,:baby:ｷｬｯｷｬｯｷｬ
2021-10-22 21:43:44,戯言遣い,バブみ幼稚園じゃん
2021-10-22 21:43:45,十文字隼人,それいい
2021-10-22 21:43:48,まーだ,そういう人ほど仕事とかでものすごいストレス抱えてるもんなんやで…
2021-10-22 21:43:48,No.396(ミクロ),色々縛られてるからその反動でってのはありそうね
2021-10-22 21:43:48,塩ワサビ,もえちゃんならちょっとされてみたいｗ
2021-10-22 21:43:56,びゃっこ,ちゃんと対応してあげるのホントえらいと思う
2021-10-22 21:44:04,ccdd aabb,否定はしないけど、ゾクゾクするなぁ（悪い意味でw）
2021-10-22 21:44:04,mugiメガネ属性,それは虚無るなw
2021-10-22 21:44:12,C60（フラーレン）,ミルクの時間でちゅよ〜……。(無心)
2021-10-22 21:44:16,炭酸水,普段のストレス溜まってる人だから…
2021-10-22 21:44:18,門番,もえちゃんを赤ちゃんにするプレイならしたいな
2021-10-22 21:44:19,かさぼにーたっ,授乳手○きか
2021-10-22 21:44:21,よしりこ#ヴァイス勢🐾🍳,大人用の哺乳瓶かつ大人用のやつちゃうやね( ˙꒳˙ )
2021-10-22 21:44:29,塩ワサビ,膝枕して頭なでられている状態で、頭撫で返す
2021-10-22 21:44:31,十文字隼人,Mというより母性に飢えてるんだよ
2021-10-22 21:44:35,あまでぃー,いろんな人がいるんだなぁ
2021-10-22 21:44:48,十文字隼人,ばぶー
2021-10-22 21:44:50,よしりこ#ヴァイス勢🐾🍳,ww
2021-10-22 21:44:52,C60（フラーレン）,きっつ…
2021-10-22 21:44:55,かさぼにーたっ,｢赤ちゃんはtkbそういう舐め方しないよ〜//｣
2021-10-22 21:44:55,テルーン,ばぶーばぶー
2021-10-22 21:44:57,ばら,気持ちはわからんでもない
2021-10-22 21:44:58,mugiメガネ属性,完全になりきってるなw
2021-10-22 21:45:00,十文字隼人,タラちゃんでちゅ
2021-10-22 21:45:05,炭酸水,やって見たらハマるのかもｗ
2021-10-22 21:45:06,テルーン,社長がそれはやばい
2021-10-22 21:45:13,mugiメガネ属性,ばぶばぶ
2021-10-22 21:45:17,辻峰咲夜,社長･･･ストレス溜まってんだな･･･
2021-10-22 21:45:28,C60（フラーレン）,たまってますねぇ…
2021-10-22 21:45:29,かさぼにーたっ,良い人で草
2021-10-22 21:45:32,戯言遣い,そういう客はだいたいお偉いさんが多いイメージある
2021-10-22 21:45:32,門番,スイッチの切り替えが凄いなw
2021-10-22 21:45:35,十文字隼人,切り替えよくて最高じゃん
2021-10-22 21:45:39,テルーン,赤ちゃんが一気に成長した
2021-10-22 21:45:47,C60（フラーレン）,つまり前園さんとかも
2021-10-22 21:45:47,mugiメガネ属性,それでストレス発散してるんやろな…
2021-10-22 21:45:49,あまでぃー,うちの社長ってもしかしたら…
2021-10-22 21:46:02,よしりこ#ヴァイス勢🐾🍳,配信で聴きながらならまだしも…リアルは恥ずかしすぎてチヌ( ºΔº )〣
2021-10-22 21:46:18,門番,うちの役員がそれしてたら、文句言えなくなるなぁ……
2021-10-22 21:46:22,C60（フラーレン）,あ、女性用下着つけている社長は知っている。
2021-10-22 21:46:25,mugiメガネ属性,AIもえ
2021-10-22 21:46:29,炭酸水,ストレス溜まってくると甘えたくなるのはわかる
2021-10-22 21:46:34,かさぼにーたっ,なっがww
2021-10-22 21:46:40,R T,元の世界に戻れなさそう
2021-10-22 21:47:06,十文字隼人,基本大きいとかいうな
2021-10-22 21:47:12,Ki,ガチで大きい人じゃんｗ
2021-10-22 21:47:15,C60（フラーレン）,あ、でかいなそれ。
2021-10-22 21:47:19,辻峰咲夜,おっと
2021-10-22 21:47:24,こっこ,ナニマウント
2021-10-22 21:47:26,ばら,名前出しは性癖
2021-10-22 21:47:40,戯言遣い,お任せしたけど、ななてんやったなぁ！？
2021-10-22 21:47:41,門番,デカイ自慢じゃねーか！！スゲェな！！
2021-10-22 21:47:46,十文字隼人,小さくても大きいよ
2021-10-22 21:47:52,びゃっこ,お世辞だと思って聞いてました
2021-10-22 21:47:55,Ki,うらやまもげろ
2021-10-22 21:48:12,十文字隼人,本人出てきたｗ
2021-10-22 21:48:13,炭酸水,大きくないから言われたコトないわ
2021-10-22 21:48:28,mugiメガネ属性,ガチなんだw
2021-10-22 21:48:45,テルーン,言われないってことは普通か小さい
2021-10-22 21:48:49,C60（フラーレン）,お腹大きいですねw
2021-10-22 21:48:53,塩ワサビ,まず容姿でも何でも褒めるのは基本よね
2021-10-22 21:49:04,ふにさん,スメルは
2021-10-22 21:49:07,戯言遣い,なるほどなるほど、勉強になります(白目)
2021-10-22 21:49:41,十文字隼人,シャワーの時だよ
2021-10-22 21:49:44,まーだ,小さい人に大きいか聞かれたら何て答えますか？
2021-10-22 21:49:50,かさぼにーたっ,要点だけ書けば良いのにw
2021-10-22 21:49:52,C60（フラーレン）,仕込みローション…そんなのもあるのか
2021-10-22 21:49:55,テルーン,仕込みローション
2021-10-22 21:50:09,mugiメガネ属性,仕込みローション:lotion_bottle:
2021-10-22 21:50:18,テルーン,仕込みローション変な感覚ありそう
2021-10-22 21:50:28,十文字隼人,なんだ本濡れじゃないのかよ！
2021-10-22 21:50:28,ばら,プロだな
2021-10-22 21:50:32,C60（フラーレン）,腟口閉めれるし。
2021-10-22 21:50:43,R T,mjdsk?
2021-10-22 21:50:57,mugiメガネ属性,注射器？痛そう
2021-10-22 21:50:59,あまでぃー,痛くないんですか？
2021-10-22 21:51:00,C60（フラーレン）,はえ〜
2021-10-22 21:51:02,こっこ,へーおもしろい
2021-10-22 21:51:02,クララ01,シリンジ？
2021-10-22 21:51:15,テルーン,垂れてきたらどうするの？
2021-10-22 21:51:19,辻峰咲夜,シリンジか･･･
2021-10-22 21:51:27,炭酸水,濡れやすさにもよるんだろうね
2021-10-22 21:51:32,十文字隼人,粘度が高いから
2021-10-22 21:51:34,かさぼにーたっ,いらっしゃいまほ
2021-10-22 21:51:47,塩ワサビ,即プレイって、男が、じゃなくて、女性が、じゃないの？
2021-10-22 21:51:48,はじき,ちょろいw
2021-10-22 21:51:54,えめらだ,正に仕事人
2021-10-22 21:51:58,こっこ,win-win
2021-10-22 21:52:06,よしりこ#ヴァイス勢🐾🍳,そうなんやね…
2021-10-22 21:52:08,mugiメガネ属性,いいね
2021-10-22 21:52:13,マイル,こんなな
2021-10-22 21:52:28,十文字隼人,もともと吉原みたいなとこでもあったけど
2021-10-22 21:52:45,えめらだ,あー、見たそれ
2021-10-22 21:52:47,十文字隼人,皮肉おじさん
2021-10-22 21:52:48,Ki,草
2021-10-22 21:52:48,かさぼにーたっ,卑屈w
2021-10-22 21:52:49,炭酸水,皮肉おじさんｗ
2021-10-22 21:52:49,あまでぃー,おじさんさぁ…w
2021-10-22 21:52:51,塩ワサビ,それも割り切って楽しめよ！！
2021-10-22 21:52:56,mugiメガネ属性,皮肉おじさんw
2021-10-22 21:53:04,戯言遣い,皮肉めんどくさおじさん
2021-10-22 21:53:06,よしりこ#ヴァイス勢🐾🍳,皮肉おじさん湧いてるんや…
2021-10-22 21:53:07,七海ゆう,何してもめんどくさいおじさんｗ
2021-10-22 21:53:08,えめらだ,ファンタジーやぞ！
2021-10-22 21:53:14,塩ワサビ,ガシガシ動かすのは濡れてからだよ
2021-10-22 21:53:20,テルーン,おじさん気にしすぎ
2021-10-22 21:53:22,C60（フラーレン）,女性のための防御手段よね。
2021-10-22 21:53:28,mugiメガネ属性,悲しまないよw
2021-10-22 21:53:31,門番,何処に現れる面倒な皮肉おじさんよ
2021-10-22 21:53:39,ばら,リピートするのがいいね
2021-10-22 21:53:39,十文字隼人,本番風俗でないなら関係ないけどね
2021-10-22 21:53:43,まーだ,せめてここのリスナーは害悪おじさんにならないようにねｗ
2021-10-22 21:53:44,よしりこ#ヴァイス勢🐾🍳,ウチは全然気にはせんからええんやけどね
2021-10-22 21:53:46,テルーン,楽しませてようとしてくれる感じがして逆に嬉しいかも
2021-10-22 21:53:51,戯言遣い,安全にお仕事するためにはやむなし
2021-10-22 21:54:07,mugiメガネ属性,なるほど勉強になる
2021-10-22 21:54:17,十文字隼人,昔は昆布だったのに
2021-10-22 21:54:17,塩ワサビ,いいローションは海藻製
2021-10-22 21:54:19,C60（フラーレン）,食べれるローションもあるしね。
2021-10-22 21:54:20,かさぼにーたっ,ローションは飲み物
2021-10-22 21:54:20,あまでぃー,勉強になりますw
2021-10-22 21:54:20,炭酸水,へー。安心
2021-10-22 21:54:27,mugiメガネ属性,ポカリみたいな？
2021-10-22 21:54:32,コウタマル,ペペは飲めるらしいが
2021-10-22 21:54:47,門番,食用ローションとは新しい
2021-10-22 21:54:53,炭酸水,そうなんだ
2021-10-22 21:55:10,えめらだ,美味しく作れたらいいのにね
2021-10-22 21:55:18,十文字隼人,なんで吐き出すの？
2021-10-22 21:55:19,テルーン,ぺぺカフェ誕生するかも
2021-10-22 21:55:22,塩ワサビ,それは男側も思う
2021-10-22 21:55:22,C60（フラーレン）,拒食症になりそう
2021-10-22 21:55:23,mugiメガネ属性,ローションを吐き出すのキツそう
2021-10-22 21:55:43,塩ワサビ,ローション飲むのはエガちゃんだけでいいｗ
2021-10-22 21:55:51,門番,自発的に吐くのはキツイ、無限に酒飲む為に自分で吐くけど食道にも歯にも悪い
2021-10-22 21:55:58,mugiメガネ属性,飲み込んだらヤバいのかな
2021-10-22 21:56:01,テルーン,拒食症じゃん
2021-10-22 21:56:04,十文字隼人,ダイエットじゃん
2021-10-22 21:56:08,よしりこ#ヴァイス勢🐾🍳,えぇーΣ(ﾟдﾟ；)！？
2021-10-22 21:56:10,かさぼにーたっ,進撃の巨人みたいな
2021-10-22 21:56:13,こっこ,えーこわい
2021-10-22 21:56:20,塩ワサビ,粘り気あるし
2021-10-22 21:56:24,よしりこ#ヴァイス勢🐾🍳,ローション怖っ…
2021-10-22 21:56:24,mugiメガネ属性,男は飲まないなw
2021-10-22 21:56:53,十文字隼人,食べ物は禁止な
2021-10-22 21:57:00,塩ワサビ,送ったことあるけど、クリスタル製の置物だったかな？
2021-10-22 21:57:07,炭酸水,めんどくさそう
2021-10-22 21:57:08,かさぼにーたっ,プレゼントは今も貰うやつだから言い過ぎないようにね☆
2021-10-22 21:57:09,mugiメガネ属性,アクセは重いな
2021-10-22 21:57:13,R T,食べ物は保存性を考えよう
2021-10-22 21:57:27,炭酸水,頭いい
2021-10-22 21:57:28,こっこ,賢い
2021-10-22 21:57:34,Ki,うまいこと言ったなｗ
2021-10-22 21:57:44,まーだ,賢い
2021-10-22 21:57:44,はじき,賢し
2021-10-22 21:57:52,えめらだ,もえちゃんも明日からアレルギーになろう
2021-10-22 21:58:01,戯言遣い,それはそうw
2021-10-22 21:58:06,門番,金属アレルギーなら付けるのちゃんと調べないとだし、減るだろな賢い
2021-10-22 21:58:07,よしりこ#ヴァイス勢🐾🍳,金属アレルギーやったら、ワクチン行けたん(・・?)
2021-10-22 21:58:10,mugiメガネ属性,金属アレルギーは使える
2021-10-22 21:58:31,えめらだ,ポテチあげたのに…
2021-10-22 21:58:33,テルーン,そのうち金塊とか渡し出しそう
2021-10-22 21:58:36,塩ワサビ,ケーキとか買っていきたいと思うけど、趣味に合わなかったらと思うと。。。
2021-10-22 21:58:36,Ki,ごはん代
2021-10-22 21:58:37,Skar Eder,Konbanwa.
2021-10-22 21:58:37,こっこ,たしかにー
2021-10-22 21:58:48,十文字隼人,プレゼントは捨てるぐらいのつもりで贈らないとね
2021-10-22 21:58:55,あまでぃー,なるほど
2021-10-22 21:58:57,びゃっこ,「そうなのかぁ。金属アレルギー対応のアクセサリーをやろう（面倒）」
2021-10-22 21:59:04,mugiメガネ属性,前もって聞くのがいいのか
2021-10-22 21:59:06,かさぼにーたっ,結局金もらうのが1番嬉しいでしよ
2021-10-22 21:59:14,チテイランのお絵描きチャンネル,ナイスパ
2021-10-22 21:59:14,十文字隼人,ケーキとか食べないで捨てること多いな
2021-10-22 21:59:18,炭酸水,あーなるほど
2021-10-22 21:59:22,塩ワサビ,面倒な客だ。。。
2021-10-22 21:59:32,R T,チタン製のアクセサリーが来たりして
2021-10-22 21:59:34,十文字隼人,金言うなよｗ
2021-10-22 21:59:36,mugiメガネ属性,めんどくさいなw
2021-10-22 21:59:54,テルーン,こわ
2021-10-22 21:59:59,戯言遣い,こっわ
2021-10-22 22:00:01,C60（フラーレン）,えぇ…
2021-10-22 22:00:02,R T,ひでぇー
2021-10-22 22:00:05,十文字隼人,高級旅館とか見たいな
2021-10-22 22:00:06,あまでぃー,えー、
2021-10-22 22:00:06,クララ01,流石現代版花魁…
2021-10-22 22:00:15,こっこ,aikaのいる店いってみてえよな
2021-10-22 22:00:18,門番,一回高級行きたいけど、それは怖いな
2021-10-22 22:00:23,炭酸水,きをつけます
2021-10-22 22:00:25,びゃっこ,そういう女優は推せなくなるわ
2021-10-22 22:00:26,まーだ,まあ行くことは無いやろｗ
2021-10-22 22:00:27,よしりこ#ヴァイス勢🐾🍳,嫌な客…
2021-10-22 22:00:40,えめらだ,鯖缶で
2021-10-22 22:00:45,はじき,水最強
2021-10-22 22:00:46,mugiメガネ属性,飲み物か！
2021-10-22 22:00:47,C60（フラーレン）,無糖のものがいい？
2021-10-22 22:00:48,塩ワサビ,よく指名する嬢が、プリン好きって言ってたから、買って行って一緒に食べたことならある。
2021-10-22 22:00:50,R T,レッドブルが来たりして
2021-10-22 22:00:52,門番,飲み物？お茶とか？
2021-10-22 22:00:58,No.396(ミクロ),飲み物…スポドリとかが安定かな？
2021-10-22 22:00:58,十文字隼人,エクレアおいしいよね
2021-10-22 22:01:02,mugiメガネ属性,食べ物はあかん
2021-10-22 22:01:07,Kaiser Riceball,水でおk？
2021-10-22 22:01:23,戯言遣い,お茶とかスポドリ辺りが無難なのかな？
2021-10-22 22:01:24,mugiメガネ属性,お茶とかが無難かな
2021-10-22 22:01:29,かさぼにーたっ,物乞い並に物集まるじゃん
2021-10-22 22:01:34,もんじ,甘いものは僕も好き
2021-10-22 22:01:36,炭酸水,なるほど
2021-10-22 22:01:39,R T,炭酸系は冷えてないと旨くないからなぁ
2021-10-22 22:01:40,不知火,自分もミルクティーは飲めないな
2021-10-22 22:01:41,こっこ,勉強になります
2021-10-22 22:01:42,あまでぃー,なるほど！
2021-10-22 22:01:43,C60（フラーレン）,やっばり、お茶水安定か。
2021-10-22 22:01:50,十文字隼人,網羅すとか
2021-10-22 22:02:09,えめらだ,草
2021-10-22 22:02:14,あまでぃー,www
2021-10-22 22:02:14,まーだ,ｗ
2021-10-22 22:02:15,塩ワサビ,お尻。。。フリスクなら詰められたことある。
2021-10-22 22:02:18,mugiメガネ属性,草
2021-10-22 22:02:23,Ki,草
2021-10-22 22:02:31,よしりこ#ヴァイス勢🐾🍳,草
2021-10-22 22:02:33,十文字隼人,おいおい濃い人だなｗ
2021-10-22 22:02:41,シュラプネルおじさん,いやぁきついっすwwwww
2021-10-22 22:02:41,炭酸水,草
2021-10-22 22:02:42,No.396(ミクロ),おっとwこれは強いのが来たなぁwww
2021-10-22 22:02:43,かさぼにーたっ,奴隷かな？
2021-10-22 22:02:46,七海ゆう,草
2021-10-22 22:02:46,えめらだ,リアル
2021-10-22 22:02:50,門番,賢者モードでマロ送って来たのかw
2021-10-22 22:02:54,戯言遣い,濃いの来たなぁw
2021-10-22 22:02:56,びゃっこ,つよいｗ
2021-10-22 22:03:00,mugiメガネ属性,めっちゃ濃いな
2021-10-22 22:03:11,こっこ,したい派草
2021-10-22 22:03:14,ふにさん,:pig:さんからのマロ
2021-10-22 22:03:19,かさぼにーたっ,したいの！？
2021-10-22 22:03:25,十文字隼人,もえさんに尿道責めしてほしいなあ
2021-10-22 22:03:27,炭酸水,尻を？
2021-10-22 22:03:30,あまでぃー,どSやなぁw
2021-10-22 22:03:31,R T,調教師？
2021-10-22 22:03:37,かさぼにーたっ,Sてん
2021-10-22 22:03:39,えめらだ,二人いるのも草
2021-10-22 22:03:41,びゃっこ,２人もいたのかよ
2021-10-22 22:03:44,塩ワサビ,えっ、俺なら内容次第でOKだよ。
2021-10-22 22:03:49,門番,女からやらせろって言われるの戸惑うわ……
2021-10-22 22:04:06,戯言遣い,お腹いっぱいになってるw
2021-10-22 22:04:08,えめらだ,飽きてるじゃん
2021-10-22 22:04:11,炭酸水,いやだいやだ！お尻はいやだ！
2021-10-22 22:04:26,あまでぃー,彼女からしたいっ言われたら許しちゃうかもw
2021-10-22 22:04:37,こっこ,遠回しに誘導をね
2021-10-22 22:04:37,えめらだ,引かれるだろw
2021-10-22 22:04:38,カリメロ,なかなか勇気がいるぞ
2021-10-22 22:04:46,びゃっこ,プライベートでプレイみたいになると嫌じゃない？
2021-10-22 22:04:50,十文字隼人,前立腺は開発が必要だぞ
2021-10-22 22:04:50,R T,誘い受けやめーい
2021-10-22 22:04:50,C60（フラーレン）,そのジャブはストレートなのよw
2021-10-22 22:04:55,mugiメガネ属性,お尻は無理だな〜
2021-10-22 22:05:01,塩ワサビ,ゆ、指1本までならなんとか。。。
2021-10-22 22:05:18,美咲お姉ちゃん,おしり..痛い
2021-10-22 22:05:22,もんじ,僕もお尻はあまり経験がない
2021-10-22 22:05:24,ccdd aabb,初めて付き合った彼女なかなかハードだなぁｗ
2021-10-22 22:05:27,R T,少しずつ沼に沈めるんかーい
2021-10-22 22:05:29,門番,ちゃんと開発しないと切れ痔になったし、難しい問題だな
2021-10-22 22:05:30,mugiメガネ属性,その彼女も凄いな
2021-10-22 22:05:31,戯言遣い,それはそれですごい
2021-10-22 22:05:46,ふにさん,痛み止めの薬入れるのも大変なのに・・・
2021-10-22 22:05:46,炭酸水,彼女が有識者とは
2021-10-22 22:05:48,塩ワサビ,でも、女王様曰く、SやるならMのプレイ（気持ち）も経験しておくべきって言ってた
2021-10-22 22:05:50,あまでぃー,いろんな人が、いるんだなぁ
2021-10-22 22:05:50,チテイランのお絵描きチャンネル,尻を知りましたネタw
2021-10-22 22:05:54,戯言遣い,経験ある人おるの草
2021-10-22 22:06:05,えめらだ,言い慣れてる感が凄い
2021-10-22 22:06:42,mugiメガネ属性,ヤバめのMw
2021-10-22 22:06:47,えめらだ,動物園かな？
2021-10-22 22:06:57,かさぼにーたっ,Sの人とMの人どっちの方が好き？
2021-10-22 22:06:59,十文字隼人,もえさんはM好きだからなあ
2021-10-22 22:07:01,こっこ,Sよりは断然いいよね
2021-10-22 22:07:04,塩ワサビ,手をブラで縛ってもらったことなら。。。
2021-10-22 22:07:08,はじき,いいですねえw
2021-10-22 22:07:08,あまでぃー,いいですねぇw
2021-10-22 22:07:20,mugiメガネ属性,靴で踏むの痛いやん…
2021-10-22 22:07:25,十文字隼人,もえさんどう見てもMなのになあ
2021-10-22 22:07:29,炭酸水,いいですねえ連呼ｗ
2021-10-22 22:07:31,R T,ピンヒールじゃなかっただけマシか？
2021-10-22 22:07:39,No.396(ミクロ),いいのかよそれでwww
2021-10-22 22:07:44,チテイランのお絵描きチャンネル,すげー
2021-10-22 22:07:45,えめらだ,血出て喜ぶのすげぇ
2021-10-22 22:07:48,戯言遣い,なんでSM系に行かねえんだよパート2
2021-10-22 22:07:50,Kaiser Riceball,いたいですねぇ
2021-10-22 22:07:54,門番,ド級の人も居るんだなw
2021-10-22 22:07:55,あまでぃー,ヒール！？
2021-10-22 22:07:56,こっこ,ひぇ
2021-10-22 22:07:57,塩ワサビ,ピンヒールは痛いｗｗｗ
2021-10-22 22:07:58,C60（フラーレン）,ピンヒール？！
2021-10-22 22:08:01,R T,やったんかーい
2021-10-22 22:08:05,mugiメガネ属性,血が出たら痛いだけやん
2021-10-22 22:08:06,はじき,やばいやばいww
2021-10-22 22:08:06,ccdd aabb,聞くだけでタマヒュンなんだが
2021-10-22 22:08:07,かさぼにーたっ,忘れるな感謝の気持ち。ありがとうございます！
2021-10-22 22:08:07,戯言遣い,ピンヒールはヤバい
2021-10-22 22:08:15,えめらだ,蛍やん
2021-10-22 22:08:16,あまでぃー,え！？
2021-10-22 22:08:18,戯言遣い,どうなるんやw
2021-10-22 22:08:19,こっこ,お尻が光るじゃん
2021-10-22 22:08:22,mugiメガネ属性,ピンヒールいたい
2021-10-22 22:08:26,かさぼにーたっ,ホタルww
2021-10-22 22:08:29,塩ワサビ,面白いｗｗｗ
2021-10-22 22:08:30,Ki,けつの中で光るｗ
2021-10-22 22:08:32,Asdxy,ww
2021-10-22 22:08:33,C60（フラーレン）,ゲーミングア○ス
2021-10-22 22:08:34,炭酸水,かわいい！？
2021-10-22 22:08:36,ばら,くさ
2021-10-22 22:08:37,びゃっこ,ゲーミングア〇〇
2021-10-22 22:08:38,もんじ,コシヒカリ:red_question_mark:
2021-10-22 22:08:38,あまでぃー,面白すぎるw
2021-10-22 22:08:39,戯言遣い,やりたいwww
2021-10-22 22:08:39,R T,尻光ったら蛍やんけー。
2021-10-22 22:08:40,No.396(ミクロ),www
2021-10-22 22:08:42,mugiメガネ属性,サイリウムの使い方間違えてるw
2021-10-22 22:08:45,Ki,やりたい！？
2021-10-22 22:08:51,ふにさん,いいプレイねた
2021-10-22 22:08:52,塩ワサビ,今度そういう客来たら、花火突っ込んで、点火しよう
2021-10-22 22:08:54,門番,ホタル人間はちょっと見たいな
2021-10-22 22:09:01,戯言遣い,緑系でやれば蛍になるな
2021-10-22 22:09:05,炭酸水,世界は広いなあ（無
2021-10-22 22:09:17,mugiメガネ属性,特殊なMにはなれないな〜
2021-10-22 22:09:17,かさぼにーたっ,Sの人よりも扱いやすそう
2021-10-22 22:09:25,十文字隼人,日本はもう限界
2021-10-22 22:09:29,ふにさん,纏めないで
2021-10-22 22:09:32,こっこ,歳を重ねるとMになるのは本当
2021-10-22 22:09:37,塩ワサビ,わかる
2021-10-22 22:09:42,C60（フラーレン）,もう終わりだよこの国…
2021-10-22 22:09:45,えめらだ,深いな
2021-10-22 22:09:45,mugiメガネ属性,たしかにおもしろそう
2021-10-22 22:09:50,あまでぃー,面白すぎる
2021-10-22 22:09:50,テルーン,ゆいでに1日我慢かな
2021-10-22 22:09:55,塩ワサビ,もう1時間か。。。寂しいな
2021-10-22 22:09:57,はじき,面白かった ありがとう
2021-10-22 22:10:03,門番,自分の限界の探求者なんだなドＭって……凄いなぁ……
2021-10-22 22:10:04,炭酸水,面白かった
2021-10-22 22:10:06,lupo,ありがとうございました！
2021-10-22 22:10:13,R T,日本を休もう。byオレンジの鉄道会社
2021-10-22 22:10:14,塩ワサビ,単なる雑談でもいいから、またもえななコンビは見たいな
2021-10-22 22:10:15,mugiメガネ属性,面白かったです！
2021-10-22 22:10:18,えめらだ,楽しかったよ〜
2021-10-22 22:10:18,あまでぃー,楽しかった！色々勉強になりました
2021-10-22 22:10:18,戯言遣い,勉強になった！
2021-10-22 22:10:24,かさぼにーたっ,ほとんど愚痴大会だったね
2021-10-22 22:10:26,チテイランのお絵描きチャンネル,勉強になりました＼(^-^)／
2021-10-22 22:10:26,テルーン,面白かった
2021-10-22 22:10:27,No.396(ミクロ),めちゃくちゃ面白かったよy
2021-10-22 22:10:27,七海ゆう,おもしろかった
2021-10-22 22:10:27,塩ワサビ,むしろ元気になりました！
2021-10-22 22:10:29,こっこ,だいぶ面白かった
2021-10-22 22:10:29,Asdxy,楽しかった
2021-10-22 22:10:31,（てのり）,面白かったですよ
2021-10-22 22:10:32,十文字隼人,それほどガチでもないし
2021-10-22 22:10:33,lupo,行ったことないので面白かった
2021-10-22 22:10:34,まーだ,面白かったですｗ
2021-10-22 22:10:38,門番,面白かった！ドＭは面白い学んだ
2021-10-22 22:10:39,R T,新たな世界の扉をこじ開けられた
2021-10-22 22:10:40,mugiメガネ属性,普通に勉強になりました
2021-10-22 22:10:42,美咲お姉ちゃん,おつもえ、おつなな二人お疲れ様でした、面白すぎる
2021-10-22 22:10:42,ばら,知らない世界を知れました
2021-10-22 22:10:43,かさぼにーたっ,接客業のくせに
2021-10-22 22:10:44,炭酸水,なんか興味出てきたｗ
2021-10-22 22:10:45,C60（フラーレン）,
2021-10-22 22:10:47,びゃっこ,世の中の広さが分かりました
2021-10-22 22:10:51,塩ワサビ,それも聞きたいｗ
2021-10-22 22:10:57,Hory night,最後チラッと聴いたけどヤバすぎたwww
2021-10-22 22:10:58,もんじ,もえちゃんのことをもっと知りたいから　CH登録しました
2021-10-22 22:10:58,テルーン,今度は愚痴大会かな？
2021-10-22 22:11:02,チテイランのお絵描きチャンネル,ナイスパ
2021-10-22 22:11:13,あまでぃー,風俗童○だけど興味出るなあw
2021-10-22 22:11:24,紫兎ハミル -HAMIRU- Ch. ,とてもお勉強になりました！！もえさん！ななてん！お疲れ様です！
2021-10-22 22:11:31,塩ワサビ,ん、ご飯代足りない？
2021-10-22 22:11:33,ぽてと,大人の世界…
2021-10-22 22:11:34,mugiメガネ属性,お疲れ様でした！
2021-10-22 22:11:36,チテイランのお絵描きチャンネル,お疲れ様です
2021-10-22 22:11:38,かさぼにーたっ,ハミルんに変なこと教えてー
2021-10-22 22:11:42,こっこ,はみるんもよう見とる
2021-10-22 22:11:42,麗華,おつもえ♪
2021-10-22 22:11:46,Asdxy,お疲れ様でした～
2021-10-22 22:11:47,まーだ,またいつかコラボおねがいします:smiling_face_with_smiling_eyes:
2021-10-22 22:11:53,もんじ,はみるんだぁ～
2021-10-22 22:11:59,十文字隼人,おつかれさまでした
2021-10-22 22:12:00,真白もえ,おつななです
2021-10-22 22:12:03,塩ワサビ,次はハミルさんも！！
2021-10-22 22:12:05,Hory night,ハミルンw
2021-10-22 22:12:07,チテイランのお絵描きチャンネル,ナイスパ
2021-10-22 22:12:11,えめらだ,お疲れ様でした〜
2021-10-22 22:12:15,mugiメガネ属性,おつななです
2021-10-22 22:12:16,R T,お憑かれ様でした
2021-10-22 22:12:22,チテイランのお絵描きチャンネル,おつなな
2021-10-22 22:12:23,ふにさん,おつさま
2021-10-22 22:12:23,辻峰咲夜,ハミルんww
2021-10-22 22:12:27,こっこ,初めて奪っちゃったななてん
2021-10-22 22:12:35,テルーン,コメ欄にもえちゃんいるやん
2021-10-22 22:12:35,R T,え？
2021-10-22 22:12:37,狐蛇狼(こたろう),ナンパ代です
2021-10-22 22:12:55,塩ワサビ,もえちゃんのメンバー入ったで！
2021-10-22 22:13:02,チテイランのお絵描きチャンネル,ナイスパ
2021-10-22 22:13:21,mugiメガネ属性,もえちゃんがコメ欄に
2021-10-22 22:13:26,テルーン,おつななおつもえ
2021-10-22 22:13:32,Ki,おつななもえでした
2021-10-22 22:13:34,塩ワサビ,楽しい時間でした:smiling_face_with_heart_eyes:
2021-10-22 22:13:39,美咲お姉ちゃん,おつななおつもえ
2021-10-22 22:13:40,かさぼにーたっ,考えてなかったんかーい
2021-10-22 22:13:50,mugiメガネ属性,おつななおつもえさま〜
2021-10-22 22:13:53,かさぼにーたっ,お！コラボ誰と！？
2021-10-22 22:13:53,Asdxy,おつななおつもえ～
2021-10-22 22:13:56,戯言遣い,い　つ　も　の
2021-10-22 22:13:58,Hory night,おつななー♪
2021-10-22 22:14:01,戯言遣い,ほう
2021-10-22 22:14:02,辻峰咲夜,ほほう
2021-10-22 22:14:07,戯言遣い,おお
2021-10-22 22:14:09,かさぼにーたっ,キターーーーー
2021-10-22 22:14:13,炭酸水,おお
2021-10-22 22:14:14,C60（フラーレン）,ふぁっ！？
2021-10-22 22:14:14,ばら,まじかよ「
2021-10-22 22:14:14,こっこ,深層きちゃった
2021-10-22 22:14:16,狐蛇狼(こたろう),なんとｗ
2021-10-22 22:14:24,かさぼにーたっ,フォローされた時から待ってた
2021-10-22 22:14:30,まーだ,はーい
2021-10-22 22:14:31,真白もえ,わくわく
2021-10-22 22:14:36,十文字隼人,どろん
2021-10-22 22:14:43,戯言遣い,ついに深層へ
2021-10-22 22:14:43,テルーン,おつなな
2021-10-22 22:14:43,No.396(ミクロ),おお！！
2021-10-22 22:14:47,あまでぃー,お疲れ様でした！
2021-10-22 22:14:47,塩ワサビ,おつなな～
2021-10-22 22:14:48,はじき,お疲れ様ー
2021-10-22 22:14:48,こっこ,おつななー
2021-10-22 22:14:49,まーだ,おつなな～
2021-10-22 22:14:52,麗華,お疲れ様でした:musical_note:
2021-10-22 22:14:53,C60（フラーレン）,明日は今日の感想会にしよう。
2021-10-22 22:14:53,塩ワサビ,おつもえ～
2021-10-22 22:14:56,No.396(ミクロ),おつなな！
2021-10-22 22:14:56,もんじ,おつななー
2021-10-22 22:14:57,Asdxy,お疲れ様でした～
2021-10-22 22:14:57,戯言遣い,おつなな、おつもえー
2021-10-22 22:14:57,門番,お疲れ様でした〜
