2021-10-03 00:47:03,sakura,いつものやつと今月の部費です。
2021-10-03 00:50:40,take take,ななてんのゲリラ作業配信か
2021-10-03 00:55:04,こっこ,:slot_machine::money_with_wings:
2021-10-03 00:55:21,No.396(ミクロ),待機！
2021-10-03 00:59:50,木本らい,待機
2021-10-03 01:01:37,若葉ジョー,寝すぎたから眠れないのかな
2021-10-03 01:04:00,辻峰咲夜,きちゃ
2021-10-03 01:04:05,ゆき,こんなな〜
2021-10-03 01:04:06,No.396(ミクロ),こんなな！
2021-10-03 01:04:11,木本らい,深夜ななー
2021-10-03 01:04:13,辻峰咲夜,こんななーおはよー
2021-10-03 01:04:14,狐蛇狼(こたろう),こんなな～
2021-10-03 01:04:17,sakura,こんななー！
2021-10-03 01:04:23,こっこ,こんななー
2021-10-03 01:04:24,狐蛇狼(こたろう),おはようございます？
2021-10-03 01:04:31,辻峰咲夜,ww
2021-10-03 01:04:37,ししゃも通信,こんななー
2021-10-03 01:04:40,sakura,大丈夫か？w
2021-10-03 01:04:41,No.396(ミクロ),よく眠れたかい？
2021-10-03 01:04:55,C60（フラーレン）,気がついたら配信が始まっていた……だと？
2021-10-03 01:04:55,七つの草,こんなな～
2021-10-03 01:05:05,C60（フラーレン）,BGM……？
2021-10-03 01:05:07,辻峰咲夜,BGM?ないよ
2021-10-03 01:05:14,No.396(ミクロ),BGMないねぇ
2021-10-03 01:05:25,辻峰咲夜,ぽかぽか
2021-10-03 01:05:29,sakura,ザーッて音は聞こえるが？
2021-10-03 01:05:35,C60（フラーレン）,聞こえてきた。
2021-10-03 01:05:35,辻峰咲夜,BGMきちゃ
2021-10-03 01:05:38,木本らい,聞こえ始めた
2021-10-03 01:05:42,sakura,きたきた
2021-10-03 01:05:43,こっこ,今入った
2021-10-03 01:05:51,戯言遣い,こんななー
2021-10-03 01:05:52,ゆき,bgm聞こえた
2021-10-03 01:05:55,No.396(ミクロ),お！BGMきちゃ！
2021-10-03 01:06:01,ししゃも通信,聞こえました。
2021-10-03 01:06:14,C60（フラーレン）,このホワイトノイズはファンかな？
2021-10-03 01:06:21,こっこ,ノイキャン効いてない？
2021-10-03 01:06:28,sakura,10月入っても何も変わらずかな
2021-10-03 01:06:33,ヴィーチェカーポ,こんななー
2021-10-03 01:07:11,とっしーR,こんななー
2021-10-03 01:07:16,take take,こんななー
2021-10-03 01:07:18,辻峰咲夜,PCのファンの音かな？
2021-10-03 01:07:25,take take,あたふたななてん
2021-10-03 01:07:26,左 ゴロウ,こんななー
2021-10-03 01:07:41,辻峰咲夜,え？ペンタブタヒったん？
2021-10-03 01:07:42,こっこ,まあまあ入ってる
2021-10-03 01:07:44,sakura,このわちゃわちゃも久しぶりで心地よいな
2021-10-03 01:07:49,take take,けっこう音するね
2021-10-03 01:08:11,take take,おねだり上手なななてん
2021-10-03 01:08:14,No.396(ミクロ),ペンタブ君お眠かな？
2021-10-03 01:08:32,C60（フラーレン）,一回引っこ抜いてみる？
2021-10-03 01:08:34,辻峰咲夜,ペンタブご臨終(_人_)
2021-10-03 01:08:39,こっこ,さよならペンタブ
2021-10-03 01:08:44,sakura,頑張れペンタブ君！
2021-10-03 01:08:48,take take,テーマソング サンサーラ
2021-10-03 01:09:12,こっこ,トラブルクイーン
2021-10-03 01:09:14,take take,今からなのに早速ペンタブが死ぬ
2021-10-03 01:09:16,七つの草,ペンタブ君ーーーーー！！！！(´；ω；`)ｳｯ…
2021-10-03 01:09:20,辻峰咲夜,作業から雑談にシフトする？
2021-10-03 01:09:21,C60（フラーレン）,配線？
2021-10-03 01:09:25,sakura,作業なのに企画倒れか･･･？
2021-10-03 01:09:37,辻峰咲夜,ペンタブお前のことは忘れんよ(つд`)
2021-10-03 01:09:53,No.396(ミクロ),ペンタブ君…今までお疲れさまでした…！ゆっくり休んでくれ…
2021-10-03 01:09:57,こっこ,やっぱかかってなかったー
2021-10-03 01:09:59,take take,お！消えた
2021-10-03 01:09:59,辻峰咲夜,消えた
2021-10-03 01:09:59,みのみに,低気圧でペンタブもやられた！
2021-10-03 01:10:00,C60（フラーレン）,え、消えた
2021-10-03 01:10:01,sakura,お、消えた
2021-10-03 01:10:03,こっこ,いい感じになった
2021-10-03 01:10:03,狐蛇狼(こたろう),ファンの音消えました
2021-10-03 01:10:07,ししゃも通信,消えた
2021-10-03 01:10:30,辻峰咲夜,ほほう
2021-10-03 01:10:31,狐蛇狼(こたろう),ペンタブ抜き差しか電源ONOFFしてみる？
2021-10-03 01:10:31,C60（フラーレン）,えろい……？
2021-10-03 01:10:32,木本らい,抜き差しだけでなくペンタブの電源オンオフでひょっとしたら直るかも…？
2021-10-03 01:10:53,sakura,立ち絵ねてる？w
2021-10-03 01:11:29,take take,ななてんが寝てる状況？
2021-10-03 01:11:38,C60（フラーレン）,あれれ〜？
2021-10-03 01:12:06,こっこ,ツール初心者か？
2021-10-03 01:12:09,辻峰咲夜,なるほど理解した(してない)
2021-10-03 01:12:45,sakura,良かった良かった
2021-10-03 01:13:03,こっこ,ゆる雑たすかる
2021-10-03 01:13:22,sakura,雑談はいつでも助かるんよな
2021-10-03 01:13:30,take take,何時間寝たん？
2021-10-03 01:13:34,C60（フラーレン）,るぅさんとのコラボ面白かった。
2021-10-03 01:13:45,翠咲耶、みどりさくや,こんななー今気づいた:sweat_droplets:ナナミン絵描きながら見るね
2021-10-03 01:13:56,No.396(ミクロ),割としっかり寝てたwww
2021-10-03 01:14:03,sakura,それはお昼寝なのか？
2021-10-03 01:14:12,take take,ほとんど寝てんじゃん
2021-10-03 01:14:21,C60（フラーレン）,それはお昼寝というかガチ睡眠では…？
2021-10-03 01:14:27,こっこ,リフレッシュできてえらい
2021-10-03 01:14:34,take take,ななてんあなた疲れてるのよ
2021-10-03 01:15:11,C60（フラーレン）,ご飯食べた？
2021-10-03 01:15:16,take take,フリーズかな
2021-10-03 01:15:37,辻峰咲夜,あじゃ
2021-10-03 01:16:03,辻峰咲夜,再起動?
2021-10-03 01:16:06,C60（フラーレン）,PC君ご機嫌悪い？
2021-10-03 01:16:09,take take,叩けば直ると思うよ
2021-10-03 01:16:10,みのみに,わかんない！
2021-10-03 01:16:16,sakura,この中にソフトに詳しいお医者さんは居ますか！？
2021-10-03 01:16:20,こっこ,あるねえ
2021-10-03 01:17:12,C60（フラーレン）,フォトショに弄ばれるw
2021-10-03 01:17:37,こっこ,やったぜ
2021-10-03 01:17:44,こっこ,もてあそばれ
2021-10-03 01:17:50,C60（フラーレン）,（もてあそばれる）
2021-10-03 01:17:53,辻峰咲夜,もてあそばれてる
2021-10-03 01:17:58,take take,弄ぶ(もてあそぶ)あってるよ
2021-10-03 01:18:01,No.396(ミクロ),二人のやり取りが楽しかったから問題なしよ！
2021-10-03 01:18:22,sakura,すげー世界観だなw
2021-10-03 01:18:28,take take,何それOD？
2021-10-03 01:18:49,こっこ,横スクアクション？
2021-10-03 01:18:52,C60（フラーレン）,LSD(ゲーム名)みたい。
2021-10-03 01:19:28,こっこ,結構面白そうね
2021-10-03 01:19:44,take take,精神と時の部屋に行くのは頭イッちゃってると思う
2021-10-03 01:20:19,take take,やっぱりクスリじゃん
2021-10-03 01:20:33,C60（フラーレン）,わかるー。お酒でもあるし。
2021-10-03 01:20:49,sakura,薬怖いわぁ
2021-10-03 01:20:49,take take,副作用のない薬はない
2021-10-03 01:21:57,戯言遣い,水死体みたいになってるw
2021-10-03 01:22:15,こっこ,なんとかなるなる
2021-10-03 01:22:21,take take,精霊流しななてん
2021-10-03 01:22:44,take take,それヤバくない？
2021-10-03 01:22:47,C60（フラーレン）,起きたら裸で寝てるとか…
2021-10-03 01:22:51,戯言遣い,覚えのないツイートとかはたまにある
2021-10-03 01:23:13,翠咲耶、みどりさくや,ナナエモン
2021-10-03 01:23:29,take take,気づいたら見知らぬ男が隣に寝てるとか
2021-10-03 01:23:31,C60（フラーレン）,(ファミチキください！)
2021-10-03 01:24:07,こっこ,kowai
2021-10-03 01:24:22,戯言遣い,そうらしいねぇ
2021-10-03 01:24:31,戯言遣い,沈みましたねぇ
2021-10-03 01:24:35,狐蛇狼(こたろう),身近でヤバいのはOD以前にお酒だと思う、今聞いている症状って飲み過ぎた後と全く同じな気がするｗ
2021-10-03 01:24:41,take take,コールドスリープななてん
2021-10-03 01:24:50,C60（フラーレン）,でも眠剤の睡眠は寝ていることにならないんだけどね……。
2021-10-03 01:25:18,こっこ,風呂寝落ちはたまにやる
2021-10-03 01:25:23,take take,風呂で寝てそのまま天国へ行く事故は毎年一定数ある
2021-10-03 01:25:40,No.396(ミクロ),友人の御父上殿がお酒飲んでお風呂で…ってなったから気を付けてね…
2021-10-03 01:25:47,sakura,長風呂する人は危ないのかな？
2021-10-03 01:25:48,C60（フラーレン）,ハミルんは350錠…
2021-10-03 01:25:50,戯言遣い,ODで病院運ばれたとか言ってたね
2021-10-03 01:25:54,こっこ,300錠ぐらいいってなかったっけ？怖すぎる世界
2021-10-03 01:26:03,take take,ヤバさはハミルンがダントツなんよ
2021-10-03 01:26:28,こっこ,he-
2021-10-03 01:26:45,take take,ハミルんはODとかいうレベルじゃない
2021-10-03 01:27:04,戯言遣い,350錠とかそもそもどうやって入手したんやレベル
2021-10-03 01:27:46,C60（フラーレン）,調子いいとき飲まなくて貯めるのよ…。
2021-10-03 01:28:04,翠咲耶、みどりさくや,やべっ
2021-10-03 01:28:17,sakura,なんか凄いなぁ･･･(語彙力)
2021-10-03 01:28:37,戯言遣い,あー、それはあるかもなぁ
2021-10-03 01:28:50,ヨッシーヨッシー,初コメでーす。知らない間にチャンネル登録されてたので来ましたー
2021-10-03 01:28:53,こっこ,そんな決意のもと実行するんやなぁ
2021-10-03 01:29:04,take take,ハミルんが生きてて良かった
2021-10-03 01:29:06,C60（フラーレン）,あと、あの子の場合は市販薬だったはず。
2021-10-03 01:29:22,戯言遣い,ホンマそれ
2021-10-03 01:29:26,sakura,凄い決意だな
2021-10-03 01:29:39,take take,呑みながら登録したんじゃね？知らんけど
2021-10-03 01:30:09,C60（フラーレン）,外部コラボのときとかかな？
2021-10-03 01:30:12,ヨッシーヨッシー,多分寝落ちした時に登録したようです(笑)
2021-10-03 01:30:42,sakura,優しい世界だ
2021-10-03 01:31:06,take take,周りがわかってあげられるかが大切自分じゃ分かってないからね
2021-10-03 01:31:16,take take,ななてん頼んだ
2021-10-03 01:31:27,もりパン🍞🥖,こんななー
2021-10-03 01:31:31,戯言遣い,その時はお願いします
2021-10-03 01:31:32,ししゃも通信,判断が難しいｗ
2021-10-03 01:31:39,ドラちゃん,ななてんは財布の中身大丈夫か？
2021-10-03 01:31:50,こっこ,杞憂民が飛んでくる
2021-10-03 01:32:26,take take,ななてんは月末の食費が心配
2021-10-03 01:32:28,もりパン🍞🥖,レイヤーに名前つけるとわかりやすい
2021-10-03 01:33:03,戯言遣い,昨日のASMRも大丈夫だとは思うけど、なんかちょっといつもと違う雰囲気だった、めっちゃ甘えたがりな気配を感じたなぁ
2021-10-03 01:33:12,C60（フラーレン）,脳梗塞とかの予兆ならわかるんだけどねー。
2021-10-03 01:33:30,こっこ,夜行性だからなー
2021-10-03 01:33:47,sakura,大丈夫じゃないのか
2021-10-03 01:34:01,戯言遣い,ユニコーンとシンフォギア
2021-10-03 01:34:02,辻峰咲夜,大丈夫じゃないww
2021-10-03 01:34:05,take take,タバコも値段が上がったし
2021-10-03 01:34:08,No.396(ミクロ),相変わらずぎりぎりの生活してんねぇww
2021-10-03 01:34:08,C60（フラーレン）,あー…、一日2本か
2021-10-03 01:34:09,こっこ,タバコの心配はしてないんだよなぁ
2021-10-03 01:34:27,翠咲耶、みどりさくや,俺もパチ行きてー
2021-10-03 01:34:38,ドラちゃん,女版カイジだよなぁ
2021-10-03 01:34:49,ヨッシーヨッシー,友達がユニコーンで5万発出してたなぁ…
2021-10-03 01:35:13,翠咲耶、みどりさくや,自分の吸ってるタバコ１００円上がった＞＜
2021-10-03 01:35:30,ししゃも通信,(*￣-￣)ふ～ん
2021-10-03 01:35:31,sakura,メンソール系からレギュラーを吸うのは違和感あるよね
2021-10-03 01:35:54,C60（フラーレン）,普通のになれるとチャコールさえ邪魔になるw
2021-10-03 01:35:55,戯言遣い,2日で15だっけ？w
2021-10-03 01:36:06,こっこ,:unicorn:
2021-10-03 01:36:22,翠咲耶、みどりさくや,キャメルのメンソールが
2021-10-03 01:36:36,ヨッシーヨッシー,外国産は値上がりエグい(笑)
2021-10-03 01:36:54,もりパン🍞🥖,作業頑張って
2021-10-03 01:37:00,sakura,これで1カートン買える？
2021-10-03 01:37:01,take take,禁煙すっか
2021-10-03 01:37:14,ヨッシーヨッシー,600円だったかな
2021-10-03 01:37:34,C60（フラーレン）,あれ？600円になるのは紙だっけ？
2021-10-03 01:37:49,辻峰咲夜,高っか
2021-10-03 01:38:09,take take,搾り取れるところから搾り取るのが税金
2021-10-03 01:38:13,C60（フラーレン）,この流れはタバコ違法化かなぁ。
2021-10-03 01:38:13,sakura,喫煙民を殺しに来てるな
2021-10-03 01:38:25,若葉ジョー,ななみさん、こんばんわ:four_leaf_clover:
2021-10-03 01:38:37,ドラちゃん,一部のマナー違反がデカい
2021-10-03 01:38:43,ヨッシーヨッシー,IQOSヒーツで530円です
2021-10-03 01:38:56,こっこ,非喫煙者だからヤメれば？で落ち着いちゃうんだよな
2021-10-03 01:38:59,戯言遣い,真面目な話、煙草税とか上げるくらいなら、裕福な高齢者の医療負担でも上げとけと思う
2021-10-03 01:39:58,若葉ジョー,所得税の控除は上手にやればかなりお得だよー
2021-10-03 01:40:06,take take,ななてんなぜそんな知識を
2021-10-03 01:40:11,C60（フラーレン）,取る時は強制。返すのは申告。
2021-10-03 01:40:17,sakura,知らんかったから助かる
2021-10-03 01:40:41,take take,年金も申請しないと貰えないんだよ
2021-10-03 01:41:03,戯言遣い,Vは立派な仕事やで
2021-10-03 01:41:05,辻峰咲夜,前役場の農林系の部署にいたけど世間では禁煙進めながら、煙草税上がってるのに、煙草農家に助成金出して農家増やしてたりしてんのよな･･･(5、6年くらい前の話だけど)
2021-10-03 01:41:06,登録者10人を目指すスタースクリーム,初見～(・ω・)ノ:star:
2021-10-03 01:41:14,こっこ,夜のお仕事経験者はそういう知識持ってるイメージあるわ
2021-10-03 01:41:20,ヨッシーヨッシー,vtuber も一応職業じゃないかな？
2021-10-03 01:41:22,sakura,初見さんこんばんは
2021-10-03 01:41:32,take take,初見さんいらっしゃい
2021-10-03 01:41:47,こっこ,凝り性は解釈一致
2021-10-03 01:41:53,辻峰咲夜,初見さんいらっしゃい
2021-10-03 01:42:21,take take,年金ってその歳になったら自動で貰えると思ってる人そこそこいるんよ
2021-10-03 01:42:53,戯言遣い,Vtuberは立派な職業だと思ってる
2021-10-03 01:43:04,C60（フラーレン）,失業すると住民税が一気にくる。連絡して分割にしないと貯金飛ぶ(経験者)
2021-10-03 01:43:54,こっこ,立派な職業と呼ぶにはyoutubeに依存しすぎてるのがなー
2021-10-03 01:44:20,sakura,お金うんぬんの知識はマジで無いから経験者談含めマジで勉強になる
2021-10-03 01:44:24,ヨッシーヨッシー,このペースだと一箱1000円なるのもすぐかな
2021-10-03 01:44:28,辻峰咲夜,企業側が半分負担してるからね保険料・住民税(経理経験者)
2021-10-03 01:44:42,C60（フラーレン）,ななみんって立場的には社員なの？契約社員？
2021-10-03 01:44:50,辻峰咲夜,だから失業すると倍掛かる(´pωq`)
2021-10-03 01:44:57,こっこ,夢がある
2021-10-03 01:45:05,take take,そうそう自分でお金を貯めるしかない時代よ
2021-10-03 01:45:07,No.396(ミクロ),おばあちゃんギャンブラーかｗ
2021-10-03 01:45:31,sakura,カジノに毎日いるはなかなか凄いぞ？w
2021-10-03 01:45:32,ししゃも通信,頑張ります！
2021-10-03 01:45:34,翠咲耶、みどりさくや,年金ギャンブラー
2021-10-03 01:45:58,戯言遣い,社会的な扱いとかつべに依存してる点は置いておいて、やってる内容的な意味でね
2021-10-03 01:46:20,こっこ,動画編集とかマーケティング辺りの経験値は積めそう
2021-10-03 01:46:21,take take,VTuber一生やっていく宣言してる方もいるし
2021-10-03 01:46:29,C60（フラーレン）,年金で遊べるのは戦争経験者の年金のおかげってのもあるからなぁ。
2021-10-03 01:46:53,戯言遣い,マーケティングの経験値はかなり積めると思う
2021-10-03 01:47:04,ヨッシーヨッシー,日本は技術に対して対価祓わなすぎなんよな
2021-10-03 01:47:21,翠咲耶、みどりさくや,ウチのじいちゃんもパチ中毒やったから遺伝かな？ｗ
2021-10-03 01:47:30,sakura,会社作ったら株買うわ
2021-10-03 01:47:35,戯言遣い,ASMRそこそこバズってるやん(ゲス顔)
2021-10-03 01:47:57,戯言遣い,最初期から考えると4年くらい
2021-10-03 01:47:59,C60（フラーレン）,5年くらい……？
2021-10-03 01:48:18,take take,お天気VTuberは10年目
2021-10-03 01:48:41,C60（フラーレン）,ポン子か。たしかにあれは長いな。
2021-10-03 01:49:02,翠咲耶、みどりさくや,色んなＶさんいるんだねー
2021-10-03 01:49:03,take take,10年目の新人
2021-10-03 01:49:17,戯言遣い,本格的に企業とかが参入し始めて4、5年って感じ
2021-10-03 01:49:23,こっこ,別の流行るコンテンツが生まれちゃったらオタクはすぐ移住しちゃうからなー、むずかしいわ
2021-10-03 01:49:29,sakura,Vチューバーって色々いるんだね
2021-10-03 01:49:49,ヨッシーヨッシー,専業主婦とか？
2021-10-03 01:50:06,戯言遣い,そういうのを隠さないななてんのスタンス好きよ
2021-10-03 01:50:07,take take,石油王と結婚して
2021-10-03 01:50:29,sakura,3人養うのはかなり稼ぎいりそうなぁ
2021-10-03 01:51:05,戯言遣い,色々な物押し隠して媚び媚びなスタンスだったら見にこない
2021-10-03 01:51:06,C60（フラーレン）,You Tube君の童貞感が強くなるしな、これから。
2021-10-03 01:51:20,翠咲耶、みどりさくや,あっぶねー！絵具こぼしてナナミンの絵オシャカのするところだった:sweat_droplets::sweat_droplets:こっわ
2021-10-03 01:51:20,take take,フッおもしれぇ女
2021-10-03 01:51:28,sakura,今でも十分面白いと思うのは俺だけ？
2021-10-03 01:51:29,こっこ,おもしれー女特化かー
2021-10-03 01:52:16,戯言遣い,ななてんはそもそも人生が面白い
2021-10-03 01:52:29,take take,へー
2021-10-03 01:52:42,C60（フラーレン）,たとえば、某所の委員長見たくなにかのゲームがバズることもあるから、本当にわからん。
2021-10-03 01:52:44,sakura,石油王の意外な真実！
2021-10-03 01:53:05,ヨッシーヨッシー,しかも石油王だと何番目の妻になるかも大事だしなぁ
2021-10-03 01:53:08,take take,石油王は元手を使って事業をやってるから遊んでるわけじゃないんだよね
2021-10-03 01:53:24,こっこ,そうなんよなー、みんな大体おもしれーんだわ
2021-10-03 01:53:25,戯言遣い,ななてんの過去の経験語りめっちゃおもしろいよ？
2021-10-03 01:53:31,No.396(ミクロ),ユーチューバーも稼げるのはほんの一握りって言われてるし…
2021-10-03 01:53:40,C60（フラーレン）,いや、貴女は人生が面白い。
2021-10-03 01:53:52,sakura,ななてんしか見てないから他がどう面白いのか分からん
2021-10-03 01:54:02,No.396(ミクロ),開始5分でやらかすやつねｗｗｗ
2021-10-03 01:54:37,take take,サラちゃんはいずれバズるか炎上するかの2択だね
2021-10-03 01:54:58,戯言遣い,ヤバ女とか過去の男とか大体面白い
2021-10-03 01:55:06,C60（フラーレン）,サラちゃんは燃えるかなぁ…。
2021-10-03 01:55:09,sakura,いまさらオブラートに言う必要あるぅ？w
2021-10-03 01:55:36,ヨッシーヨッシー,ヤバい女なら一人知り合いいるわ
2021-10-03 01:55:39,戯言遣い,正直サラコバは燃えそうな予感がしてる、4Pで一番危なそう
2021-10-03 01:56:11,かさぼにーたっ,燃える燃える言われすぎてることに笑う
2021-10-03 01:56:35,こっこ,サラコバ全然燃えるイメージないわ
2021-10-03 01:56:39,戯言遣い,クッキングシュミレーターでガスボンベをコンロで焼いたのは初回だっけ？アレ爆笑した
2021-10-03 01:56:42,辻峰咲夜,ｗｗｗ
2021-10-03 01:56:54,sakura,本人聞いてたらどうするんよw
2021-10-03 01:57:03,No.396(ミクロ),あまりにも燃えすぎるといなくなっちゃう…
2021-10-03 01:57:06,ししゃも通信,実現したら駄目な夢ｗ
2021-10-03 01:57:36,take take,サラコバは切り抜きしやすいのよ
2021-10-03 01:57:41,こっこ,サラコバのトークスキルはわりとベテラン域に足突っ込んでる
2021-10-03 01:57:43,翠咲耶、みどりさくや,ｗｗｗｗ
2021-10-03 01:57:48,戯言遣い,ハミルんも4Pで燃えそうなのは最初はななてんだと思ってたけど今は自分かサラコバだと思うって言ってたし
2021-10-03 01:57:52,C60（フラーレン）,エロ箱のデバフありで、あの伸びだしね。
2021-10-03 01:57:52,辻峰咲夜,こうしくん配信ww
2021-10-03 01:58:01,かさぼにーたっ,新人Vtuberとしての可愛げが無さすぎるんよ
2021-10-03 01:58:05,sakura,4Pは個性が強いんよw
2021-10-03 01:58:07,ヨッシーヨッシー,エロ箱＝エロしかやらなきゃいけないわけじゃないしね(笑)
2021-10-03 01:58:09,戯言遣い,リリスちゃんはヤバすぎて逆に燃やしようがなさそうw
2021-10-03 01:58:22,こっこ,サラコバなら切り抜き意識してゲームやトークしてても不思議じゃないね
2021-10-03 01:58:52,アインス,４P組もキャラが濃い…
2021-10-03 01:59:19,take take,よくこんなアクの強い子たちが集まったもんだ
2021-10-03 01:59:36,こっこ,MTG即退出女じゃん
2021-10-03 01:59:39,戯言遣い,1学期配信に集中しすぎて成績落ちたらしい
2021-10-03 01:59:46,sakura,PPPも良いメンツを入れたもんだ
2021-10-03 01:59:54,ヨッシーヨッシー,頭おかしいwww
2021-10-03 01:59:54,C60（フラーレン）,4Pはそれぞれがそれぞれ自分はまともと思っているのが好き。
2021-10-03 01:59:55,辻峰咲夜,全身ろーにゃｗｗ
2021-10-03 02:00:03,かさぼにーたっ,10個増えたの？w
2021-10-03 02:00:03,戯言遣い,分かる、アレは楽しみ
2021-10-03 02:00:20,辻峰咲夜,ハミラーのお財布を甘く見すぎた末路ww
2021-10-03 02:00:28,翠咲耶、みどりさくや,この年にオーディションやったからこのメンバーが集まった
2021-10-03 02:00:41,sakura,リスナー本気だしたら強いなw
2021-10-03 02:00:52,かさぼにーたっ,「私が1番個性無い」wそれ全員言ってるw
2021-10-03 02:00:53,take take,ななてんが普通なわけがない
2021-10-03 02:01:23,こっこ,そこよなーVだからってだけで、が武器にしにくいよなー
2021-10-03 02:01:32,戯言遣い,全員がみんな面白くて羨ましいみたいなこと言ってるんだよなぁw
2021-10-03 02:01:36,C60（フラーレン）,んー…、例えばそこ等の女の子捕まえても、ここまでは伸びないと思う。
2021-10-03 02:01:38,sakura,いじめないよ！逆に好きだわw
2021-10-03 02:01:47,辻峰咲夜,4Pみんな濃すぎるんよww
2021-10-03 02:02:02,ししゃも通信,普通の概念が崩壊する…。
2021-10-03 02:02:18,かさぼにーたっ,確かにハミラーさんだけ年齢層低めよね
2021-10-03 02:02:33,戯言遣い,開始前に無言上限は笑った
2021-10-03 02:03:25,戯言遣い,本人の見通しではせいぜい30個だったのが129個にヤケのプラ1で130個だからなぁ
2021-10-03 02:03:31,take take,ナベさんに先見の明が！？
2021-10-03 02:03:49,こっこ,雑談してる間にだいぶ仕上がってきた
2021-10-03 02:03:51,C60（フラーレン）,ソノ人見る目あり過ぎィ！
2021-10-03 02:04:32,sakura,気づいた瞬間恐怖したろうなw
2021-10-03 02:04:42,戯言遣い,開始前で予想の倍行ってて慌てて事務所に相談したとか言ってたな
2021-10-03 02:05:10,こっこ,墨入れたら近づくかなあぐらい
2021-10-03 02:05:13,C60（フラーレン）,ホウレンソウ大事
2021-10-03 02:05:51,戯言遣い,PPP系列はマジで人事が慧眼すぎる
2021-10-03 02:06:19,戯言遣い,ななてんの雑談すき
2021-10-03 02:06:23,こっこ,コラボ感想みたいなの話したかったことないんか？
2021-10-03 02:06:36,sakura,雑談しよー
2021-10-03 02:07:00,木本らい,見た―
2021-10-03 02:07:01,C60（フラーレン）,慣れてきてたね！
2021-10-03 02:07:02,こっこ,見てた見てた
2021-10-03 02:07:05,sakura,アーカイブで見たよー！
2021-10-03 02:07:06,No.396(ミクロ),雑談はだらっとやるから良いのよ
2021-10-03 02:07:08,かさぼにーたっ,ブルーローズさん♡
2021-10-03 02:07:09,みのみに,みた！
2021-10-03 02:07:12,狐蛇狼(こたろう),アーカイブで拝見しました
2021-10-03 02:07:22,こっこ,だいぶ面白かった、相性の良さを感じた
2021-10-03 02:07:23,戯言遣い,そうだ、アレ朝5時に明日やります！って言ってたから出かけちゃって見落としたんだったw
2021-10-03 02:07:48,ヨッシーヨッシー,この時期に熱はまずい(笑)
2021-10-03 02:07:51,木本らい,寝て起きたら復活したみたいよ＞熱
2021-10-03 02:07:51,かさぼにーたっ,熱があってもあのクオリティの喋りを…
2021-10-03 02:08:04,C60（フラーレン）,ペンが死んでる場合も
2021-10-03 02:08:14,No.396(ミクロ),ペンの電池切れてるとかある？
2021-10-03 02:08:17,狐蛇狼(こたろう),ツイート来てましたね。緊張切れて一気に体調悪くなってしまったのかなあ？
2021-10-03 02:08:17,こっこ,夜行性の弊害
2021-10-03 02:08:22,sakura,NG知らなさすぎ雑談面白かったw
2021-10-03 02:08:42,狐蛇狼(こたろう),ドライバーを更新してみるとか？？
2021-10-03 02:09:09,こっこ,いいひと
2021-10-03 02:09:26,sakura,良い人に巡り会えたね
2021-10-03 02:09:26,take take,ちょくちょくコラボして
2021-10-03 02:09:31,翠咲耶、みどりさくや,エロ天使か
2021-10-03 02:09:40,C60（フラーレン）,るぅさんがエッチの話になるとフリーズするのが楽しかったW
2021-10-03 02:09:41,take take,オフコラボもワンチャン
2021-10-03 02:10:12,狐蛇狼(こたろう),しょじょさんに水鉄砲のレビュー求めるのは鬼畜でしたねｗ
2021-10-03 02:10:22,sakura,会った時ご飯奢る言ってたねw
2021-10-03 02:10:42,No.396(ミクロ),良き友に巡り合えたね！
2021-10-03 02:10:55,こっこ,それに気づけたら大人じゃん
2021-10-03 02:11:40,こっこ,人恵まれはめちゃくそ感じるわ
2021-10-03 02:11:44,C60（フラーレン）,自分なら自分と友人になろうとは思わないから、自分の友人たちには感謝してる。
2021-10-03 02:11:46,戯言遣い,ホント巡り合わせって大事
2021-10-03 02:12:40,戯言遣い,ななてん、身近にいたら友達になりたいとは思う
2021-10-03 02:12:49,こっこ,隠れメンヘラだしな
2021-10-03 02:12:58,かさぼにーたっ,自分のこと倫理観ある人間だと思ってる人の方が珍しいさw
2021-10-03 02:13:06,sakura,ななてんに巡り会えた感謝
2021-10-03 02:13:39,こっこ,まだ隠れてる方
2021-10-03 02:13:56,sakura,気にしてるのか
2021-10-03 02:14:11,戯言遣い,隠れてなくても被らんから大丈夫よw
2021-10-03 02:14:26,C60（フラーレン）,時々Twitterで「乙女回路発動してるな〜」とおもってるelw
2021-10-03 02:14:33,sakura,ななてんは埋もれんよw
2021-10-03 02:14:49,戯言遣い,ななてんは乙女だし
2021-10-03 02:14:52,翠咲耶、みどりさくや,大丈夫！！
2021-10-03 02:14:57,こっこ,メンヘラ芸をし始めない限りは被らないから大丈夫大丈夫
2021-10-03 02:15:01,ヨッシーヨッシー,そういえばなぜエロ箱に所属しようと思ったんです？
2021-10-03 02:15:29,sakura,〇〇食べたいとか言ってる時可愛いなぁって思ってた
2021-10-03 02:16:22,take take,なぜそんな情報を
2021-10-03 02:16:32,C60（フラーレン）,ツイート連発時は「あー、さびしいのかなー？」と思ってる。
2021-10-03 02:16:39,sakura,そのお客さんすげーな
2021-10-03 02:17:04,ヨッシーヨッシー,すごい巡り合わせ(笑)
2021-10-03 02:17:14,辻峰咲夜,なんと
2021-10-03 02:17:19,こっこ,どれぐらい応募きたんやろなぁ
2021-10-03 02:17:38,sakura,ななてんの人の巡り合わせ良すぎん？w
2021-10-03 02:18:07,こっこ,配信者意識できててえらい
2021-10-03 02:18:17,戯言遣い,最近の乙女感感じたのは多分犬とかかなぁ
2021-10-03 02:19:03,翠咲耶、みどりさくや,かわいい
2021-10-03 02:19:04,C60（フラーレン）,かわいい
2021-10-03 02:19:05,狐蛇狼(こたろう),オーディション開催が決まる前に事務所にいったってこと？
2021-10-03 02:19:09,sakura,可愛い
2021-10-03 02:19:12,辻峰咲夜,かわいい
2021-10-03 02:19:20,こっこ,頑張って作ったものはやっぱ見てもらいたくなるね
2021-10-03 02:19:56,ししゃも通信,可愛い
2021-10-03 02:19:57,かさぼにーたっ,ななてんのお陰で4Pの会話増えてそうな印象
2021-10-03 02:20:14,sakura,それ辛くない？
2021-10-03 02:20:21,C60（フラーレン）,褒められるとバツが悪くなるんよね。
2021-10-03 02:20:50,こっこ,褒めてもらいたがるほうに曲がってよかった
2021-10-03 02:20:56,戯言遣い,4Pは仲良しイメージはあるんだけど毎回誰かしら体調不良でいなくてコンビかトリオになってるのはちょっと心配
2021-10-03 02:20:56,take take,おしゃべり揃いだよね4P
2021-10-03 02:22:08,sakura,部門別なのか
2021-10-03 02:22:08,C60（フラーレン）,りりっぢゃんも体強くないよね。
2021-10-03 02:22:15,戯言遣い,今リリスちゃんダウン中
2021-10-03 02:22:19,こっこ,なるほどね
2021-10-03 02:22:32,かさぼにーたっ,膀胱炎とかねw
2021-10-03 02:22:39,ヨッシーヨッシー,貯めて貯めて爆発する感じかぁ…
2021-10-03 02:22:43,take take,サラコバは配信後にいっつもめちゃくちゃ反省してる
2021-10-03 02:22:52,戯言遣い,順番に誰かしらダウンしてるのよね
2021-10-03 02:23:20,こっこ,マウスでこれは充分可愛いんよ
2021-10-03 02:23:23,sakura,みんな元気にやって欲しいもんだ
2021-10-03 02:23:30,翠咲耶、みどりさくや,確かにそうねｗ
2021-10-03 02:23:41,ヨッシーヨッシー,女性は膀胱炎なりやすいから気を付けねば
2021-10-03 02:24:00,sakura,悪循環良くない･･･
2021-10-03 02:24:12,辻峰咲夜,良くも悪くもそこが4Pなんのよな
2021-10-03 02:24:31,戯言遣い,まぁ、最初の1ヶ月だから徐々に慣れていってほしい
2021-10-03 02:24:32,翠咲耶、みどりさくや,マウスでここまで描けるんは凄い
2021-10-03 02:24:44,ししゃも通信,そうなの？
2021-10-03 02:25:01,辻峰咲夜,そもそも描ける時点で凄い
2021-10-03 02:25:29,こっこ,バズって伸びる界隈だからどこまでいっても予測できないのよなー
2021-10-03 02:25:44,翠咲耶、みどりさくや,まだこれから始まったばかりだしね
2021-10-03 02:25:49,C60（フラーレン）,ちょっとした燃え尽き症候群はあると思う。オーディションという緊張状態が溶けて。
2021-10-03 02:25:59,sakura,運営さん優しいのは嬉しいね
2021-10-03 02:26:43,辻峰咲夜,:cyclone::cyclone:
2021-10-03 02:26:48,sakura,:buffering:？
2021-10-03 02:26:51,戯言遣い,ななてんの消失
2021-10-03 02:26:52,C60（フラーレン）,LOADING...
2021-10-03 02:26:53,ヨッシーヨッシー,ぐるった？
2021-10-03 02:26:56,翠咲耶、みどりさくや,なおった
2021-10-03 02:26:58,こっこ,おかえり
2021-10-03 02:27:02,おむねる,直った
2021-10-03 02:27:03,辻峰咲夜,戻った！
2021-10-03 02:27:06,take take,グルってたのか
2021-10-03 02:27:06,sakura,戻った！
2021-10-03 02:27:13,C60（フラーレン）,治り申した
2021-10-03 02:27:18,No.396(ミクロ),おかえり！
2021-10-03 02:27:20,戯言遣い,おかえり
2021-10-03 02:27:21,ししゃも通信,直った
2021-10-03 02:27:33,辻峰咲夜,(;ﾟдﾟ)ﾌｧｯ!?
2021-10-03 02:27:55,sakura,意志を持っていた！？
2021-10-03 02:28:28,C60（フラーレン）,得意分野。
2021-10-03 02:28:30,おむねる,ななてん腹わって話せる人います？
2021-10-03 02:28:54,おむねる,人間的にで
2021-10-03 02:29:15,戯言遣い,PPP優しいけど皆のASMR聞いててXLRにするなら普通の白にしてスタンド付けてあげてとはちょっと思ったw
2021-10-03 02:29:19,take take,腹を割って話そう(水曜どうでしょう)
2021-10-03 02:29:34,こっこ,部分的に分ける感じね
2021-10-03 02:30:15,戯言遣い,なるほど
2021-10-03 02:30:24,こっこ,4Pで同じASMR環境にしたかったのかもね
2021-10-03 02:30:30,翠咲耶、みどりさくや,なるほどさすなな
2021-10-03 02:30:37,sakura,なるほどね
2021-10-03 02:31:27,こっこ,こいつ絶対自分で買わねーなって察したのかもしれない
2021-10-03 02:31:31,sakura,運営優しすぎだろ
2021-10-03 02:31:35,翠咲耶、みどりさくや,ほうほう、そんなきっかけが
2021-10-03 02:31:47,かさぼにーたっ,御意見番たすかる
2021-10-03 02:32:13,ししゃも通信,安定させなきゃ。
2021-10-03 02:32:24,ヨッシーヨッシー,Asmr の売り上げでとうとう専用スタジオ建てた猛者がいるで
2021-10-03 02:32:36,こっこ,一人に買うのはさすがに不公平だからじゃあ全員に買ってあげましょうの流れ、納得やね
2021-10-03 02:32:38,take take,ナベさんコラボの話どうなった？
2021-10-03 02:32:38,翠咲耶、みどりさくや,安定大事よね
2021-10-03 02:32:49,C60（フラーレン）,10万までなら当期の損金算入（つまり費用計上）できるから企業側としても節税的にはあり。
2021-10-03 02:33:18,C60（フラーレン）,まあ、だろうね。
2021-10-03 02:33:23,sakura,支え隊とはまたネーミングセンス良いね
2021-10-03 02:33:29,take take,ナベさん忙しいのか
2021-10-03 02:33:35,ヨッシーヨッシー,防音室完備の新築スタジオらしい(笑)
2021-10-03 02:33:36,No.396(ミクロ),まぁしょうがないね…
2021-10-03 02:33:46,かさぼにーたっ,担当クビになったけど忙しい社長
2021-10-03 02:33:55,sakura,社長だししょうがないか
2021-10-03 02:34:06,辻峰咲夜,ギリ固定資産外
2021-10-03 02:34:36,戯言遣い,ざっと調べてみただけどスタンドは4、5千円くらいで買えるっぽい
2021-10-03 02:34:51,take take,ASMRはライバル多いよ
2021-10-03 02:35:19,辻峰咲夜,ななてんスタンド(本人)
2021-10-03 02:35:22,C60（フラーレン）,ほら、PPPだけでなくますかれーどもASMRの売り上げいいみたいだし。
2021-10-03 02:35:26,sakura,ASMR機材だけで1000万かけてる配信者知ってる
2021-10-03 02:35:29,戯言遣い,あと専用のグリップが4千円くらいであるね
2021-10-03 02:35:34,ヨッシーヨッシー,まぁ、その人マイクやらの機材だけで1000万いったって暴露しとった
2021-10-03 02:35:57,こっこ,予備でもう1個いるじゃん？
2021-10-03 02:36:22,take take,1000万だとどう変わるのか
2021-10-03 02:36:42,C60（フラーレン）,バイノーラルがここまでは人気になるとはね。
2021-10-03 02:36:42,ヨッシーヨッシー,オーダーメイドでダミーヘッド2つとか
2021-10-03 02:36:54,sakura,音を聞いてるだけなのに、熱と風を感じる
2021-10-03 02:37:08,翠咲耶、みどりさくや,どのくらい音質とかかわるんだろ？
2021-10-03 02:37:21,翠咲耶、みどりさくや,へーー
2021-10-03 02:37:27,戯言遣い,こんばんわんわんの人かな？あの人たしかKU-100も2台持ってて、オーダーメイドでガッツリ相談してたし
2021-10-03 02:37:41,ヨッシーヨッシー,まじで脳ミソ溶けるレベルでした(笑)
2021-10-03 02:37:53,こっこ,みんな詳しい
2021-10-03 02:38:14,辻峰咲夜,スマホでゆっくり実況ならやってる
2021-10-03 02:38:16,狐蛇狼(こたろう),色々話してくれる配信者いるしねぇ
2021-10-03 02:38:19,take take,イヤホンなんかiPhone付属のやつだし聞き分けられん
2021-10-03 02:38:23,sakura,ASMRは前から色んな人のを聞いてた
2021-10-03 02:38:44,翠咲耶、みどりさくや,皆詳しいなウチこの箱でしか聞いてないからな
2021-10-03 02:38:47,C60（フラーレン）,サラちゃんがなんか邪悪な笑み浮かべてるw
2021-10-03 02:38:49,こっこ,お仕事はなんでも勉強が付きまとっちゃうんだよなあ
2021-10-03 02:39:00,戯言遣い,コスパ良くASMR聞くならE500とかおすすめらしいよ
2021-10-03 02:39:27,辻峰咲夜,サラちゃんがアンテのフリスクに見えてきたｗｗ
2021-10-03 02:39:53,こっこ,ノート取れるのえらいじゃん
2021-10-03 02:40:14,こっこ,飽き性発動しちゃったかー
2021-10-03 02:40:15,sakura,勉強大事よな。今になってすっげー実感するわ
2021-10-03 02:41:24,C60（フラーレン）,税法の勉強していたときが一番頭良かった気がするw
2021-10-03 02:41:33,こっこ,それを受けに行けるのが行動力高い人なんよな
2021-10-03 02:41:38,戯言遣い,さっさと解いて途中退室したくなる
2021-10-03 02:41:57,sakura,調理師と栄養士の勉強してた時が1番頭使ってた気がする
2021-10-03 02:42:15,辻峰咲夜,社会人になってから勉強マジ苦手になった･･･仕事の合間とか休日とかやる気出なくなったわぁ･･･
2021-10-03 02:43:11,ヨッシーヨッシー,そういえばエロ箱のfc って内容ヤバめなの多い気がするけど、ななてん的には実写配信とかありなん？
2021-10-03 02:43:18,おむねる,危険物と有機溶剤あるよ
2021-10-03 02:43:21,こっこ,やるフリだけでも自分を動かさないとやれねーんよな
2021-10-03 02:43:24,辻峰咲夜,ウチが頭使ってたときは、学生時代日商簿記2級取りに行った時がピークかな？
2021-10-03 02:44:02,C60（フラーレン）,ゆうきようざい
2021-10-03 02:44:08,辻峰咲夜,ようざい
2021-10-03 02:44:10,狐蛇狼(こたろう),ゆうきようざい
2021-10-03 02:44:12,sakura,ようざいかな？
2021-10-03 02:44:16,おむねる,w w w
2021-10-03 02:44:23,翠咲耶、みどりさくや,ウチは車の免許と調理師免許だけ
2021-10-03 02:44:30,C60（フラーレン）,アセトンとかそのへんやね。
2021-10-03 02:44:41,No.396(ミクロ),一番頭使ってた時期…小学生の理科の授業ぐらい…かな
2021-10-03 02:45:06,sakura,www
2021-10-03 02:45:33,翠咲耶、みどりさくや,ナナミン原付き免許は？
2021-10-03 02:45:39,辻峰咲夜,日商簿記と工業簿記、高圧ガス二種販なら･･･
2021-10-03 02:45:42,こっこ,よかったドブに金捨てた話しかと思った
2021-10-03 02:45:55,ヨッシーヨッシー,特殊なのは、電気工事士と通信工事の資格かね
2021-10-03 02:46:07,C60（フラーレン）,やめろぅ！
2021-10-03 02:46:10,こっこ,それは怒られてもろて
2021-10-03 02:46:12,sakura,やったやったw
2021-10-03 02:46:15,辻峰咲夜,(;ﾟдﾟ)!?
2021-10-03 02:46:23,No.396(ミクロ),ガチであかんやつwww
2021-10-03 02:46:50,sakura,バチくそ怒られたw
2021-10-03 02:46:50,おむねる,ななてん車でブイブイいわしてるんだと思ってたw
2021-10-03 02:47:04,辻峰咲夜,そう思うでしょ？現在メッチャガチニート7ヶ月目なのよ･･･(つд`)
2021-10-03 02:47:15,翠咲耶、みどりさくや,ww
2021-10-03 02:47:19,ししゃも通信,ｗｗｗ
2021-10-03 02:47:21,こっこ,都内は車いらんでなー
2021-10-03 02:47:25,おむねる,草
2021-10-03 02:47:26,戯言遣い,履歴書に書けるようなのは日商簿記2級くらいだなぁ、高卒やし
2021-10-03 02:47:30,辻峰咲夜,ｗｗ
2021-10-03 02:47:30,C60（フラーレン）,さっき左
2021-10-03 02:47:31,sakura,www
2021-10-03 02:47:33,こっこ,雑ナビ
2021-10-03 02:47:35,No.396(ミクロ),ｗｗｗ
2021-10-03 02:48:08,ヨッシーヨッシー,昔車でやってガッつり潮吹かれて泣き見た黒歴史がwww
2021-10-03 02:48:19,C60（フラーレン）,死角はありません。
2021-10-03 02:48:28,こっこ,電気工事士持ってるけど気づいたら名前変わっててどれ取ったことになってるのかうろ覚えなんよな
2021-10-03 02:48:40,翠咲耶、みどりさくや,(笑)
2021-10-03 02:48:41,No.396(ミクロ),資格なんも持ってない…
2021-10-03 02:48:48,C60（フラーレン）,www
2021-10-03 02:48:57,戯言遣い,もう１５年くらいやってないから覚えてないけどｗ
2021-10-03 02:49:31,戯言遣い,それは分かるｗ
2021-10-03 02:49:35,辻峰咲夜,ワープロ検定とか今通用せんだろって資格とかあるｗｗ
2021-10-03 02:50:05,辻峰咲夜,(;-д-)ｷﾞｸｯ
2021-10-03 02:50:15,C60（フラーレン）,いるね。むしろ無駄に知識持ってて邪魔になる。
2021-10-03 02:50:18,戯言遣い,ただひたすらタイピングして、誤字脱字で減点される
2021-10-03 02:50:29,sakura,へー
2021-10-03 02:51:07,辻峰咲夜,それは分かる
2021-10-03 02:51:13,おむねる,そうだね〜
2021-10-03 02:51:20,ヨッシーヨッシー,結局、経験ない資格とか無いのと同じなんよね
2021-10-03 02:51:26,C60（フラーレン）,落ちたらお前負担な！な会社はやめといたほうがいい。
2021-10-03 02:51:35,こっこ,慣れれば慣れるほど誤字るんよなタイピング
2021-10-03 02:51:39,戯言遣い,文章がだーっと書かれてて何文字で何点、そこから誤字脱字で減点されて合格点達してるか、みたいなやつ
2021-10-03 02:52:10,No.396(ミクロ),ワープロ検定そもそもタイピング速度が遅くて全くできなかったなぁ…
2021-10-03 02:52:29,戯言遣い,アレやったせいで一応見ないでタイピングはできるようになったｗ
2021-10-03 02:52:37,ヨッシーヨッシー,あら、もう３時になるのか
2021-10-03 02:52:41,C60（フラーレン）,寿司打とか懐かしいな。
2021-10-03 02:52:48,こっこ,人差し指使いは初めて聞いたわ
2021-10-03 02:53:19,sakura,タイピング速いわけじゃないからカタカタできる人うらやま
2021-10-03 02:53:25,ヨッシーヨッシー,フラッシュはサポート切れたから全滅したはず
2021-10-03 02:53:31,戯言遣い,人差し指で早いのは想像してだけで笑うｗ
2021-10-03 02:53:31,No.396(ミクロ),なんかいたような気がするわｗｗ
2021-10-03 02:53:38,辻峰咲夜,電卓検定とかもあるけど、自前の電卓じゃないと速くタイプできなかったりする(左五指打ち、右ペン書き)
2021-10-03 02:53:42,翠咲耶、みどりさくや,めっちゃ遅い:sweat_droplets:
2021-10-03 02:53:52,C60（フラーレン）,電卓打つのは早いんだけどねぇ……
2021-10-03 02:54:06,こっこ,ゲームやっててタイピング早くなると見せかけてよく使う単語だけ早くなるパターンあるある
2021-10-03 02:54:16,戯言遣い,電卓も取ったなぁ、全商だったけどｗ
2021-10-03 02:54:25,ヨッシーヨッシー,レジ打ちなら速いで
2021-10-03 02:54:39,sakura,またマニアックなw
2021-10-03 02:55:11,take take,今レジ打ちはバーコードピッで足りちゃうから
2021-10-03 02:55:23,戯言遣い,オンラインゲームやっててできるようになるのはタイピングもあるけど薬指のシフトと小指のコントロールが押せるようになる
2021-10-03 02:55:32,No.396(ミクロ),たぶんほぼ自動になってると思うから大丈夫よww
2021-10-03 02:55:38,sakura,レジは高校時代にコンビニバイトしたっきりだな
2021-10-03 02:55:50,こっこ,ゆーてパソコン知識あるからV活動で何か身に付きそう感ある
2021-10-03 02:55:52,C60（フラーレン）,これからはレジ自体なくなるかもなぁ…。
2021-10-03 02:56:00,take take,コンビニのレジ打ちは楽だったよ
2021-10-03 02:56:20,sakura,あ、腹筋か
2021-10-03 02:56:22,C60（フラーレン）,ほう
2021-10-03 02:56:23,辻峰咲夜,ほほう
2021-10-03 02:56:27,take take,ほえ
2021-10-03 02:56:30,戯言遣い,スパチャ読み腹筋したら２日後に痛くなったやつ？ｗ
2021-10-03 02:56:40,ヨッシーヨッシー,え、男はぷにる位の方が好きよ
2021-10-03 02:56:48,辻峰咲夜,スパチャ読み腹筋
2021-10-03 02:56:52,sakura,回数増やす？w
2021-10-03 02:56:56,No.396(ミクロ),つまり今が投げるタイミングってことだな？ｗｗ
2021-10-03 02:56:58,take take,100×回数やな
2021-10-03 02:57:04,ししゃも通信,ほう
2021-10-03 02:57:20,翠咲耶、みどりさくや,大好物です
2021-10-03 02:57:24,take take,早速腹筋要求きたで
2021-10-03 02:57:26,戯言遣い,終わったー！ってタイミングで投げようか（ゲス顔）
2021-10-03 02:57:27,sakura,がんばえー
2021-10-03 02:57:29,C60（フラーレン）,ギシギシ音が臨場感ましていいね。
2021-10-03 02:57:29,こっこ,女の痩せるは男に見せるために痩せるわけじゃねーからな
2021-10-03 02:57:31,ヨッシーヨッシー,腹筋はあまり引き締め効果ないよ…
2021-10-03 02:57:36,辻峰咲夜,腹筋ASMR
2021-10-03 02:58:25,翠咲耶、みどりさくや,ナナミンへのスパチャ初。頑張って
2021-10-03 02:58:27,take take,腹筋って続けないとすぐ元に戻る
2021-10-03 02:58:42,ししゃも通信,今のうちに追加だー
2021-10-03 02:58:46,C60（フラーレン）,痩せるなら大きい筋肉（太腿の筋肉）を大きくするのがおすすめ。スクワットだ！
2021-10-03 02:58:52,No.396(ミクロ),FCの実写でバキバキに割れた腹筋がみられるかもしれないのかｗｗ
2021-10-03 02:59:00,翠咲耶、みどりさくや,26
2021-10-03 02:59:07,翠咲耶、みどりさくや,30かw
2021-10-03 02:59:09,ヨッシーヨッシー,一気にスパチャ増えてるwww
2021-10-03 02:59:11,sakura,乗るしかない！
2021-10-03 02:59:11,戯言遣い,そういえば、FCって個人になるの？４Pで1枠？
2021-10-03 02:59:15,take take,手軽にスパチャでお腹に貼るやつ買おう
2021-10-03 02:59:24,狐蛇狼(こたろう),ななてんにスパチャ送る流れ？これに乗るしかない！
2021-10-03 02:59:33,翠咲耶、みどりさくや,ww地獄の腹筋
2021-10-03 02:59:53,辻峰咲夜,みんなこのビックウェーブに乗り出したww
2021-10-03 02:59:54,C60（フラーレン）,もうやり始めてるんだ、偉い。
2021-10-03 03:00:06,戯言遣い,えぐいｗ
2021-10-03 03:00:30,No.396(ミクロ),そんなこと言ってるとめちゃくちゃ投げられるぞｗｗ
2021-10-03 03:00:39,sakura,いや、投げるよ？
2021-10-03 03:00:40,こっこ,がんばれがんばれ
2021-10-03 03:00:43,辻峰咲夜,継続的にスパチャを投げさせるシステムが構築されつつあるww
2021-10-03 03:00:52,こっこ,Win－Winやね
2021-10-03 03:01:05,戯言遣い,この流れ、数日前にハミルんの枠で見たなぁ・・・
2021-10-03 03:01:35,ヨッシーヨッシー,ぶっちゃけ腹筋よりおせっせ1回の方がカロリー消費が多いという
2021-10-03 03:01:49,ししゃも通信,鷲〇麻雀的な何かかな？
2021-10-03 03:02:10,take take,
2021-10-03 03:02:17,C60（フラーレン）,筋肉つけて基礎代謝上げるのね。
2021-10-03 03:02:29,戯言遣い,終わる前に飛んでくる終わらない腹筋
2021-10-03 03:02:31,No.396(ミクロ),どんどん増えるスパチャww
2021-10-03 03:02:41,sakura,素晴らしいシステムだw
2021-10-03 03:02:56,こっこ,小休止は大事
2021-10-03 03:03:20,戯言遣い,さっき写真撮った時からもう5000くらい飛んでるんだよなぁ・・・
2021-10-03 03:03:38,C60（フラーレン）,V字は下腹にいいよね。
2021-10-03 03:04:23,狐蛇狼(こたろう),休憩する？お水代をどうぞ:glass_of_milk:
2021-10-03 03:04:39,こっこ,筋肉痛は月曜かー
2021-10-03 03:04:40,sakura,お疲れ様でした✩
2021-10-03 03:04:52,辻峰咲夜,どうぞ( ・∀・)つ
2021-10-03 03:05:01,翠咲耶、みどりさくや,キツそうだから投げるの止めとくね。w
2021-10-03 03:05:07,こっこ,鷲巣麻雀、アカギね
2021-10-03 03:05:08,sakura,終われないなw
2021-10-03 03:05:14,C60（フラーレン）,終わらないスパチャw
2021-10-03 03:05:27,ししゃも通信,休憩すると増えるｗ
2021-10-03 03:05:45,No.396(ミクロ),ヘロヘロになってるwww
2021-10-03 03:06:06,sakura,別の意味で健康になれるねw
2021-10-03 03:06:06,狐蛇狼(こたろう),お疲れ様！これでスパチャ終わりですね
2021-10-03 03:06:25,こっこ,よし！痩せたな！
2021-10-03 03:06:43,ヨッシーヨッシー,正しい意味で健康になるわ笑
2021-10-03 03:06:55,戯言遣い,100円で1回にしてたら130個ろーにゃーの二の舞になるところだったｗ
2021-10-03 03:06:59,C60（フラーレン）,年明けくらいとかだと助かる。
2021-10-03 03:07:12,take take,配信外でも腹筋してね
2021-10-03 03:07:13,こっこ,ゲームたのしみー
2021-10-03 03:07:13,sakura,次は何回かな？w
2021-10-03 03:07:21,No.396(ミクロ),腹筋おつかれさまｗ
2021-10-03 03:07:32,戯言遣い,そういえばFCって個人になるの？４Pでになるの？
2021-10-03 03:07:36,みのみに,おつなな！
2021-10-03 03:07:38,翠咲耶、みどりさくや,筋肉痛で起きれないとか？
2021-10-03 03:07:38,C60（フラーレン）,明日というのは日曜？月曜？
2021-10-03 03:07:45,No.396(ミクロ),おつなな！
2021-10-03 03:07:47,ヨッシーヨッシー,おつななー
2021-10-03 03:07:48,sakura,了解！おつなな！
2021-10-03 03:07:48,狐蛇狼(こたろう),おつなな～
2021-10-03 03:07:49,C60（フラーレン）,おつななー
2021-10-03 03:07:49,戯言遣い,おつななー
2021-10-03 03:07:49,ししゃも通信,おつななー
2021-10-03 03:07:50,木本らい,おつななーー
2021-10-03 03:07:52,翠咲耶、みどりさくや,おつななー
2021-10-03 03:07:54,take take,おつななー
