2022-03-25 20:16:03,Gen,待機
2022-03-25 20:20:29,もぐ,待機
2022-03-25 20:21:34,V-MAX,待機
2022-03-25 20:23:36,えのころ草,待機
2022-03-25 20:24:43,TEMMIE(てみー),待機
2022-03-25 20:24:54,よもぎ ⚰️,待機
2022-03-25 20:24:55,デイビット・コジマ ⚰️,待機
2022-03-25 20:25:15,Azu -あず-,待機
2022-03-25 20:26:48,野良フェンリル,待機
2022-03-25 20:26:59,DuxRyK 【デューク】,待機
2022-03-25 20:30:31,干からびたたチンチン_ヒカチン,こんのらー
2022-03-25 20:30:33,ネット弁慶,こんのら〜
2022-03-25 20:30:33,Gen,こんのらーーー
2022-03-25 20:30:34,【ふーと】Foo-To_AGM,こんのらー
2022-03-25 20:30:34,やさい,こんのらー
2022-03-25 20:30:34,ふじしろけい,こんのらー
2022-03-25 20:30:34,RAM太郎,こんのら！
2022-03-25 20:30:35,アライラ,こんのらー
2022-03-25 20:30:38,TJ,こんのらー
2022-03-25 20:30:39,野良フェンリル,こんのら～～
2022-03-25 20:30:39,ラスカル山田,こんのらー
2022-03-25 20:30:41,冥土,こんのらー
2022-03-25 20:30:41,スマイル,こんのらー
2022-03-25 20:30:42,nono,こんのらー
2022-03-25 20:30:43,いつか,こんのら
2022-03-25 20:30:44,keDama,こんのらー
2022-03-25 20:30:45,HAMIDERU,こんのらー
2022-03-25 20:30:45,デクロボ,きこえとるよー
2022-03-25 20:30:46,ビーダマン,こん
2022-03-25 20:30:47,ラグナロク⚰️,こんノラです。
2022-03-25 20:30:47,カンナカムイ,こんのらー
2022-03-25 20:30:48,山田太郎,こんならー
2022-03-25 20:30:48,とりのそぼろ,こんのらー
2022-03-25 20:30:49,YMS,こんのらー
2022-03-25 20:30:50,カナガタ_セッサク中,こんのらー
2022-03-25 20:30:53,Alex,こんのら
2022-03-25 20:30:54,よもぎ ⚰️,見えるよ
2022-03-25 20:30:55,レンたろう,えっちのらね
2022-03-25 20:30:58,山田太郎,ちゅー
2022-03-25 20:31:00,不思議な四暗刻(スーアンコウ)の大冒険,こんのらー
2022-03-25 20:31:00,がんばらないえる,こんのぉーらー
2022-03-25 20:31:00,V-MAX,心拍数が
2022-03-25 20:31:04,野良フェンリル,緊張してるんか～？？
2022-03-25 20:31:05,RAM太郎,ばっちりです
2022-03-25 20:31:05,ビーダマン,ビビってる
2022-03-25 20:31:05,冥土,いきなり心拍数高いなw
2022-03-25 20:31:06,アルくんさん,こんのらー
2022-03-25 20:31:07,ただの水口です,バクバクやん
2022-03-25 20:31:07,フライdoペンギン,日頃の不摂生が
2022-03-25 20:31:08,seiichirou,死んでる…
2022-03-25 20:31:09,keDama,血圧高め
2022-03-25 20:31:14,レイヴン,このゲームエッチいからな
2022-03-25 20:31:14,hori,いきなり１１７！？
2022-03-25 20:31:17,山本マサオ,もう動悸？
2022-03-25 20:31:18,レンたろう,こんちゅーわー！
2022-03-25 20:31:18,名無し,どうせエチエチな場面になったら心拍数下がる
2022-03-25 20:31:20,泥沼亀吉,ネズミは心拍数高い
2022-03-25 20:31:21,foxですよ,こんノラー
2022-03-25 20:31:26,アリマ,こんのらー
2022-03-25 20:31:27,DC,こんのらー
2022-03-25 20:31:37,takkuson,こんちゅーわ
2022-03-25 20:31:38,そら,こんのらー
2022-03-25 20:31:39,だもだも,結構叫ぶかんじですか
2022-03-25 20:31:40,阿良々木 泰蔵-GSX1300R-,こんのらー
2022-03-25 20:31:41,ポンジュ,こんのらー
2022-03-25 20:31:42,よもぎ ⚰️,草
2022-03-25 20:31:51,えのころ草,緊張してる？
2022-03-25 20:31:53,八意ゆきの,上がるの草
2022-03-25 20:31:53,foxですよ,興奮してるね～:smiling_face_with_hearts:
2022-03-25 20:31:54,山田太郎,心臓爆発
2022-03-25 20:31:56,アライラ,バックバックで草
2022-03-25 20:31:58,デイビット・コジマ ⚰️,ノラ君！ルームウェアはこれでお好きなの買ってくれ！ あと給料日なので告白します。(ガンギマリ) 最近のらーらに感謝するのが日課になりつつあります! 単刀直入に我慢してたこと書いちゃう!のらーら愛してるぞおおおお ps.厄介ノラ組だと思われてそうですが長文赤スパ失礼! ちなみに読まれてるころには、あまりの恥ずかしさに、ユニバーサル大回転ノラノラの舞（◝(‘ω’)◟ ））（（ ◝(‘ω’)◜ ））しながら ベットの上で暴れてると思うので 率直な一言もらってもいいですか?w最後に一言 いつも元気をくれてありがとう！ 大好きだぜ！
2022-03-25 20:31:59,山本マサオ,ノラ君ケガしてんの？
2022-03-25 20:32:00,せるりあん,緊張しててかわちいね
2022-03-25 20:32:03,Azu -あず-,声もちょっと緊張してない？
2022-03-25 20:32:03,takkuson,發配信かな
2022-03-25 20:32:05,keDama,血圧122
2022-03-25 20:32:05,デイビット・コジマ ⚰️,心拍数たかいのか
2022-03-25 20:32:08,ああああ,ナニかやってきたのか？
2022-03-25 20:32:08,yacc,初心者か？力抜けよ
2022-03-25 20:32:08,山田太郎,ｗ
2022-03-25 20:32:11,山田一太郎,１人エッチ？
2022-03-25 20:32:12,ハンニバル,バックバクバクーンじゃん
2022-03-25 20:32:13,レンたろう,赤スパ草
2022-03-25 20:32:15,微糖,緊張しとる
2022-03-25 20:32:19,hori,始まる前からもう限界やんけ！
2022-03-25 20:32:27,ビーダマン,赤スパやばくて草
2022-03-25 20:32:27,DuxRyK 【デューク】,ないすぱ
2022-03-25 20:32:27,foxですよ,告白しちゃってるｗ
2022-03-25 20:32:28,櫻雪,こんのらー
2022-03-25 20:32:29,どぅー / Do. 3DCG - ch,こんのらこんのらこんのらー
2022-03-25 20:32:32,シトナイ,赤スパ草
2022-03-25 20:32:32,seiichirou,バッテリーの寿命？
2022-03-25 20:32:36,山本マサオ,始まってないのにばくばくで草
2022-03-25 20:32:36,ただの水口です,草
2022-03-25 20:32:37,名無し,27は27歳って意味?
2022-03-25 20:32:39,プルート／komihs,珍しく告白に踏み切ってる人おって関心した
2022-03-25 20:32:49,八意ゆきの,草
2022-03-25 20:32:52,ラスカル山田,草
2022-03-25 20:32:52,3232qeq,気持ち悪いいいいいいいいいいいいいいい
2022-03-25 20:32:53,せるりあん,告白されたな
2022-03-25 20:32:54,ビーダマン,本物！？
2022-03-25 20:32:57,よもぎ ⚰️,草
2022-03-25 20:32:59,冥土,草
2022-03-25 20:33:00,微糖,完全詠唱草
2022-03-25 20:33:04,Digi jam,なるほどこれは厄介
2022-03-25 20:33:05,ぬりたくるてんたこー,こんノラ。
2022-03-25 20:33:05,V-MAX,草
2022-03-25 20:33:06,新内健,初見ですがいきなり草
2022-03-25 20:33:08,エアプL,草草の草
2022-03-25 20:33:14,デイビット・コジマ ⚰️,草
2022-03-25 20:33:15,そら,完全詠唱凄い
2022-03-25 20:33:15,foxですよ,返事が・・・草
2022-03-25 20:33:15,暇人,草
2022-03-25 20:33:16,だもだも,厄介の解像度高いな
2022-03-25 20:33:16,北の元陸士長,こんノラ〜♪
2022-03-25 20:33:17,名無し,完全詠唱草
2022-03-25 20:33:17,レンたろう,これは気持ち悪いノラ組
2022-03-25 20:33:18,ゴーヤドーフ,伝説
2022-03-25 20:33:19,ビーダマン,ぺこーらの気持ちわかったか？？
2022-03-25 20:33:20,平賀源内,こんのらー！
2022-03-25 20:33:23,山本マサオ,完全詠唱助かるね
2022-03-25 20:33:23,不思議な四暗刻(スーアンコウ)の大冒険,ユニバーサル大回転草w
2022-03-25 20:33:24,どぅー / Do. 3DCG - ch,さすがノラ組
2022-03-25 20:33:24,満腹丸,飛ばしてくねぇ
2022-03-25 20:33:26,エアプL,こんノラ
2022-03-25 20:33:26,ホロも好き,こんのらー
2022-03-25 20:33:29,keDama,ありがとノラよ
2022-03-25 20:33:30,まつ,返事しろ
2022-03-25 20:33:31,takkuson,そもそもぺこちゃんこれ読んでないよね
2022-03-25 20:33:31,八意ゆきの,草
2022-03-25 20:33:34,どぅー / Do. 3DCG - ch,どんなきもち？
2022-03-25 20:33:34,野良フェンリル,嬉しいんやろなぁ
2022-03-25 20:33:35,しふてあ,こんのら〜
2022-03-25 20:33:37,ビーダマン,○○ライブじゃなくてよかったな
2022-03-25 20:33:40,foxですよ,たぶんだいじょうぶ
2022-03-25 20:33:40,Azu -あず-,ぺこーらの気持ちが分かった？
2022-03-25 20:33:41,ぬりたくるてんたこー,きこえてます
2022-03-25 20:33:42,ただの水口です,聞こえてるー
2022-03-25 20:33:43,平賀源内,おけまる！きこえてまー
2022-03-25 20:33:44,冥土,聞こえる
2022-03-25 20:33:46,宗方先生,こんばんは(*・∀・*)ノ
2022-03-25 20:33:51,よもぎ ⚰️,聞こえてるよー
2022-03-25 20:33:52,V-MAX,聞こえるよー
2022-03-25 20:33:53,干からびたたチンチン_ヒカチン,聞こえてます
2022-03-25 20:33:53,keDama,おｋ
2022-03-25 20:33:54,八意ゆきの,音大丈夫そう
2022-03-25 20:33:55,つるおじちゃん,初見
2022-03-25 20:33:55,レンたろう,そりゃチキンも冷ますわ
2022-03-25 20:33:56,DuxRyK 【デューク】,きこえてる
2022-03-25 20:33:56,デイビット・コジマ ⚰️,とりあず構文コンプ
2022-03-25 20:33:58,ポンジュ,聞こえてますー
2022-03-25 20:34:01,北の元陸士長,オッケー！
2022-03-25 20:34:05,デイビット・コジマ ⚰️,いええええええ！
2022-03-25 20:34:11,ぬりたくるてんたこー,似てますね。
2022-03-25 20:34:11,山本マサオ,あの時のぺこーらと同じになれた
2022-03-25 20:34:14,takkuson,チキーラの気持ちもわかろう
2022-03-25 20:34:20,平賀源内,ドキドキやね
2022-03-25 20:34:21,P J,こんのらー
2022-03-25 20:34:22,ネット弁慶,怪我でもしてるの？
2022-03-25 20:34:29,foxですよ,告白されてさらに興奮しちゃってるのかな:smiling_face_with_hearts:
2022-03-25 20:34:30,麦茶,こんのらー
2022-03-25 20:34:32,はぐぅ,こんのら
2022-03-25 20:34:36,八意ゆきの,ロリショタと遊んだんだっけ
2022-03-25 20:34:36,DuxRyK 【デューク】,心拍数高いw
2022-03-25 20:34:40,レイヴン,濡鴉ノ巫女ってサブタイエロアニメみたいでムラムラします
2022-03-25 20:34:45,ただの水口です,ショタロリ出たとこやったけ？
2022-03-25 20:34:48,よもぎ ⚰️,零初見
2022-03-25 20:34:48,平賀源内,:camera::camera_with_flash:
2022-03-25 20:34:49,foxですよ,えっろ
2022-03-25 20:34:51,山本マサオ,もう心拍数がやばい。
2022-03-25 20:34:52,無限の剣製,ノラ君こんばんは
2022-03-25 20:34:55,名無し,えっち
2022-03-25 20:34:57,いっち,スケスケだ！
2022-03-25 20:34:58,よもぎ ⚰️,草
2022-03-25 20:34:58,デイビット・コジマ ⚰️,草
2022-03-25 20:34:58,えのころ草,これなんてエロゲ？
2022-03-25 20:35:01,シトナイ,草
2022-03-25 20:35:01,暇人,草
2022-03-25 20:35:02,ネット弁慶,エッエッエッ
2022-03-25 20:35:07,V-MAX,草
2022-03-25 20:35:07,あろまぼーる,今北けど雷マーク何？年齢？
2022-03-25 20:35:10,seiichirou,９０年代のOVAかな？
2022-03-25 20:35:10,ただの水口です,草
2022-03-25 20:35:11,八意ゆきの,でっか
2022-03-25 20:35:11,FoxP,konnora!
2022-03-25 20:35:15,DuxRyK 【デューク】,えちち
2022-03-25 20:35:16,宗方先生,今どこら辺？
2022-03-25 20:35:19,くりのす,こんのらー
2022-03-25 20:35:20,せるりあん,ゆれ
2022-03-25 20:35:22,FoxP,nice boing boing
2022-03-25 20:35:23,スタンプル,でかすぎだろ
2022-03-25 20:35:23,たぬきち,主人公服着ろやｗｗ
2022-03-25 20:35:24,レンたろう,えぐい揺れ方してて草
2022-03-25 20:35:30,山田太郎,また髪のはなししてる
2022-03-25 20:35:30,Digi jam,なんて格好だよw
2022-03-25 20:35:30,新内健,虫さされやばそう
2022-03-25 20:35:31,平賀源内,その格好で探索は幽霊舐めすぎぃ
2022-03-25 20:35:33,フライdoペンギン,千と千尋？
2022-03-25 20:35:33,Sせーじ,恐怖よりエロさが勝ってる…
2022-03-25 20:35:37,山本マサオ,髪の毛？
2022-03-25 20:35:40,アリマ,エロゲーやん
2022-03-25 20:35:40,foxですよ,衣装選びナイスですよ
2022-03-25 20:35:43,えのころ草,草
2022-03-25 20:35:44,V-MAX,わー！
2022-03-25 20:35:45,どぅー / Do. 3DCG - ch,うるさ
2022-03-25 20:35:45,よもぎ ⚰️,びっくりしたｗ
2022-03-25 20:35:46,つるおじちゃん,ｳﾞｧｰ
2022-03-25 20:35:46,ハンニバル,ノラちゃんと違って主人公でけぇし揺れるな
2022-03-25 20:35:46,八意ゆきの,悲鳴助かる
2022-03-25 20:35:46,いつか,かわいいｗ
2022-03-25 20:35:47,ビーダマン,スパチャならなんでも送ってもいいってわけじゃないだろ
2022-03-25 20:35:49,名無し,草
2022-03-25 20:35:49,山田太郎,？
2022-03-25 20:35:51,微糖,悲鳴たすから
2022-03-25 20:35:51,林啓太,かわいい
2022-03-25 20:35:52,たぬきち,ごめん主人公見てたなに？
2022-03-25 20:35:52,冥土,草
2022-03-25 20:35:52,エアプL,！？
2022-03-25 20:35:53,Alex,なんでびびるｗ
2022-03-25 20:35:55,平賀源内,でかい（意味深
2022-03-25 20:35:55,ああああ,ナイス悲鳴
2022-03-25 20:35:56,暇人,助かる
2022-03-25 20:35:57,アリマ,一つも怖くなくて草
2022-03-25 20:35:58,ちろる,ヤー！
2022-03-25 20:35:59,山本マサオ,助かる
2022-03-25 20:36:00,ただの水口です,エッチ
2022-03-25 20:36:00,デイビット・コジマ ⚰️,怪文書送ってので満足
2022-03-25 20:36:00,shi zuku,:police_car_light:くるぞｗ
2022-03-25 20:36:01,水月EX,ナイス
2022-03-25 20:36:01,宗方先生,なぜにw
2022-03-25 20:36:02,ふたばちゃん,えっろ
2022-03-25 20:36:03,フライdoペンギン,叫んだら下がった
2022-03-25 20:36:07,名無し,ｳﾞｧｰ!
2022-03-25 20:36:07,Azu -あず-,えちちですね
2022-03-25 20:36:08,seiichirou,こんな格好だとヤマビルに食われるよ
2022-03-25 20:36:09,水月EX,ナイス水着
2022-03-25 20:36:09,2018ぬん,これエロゲ？
2022-03-25 20:36:12,Digi jam,その服装は心霊スポットを舐めてる
2022-03-25 20:36:17,3232qeq,野良ーらの悲鳴は沁みる
2022-03-25 20:36:18,山本マサオ,趣味悪くて助かる
2022-03-25 20:36:18,えるみな,こんのらー
2022-03-25 20:36:18,ひょ子,初見ですサムネに釣られました
2022-03-25 20:36:19,P J,エチチなお姉さんを拝みながら幽霊退治するゲームと悲鳴たすかる
2022-03-25 20:36:26,tanishi,こんのらー
2022-03-25 20:36:29,Alex,草
2022-03-25 20:36:31,平賀源内,BGMの大切さがわかる配信
2022-03-25 20:36:32,foxですよ,は？
2022-03-25 20:36:32,佐天涙子,ノラさんちゅーねのモノマネして！
2022-03-25 20:36:32,山本マサオ,！？
2022-03-25 20:36:34,ゴーヤドーフ,解説助かる
2022-03-25 20:36:36,y s,そのTシャツ2000円で買うよ
2022-03-25 20:36:36,抹茶まよ,ヘホゲちゃうて。
2022-03-25 20:36:36,山田太郎,なんちゅうえろさだ
2022-03-25 20:36:38,takkuson,ひまりムーブやめて
2022-03-25 20:36:40,da-ra,にてねー
2022-03-25 20:36:41,V-MAX,たらちゃん・・・
2022-03-25 20:36:42,デイビット・コジマ ⚰️,タラちゃん草
2022-03-25 20:36:43,宗方先生,エロゲw
2022-03-25 20:36:45,たぬきち,足のあたりにカメラよろ
2022-03-25 20:36:47,林啓太,ひまり見てるの？ｗ
2022-03-25 20:36:49,ただの水口です,汚れたタラちゃん
2022-03-25 20:36:50,アイランド,こんのらー
2022-03-25 20:36:54,えのころ草,えろすぎ
2022-03-25 20:36:55,ありす,こんのら〜
2022-03-25 20:36:57,Gen,key作品？
2022-03-25 20:36:59,山本マサオ,マイメロとたらちゃんのキメラ
2022-03-25 20:37:03,水月EX,濡れると！？
2022-03-25 20:37:05,foxですよ,開発に謝って…
2022-03-25 20:37:09,アライラ,濡れ水着の巫女？
2022-03-25 20:37:09,y s,冷静やん
2022-03-25 20:37:11,レイヴン,安心してくださいコーエーテクモのちょっとエッチなホラーゲーですよ
2022-03-25 20:37:15,ありす,今日も下ネタか
2022-03-25 20:37:17,y s,イケメン
2022-03-25 20:37:20,デイビット・コジマ ⚰️,草
2022-03-25 20:37:21,水月EX,バトルのルールがわからんｗ
2022-03-25 20:37:21,山本マサオ,のら組じゃん
2022-03-25 20:37:26,tanishi,はい:cheese_wedge:
2022-03-25 20:37:27,ありす,はぁん♡
2022-03-25 20:37:27,kinoko ruke,ハイチーズ
2022-03-25 20:37:28,foxですよ,草
2022-03-25 20:37:30,微糖,はい、チーズ:cheese_wedge:
2022-03-25 20:37:31,バカサバイバー,はいチーズ
2022-03-25 20:37:32,ゴーヤドーフ,思ったよりサイバーだ
2022-03-25 20:37:34,レイヴン,あと一体
2022-03-25 20:37:36,くりのす,はい:cheese_wedge:
2022-03-25 20:37:40,水月EX,悲鳴助かる
2022-03-25 20:37:41,暇人,はい:cheese_wedge:
2022-03-25 20:37:42,ビーダマン,女出すな
2022-03-25 20:37:42,デイビット・コジマ ⚰️,なんやこの兄ちゃん
2022-03-25 20:37:43,山本マサオ,はい、チーズ
2022-03-25 20:37:44,えるみな,今日はノラ組撮影会ですか？
2022-03-25 20:37:44,宗方先生,水の中だから動き遅いから気を付けて(;゜∇゜)
2022-03-25 20:37:45,平賀源内,最近は携帯で除霊もできるのかー
2022-03-25 20:37:45,どぅー / Do. 3DCG - ch,可愛い声が出たわね
2022-03-25 20:37:46,P J,くさ
2022-03-25 20:37:47,ありす,めすーらいつもありがとう
2022-03-25 20:37:49,八意ゆきの,え？
2022-03-25 20:37:49,takkuson,:cheese_wedge:になってる
2022-03-25 20:37:50,くりのす,もうでてたよ
2022-03-25 20:37:52,えのころ草,叫び声がメス
2022-03-25 20:37:52,紅蝶伽,だったらメス声だすなよ
2022-03-25 20:37:52,暇人,もう遅い
2022-03-25 20:37:53,野良フェンリル,もう無理だぞ
2022-03-25 20:37:53,山田太郎,いやんとかいってる
2022-03-25 20:37:53,レンたろう,メス声出すな
2022-03-25 20:37:54,デイビット・コジマ ⚰️,うい
2022-03-25 20:37:56,山本マサオ,！？
2022-03-25 20:37:56,Azu -あず-,まずは1回目のメス声
2022-03-25 20:37:58,ゴーヤドーフ,野太い声でやろう
2022-03-25 20:37:58,ジョン,まんっ！
2022-03-25 20:38:00,Hell Saturday,もう遅い
2022-03-25 20:38:00,無限の剣製,雄だもんね
2022-03-25 20:38:03,レンたろう,メスの悲鳴
2022-03-25 20:38:03,y s,イケメンいじめるな
2022-03-25 20:38:04,シトナイ,アウト
2022-03-25 20:38:04,ただの水口です,堕ちちゃえ♡
2022-03-25 20:38:05,ビーダマン,ずる
2022-03-25 20:38:05,foxですよ,このメスがよ
2022-03-25 20:38:05,クマノコ,もうメスなんよ
2022-03-25 20:38:06,V-MAX,ｗｗｗ
2022-03-25 20:38:06,P J,たすかる
2022-03-25 20:38:06,山田太郎,ひゃああああん
2022-03-25 20:38:06,えるみな,はいメス
2022-03-25 20:38:06,くりのす,即落ちじゃんｗ
2022-03-25 20:38:07,名無し,悲鳴たすかる
2022-03-25 20:38:07,shi zuku,メスでてるよｗ
2022-03-25 20:38:07,野良フェンリル,メス声でてますよ
2022-03-25 20:38:07,けそ（けそ）,これはメスです
2022-03-25 20:38:08,山本マサオ,メスにならないで
2022-03-25 20:38:09,デイビット・コジマ ⚰️,性教育楽しみ
2022-03-25 20:38:08,林啓太,はいメス
2022-03-25 20:38:09,かぷちー,草
2022-03-25 20:38:09,ゴーヤドーフ,即落ち
2022-03-25 20:38:09,しまとじ,これはメス
2022-03-25 20:38:10,ありす,メス声じゃん
2022-03-25 20:38:11,Alex,ガチ悲鳴たすかる
2022-03-25 20:38:11,七宝,メス声たすかる
2022-03-25 20:38:12,エアプL,早速メスやんw
2022-03-25 20:38:13,ハンニバル,メスじゃねぇか
2022-03-25 20:38:15,tanishi,零しながら性教育とか脳みそバグる
2022-03-25 20:38:15,冥土,この絵面で性教育は草
2022-03-25 20:38:15,よもぎ ⚰️,メスじゃんｗ
2022-03-25 20:38:15,八意ゆきの,いつもより多めに
2022-03-25 20:38:15,プルート／komihs,のっけからメス出てますねぇ
2022-03-25 20:38:16,いっち,メス出てんぞ
2022-03-25 20:38:16,DuxRyK 【デューク】,アウトw
2022-03-25 20:38:17,アライラ,めっちゃメス出とるぞ
2022-03-25 20:38:18,平賀源内,セクハラ幽霊は始末しちゃうぞ！
2022-03-25 20:38:21,えのころ草,オラッメス堕ちしろっ
2022-03-25 20:38:21,宗方先生,もう一人来るよ
2022-03-25 20:38:22,ジョン,草
2022-03-25 20:38:23,foxですよ,しらなーい
2022-03-25 20:38:23,水月EX,知らん
2022-03-25 20:38:24,V-MAX,知らないかも
2022-03-25 20:38:25,どぅー / Do. 3DCG - ch,しりません
2022-03-25 20:38:28,デイビット・コジマ ⚰️,生命の安全教育！？！？！
2022-03-25 20:38:29,Hell Saturday,存じ上げない
2022-03-25 20:38:29,Gen,かわいいいいい
2022-03-25 20:38:30,よもぎ ⚰️,知らないな
2022-03-25 20:38:32,ネット弁慶,メス声助かります
2022-03-25 20:38:33,takkuson,オモニ？
2022-03-25 20:38:35,龍太,わかんない
2022-03-25 20:38:36,すなぎも,しらないですな
2022-03-25 20:38:37,微糖,フェイタルフレームは連撃できるよ
2022-03-25 20:38:37,とりのそぼろ,草
2022-03-25 20:38:38,アライラ,草
2022-03-25 20:38:39,八意ゆきの,草
2022-03-25 20:38:39,DuxRyK 【デューク】,草
2022-03-25 20:38:41,Alex,音割れｗ
2022-03-25 20:38:42,たぬきち,この主人公は絶対知らないと思う格好ｗ
2022-03-25 20:38:42,アイランド,メス出てるぞ
2022-03-25 20:38:43,シトナイ,草
2022-03-25 20:38:43,冥土,草
2022-03-25 20:38:43,よもぎ ⚰️,鼓膜が
2022-03-25 20:38:59,山田太郎,きわめて生命にたいする侮辱を感じますね
2022-03-25 20:39:02,干からびたたチンチン_ヒカチン,草
2022-03-25 20:39:02,P J,鼓膜攻撃たすかる
2022-03-25 20:39:02,Azu -あず-,きったねｗ
2022-03-25 20:39:02,tanishi,おちた？
2022-03-25 20:39:02,どぅー / Do. 3DCG - ch,きたねえ
2022-03-25 20:39:04,宗方先生,久しぶりで忘れてるね
2022-03-25 20:39:04,冥土,www
2022-03-25 20:39:05,山本マサオ,漏れ出すメス
2022-03-25 20:39:05,プルート／komihs,配信落ちた
2022-03-25 20:39:06,k k,性教育はぬきたしで学ぶのが基本だぞ
2022-03-25 20:39:07,V-MAX,つば助かる
2022-03-25 20:39:09,えるみな,メスになったから落ちたか
2022-03-25 20:39:09,よもぎ ⚰️,草
2022-03-25 20:39:10,つるおじちゃん,ｷｯﾀﾈｪｴｴｴｴｴ
2022-03-25 20:39:11,Gen,wwww
2022-03-25 20:39:11,新内健,霊障
2022-03-25 20:39:11,とりのそぼろ,きたねえ
2022-03-25 20:39:12,ビーダマン,汚い
2022-03-25 20:39:12,八意ゆきの,ったね
2022-03-25 20:39:13,ありす,ぐるーらいつもありがとう
2022-03-25 20:39:14,foxですよ,きたなｗ
2022-03-25 20:39:14,たぬきち,えっ
2022-03-25 20:39:15,seiichirou,ゲームするか解説するかどっちかにしたら？
2022-03-25 20:39:16,ジョン,何に触れちゃいけないのか分からなかった…
2022-03-25 20:39:16,Alex,草
2022-03-25 20:39:16,ari ari,はい霊障
2022-03-25 20:39:17,野良フェンリル,きったね
2022-03-25 20:39:17,暇人,草
2022-03-25 20:39:18,せるりあん,ペロペロ
2022-03-25 20:39:18,平賀源内,心拍数は落ち着いてますね
2022-03-25 20:39:19,エアプL,つば助かる？
2022-03-25 20:39:19,えるみな,これがメス堕ちってやつですか？
2022-03-25 20:39:20,keDama,飛沫
2022-03-25 20:39:22,tanishi,もどった
2022-03-25 20:39:22,アル晴れ,こんノラー
2022-03-25 20:39:23,山本マサオ,汁飛ばさないで
2022-03-25 20:39:23,そら,しゃーない
2022-03-25 20:39:23,林啓太,ノラ虐美味しいノラ
2022-03-25 20:39:24,貝のビン,忌避ッ
2022-03-25 20:39:25,P J,モニター濡れちゃった...
2022-03-25 20:39:28,麦茶,メス堕ちしたな
2022-03-25 20:39:29,よもぎ ⚰️,ぬきたしは18禁なんよｗ
2022-03-25 20:39:30,keDama,エアロゾル投下
2022-03-25 20:39:32,Hell Saturday,メスーラがよォ
2022-03-25 20:39:32,アル晴れ,サムネ草
2022-03-25 20:39:33,たぬきち,性教育始まったな
2022-03-25 20:39:37,君,お水飲みます♪
2022-03-25 20:39:39,デイビット・コジマ ⚰️,うんうん
2022-03-25 20:39:43,keDama,メス堕ちノラいいわｗｗ
2022-03-25 20:39:45,抹茶まよ,ひょっとしたらコントローラーを握りしめてた？
2022-03-25 20:39:47,山本マサオ,濡れちゃった
2022-03-25 20:39:55,よもぎ ⚰️,ほうほう
2022-03-25 20:39:59,はぐぅ,命の輝き君
2022-03-25 20:40:02,平賀源内,幽霊が触りに来て草
2022-03-25 20:40:04,山田太郎,？
2022-03-25 20:40:06,八意ゆきの,ふむ
2022-03-25 20:40:08,宗方先生,戻ってるよ？
2022-03-25 20:40:08,V-MAX,DV・・・
2022-03-25 20:40:13,デイビット・コジマ ⚰️,ふんふん
2022-03-25 20:40:18,龍太,デートDV？
2022-03-25 20:40:21,平賀源内,直結はだめよー
2022-03-25 20:40:21,Hell Saturday,全部関係ない。。。
2022-03-25 20:40:21,ヤマ,hunn
2022-03-25 20:40:22,デイビット・コジマ ⚰️,そうだね
2022-03-25 20:40:22,ただの水口です,大切な事やな
2022-03-25 20:40:27,ニトリ,そうなんだ
2022-03-25 20:40:30,名無し,DVインデックス
2022-03-25 20:40:31,デイビット・コジマ ⚰️,戻ってるな
2022-03-25 20:40:33,たぬきち,ふへへ
2022-03-25 20:40:35,微糖,ネットリテラシー大事
2022-03-25 20:40:36,林啓太,プライベートゾーンという言葉がもうエロい
2022-03-25 20:40:37,根がかり侍,悪霊「コンチューわ～ハイチーズ☆」
2022-03-25 20:40:39,山田太郎,なぜわらうんだい？
2022-03-25 20:40:40,アリマ,何も頭に入ってこない
2022-03-25 20:40:48,foxですよ,焼酎高校？
2022-03-25 20:40:51,keDama,コレコレが配信で言ってんじゃん　実際に会って人間見ないと分からないって
2022-03-25 20:40:59,アル晴れ,高校にちっちゃい冊子があった記憶がある
2022-03-25 20:41:00,V-MAX,傍観者かあ
2022-03-25 20:41:07,デイビット・コジマ ⚰️,傍観者にならないか
2022-03-25 20:41:08,人類最終試練,こんのら〜。ホラーだめなので挨拶だけで失礼します。
2022-03-25 20:41:09,ジョン,文科省の改訂にしてはちゃんと時代に則してて草
2022-03-25 20:41:15,龍太,性犯罪の傍観者とは
2022-03-25 20:41:17,ゴーヤドーフ,加害者にならないの大事だな
2022-03-25 20:41:21,デイビット・コジマ ⚰️,SMSが発達してるからね
2022-03-25 20:41:23,微糖,最強のフィルムだよ
2022-03-25 20:41:24,ただの水口です,SNSでより手軽になってるからな‥
2022-03-25 20:41:24,da-ra,時々:buffering::buffering:って話が飛び飛びなんよ
2022-03-25 20:41:31,アル晴れ,マグナムか
2022-03-25 20:41:32,平賀源内,イエスロリコン！ノータッチ？
2022-03-25 20:41:36,keDama,珍凸送ったり出来る時代だからな
2022-03-25 20:41:39,デイビット・コジマ ⚰️,写真ばら撒かれたら大変よな
2022-03-25 20:41:41,Alex,草
2022-03-25 20:41:42,Gen,かわいいいい
2022-03-25 20:41:50,keDama,メスの声がｗｗ
2022-03-25 20:41:50,アル晴れ,でっっｋ
2022-03-25 20:41:53,山田太郎,:female_sign:でてんぞ
2022-03-25 20:41:54,エアプL,草
2022-03-25 20:41:56,foxですよ,Twitterしてると裏垢でいいことしませんかってよく来る
2022-03-25 20:41:57,アリマ,ずっとストレス高くて草
2022-03-25 20:41:58,とりのそぼろ,えっちだな
2022-03-25 20:41:58,ああああ,えっち
2022-03-25 20:41:59,デイビット・コジマ ⚰️,かわいい
2022-03-25 20:42:00,シトナイ,メス声
2022-03-25 20:42:01,名無しA,ええ乳しとるな
2022-03-25 20:42:02,foxですよ,ハンコ！？
2022-03-25 20:42:04,山本マサオ,メス出さないで
2022-03-25 20:42:04,つるおじちゃん,ナイスセクシーショット
2022-03-25 20:42:06,紅蝶伽,武器が落ちてると敵がいる　ゲームの常識ですね
2022-03-25 20:42:07,君,恐怖よりエロさが勝つ
2022-03-25 20:42:10,V-MAX,さっそく叫んでくれてありがとう
2022-03-25 20:42:12,よもぎ ⚰️,でかいな
2022-03-25 20:42:16,アライラ,やっぱ巨乳は強いのか
2022-03-25 20:42:21,根がかり侍,FFのコンボ知らない?
2022-03-25 20:42:25,レンたろう,はい:cheese_wedge:
2022-03-25 20:42:26,水月EX,エロを克服した強めの霊
2022-03-25 20:42:28,foxですよ,除霊してどうぞ
2022-03-25 20:42:30,微糖,連撃できるよ
2022-03-25 20:42:31,keDama,スタイルいいな
2022-03-25 20:42:34,平賀源内,タプタプやね
2022-03-25 20:42:35,紅蝶伽,巨乳は正義
2022-03-25 20:42:35,えのころ草,でかくて集中できない
2022-03-25 20:42:37,とりのそぼろ,カウンターうまくなったな
2022-03-25 20:42:37,山田太郎,あーーーーんだめ
2022-03-25 20:42:37,ゴーヤドーフ,ナイスカウンター
2022-03-25 20:42:39,八意ゆきの,胸がでかいやつのほうが強いとかあるんか
2022-03-25 20:42:41,ありす,ハイ、メス声
2022-03-25 20:42:43,君,そういうゲーム？
2022-03-25 20:42:44,林啓太,めすーらいつもありがとな
2022-03-25 20:42:51,DuxRyK 【デューク】,えちち
2022-03-25 20:42:52,シトナイ,草
2022-03-25 20:42:53,レンたろう,谷間ばっか撮るな
2022-03-25 20:42:53,ありす,だいしゅきホールドするな
2022-03-25 20:42:54,tanishi,だいしゅきホールド！
2022-03-25 20:42:57,どぅー / Do. 3DCG - ch,凄いアングルだったぞ
2022-03-25 20:43:00,bbb aaa,エロいからホラゲって感覚ないな
2022-03-25 20:43:00,デイビット・コジマ ⚰️,だいしゅきホールドは草
2022-03-25 20:43:01,平賀源内,たまらんショットだ！
2022-03-25 20:43:01,山本マサオ,メスーラ
2022-03-25 20:43:02,エアプL,だいしゅきホールド草
2022-03-25 20:43:05,foxですよ,ノラ君叫ぶと:buffering::buffering:なるんだがｗ
2022-03-25 20:43:06,アル晴れ,だいしゅきホールドｗｗｗｗ
2022-03-25 20:43:11,ハンニバル,だいしゅきホールドで:buffering:ってなるの草
2022-03-25 20:43:14,Hell Saturday,だいしゅきホールド↑
2022-03-25 20:43:17,デイビット・コジマ ⚰️,巫女さんたしかにスタイルいいね
2022-03-25 20:43:18,八意ゆきの,ノラくん上手くなってない？
2022-03-25 20:43:20,根がかり侍,FF単発縛りは斬新やな
2022-03-25 20:43:21,da-ra,右のゲージはのらーらで見えてないんだが
2022-03-25 20:43:28,君,ホラーゲームでこんなにエロくする必要あるのか
2022-03-25 20:43:31,デイビット・コジマ ⚰️,巫女服がえろいな確かに
2022-03-25 20:43:33,寝る寝る寝るね,こんのら
2022-03-25 20:43:34,伝説のタニシ,こんばんはああああああああああああああああああああああああ
2022-03-25 20:43:35,ありす,だいしゅきハグ
2022-03-25 20:43:35,微糖,まあそのゲージ見えないんですけどね
2022-03-25 20:43:35,平賀源内,手強い
2022-03-25 20:43:39,アル晴れ,なーいすですねぇ〜
2022-03-25 20:43:39,Alex,この幽霊硬いな
2022-03-25 20:43:46,Hell Saturday,うまくなってる
2022-03-25 20:43:58,Gen,かわいいいい
2022-03-25 20:44:00,暇人,かわいい
2022-03-25 20:44:01,えるみな,メス声たすかる
2022-03-25 20:44:01,野良フェンリル,女の子にならないで
2022-03-25 20:44:02,ネット弁慶,話の続きどうぞ
2022-03-25 20:44:06,Hell Saturday,かわいい声やめろ
2022-03-25 20:44:07,どぅー / Do. 3DCG - ch,めすーら
2022-03-25 20:44:07,山本マサオ,完全にメスーラ
2022-03-25 20:44:07,ありす,メスのらでてる
2022-03-25 20:44:08,Azu -あず-,メスだった
2022-03-25 20:44:08,アライラ,めっちゃメス
2022-03-25 20:44:08,名無し,かわいい
2022-03-25 20:44:09,林啓太,スケベのら……
2022-03-25 20:44:09,紅蝶伽,メス声連打
2022-03-25 20:44:10,ジョン,ユニバ行ってるときのメスで草
2022-03-25 20:44:10,微糖,そうそう
2022-03-25 20:44:10,七宝,かわぁいいい
2022-03-25 20:44:11,takkuson,めっちゃメスの声でてんなホロライブじゃん
2022-03-25 20:44:12,keDama,わざとらしいメス声
2022-03-25 20:44:14,アル晴れ,めすーだ
2022-03-25 20:44:16,八意ゆきの,草
2022-03-25 20:44:19,Alex,草
2022-03-25 20:44:20,DuxRyK 【デューク】,めすーらかわいい
2022-03-25 20:44:20,えのころ草,かわいい
2022-03-25 20:44:20,kinoko ruke,TNTN
2022-03-25 20:44:20,V-MAX,ｔんｔん
2022-03-25 20:44:21,山田太郎,ｔんｔんｔんｔんｔｎ
2022-03-25 20:44:22,いかついゴリボウ,メスを出すな
2022-03-25 20:44:22,ありす,tntn最強！
2022-03-25 20:44:23,デイビット・コジマ ⚰️,TNTNTNいただきました
2022-03-25 20:44:24,ビーダマン,メスがよ…
2022-03-25 20:44:25,Azu -あず-,tn　tn　tn　tn
2022-03-25 20:44:27,デイビット・コジマ ⚰️,ノルマかな
2022-03-25 20:44:29,keDama,めすーらｗｗｗ
2022-03-25 20:44:30,Gen,かわいいい
2022-03-25 20:44:32,da-ra,コメ見えてるのかｗ
2022-03-25 20:44:32,フライdoペンギン,なんかキャラが不安定
2022-03-25 20:44:33,デイビット・コジマ ⚰️,TNTNTNTN
2022-03-25 20:44:34,k k,tntnに負けそうな声だすな
2022-03-25 20:44:34,とーふ,メスをtんtんでちゅうわ
2022-03-25 20:44:34,クロ,用事あるのでアーカイブで見ます
2022-03-25 20:44:38,アル晴れ,TNTN！（鳴き声）
2022-03-25 20:44:38,林啓太,TNTN言ってるメスーラ……興奮するじゃん？
2022-03-25 20:44:40,暇人,かわいい
2022-03-25 20:44:40,山本マサオ,めすーら
2022-03-25 20:44:41,P J,今日は敵さんイイ仕事っぷりスッね
2022-03-25 20:44:42,takkuson,メスの波動を感じる
2022-03-25 20:44:44,メソポン,こんのらー
2022-03-25 20:44:44,紅蝶伽,メス声出しながらTNTN言うな
2022-03-25 20:44:45,ジョン,センターオブジアース乗ってる？
2022-03-25 20:44:48,おこめのある生活,Nice TNTN
2022-03-25 20:44:53,宗方先生,フィルム後２枚だよ
2022-03-25 20:44:55,デイビット・コジマ ⚰️,こいよ！こいよ！
2022-03-25 20:44:56,ああああ,だめだめだめぇっっっ！！！！
2022-03-25 20:44:57,冥土,tntnで中和しようとするの草
2022-03-25 20:44:59,山本マサオ,あっあっ！あーん！
2022-03-25 20:44:59,微糖,は？かわいい
2022-03-25 20:44:59,アル晴れ,114514
2022-03-25 20:45:01,せるりあん,tntnには勝てなかったな
2022-03-25 20:45:02,ミンミンゼミ中学講座,使われちゃう
2022-03-25 20:45:02,アライラ,もっとチンから声出せ
2022-03-25 20:45:03,よもぎ ⚰️,呪文みたいに言うな
2022-03-25 20:45:09,山田太郎,あんっていうな
2022-03-25 20:45:17,Sせーじ,カムイさんに出てきそうな幽霊だな
2022-03-25 20:45:17,八意ゆきの,悲鳴集作れそう
2022-03-25 20:45:19,宗方先生,フィルム残量に気を付けて
2022-03-25 20:45:23,P J,残弾足りる？
2022-03-25 20:45:27,foxですよ,今当てるのだめなの？
2022-03-25 20:45:29,V-MAX,繋がる！？
2022-03-25 20:45:30,da-ra,フイルムがないぞ
2022-03-25 20:45:30,八意ゆきの,繋がって！？
2022-03-25 20:45:31,アル晴れ,でっか
2022-03-25 20:45:32,アライラ,よろこんで！
2022-03-25 20:45:32,えるみな,繋がって:male_sign:
2022-03-25 20:45:34,平賀源内,ヤバい
2022-03-25 20:45:36,ミンミンゼミ中学講座,つながるホロライブ
2022-03-25 20:45:38,デイビット・コジマ ⚰️,だいしゅきホールドすきやな
2022-03-25 20:45:41,アル晴れ,繋がる！？
2022-03-25 20:45:41,ありす,繋がる！？繋がるボロライブ！？
2022-03-25 20:45:42,山本マサオ,繋がるボロライブ
2022-03-25 20:45:42,レンたろう,こんなエロい幽霊なら繋がりてえなあ俺もなあ
2022-03-25 20:45:45,k k,時間かかるなぁ　スローセックスかよ
2022-03-25 20:45:49,よもぎ ⚰️,メス出すな
2022-03-25 20:45:50,デイビット・コジマ ⚰️,しぶとい
2022-03-25 20:45:51,Gen,喘ぐな
2022-03-25 20:45:52,林啓太,江戸
2022-03-25 20:45:53,tanishi,メス出てますよ
2022-03-25 20:45:53,えるみな,喘がないで
2022-03-25 20:45:54,kinoko ruke,雌声助かる
2022-03-25 20:45:55,山田太郎,えろいこえだすな！
2022-03-25 20:45:55,暇人,かわいい
2022-03-25 20:45:55,ミンミンゼミ中学講座,致してんの？
2022-03-25 20:45:56,takkuson,めっちゃ喘ぐやん
2022-03-25 20:45:56,foxですよ,メス声でてるよｗ
2022-03-25 20:45:57,Azu -あず-,喘ぐな
2022-03-25 20:46:05,ああああ,画面も声もセンシティブ
2022-03-25 20:46:05,紅蝶伽,Hしながら配信してます？
2022-03-25 20:46:05,いかついゴリボウ,喘ぐな
2022-03-25 20:46:06,P J,今のヌ良かった
2022-03-25 20:46:09,平賀源内,やったか？
2022-03-25 20:46:13,うりゃおい,メスライブ
2022-03-25 20:46:13,デイビット・コジマ ⚰️,成仏したか
2022-03-25 20:46:14,とりのそぼろ,たおしたか
2022-03-25 20:46:15,宗方先生,今のは良かった(^^)d
2022-03-25 20:46:16,デイビット・コジマ ⚰️,いえええええ
2022-03-25 20:46:17,プルート／komihs,ノラくん普通に戦闘上手くなってるな
2022-03-25 20:46:18,暇人,喘ぎまくってて草
2022-03-25 20:46:21,ありす,メス声のらーらいつもありがとう
2022-03-25 20:46:21,微糖,ナイスゥ！
2022-03-25 20:46:22,デイビット・コジマ ⚰️,やったぜ！
2022-03-25 20:46:23,V-MAX,ないすー！
2022-03-25 20:46:24,みこっち,音だけ聞いてたらエロ配信かと思った
2022-03-25 20:46:25,八意ゆきの,yeah
2022-03-25 20:46:28,山本マサオ,いったな
2022-03-25 20:46:29,ジョン,さっきまでセンターオブジアース乗ってた？
2022-03-25 20:46:29,クマノコ,昇天！
2022-03-25 20:46:31,Azu -あず-,やったぜ
2022-03-25 20:46:32,平賀源内,イキってけー
2022-03-25 20:46:34,どぅー / Do. 3DCG - ch,めすーらほんとすき
2022-03-25 20:46:35,アル晴れ,めすーらナイス〜
2022-03-25 20:46:38,まつ,めすーら
2022-03-25 20:46:39,takkuson,ASMRよりエロい
2022-03-25 20:46:41,デイビット・コジマ ⚰️,グルグル回ってますな
2022-03-25 20:46:42,ああああ,試合には勝ってるけど勝負には負けてるぞ
2022-03-25 20:46:46,ネット弁慶,話の続きどうぞ
2022-03-25 20:46:47,da-ra,戻ってるというコメは見逃すｗ
2022-03-25 20:46:50,P J,ありがとうエッチい幽霊さん
2022-03-25 20:46:51,平賀源内,いつの間にかジャブジャブやね
2022-03-25 20:46:52,いかついゴリボウ,大きい子供も見てるんですよ
2022-03-25 20:46:54,暇人,めすーら
2022-03-25 20:47:01,寝る寝る寝るね,めすーら助かる
2022-03-25 20:47:01,デイビット・コジマ ⚰️,わからん
2022-03-25 20:47:02,V-MAX,わからない
2022-03-25 20:47:02,八意ゆきの,わかんない
2022-03-25 20:47:02,龍太,わからん
2022-03-25 20:47:03,えるみな,ノラ虐のこと？
2022-03-25 20:47:03,まつ,はい
2022-03-25 20:47:04,どぅー / Do. 3DCG - ch,急に話戻るじゃん
2022-03-25 20:47:04,平賀源内,プレイ？
2022-03-25 20:47:05,林啓太,聞いたことはある
2022-03-25 20:47:05,アル晴れ,うん
2022-03-25 20:47:06,ジャグラー,DVD
2022-03-25 20:47:08,デイビット・コジマ ⚰️,うんうん
2022-03-25 20:47:08,微糖,全くわからん
2022-03-25 20:47:09,くりのす,わかんない
2022-03-25 20:47:09,シトナイ,わからん
2022-03-25 20:47:09,Hell Saturday,存じ上げない
2022-03-25 20:47:10,tanishi,ちょっとやってみて
2022-03-25 20:47:11,しまとじ,デートが分からん
2022-03-25 20:47:11,DuxRyK 【デューク】,しらない
2022-03-25 20:47:18,Azu -あず-,交際中のモラハラみたいなやつ？
2022-03-25 20:47:18,デイビット・コジマ ⚰️,なるほど
2022-03-25 20:47:19,よもぎ ⚰️,聞いたことはある
2022-03-25 20:47:20,ヤマ,ふんふん
2022-03-25 20:47:20,無限の剣製,よくされます
2022-03-25 20:47:21,山本マサオ,この配信のことやね
2022-03-25 20:47:22,まつ,エース
2022-03-25 20:47:24,野良フェンリル,つまりノラ虐
2022-03-25 20:47:26,keDama,DV彼氏のこと？
2022-03-25 20:47:27,k k,まずデートから教えてくれない？
2022-03-25 20:47:28,V-MAX,エッチ！
2022-03-25 20:47:28,くりのす,はぇー
2022-03-25 20:47:28,八意ゆきの,それDVとは違うんか
2022-03-25 20:47:28,えるみな,モラハラＤＶみたいなのか
2022-03-25 20:47:31,bbb aaa,された側はなんで別れないんだろ？
2022-03-25 20:47:31,林啓太,草
2022-03-25 20:47:32,タコス足軽,こんのらーっと思ったらDVの話してて草
2022-03-25 20:47:32,遠すぎた橋,こんのら
2022-03-25 20:47:32,アル晴れ,経験もなく知らないです
2022-03-25 20:47:33,ありす,　吸う！？
2022-03-25 20:47:35,どぅー / Do. 3DCG - ch,別にえっちじゃないが
2022-03-25 20:47:38,暇人,えっちw
2022-03-25 20:47:40,takkuson,Dが家庭内の時点でデートDVて家デート限定感ある
2022-03-25 20:47:40,デイビット・コジマ ⚰️,おお回復できるのか
2022-03-25 20:47:41,ああああ,盛ってんのかって
2022-03-25 20:47:43,微糖,親密な相手がいないから安心だな
2022-03-25 20:47:44,Hell Saturday,うちの猫よくしてくる
2022-03-25 20:47:45,アル晴れ,え？？
2022-03-25 20:47:47,平賀源内,霊気を吸うのか
2022-03-25 20:47:47,デイビット・コジマ ⚰️,ふんふん
2022-03-25 20:47:48,ありす,えろーらいつもありがとう
2022-03-25 20:47:49,DuxRyK 【デューク】,ノラ虐ね
2022-03-25 20:47:50,keDama,デートする相手がいません（´・ω・｀）
2022-03-25 20:47:56,えるみな,普通にＤＶじゃないのか
2022-03-25 20:47:58,takkuson,それはモラハラやな
2022-03-25 20:47:59,えるみな,ぬぬもりじゃん
2022-03-25 20:48:00,のりお,のらーらは経験あるんか？
2022-03-25 20:48:01,林啓太,モラハラね
2022-03-25 20:48:06,南 光太郎,こんのらー
2022-03-25 20:48:06,foxですよ,そこまで言うやついるんか
2022-03-25 20:48:08,k k,ご褒美じゃん
2022-03-25 20:48:08,八意ゆきの,なるほど？
2022-03-25 20:48:10,デイビット・コジマ ⚰️,よくそれで付き合ってられな
2022-03-25 20:48:11,平賀源内,付き合ってるのにDVはアカンやろ
2022-03-25 20:48:11,toobon,クリカンがやってたやつか
2022-03-25 20:48:12,keDama,ななもりー
2022-03-25 20:48:16,ありす,モラハラ
2022-03-25 20:48:17,クマノコ,つまりノラ虐か
2022-03-25 20:48:19,takkuson,同意のない性行為も強〇だしな。
2022-03-25 20:48:23,tanishi,ノラはセルフデートDV？
2022-03-25 20:48:26,龍太,詳しいね
2022-03-25 20:48:28,bbb aaa,今されてるってコトゥ
2022-03-25 20:48:30,アル晴れ,極端な話、洗脳に繋がったりしそうなことに思えた
2022-03-25 20:48:32,やさい,こんちゅーわ はDVに含まれますか？
2022-03-25 20:48:32,V-MAX,なな・・も・・・
2022-03-25 20:48:33,六尺野郎,でもそういう男の方がモテるんだよなぁ
2022-03-25 20:48:33,フライdoペンギン,経済的暴力って気持ち悪いスパチャ？
2022-03-25 20:48:35,えるみな,つまり、す〇ぷりってこと？
2022-03-25 20:48:36,名無し,ノラ虐は需要あるDV?
2022-03-25 20:48:39,sarunosaruo,でっか
2022-03-25 20:48:40,いーりぃ⚰️,そもそもまず付き合ってる人がいない…
2022-03-25 20:48:40,foxですよ,でも、優しい言葉きたら　キュン　ってなっちゃうんでしょ？
2022-03-25 20:48:48,DuxRyK 【デューク】,へー
2022-03-25 20:48:52,ありす,ノラ君がノラ組にしてるやつ
2022-03-25 20:48:54,どぅー / Do. 3DCG - ch,バインドだよね
2022-03-25 20:48:58,Azu -あず-,ななもりじゃん
2022-03-25 20:48:59,ジョン,こんちゅーわはモラハラになるかな
2022-03-25 20:49:00,keDama,モラハラじゃん
2022-03-25 20:49:01,八意ゆきの,陰湿ぅ
2022-03-25 20:49:04,ジャグラー,なーたん……ってこと！？
2022-03-25 20:49:05,アル晴れ,嫌やなぁ
2022-03-25 20:49:06,寝る寝る寝るね,高校でなんか電話相談窓口の紙配られた記憶ありにけり
2022-03-25 20:49:09,のりお,海老蔵が、しそうwww
2022-03-25 20:49:10,えるみな,ノラ君がノラ組にしてることは草
2022-03-25 20:49:11,デイビット・コジマ ⚰️,強く物を言い続ける洗脳方法あるんよな
2022-03-25 20:49:11,tanishi,イケメンなら許される
2022-03-25 20:49:13,V-MAX,キュンキュンきそう
2022-03-25 20:49:19,どぅー / Do. 3DCG - ch,いつもチーズいじりしてごめんね
2022-03-25 20:49:22,えるみな,なーくん！
2022-03-25 20:49:24,山本マサオ,草
2022-03-25 20:49:24,takkuson,なーくん・・・
2022-03-25 20:49:27,jp,ゲムスロのシオンだな
2022-03-25 20:49:27,まつ,ふふふふん
2022-03-25 20:49:30,ダンサンブル伊藤,ななもりさんこんばんわ
2022-03-25 20:49:33,はぐぅ,P〇様！？
2022-03-25 20:49:39,紅蝶伽,のらーらは:cheese_wedge:温め続けるしかないんだよ
2022-03-25 20:49:41,デイビット・コジマ ⚰️,近い所で街頭演説カーがそれんよな
2022-03-25 20:49:42,平賀源内,モラハラはやってる方は気づかないんだよなぁ
2022-03-25 20:49:44,foxですよ,俺ものぞきたい
2022-03-25 20:49:48,ありす,ななもりちゃん！？
2022-03-25 20:49:54,デイビット・コジマ ⚰️,幼女
2022-03-25 20:49:55,keDama,ななもり顔バレしたら殴られるか刺されるだろうな
2022-03-25 20:49:57,宗方先生,戦闘
2022-03-25 20:50:00,せるりあん,幼女はいいぞ
2022-03-25 20:50:07,デイビット・コジマ ⚰️,かわいい
2022-03-25 20:50:09,麦茶,メス出てる
2022-03-25 20:50:13,デイビット・コジマ ⚰️,たーち
2022-03-25 20:50:16,keDama,あら！かわいい人形
2022-03-25 20:50:20,山本マサオ,かわよ
2022-03-25 20:50:22,いつか,これはかわいいｗ
2022-03-25 20:50:22,暇人,パナッ!!
2022-03-25 20:50:22,V-MAX,かわいい幼女
2022-03-25 20:50:24,八意ゆきの,幼女っょぃ
2022-03-25 20:50:28,デイビット・コジマ ⚰️,どつきの威力たけえぇ
2022-03-25 20:50:28,ダンサンブル伊藤,股間奥義！
2022-03-25 20:50:30,ネット弁慶,＼(^o^)／オワタ
2022-03-25 20:50:31,ラスカル山田,座敷童（悪霊）じゃん
2022-03-25 20:50:34,とーふ,可愛くても強いんや！
2022-03-25 20:50:37,ハリネズ三太郎,ななもりかののむらか分からん
2022-03-25 20:50:41,林啓太,ロリ！！！！！！
2022-03-25 20:50:42,keDama,ボボボーボ・ボーボボ
2022-03-25 20:50:42,平賀源内,うわぁ幼女強い
2022-03-25 20:50:42,えるみな,おぎゃちゃん！？
2022-03-25 20:50:43,暇人,ボボボーボ・ボーボボ
2022-03-25 20:50:44,Alex,草
2022-03-25 20:50:44,山本マサオ,！？
2022-03-25 20:50:44,アル晴れ,あらかわいいｗ
2022-03-25 20:50:44,ふたばちゃん,かわいい
2022-03-25 20:50:45,微糖,ｳﾜﾖｳｼﾞｮﾂﾖｲ
2022-03-25 20:50:45,V-MAX,ほんとにかわいいｗ
2022-03-25 20:50:47,いーりぃ⚰️,かわいい
2022-03-25 20:50:48,南 光太郎,なんて？
2022-03-25 20:50:48,どぅー / Do. 3DCG - ch,めっちゃ顔良くて草
2022-03-25 20:50:49,DuxRyK 【デューク】,かわいい
2022-03-25 20:50:50,デイビット・コジマ ⚰️,草
2022-03-25 20:50:54,つるおじちゃん,ｽﾞﾎﾞﾎﾞﾎﾞﾎﾞ
2022-03-25 20:50:54,タコス足軽,ボボボボー
2022-03-25 20:50:55,えるみな,この川、ふかい！！！！！！！！！！
2022-03-25 20:50:55,アル晴れ,溺れるボーちゃん草
2022-03-25 20:50:56,シトナイ,懐かしい
2022-03-25 20:50:56,暇人,かわいい
2022-03-25 20:50:57,山本マサオ,ぼぼぼ！
2022-03-25 20:50:57,keDama,なついｗｗ
2022-03-25 20:50:58,デイビット・コジマ ⚰️,ボーちゃんｗｗ
2022-03-25 20:51:00,ふたばちゃん,なんでボーちゃんｗｗｗ
2022-03-25 20:51:01,ああああ,ナイスシャッター
2022-03-25 20:51:01,ダンサンブル伊藤,ガワの中に！？
2022-03-25 20:51:06,宗方先生,撮れば倒れるから
2022-03-25 20:51:09,山本マサオ,この川ふかいっ
2022-03-25 20:51:13,DuxRyK 【デューク】,ボーちゃんw
2022-03-25 20:51:14,ぱのぽね,こんのらーがんばれー
2022-03-25 20:51:15,えるみな,ボボボボボッボ
2022-03-25 20:51:15,ジョン,話の続きをしてくれ
2022-03-25 20:51:22,野良フェンリル,喘ぐな
2022-03-25 20:51:26,八意ゆきの,めっちゃ唾飛んでそう
2022-03-25 20:51:26,takkuson,あえがないで
2022-03-25 20:51:26,Alex,ｴｯｯｯ
2022-03-25 20:51:28,ありす,イクなww
2022-03-25 20:51:30,山本マサオ,めすーら
2022-03-25 20:51:30,すなぎも,八尺様かな
2022-03-25 20:51:31,林啓太,すけべ
2022-03-25 20:51:34,タコス足軽,幼女イスギィ！
2022-03-25 20:51:35,シトナイ,メス
2022-03-25 20:51:35,keDama,めすーらで45れそう
2022-03-25 20:51:36,アル晴れ,ほぼハーレムじゃん
2022-03-25 20:51:36,デイビット・コジマ ⚰️,草
2022-03-25 20:51:37,takkuson,メスの声ださないで
2022-03-25 20:51:37,けそ（けそ）,めすーら助かる
2022-03-25 20:51:37,まつ,いやーん？
2022-03-25 20:51:39,紅蝶伽,DVのらーら
2022-03-25 20:51:39,せるりあん,やんっ
2022-03-25 20:51:39,Azu -あず-,健康器具でもつけてんのか
2022-03-25 20:51:39,るーと96,草
2022-03-25 20:51:40,デクロボ,草
2022-03-25 20:51:41,暇人,めすーらかわいい
2022-03-25 20:51:42,V-MAX,イカないでｗ
2022-03-25 20:51:42,アライラ,えっっ！
2022-03-25 20:51:43,かぷちー,助かる
2022-03-25 20:51:43,七宝,かわいいぞ！のらーら！！！
2022-03-25 20:51:44,ありす,画面がよく分からん
2022-03-25 20:51:44,寝る寝る寝るね,こっちのほうがよっぽどえちち
2022-03-25 20:51:45,えーじんえーじん,こんのらー
2022-03-25 20:51:46,しまとじ,めすーら可愛い
2022-03-25 20:51:46,平賀源内,メスーラきちゃー！
2022-03-25 20:51:47,DuxRyK 【デューク】,めすーら
2022-03-25 20:51:47,Anfia,えろい
2022-03-25 20:51:47,山本マサオ,完全にいきました
2022-03-25 20:51:50,ネット弁慶,めすーら助かる
2022-03-25 20:51:50,3232qeq,めす出てるぞ
2022-03-25 20:51:51,八意ゆきの,いい声で鳴きますね
2022-03-25 20:51:51,ダンサンブル伊藤,単なる雌
2022-03-25 20:51:53,Michael Sicorski,いいぞ
2022-03-25 20:51:53,紅蝶伽,濃いのでる
2022-03-25 20:51:54,林啓太,めすーらDVしゅき……
2022-03-25 20:51:54,どぅー / Do. 3DCG - ch,ありがとう
2022-03-25 20:51:55,デイビット・コジマ ⚰️,幼女にリンチされとる
2022-03-25 20:51:56,とりのそぼろ,いやん
2022-03-25 20:51:56,微糖,イヤン:red_heart:草
2022-03-25 20:51:57,不思議な四暗刻(スーアンコウ)の大冒険,メス出てますよ
2022-03-25 20:51:57,麦茶,メス声めすーら
2022-03-25 20:51:57,山本マサオ,エッチだなあ
2022-03-25 20:51:57,北海道はアイヌ民族のものではない,この声はDV経験者だな
2022-03-25 20:51:58,アル晴れ,女に囲まれたぁ！
2022-03-25 20:51:58,宗方先生,魂のない人形は厄介者
2022-03-25 20:51:59,無限の剣製,メスーラ
2022-03-25 20:51:59,まつ,ありがとう、メスーラ
2022-03-25 20:51:59,えるみな,めーすーら
2022-03-25 20:52:00,えのころ草,めすーらすき
2022-03-25 20:52:03,ありす,女はのらーらなんだよな
2022-03-25 20:52:03,ハリネズ三太郎,声良すぎる
2022-03-25 20:52:06,平賀源内,集団はアカン
2022-03-25 20:52:07,スタンプル,メス出して気持ちよくならないで
2022-03-25 20:52:08,デイビット・コジマ ⚰️,えちえち展開
2022-03-25 20:52:14,寝る寝る寝るね,さすがボロライブ
2022-03-25 20:52:14,いーりぃ⚰️,めすーらたすかる
2022-03-25 20:52:16,ダンサンブル伊藤,やんっ:heart_suit:
2022-03-25 20:52:16,アル晴れ,これはめすーら
2022-03-25 20:52:20,八意ゆきの,このゲームに感謝しなきゃ
2022-03-25 20:52:21,ありす,これもしかしてリスナーへの素材提供？
2022-03-25 20:52:24,アライラ,いいぞ幽霊たち。もっとやれ
2022-03-25 20:52:25,南 光太郎,いいぞもっと鳴いてくれ
2022-03-25 20:52:28,七宝,幼女に分からせられるノラちゃんかわいい…
2022-03-25 20:52:30,よもぎ ⚰️,声だけ聞くとえっち
2022-03-25 20:52:33,まつ,心拍数は落ちついとる
2022-03-25 20:52:34,k k,深層組でアカデミー作ったらこんな感じになるのかな
2022-03-25 20:52:39,takkuson,めすきもスイッチはいってんな
2022-03-25 20:52:40,はぐぅ,Xボタンつかってる？
2022-03-25 20:52:41,暇人,もっと喘げ
2022-03-25 20:52:43,デイビット・コジマ ⚰️,遊んでの殺意が高すぎる
2022-03-25 20:52:44,ふたばちゃん,めすーら(*´Д`)ﾊｧﾊｧ
2022-03-25 20:52:51,微糖,ロリおね(?)たすかる
2022-03-25 20:52:51,アリマ,ありがとう　良い薬です
2022-03-25 20:52:55,山本マサオ,リングフィットよりエロい
2022-03-25 20:52:58,foxですよ,正露丸は？
2022-03-25 20:53:02,平賀源内,メス堕ち
2022-03-25 20:53:02,宗方先生,フィルムも体力もないw
2022-03-25 20:53:14,アル晴れ,ドッバァ！？
2022-03-25 20:53:27,keDama,この日本人形ください
2022-03-25 20:53:27,どぅー / Do. 3DCG - ch,がんばれえ
2022-03-25 20:53:39,foxですよ,おいｗ
2022-03-25 20:53:41,微糖,六十一式あと4枚
2022-03-25 20:53:41,デイビット・コジマ ⚰️,ドール！？！！？
2022-03-25 20:53:48,V-MAX,ドールｗ
2022-03-25 20:53:48,keDama,ワンフェスに売りに出そう
2022-03-25 20:53:50,八意ゆきの,草
2022-03-25 20:53:51,foxですよ,ライン超えてるぞｗ
2022-03-25 20:53:51,デイビット・コジマ ⚰️,なんのドールだ！？！？！
2022-03-25 20:53:52,タコス足軽,クオリティが高いドール草ｗ
2022-03-25 20:53:53,宗方先生,人形は無限に出てくるよ
2022-03-25 20:53:53,ネット弁慶,ボイスの素材提供ありがとうございます。
2022-03-25 20:53:53,林啓太,胸はだけてるしね
2022-03-25 20:53:54,アル晴れ,需要と供給ｗｗｗｗｗ
2022-03-25 20:53:56,どぅー / Do. 3DCG - ch,ひどい
2022-03-25 20:53:58,よもぎ ⚰️,ドールw
2022-03-25 20:54:02,Azu -あず-,オリエント工業かな？
2022-03-25 20:54:02,クマノコ,イノセンス思い出す
2022-03-25 20:54:03,DuxRyK 【デューク】,分身！？
2022-03-25 20:54:04,FoxP,"yabe,don't touch the loli"
2022-03-25 20:54:10,寝る寝る寝るね,集団プレイ
2022-03-25 20:54:11,林啓太,ナルトｗ
2022-03-25 20:54:13,k k,国産は高いからね
2022-03-25 20:54:15,デイビット・コジマ ⚰️,分身の幼女
2022-03-25 20:54:15,ダンサンブル伊藤,おじさんたちならもう皆ここで果てたよ
2022-03-25 20:54:15,タコス足軽,多重影分身だってばよ！
2022-03-25 20:54:16,えるみな,ドールは草
2022-03-25 20:54:21,暇人,分身だと!!!
2022-03-25 20:54:22,デイビット・コジマ ⚰️,回されてますね
2022-03-25 20:54:25,John Smith,助かる
2022-03-25 20:54:26,林啓太,メスーラ……
2022-03-25 20:54:29,Mr.dodoko【JP】,こんばんはー
2022-03-25 20:54:34,七宝,もっと鳴いてくれ、たすかる
2022-03-25 20:54:34,V-MAX,草
2022-03-25 20:54:42,foxですよ,実際ここまでのレベルなら買い手つきそう
2022-03-25 20:54:44,デイビット・コジマ ⚰️,逆だったかもしれないは草
2022-03-25 20:54:44,アル晴れ,めすーらだなぁ……
2022-03-25 20:54:52,ダンサンブル伊藤,チャクラ量えげつないな
2022-03-25 20:54:52,ありす,まあ普通にむずいよな
2022-03-25 20:54:53,せるりあん,お体に触りますよ
2022-03-25 20:54:54,toobon,MYOU DOLL製だったらなぁ
2022-03-25 20:54:55,寝る寝る寝るね,え？
2022-03-25 20:54:57,YMS,ﾀｽｹﾃﾀｽｹﾃ
2022-03-25 20:54:57,アラドヴァル,こんのらー
2022-03-25 20:55:09,宗方先生,ラスボスだよ⊂(^(工)^)⊃
2022-03-25 20:55:10,takkuson,なんてこというんだｗ
2022-03-25 20:55:10,ああああ,浮いてる顔なんなんだ？
2022-03-25 20:55:11,ヤマ,え
2022-03-25 20:55:11,デイビット・コジマ ⚰️,変態のおじさん草
2022-03-25 20:55:29,ダンサンブル伊藤,ツインバスターライフル撃て
2022-03-25 20:55:34,YMS,ジングルベルだった
2022-03-25 20:55:35,アル晴れ,クリスマス草
2022-03-25 20:55:36,るーと96,控えめに言って全部欲しい
2022-03-25 20:55:39,八意ゆきの,クリスマスもここまで鳴ってないだろ
2022-03-25 20:55:40,動画保管庫,くそこわいんじゃぁ…
2022-03-25 20:55:41,foxですよ,クリスマスもここまで聞かないゾ
2022-03-25 20:55:43,クロxkuroblackx,これがクリスマスだったか
2022-03-25 20:55:45,よもぎ ⚰️,クリスマスw
2022-03-25 20:55:46,宗方先生,ストーリー場は
2022-03-25 20:55:47,ふたばちゃん,ほーほーほー
2022-03-25 20:55:52,タコス足軽,ドールをえっちく撮る、篠山紀信かな？
2022-03-25 20:55:55,V-MAX,クリスマスｗ
2022-03-25 20:56:00,k k,このスタジオはドールのレンタル風俗でしょ
2022-03-25 20:56:03,V-MAX,いかないで！
2022-03-25 20:56:08,山本マサオ,あんあん叫びすぎて壁ドンされたぞ
2022-03-25 20:56:08,おんげむ,引き付けて撮ったほうが大分つよいよ。しってるか
2022-03-25 20:56:09,foxですよ,は？
2022-03-25 20:56:16,Azu -あず-,早漏でごめんね・・・
2022-03-25 20:56:16,林啓太,イかないで
2022-03-25 20:56:17,デイビット・コジマ ⚰️,幼女！幼女！
2022-03-25 20:56:18,暇人,草
2022-03-25 20:56:23,るーと96,おっそうだな
2022-03-25 20:56:28,ああああ,最初から覚えてないぞ
2022-03-25 20:56:30,ありす,早漏トレーニングじゃん
2022-03-25 20:56:31,クマノコ,ドールだとボディサイズ次第かな。着せ替えできる服のサイズが汎用性高いと買い手多そう
2022-03-25 20:56:35,動画保管庫,攻殻機動隊の映画みたい
2022-03-25 20:56:36,デイビット・コジマ ⚰️,押し倒された！？！？！？！
2022-03-25 20:56:43,せるりあん,男の人っていつもそうですね
2022-03-25 20:56:43,アル晴れ,押し倒された！？
2022-03-25 20:56:50,V-MAX,ｗ
2022-03-25 20:56:55,ありす,あのさあ
2022-03-25 20:56:57,七宝,心拍数下がってるのなんでなんw
2022-03-25 20:57:01,takkuson,変態なおじさんすっきゃなぁ
2022-03-25 20:57:01,keDama,遅漏より早漏のがいいんだぜ
2022-03-25 20:57:06,平賀源内,物理攻撃のほうが早そうではある
2022-03-25 20:57:08,アライラ,じゃあ一体もらおうかな
2022-03-25 20:57:10,宗方先生,ラスボスだから体力あるなぁ
2022-03-25 20:57:11,foxですよ,1体くらいならもらってもばれへんやろ
2022-03-25 20:57:11,アル晴れ,モンスターボールかよｗｗｗ
2022-03-25 20:57:11,ノラ丸　寧々丸教直系傘下ノラ組,片っ端から棺桶に入れてけ！
2022-03-25 20:57:12,アリマ,出荷よ
2022-03-25 20:57:15,山本マサオ,賢者タイム
2022-03-25 20:57:15,デイビット・コジマ ⚰️,貰われ行く事前提
2022-03-25 20:57:23,V-MAX,ないすー！
2022-03-25 20:57:23,ああああ,おお
2022-03-25 20:57:24,デイビット・コジマ ⚰️,やったか？
2022-03-25 20:57:27,平賀源内,ナイスゥ！
2022-03-25 20:57:28,微糖,ナイスゥ！
2022-03-25 20:57:30,3232qeq,賢者
2022-03-25 20:57:32,じぇろ,戦闘がはいチーズってことか
2022-03-25 20:57:32,るーと96,やったぜ
2022-03-25 20:57:32,八意ゆきの,ないすぅ
2022-03-25 20:57:33,デイビット・コジマ ⚰️,ナイス―
2022-03-25 20:57:33,寝る寝る寝るね,おつかれぃ
2022-03-25 20:57:33,暇人,ナイスゥ
2022-03-25 20:57:34,川端柳之介,一番右にいる人形が欲しいな
2022-03-25 20:57:48,ジョン,人形オ○サポ音声みたいなのをDLS○teで見かけた気がする
2022-03-25 20:57:48,foxですよ,:buffering:おおいな
2022-03-25 20:57:50,冥土,ないすぅ
2022-03-25 20:57:53,Michael Sicorski,おわった？
2022-03-25 20:57:54,いつか,え？
2022-03-25 20:57:55,けそ（けそ）,ないすー
2022-03-25 20:57:58,平賀源内,冷静だなぁ、憧れちゃうなあ
2022-03-25 20:58:00,andou ryu,一回落ちた
2022-03-25 20:58:01,よもぎ ⚰️,きた
2022-03-25 20:58:03,V-MAX,ぐるぐる
2022-03-25 20:58:10,Mr.dodoko【JP】,？？
2022-03-25 20:58:11,アル晴れ,よし
2022-03-25 20:58:13,foxですよ,おなさぽとかさー！
2022-03-25 20:58:13,takkuson,おなさぽ？
2022-03-25 20:58:14,DuxRyK 【デューク】,草
2022-03-25 20:58:15,微糖,YouTubeくん不安定
2022-03-25 20:58:15,七宝,ちょいちょいオフラインになる…
2022-03-25 20:58:16,どぅー / Do. 3DCG - ch,？？
2022-03-25 20:58:16,ダンサンブル伊藤,ｋｗｓｋ
2022-03-25 20:58:17,平賀源内,おなさぽいうなし
2022-03-25 20:58:18,ヤマ,ｗ
2022-03-25 20:58:18,とりのそぼろ,今日ようつべ調子悪いね
2022-03-25 20:58:20,デイビット・コジマ ⚰️,えええ！？！？
2022-03-25 20:58:21,林啓太,えっど
2022-03-25 20:58:22,アル晴れ,いいい？？？
2022-03-25 20:58:22,けそ（けそ）,草
2022-03-25 20:58:22,ありす,これオナサポ音声だったんだ
2022-03-25 20:58:23,プルート／komihs,ここ数日youtube君の調子が悪い気がする
2022-03-25 20:58:23,かじの,草
2022-03-25 20:58:24,クロxkuroblackx,ｴｯ
2022-03-25 20:58:25,えるみな,えっっっ！！！！！！
2022-03-25 20:58:25,ジャグラー,あれ
2022-03-25 20:58:26,デイビット・コジマ ⚰️,まじか
2022-03-25 20:58:27,アル晴れ,えっっっｄ
2022-03-25 20:58:27,冥土,草
2022-03-25 20:58:28,ああああ,うっは
2022-03-25 20:58:28,やさい,清水寺か
2022-03-25 20:58:28,しまとじ,草
2022-03-25 20:58:29,るーと96,特殊性癖きちゃ
2022-03-25 20:58:30,せるりあん,ママの中に還る？
2022-03-25 20:58:30,えるみな,おぎゃりたい
2022-03-25 20:58:30,V-MAX,おなさぽ！？
2022-03-25 20:58:32,bbb aaa,受精ってコト
2022-03-25 20:58:32,ふたばちゃん,胎内回帰ASMR？？？？
2022-03-25 20:58:32,名無し,えっち
2022-03-25 20:58:33,アリマ,草
2022-03-25 20:58:33,keDama,孕んじゃう
2022-03-25 20:58:33,KeNnEtH 18,!!??
2022-03-25 20:58:35,V-MAX,そうか・・・
2022-03-25 20:58:35,タコス足軽,ふーん、えっちじゃん（胎内回帰）
2022-03-25 20:58:35,ネット弁慶,草
2022-03-25 20:58:35,林啓太,胎内回帰マイクASMR？！
2022-03-25 20:58:36,じぇろ,ちょっとこのゲームエッチすぎる
2022-03-25 20:58:36,デイビット・コジマ ⚰️,まじかよ
2022-03-25 20:58:36,シトナイ,えっっ
2022-03-25 20:58:39,takkuson,草
2022-03-25 20:58:39,ダンサンブル伊藤,胎内回帰編
2022-03-25 20:58:39,えるみな,ばぶちゃん！！！！！！！！！！
2022-03-25 20:58:42,ゴーヤドーフ,叡智ASMRや…
2022-03-25 20:58:42,微糖,そうだよ
2022-03-25 20:58:42,ありす,ママの子宮に戻る音！？
2022-03-25 20:58:42,名無し,おぎゃああああああ
2022-03-25 20:58:42,動画保管庫,憶えてないです・・・
2022-03-25 20:58:42,デクロボ,草
2022-03-25 20:58:42,山本マサオ,ASMRやめろ！
2022-03-25 20:58:44,宗方先生,違うわw
2022-03-25 20:58:45,ぱのぽね,おぎゃ…
2022-03-25 20:58:45,アル晴れ,ｵｷﾞｬｰ
2022-03-25 20:58:46,スマイル,産道黒い
2022-03-25 20:58:47,デイビット・コジマ ⚰️,いきなり得知恵地は死因
2022-03-25 20:58:48,foxですよ,ある意味あってるかもしれなくて草
2022-03-25 20:58:48,いかついゴリボウ,こら
2022-03-25 20:58:48,冥土,これが性教育
2022-03-25 20:58:50,3232qeq,どすけべやんけ
2022-03-25 20:58:50,Michael Sicorski,産まれるー！
2022-03-25 20:58:50,紅蝶伽,腹の中が明るいわけないだろ
2022-03-25 20:58:51,takkuson,ママに謝って
2022-03-25 20:58:51,keDama,おいｗｗｗ
2022-03-25 20:58:51,六尺野郎,さっき開けた床が膣ってこと？
2022-03-25 20:58:53,野良フェンリル,何を言ってるんだお前は...
2022-03-25 20:58:53,Azu -あず-,グロマンじゃん
2022-03-25 20:58:53,平賀源内,狂った性教育かな？
2022-03-25 20:58:54,えのころ草,おぎゃノラ
2022-03-25 20:58:55,kinoko ruke,ｵｷﾞｬｰ
2022-03-25 20:58:57,デイビット・コジマ ⚰️,ママ草
2022-03-25 20:58:58,KeNnEtH 18,Return to Mama
2022-03-25 20:58:59,ありぬ,まじでキモくて好感
2022-03-25 20:58:59,ダンサンブル伊藤,ここが産道か
2022-03-25 20:59:00,るーと96,真っ黒とか癌かな？
2022-03-25 20:59:01,foxですよ,ママに謝罪して
2022-03-25 20:59:03,V-MAX,草
2022-03-25 20:59:06,山本マサオ,わがはい うまれるうう
2022-03-25 20:59:06,レンたろう,そりゃ男はいるだろ
2022-03-25 20:59:09,デクロボ,おとこいるｗ
2022-03-25 20:59:09,アライラ,なにが生まれるんや
2022-03-25 20:59:09,動画保管庫,そういえばマイクを挿入するＡＳＭＲとかありますよね
2022-03-25 20:59:11,Blau,兄妹でしょ
2022-03-25 20:59:13,いっち,兄弟だよ
2022-03-25 20:59:13,ゴーヤドーフ,:unicorn:……
2022-03-25 20:59:14,名無し,発言がヤバすぎて草
2022-03-25 20:59:14,馬場拓那,:unicorn:…:horse:…
2022-03-25 20:59:15,シトナイ,草
2022-03-25 20:59:17,デイビット・コジマ ⚰️,えええ
2022-03-25 20:59:20,タコス足軽,ママの産道に男を見た（哲学）
2022-03-25 20:59:23,ジョン,さっき確認してきたけど「恐怖の搾○人形」みたいなやつだ
2022-03-25 20:59:24,takkuson,一回怒られろｗ
2022-03-25 20:59:24,ダンサンブル伊藤,この配信がいつかお母さんに聞かれると思うとワクワクするな
2022-03-25 20:59:25,デイビット・コジマ ⚰️,子宮かよお
2022-03-25 20:59:28,微糖,浮遊霊は07式で撮った方がリーズナブルよ
2022-03-25 20:59:30,DuxRyK 【デューク】,そゆこと！？w
2022-03-25 20:59:30,七宝,オフライン…
2022-03-25 20:59:34,野良フェンリル,きしょすぎてyoutubeくん拒否してしまう
2022-03-25 20:59:36,デイビット・コジマ ⚰️,なんだろうね
2022-03-25 20:59:42,ありす,男はメタファーだぞ
2022-03-25 20:59:44,山本マサオ,声でけえ！！
2022-03-25 20:59:47,foxですよ,しゃがむんじゃない？
2022-03-25 20:59:49,ありぬ,本当に気持ち悪い
2022-03-25 20:59:53,麦茶,初見ですが下ネタしか言いませんね
2022-03-25 20:59:57,八意ゆきの,さっきから言ってることが何一つ分からない
2022-03-25 20:59:59,デイビット・コジマ ⚰️,なんか通ったな
2022-03-25 21:00:00,えるみな,ノラ組の想いか
2022-03-25 21:00:01,V-MAX,ポイント高い！
2022-03-25 21:00:12,デイビット・コジマ ⚰️,ママの産道！！？？
2022-03-25 21:00:15,アル晴れ,女ぁ！
2022-03-25 21:00:27,DuxRyK 【デューク】,でっか
2022-03-25 21:00:34,デイビット・コジマ ⚰️,ｗｗｗ
2022-03-25 21:00:39,ああああ,濡れた髪がまたセクシー
2022-03-25 21:00:40,k k,卵子じゃん
2022-03-25 21:00:44,動画保管庫,パパには無いんかな…
2022-03-25 21:00:47,デイビット・コジマ ⚰️,質問が酷すぎワロタ
2022-03-25 21:00:50,平賀源内,零界の蛍術士ちゃんかな？
2022-03-25 21:00:52,foxですよ,すねちゃまかな？
2022-03-25 21:00:52,V-MAX,ままー！
2022-03-25 21:00:56,デイビット・コジマ ⚰️,ママぁあああ
2022-03-25 21:01:00,けそ（けそ）,マ”マ”ー
2022-03-25 21:01:00,アル晴れ,"マ""マ""ー""ー"""
2022-03-25 21:01:05,微糖,"マ""マ""ー！"
2022-03-25 21:01:12,はしびろ,汚い赤子だな…
2022-03-25 21:01:14,アル晴れ,カオス
2022-03-25 21:01:16,ゴーヤドーフ,どゆこと？
2022-03-25 21:01:18,るーと96,哲学か何か？
2022-03-25 21:01:18,kinoko ruke,哲学すぎる
2022-03-25 21:01:19,平賀源内,凛々しいノラくん（なお
2022-03-25 21:01:21,じぇろ,ハグが情熱的すぎるッピ
2022-03-25 21:01:24,ジョン,君が生まれるために死んだ○子だ
2022-03-25 21:01:25,宗方先生,フィルムないよ
2022-03-25 21:01:28,タコス足軽,ママーッ！（幼児回帰）
2022-03-25 21:01:28,ちろる,ママリョーシカじゃん
2022-03-25 21:01:29,テラニコフ,"マ""マ""ァ""ー"
2022-03-25 21:01:30,Hell Saturday,哲学するのやめて
2022-03-25 21:01:33,微糖,ママトリョーシカ
2022-03-25 21:01:34,デイビット・コジマ ⚰️,だいしゅきホールド集団
2022-03-25 21:01:40,八意ゆきの,ママの中狭い
2022-03-25 21:01:40,名無し,ママの中冷たい…
2022-03-25 21:01:41,V-MAX,ママの中が狭い・・・
2022-03-25 21:01:42,ありす,ママの中狭いは最低なんよ
2022-03-25 21:01:43,デイビット・コジマ ⚰️,まま量産型
2022-03-25 21:01:45,よもぎ ⚰️,ママいすぎｗ
2022-03-25 21:01:46,よーしゅ,ママの中狭いはちょっと。。。
2022-03-25 21:01:48,DuxRyK 【デューク】,ママァーー
2022-03-25 21:01:50,平賀源内,挟み撃ちは危険
2022-03-25 21:01:51,じぇろ,スケスケになってる質感エロすぎる
2022-03-25 21:01:55,ジョン,ママ狭い…
2022-03-25 21:01:59,アル晴れ,ママがたっくさんいるね！
2022-03-25 21:02:02,デイビット・コジマ ⚰️,ママの中狭いはたしかに
2022-03-25 21:02:03,えるみな,よし、おぎゃちゃんに助けを貰おう
2022-03-25 21:02:09,foxですよ,いいね～:smiling_face_with_hearts:
2022-03-25 21:02:13,デイビット・コジマ ⚰️,ママが沢山いるね
2022-03-25 21:02:31,V-MAX,ポイント高し
2022-03-25 21:02:36,タコス足軽,牙突？（）
2022-03-25 21:02:39,宗方先生,でもボスだから気を付けて(;゜∇゜)
2022-03-25 21:02:45,デイビット・コジマ ⚰️,ママ撤退しかな
2022-03-25 21:02:51,アル晴れ,ママから逃げなきゃ
2022-03-25 21:02:59,Blau,場所も悪いんよな
2022-03-25 21:03:17,デイビット・コジマ ⚰️,うんうん
2022-03-25 21:03:17,けそ（けそ）,ママ怖いなぁ
2022-03-25 21:03:22,平賀源内,そのうち開けるんやろな
2022-03-25 21:03:22,アル晴れ,草
2022-03-25 21:03:24,冥土,ここで戻るのかw
2022-03-25 21:03:27,八意ゆきの,急で草
2022-03-25 21:03:32,DuxRyK 【デューク】,なるほど
2022-03-25 21:03:33,foxですよ,モザイクはいらないよね？
2022-03-25 21:03:36,V-MAX,全部教えた方がいい
2022-03-25 21:03:37,えるみな,まずノラ君が教育してもらえ
2022-03-25 21:03:37,アル晴れ,啓蒙度合いかぁ
2022-03-25 21:03:37,ネット弁慶,急に戻るw
2022-03-25 21:03:40,Blau,海外のレベルで教えていいんでね
2022-03-25 21:03:40,けそ（けそ）,しょうぶ
2022-03-25 21:03:44,ジョン,全部教えて欲しい
2022-03-25 21:03:46,宗方先生,箱から出てる腕を見て
2022-03-25 21:03:48,なっとうまき,俺もそう思う
2022-03-25 21:03:49,シトナイ,実践授業しろ
2022-03-25 21:03:51,八意ゆきの,知らないとまずいことまでやりかねない
2022-03-25 21:03:54,デイビット・コジマ ⚰️,行き過ぎないぐらいで教えていいと思うで
2022-03-25 21:03:54,平賀源内,ええんやない？最近の子供は割と知ってるで
2022-03-25 21:03:54,keDama,ゴムしないですると後悔するとかね
2022-03-25 21:03:57,微糖,エロがタブーな理屈がよく分からん
2022-03-25 21:04:09,じぇろ,知らなければ興味も持たない、みたいな風潮ある
2022-03-25 21:04:15,デイビット・コジマ ⚰️,実際中学生とかスペースやってるしな
2022-03-25 21:04:16,ネット弁慶,段階を踏んで教えた方がいいと思う
2022-03-25 21:04:20,V-MAX,ひえ
2022-03-25 21:04:22,えるみな,最近不祥事多すぎるから教育は必要
2022-03-25 21:04:23,Blau,親が癌なのよなあ
2022-03-25 21:04:25,ジョン,実践だ！
2022-03-25 21:04:25,アル晴れ,というか親が教えてくれ
2022-03-25 21:04:32,平賀源内,あっ
2022-03-25 21:04:32,デイビット・コジマ ⚰️,なんだこれは
2022-03-25 21:04:36,ありす,全部知って興味持ってしちゃったから、ある程度議論した方がいいと思う
2022-03-25 21:04:37,foxですよ,親も一緒に教育だ
2022-03-25 21:04:38,Alex,かわいい
2022-03-25 21:04:40,デイビット・コジマ ⚰️,はいてるるっる
2022-03-25 21:04:41,八意ゆきの,かわいい
2022-03-25 21:04:42,Azu -あず-,小学校の時に性行為について教えられたけど理解できんかった
2022-03-25 21:04:43,DuxRyK 【デューク】,かわいい
2022-03-25 21:04:44,タコス足軽,可愛いに草ｗ
2022-03-25 21:04:44,アル晴れ,女ァ！！
2022-03-25 21:04:45,kinoko ruke,かわいい～
2022-03-25 21:04:48,デイビット・コジマ ⚰️,中にだれかいた
2022-03-25 21:04:56,foxですよ,サイコメトリーか？
2022-03-25 21:04:57,デイビット・コジマ ⚰️,そうね
2022-03-25 21:05:00,よもぎ ⚰️,美人
2022-03-25 21:05:01,せるりあん,幽霊もかわいいからなぁ
2022-03-25 21:05:03,keDama,フェミが発狂するかわいさ
2022-03-25 21:05:10,デイビット・コジマ ⚰️,どこか色っぽいよな
2022-03-25 21:05:16,Blau,零は美女とイケメンだらけよ
2022-03-25 21:05:17,山田太郎,美女しかいない世界
2022-03-25 21:05:20,アル晴れ,いいですねぇ〜
2022-03-25 21:05:20,DuxRyK 【デューク】,きゃわいい
2022-03-25 21:05:23,デイビット・コジマ ⚰️,おしりのラインが！？！
2022-03-25 21:05:31,じぇろ,ほっそ！でっか！
2022-03-25 21:05:32,デイビット・コジマ ⚰️,デカいｗｗ
2022-03-25 21:05:32,あるごん,かわいい
2022-03-25 21:05:33,クロxkuroblackx,のらーらと大違い
2022-03-25 21:05:37,しまとじ,エロい女しかいねえ
2022-03-25 21:05:37,k k,こじらせた結果加害者になるんだから全部教えといた方がいいよ
2022-03-25 21:05:42,えるみな,可愛いね、ＬＩＮＥしてる？
2022-03-25 21:05:43,宗方先生,水に濡れてくっきりするラインはいい
2022-03-25 21:05:44,foxですよ,魔女もえっちだね～
2022-03-25 21:05:45,いつか,しまっちゃおうねぇ:coffin:
2022-03-25 21:05:46,V-MAX,嫌がらせｗ
2022-03-25 21:05:47,アル晴れ,草
2022-03-25 21:05:49,八意ゆきの,草
2022-03-25 21:05:51,平賀源内,ホラーに美女はつきもの
2022-03-25 21:05:52,タコス足軽,しまっちゃうおじさん！？
2022-03-25 21:05:54,えるみな,ボッシュート
2022-03-25 21:05:58,デイビット・コジマ ⚰️,光の加減で攻撃かよおお
2022-03-25 21:06:00,あるごん,えっちだ
2022-03-25 21:06:04,えるみな,しまっちゃうおじさんｗｗｗｗ
2022-03-25 21:06:04,アル晴れ,授業中腕時計の反射でやってるやついたわｗ
2022-03-25 21:06:05,えのころ草,こういう悪夢見たことある
2022-03-25 21:06:07,紅蝶伽,水没もの
2022-03-25 21:06:08,平賀源内,エッ
2022-03-25 21:06:08,デイビット・コジマ ⚰️,トミタケフラッシュ！！
2022-03-25 21:06:15,デイビット・コジマ ⚰️,えろい
2022-03-25 21:06:16,かじの,えっちすぎる
2022-03-25 21:06:16,foxですよ,そこ？？
2022-03-25 21:06:17,Alex,えっろｗ
2022-03-25 21:06:20,八意ゆきの,えっろ
2022-03-25 21:06:20,クロxkuroblackx,ｴｯ
2022-03-25 21:06:20,タコス足軽,エッ！！
2022-03-25 21:06:21,アル晴れ,女ァ！！
2022-03-25 21:06:21,アライラ,谷間が
2022-03-25 21:06:23,keDama,ノラより大きい？
2022-03-25 21:06:23,foxですよ,とめるな
2022-03-25 21:06:23,デイビット・コジマ ⚰️,えろいねえぇ
2022-03-25 21:06:24,よもぎ ⚰️,草
2022-03-25 21:06:25,えるみな,エッド、ＬＩＮＥ交換しよ
2022-03-25 21:06:26,Azu -あず-,頬を赤らめるなｗｗｗ
2022-03-25 21:06:27,えのころ草,スタートおすな
2022-03-25 21:06:27,アル晴れ,女ァァァァァ
2022-03-25 21:06:30,デイビット・コジマ ⚰️,あらー
2022-03-25 21:06:31,Alex,あら＾～
2022-03-25 21:06:32,平賀源内,エッチだ
2022-03-25 21:06:33,えるみな,あらー
2022-03-25 21:06:33,V-MAX,えろすぎる！
2022-03-25 21:06:33,Michael Sicorski,ペロペロ！
2022-03-25 21:06:33,DuxRyK 【デューク】,あらあら
2022-03-25 21:06:33,あるごん,あああ
2022-03-25 21:06:35,じぇろ,えっちすぎて警察くるわ
2022-03-25 21:06:36,クマノコ,生きとったんか！
2022-03-25 21:06:37,ネット弁慶,草
2022-03-25 21:06:38,かじの,あら～^^
2022-03-25 21:06:38,微糖,あら^〜
2022-03-25 21:06:39,タコス足軽,あら＾～
2022-03-25 21:06:39,デイビット・コジマ ⚰️,これはキマシタワー
2022-03-25 21:06:39,八意ゆきの,たすかる
2022-03-25 21:06:41,アル晴れ,押し倒されたぁ！！
2022-03-25 21:06:42,ああ,えっちだぁ
2022-03-25 21:06:43,V-MAX,ｗｗｗｗ
2022-03-25 21:06:43,tanishi,あらあらまぁまぁ
2022-03-25 21:06:43,Azu -あず-,百合百合してんねぇ
2022-03-25 21:06:45,しまとじ,草
2022-03-25 21:06:45,あるごん,イチャイチャしちゃってえ
2022-03-25 21:06:46,えのころ草,全員おｐｐでかいな
2022-03-25 21:06:47,Michael Sicorski,いらんのもでてきた
2022-03-25 21:06:48,ビーダマン,混ぜて～～～～
2022-03-25 21:06:48,DuxRyK 【デューク】,なんかきたw
2022-03-25 21:06:48,えるみな,じゃますんんあＢＢＡ
2022-03-25 21:06:49,アル晴れ,うわーーーああーーーーｗｗｗｗｗ
2022-03-25 21:06:50,keDama,ブリッジ貞子
2022-03-25 21:06:50,foxですよ,ちょっとギャグ
2022-03-25 21:06:50,ネット弁慶,興奮しすぎw
2022-03-25 21:06:51,アライラ,ダイナミックな登場で草
2022-03-25 21:06:51,クロxkuroblackx,うわーｗ
2022-03-25 21:06:51,まつ,あらあらあらあら～
2022-03-25 21:06:51,不思議な四暗刻(スーアンコウ)の大冒険,あら～
2022-03-25 21:06:53,アル晴れ,うわーーーーーｗｗｗｗｗｗ
2022-03-25 21:06:58,ジョン,偶然こんなスケベな格好になることある？
2022-03-25 21:06:59,平賀源内,あら〜
2022-03-25 21:07:00,デイビット・コジマ ⚰️,いいとこ邪魔しおって
2022-03-25 21:07:04,せるりあん,俺も混ぜろよ
2022-03-25 21:07:04,じぇろ,個撮はじまった
2022-03-25 21:07:12,タコス足軽,まだ舞える
2022-03-25 21:07:13,えるみな,ノラ組きたか？
2022-03-25 21:07:14,ビーダマン,溺れてるのか
2022-03-25 21:07:15,foxですよ,これが阿波踊りか？
2022-03-25 21:07:15,k k,百合を邪魔するおっさんはほんまやめろ
2022-03-25 21:07:16,よもぎ ⚰️,スタンバイしてたな
2022-03-25 21:07:17,かじの,えっちだから許すよ
2022-03-25 21:07:19,Alex,草
2022-03-25 21:07:19,エヌターク,百合の間に挟まろうとする幽霊？
2022-03-25 21:07:19,微糖,くねくねしとる
2022-03-25 21:07:19,ラスカル山田,撮影会じゃんw
2022-03-25 21:07:22,あき,踊ってみた
2022-03-25 21:07:22,アル晴れ,"うわ""ー""ーあ""ー""ー""ｗｗｗｗｗ"
2022-03-25 21:07:26,foxですよ,ウェ
2022-03-25 21:07:29,ジョン,草
2022-03-25 21:07:31,アライラ,ウェッ
2022-03-25 21:07:33,Michael Sicorski,わりとあってる
2022-03-25 21:07:34,アル晴れ,ｳｪｯ
2022-03-25 21:07:37,デイビット・コジマ ⚰️,この巫女もなかなかの恰好
2022-03-25 21:07:38,Blau,谷間が迫ってきた！
2022-03-25 21:07:40,がんばらないえる,lemonw
2022-03-25 21:07:42,シトナイ,草
2022-03-25 21:07:45,宗方先生,巫女の舞は儀式的ななにか？
2022-03-25 21:07:51,寝る寝る寝るね,草
2022-03-25 21:08:05,デイビット・コジマ ⚰️,のののんおの
2022-03-25 21:08:05,タコス足軽,ほんとにそのダンスに見えてきて草ｗ
2022-03-25 21:08:09,ジャグラー,米ちゅう玄師:cheese_wedge:
2022-03-25 21:08:11,微糖,のののー
2022-03-25 21:08:12,クロxkuroblackx,本当に踊ってるように見えてきたｗｗ
2022-03-25 21:08:16,八意ゆきの,草
2022-03-25 21:08:16,Azu -あず-,別にきーみを求めてない！！
2022-03-25 21:08:21,V-MAX,他人事で草ｗ
2022-03-25 21:08:21,ダンサンブル伊藤,ドルちんガッバーまん
2022-03-25 21:08:22,ビーダマン,あのさぁ
2022-03-25 21:08:24,じぇろ,スケスケだ・・
2022-03-25 21:08:26,黒薔薇,草
2022-03-25 21:08:26,林啓太,えど
2022-03-25 21:08:29,デイビット・コジマ ⚰️,ダイしゅきほーるどカスタム版
2022-03-25 21:08:30,ジョン,今年の紅白歌合戦会場ですか？
2022-03-25 21:08:33,よもぎ ⚰️,瑛人
2022-03-25 21:08:34,平賀源内,ヤバヤバ
2022-03-25 21:08:58,アル晴れ,鳴き声でたわね
2022-03-25 21:09:02,デイビット・コジマ ⚰️,ただみてるだけ
2022-03-25 21:09:02,DuxRyK 【デューク】,かわいいw
2022-03-25 21:09:08,foxですよ,この人何してるの？ってかんじだな
2022-03-25 21:09:10,宗方先生,余裕だなw
2022-03-25 21:09:10,デイビット・コジマ ⚰️,やばやばダンス
2022-03-25 21:09:11,O.J.I.,こんにょら～
2022-03-25 21:09:22,V-MAX,隙のないダンス！
2022-03-25 21:09:27,デイビット・コジマ ⚰️,攻撃タイミングがよく分からんな
2022-03-25 21:09:28,Blau,ロックオンして下がりながらがやりやすいぞ
2022-03-25 21:09:30,ネット弁慶,美人がでてきたから上機嫌だなw
2022-03-25 21:09:33,ダンサンブル伊藤,効いてるｗ効いてるｗ
2022-03-25 21:09:41,アル晴れ,友達なんにもしてないな
2022-03-25 21:09:56,DuxRyK 【デューク】,うまい！
2022-03-25 21:10:04,デイビット・コジマ ⚰️,かわいい
2022-03-25 21:10:08,微糖,うまい！
2022-03-25 21:10:08,V-MAX,ののののーん！
2022-03-25 21:10:10,宗方先生,07式だから体力削りずらいね(^_^;)
2022-03-25 21:10:11,アル晴れ,ﾉﾉﾉﾉｰﾝｗｗ
2022-03-25 21:10:19,デイビット・コジマ ⚰️,にょにょにょかわいいねぇ
2022-03-25 21:10:21,ビーダマン,その前ブは甘えだ
2022-03-25 21:10:26,アル晴れ,いい写真で草
2022-03-25 21:10:36,アル晴れ,いえあ
2022-03-25 21:10:36,微糖,ナイスゥ！
2022-03-25 21:10:37,ビーダマン,ナイス
2022-03-25 21:10:40,八意ゆきの,ないすぅ
2022-03-25 21:10:40,Alex,ﾅｲｽｩ
2022-03-25 21:10:42,けそ（けそ）,ナイスゥ
2022-03-25 21:10:47,kinoko ruke,ないすぅ
2022-03-25 21:10:50,ビーダマン,違うだろ
2022-03-25 21:10:51,デイビット・コジマ ⚰️,さぁしっぽいり行きましょうぜ
2022-03-25 21:10:55,ネット弁慶,ナイスゥー
2022-03-25 21:10:57,V-MAX,ないすー！
2022-03-25 21:10:58,宗方先生,草
2022-03-25 21:10:58,よもぎ ⚰️,ナイスゥ
2022-03-25 21:10:59,アル晴れ,エイタダレヤネン
2022-03-25 21:11:13,デイビット・コジマ ⚰️,さてさてどうしたろうか
2022-03-25 21:11:14,せるりあん,そりゃ格好が
2022-03-25 21:11:15,微糖,ひくわぁ
2022-03-25 21:11:18,八意ゆきの,格好が格好だからだろ
2022-03-25 21:11:19,あき,そんな服装だから…
2022-03-25 21:11:20,YMS,その格好
2022-03-25 21:11:23,Azu -あず-,急に香水歌ったら引くわ
2022-03-25 21:11:23,DuxRyK 【デューク】,うわ、水着だ〜
2022-03-25 21:11:26,タラントs,胸見たからでしょ
2022-03-25 21:11:27,あるごん,中にいるおじさんの気配を感じた
2022-03-25 21:11:28,デイビット・コジマ ⚰️,鍵かけられるぎぃいいい
2022-03-25 21:11:28,V-MAX,格好かなｗ
2022-03-25 21:11:30,k k,胸見てんのバレてんぞ
2022-03-25 21:11:44,デイビット・コジマ ⚰️,うんうん
2022-03-25 21:11:53,ビーダマン,はい
2022-03-25 21:11:56,デイビット・コジマ ⚰️,歯止め規定？
2022-03-25 21:11:58,V-MAX,歯止め規定？
2022-03-25 21:11:59,アル晴れ,歯止め規定？
2022-03-25 21:11:59,よもぎ ⚰️,歯止め規定？
2022-03-25 21:12:04,デイビット・コジマ ⚰️,そんなのがあるのか
2022-03-25 21:12:04,ダンサンブル伊藤,？
2022-03-25 21:12:05,アライラ,急に戻る性教育講座
2022-03-25 21:12:08,八意ゆきの,独学するしかないやん
2022-03-25 21:12:09,クロxkuroblackx,へぇ～
2022-03-25 21:12:09,ヤマ,なんで作ったんだろ
2022-03-25 21:12:09,のりお,寸止め？？
2022-03-25 21:12:10,微糖,なにゆえ
2022-03-25 21:12:12,Azu -あず-,へー
2022-03-25 21:12:12,V-MAX,だから性の事故が減らないのね
2022-03-25 21:12:14,デイビット・コジマ ⚰️,うんうん
2022-03-25 21:12:17,デイビット・コジマ ⚰️,そうだね
2022-03-25 21:12:18,クマノコ,じゃあどうやって教えんの…
2022-03-25 21:12:18,3232qeq,独学するしかないやん
2022-03-25 21:12:19,宗方先生,尻がエッッッッッだな
2022-03-25 21:12:22,keDama,PTAがうるさいからだろうな
2022-03-25 21:12:23,シトナイ,意味わからんな
2022-03-25 21:12:24,ビーダマン,逆に興味出ちゃうやつなんだよな
2022-03-25 21:12:26,Blau,海外から遅れてるって言われてるのがようわかる
2022-03-25 21:12:29,猫太郎。,してないの俺らだけだぞ
2022-03-25 21:12:29,ポーヘイ,こんのらー　また性行為の話してる？
2022-03-25 21:12:32,よもぎ ⚰️,はどめ規定
2022-03-25 21:12:32,もさぎ。,特殊プレイの名前？
2022-03-25 21:12:32,アル晴れ,独学しかないやん
2022-03-25 21:12:32,foxですよ,以外と真面目なはなしやな
2022-03-25 21:12:33,紅蝶伽,先生はしてないかもしれないだろ！
2022-03-25 21:12:35,おんげむ,それノラ君調べたの？
2022-03-25 21:12:36,デイビット・コジマ ⚰️,ふんふん
2022-03-25 21:12:38,tanishi,エロい顔してる
2022-03-25 21:12:41,ジャグラー,ちゃんと取り扱わないからレ○プ事件とか性被害止まらないんやろな
2022-03-25 21:12:43,デイビット・コジマ ⚰️,なんだと
2022-03-25 21:12:49,ダンサンブル伊藤,これから潔癖な世代が出てくるのか
2022-03-25 21:12:52,北の元陸士長,ほうほう
2022-03-25 21:12:53,keDama,小6で習ったが
2022-03-25 21:13:01,seiichirou,とんちかな
2022-03-25 21:13:04,Hell Saturday,意味不明だよな
2022-03-25 21:13:05,もげたもげ太郎,伝説の校長が講師になってほしい
2022-03-25 21:13:05,クマノコ,意味不明過ぎるw
2022-03-25 21:13:06,デイビット・コジマ ⚰️,そうだな
2022-03-25 21:13:07,foxですよ,おかしいね
2022-03-25 21:13:08,アル晴れ,自分は教えてもらってねぇや
2022-03-25 21:13:11,あるごん,コンドームの名前だけ出てきたな
2022-03-25 21:13:11,ネット弁慶,へー
2022-03-25 21:13:12,Azu -あず-,小学生でもヤッてる子いるから早めの方がいいと思うけどな
2022-03-25 21:13:15,マッシュポテト,基礎飛ばして応用教えてる感じなのね
2022-03-25 21:13:15,ビーダマン,男女でわかれて受けた記憶がある
2022-03-25 21:13:17,ありす,コンドームは挨拶だからしよう
2022-03-25 21:13:18,よもぎ ⚰️,過程が重要なのに
2022-03-25 21:13:18,スプレム,じゃあ実践して学ぶしかないか
2022-03-25 21:13:20,デイビット・コジマ ⚰️,しっかり教えんと食い物されるで
2022-03-25 21:13:21,ヤマ,教育が歪んでる
2022-03-25 21:13:21,ポーヘイ,挿入を教えろよ　大事なことでしょう
2022-03-25 21:13:23,アル晴れ,コの字も聞かなかったな
2022-03-25 21:13:25,Blau,いずれヤるのによお
2022-03-25 21:13:26,V-MAX,手こわっ
2022-03-25 21:13:26,えるみな,面白がってイジメでやらせようとするやつとか出てくるんだろうな
2022-03-25 21:13:26,かじの,察しろってコト！？
2022-03-25 21:13:27,ビーダマン,つば飛ばすな
2022-03-25 21:13:27,tanishi,教育向けAV出さないかんな
2022-03-25 21:13:31,ポーヘイ,馬鹿が代
2022-03-25 21:13:32,da-ra,で、なんでノラ君はそれを知ってるの？
2022-03-25 21:13:32,アル晴れ,バカヤローｗ
2022-03-25 21:13:32,YMS,AbemaPrimeっぽい話題
2022-03-25 21:13:33,微糖,ぐへへ
2022-03-25 21:13:34,onigiri3670,日本人むっつりだから仕方が無い
2022-03-25 21:13:36,アラドヴァル,昔はジジババのセッの動画みせつけられたのに...
2022-03-25 21:13:39,のりお,わい、中学生の時、保健体育クラストップやったで:beaming_face_with_smiling_eyes:
2022-03-25 21:13:40,foxですよ,ゴムつけてなにするっておしえて:smiling_face_with_hearts:
2022-03-25 21:13:43,宗方先生,神社から出よか？
2022-03-25 21:13:46,えるみな,隠しても一緒か。それなら教えたほうがええよな
2022-03-25 21:13:48,もさぎ。,そうね
2022-03-25 21:13:49,ポーヘイ,そのとおり
2022-03-25 21:13:51,北の元陸士長,流石ゴミの学習指導要領だ:rolling_on_the_floor_laughing:
2022-03-25 21:13:54,keDama,うちの中学は学校にコンドームの自販機置いてたな
2022-03-25 21:13:55,ジョン,それはそう
2022-03-25 21:13:57,デイビット・コジマ ⚰️,それはそうだね
2022-03-25 21:13:58,タラントs,実践しない限りナニしてもいいと思う
2022-03-25 21:13:59,紅蝶伽,コーラで洗うと大丈夫と学びました
2022-03-25 21:14:02,Azu -あず-,ゴムの着け方は教えるべき
2022-03-25 21:14:03,Blau,そうだよ
2022-03-25 21:14:04,ネット弁慶,実践で学ぶしかないな
2022-03-25 21:14:04,V-MAX,そう思う
2022-03-25 21:14:05,アル晴れ,そりゃそう
2022-03-25 21:14:05,ヤマ,せやせや
2022-03-25 21:14:06,kinoko ruke,ごもっとも
2022-03-25 21:14:08,いーりぃ⚰️,そういえば中学の時に学校にコンドーム持ってきていた女子居たな
2022-03-25 21:14:11,デイビット・コジマ ⚰️,なんやこの手！
2022-03-25 21:14:14,ビーダマン,ニギニギ
2022-03-25 21:14:15,DuxRyK 【デューク】,そやね
2022-03-25 21:14:15,V-MAX,コーラで洗うあったなー
2022-03-25 21:14:19,O.J.I.,今の老人たちが全滅しない限り未来はない
2022-03-25 21:14:23,えるみな,もう致すのはしかたないとして、ちゃんと教えるべきやろな
2022-03-25 21:14:24,foxですよ,学校でゴム売ってるのもすごいな
2022-03-25 21:14:27,あき,握手会
2022-03-25 21:14:27,ポーヘイ,変な知識から入るのはよくないよな
2022-03-25 21:14:34,デイビット・コジマ ⚰️,教えすぎて流行るのも不味いのかな
2022-03-25 21:14:39,Azu -あず-,初めて同士だと手こずるんよなぁ
2022-03-25 21:14:42,北の元陸士長,コーラは都市伝説じゃ
2022-03-25 21:14:47,ビーダマン,女子の方が先にそういうの興味持つって聞いたわ
2022-03-25 21:14:47,凡人,性犯罪とか問題視するのにそれに対して身を守る術とかどういうことなのか教えないのようわからん
2022-03-25 21:14:54,もさぎ。,ちゃんと教えてくれなかったから、間違えて後ろに入れちゃった
2022-03-25 21:14:58,foxですよ,ゴムつかったことないや
2022-03-25 21:14:59,ありす,いっちゃん最初中々入らないよな相手によるけど
2022-03-25 21:15:00,keDama,アメリカよりはマシでしょ福音派の連中がうるさいから
2022-03-25 21:15:04,デイビット・コジマ ⚰️,そうだね確かに
2022-03-25 21:15:05,平賀源内,心拍数は平常やね
2022-03-25 21:15:05,タラントs,そうだ、風俗へ行こう
2022-03-25 21:15:07,アル晴れ,尻切れトンボやん
2022-03-25 21:15:11,八意ゆきの,隠蔽感すごい
2022-03-25 21:15:16,みこっち,にーんしん
2022-03-25 21:15:23,tanishi,教えちゃいけないんだね
2022-03-25 21:15:24,ぷっか,へ〜
2022-03-25 21:15:26,DuxRyK 【デューク】,実習教育はないか
2022-03-25 21:15:28,デイビット・コジマ ⚰️,ＡＶみろて事か
2022-03-25 21:15:30,八意ゆきの,変な規定
2022-03-25 21:15:31,あんあん,こんのらー
2022-03-25 21:15:31,アル晴れ,はぇー
2022-03-25 21:15:33,k k,のらーら３Dで性教育実践しようか
2022-03-25 21:15:33,けそ（けそ）,はぇ～
2022-03-25 21:15:33,ジョン,もっと細かいことを教えて欲しい
2022-03-25 21:15:35,ありあるりえーる,子供は倫理観が発展途上だから教えにくいかもしればいね
2022-03-25 21:15:37,ポーヘイ,どういうことなんだい？妊娠がまるで悪いことみたいじゃないか
2022-03-25 21:15:37,V-MAX,そういえば自分自身、どうやって学んだか覚えてないや
2022-03-25 21:15:38,平賀源内,教えといたほうがよい時代だと思うのだがな
2022-03-25 21:15:38,クロxkuroblackx,学び先が落ちてる雑誌かＡＶサイトしかないじゃん
2022-03-25 21:15:39,えるみな,ほえ－
2022-03-25 21:15:41,完全剛体リジッド,禁止されてるのね…
2022-03-25 21:15:41,うりゃおい,外国はそのへんどうなんだろう
2022-03-25 21:15:43,keDama,中学で子供作るやつもいるけどな
2022-03-25 21:15:44,ミスターゲドウ,こんのらー
2022-03-25 21:15:45,微糖,謎の規定すぎる
2022-03-25 21:15:49,よもぎ ⚰️,AV修正あるやん
2022-03-25 21:15:50,foxですよ,めしべとおしべか
2022-03-25 21:15:52,ありあるりえーる,こんのらー
2022-03-25 21:15:55,林啓太,ほーん
2022-03-25 21:16:01,林啓太,受精NG
2022-03-25 21:16:07,デイビット・コジマ ⚰️,なかなか難しい問題なんだな
2022-03-25 21:16:11,DuxRyK 【デューク】,なるほどね
2022-03-25 21:16:12,ビーダマン,教員免許受けたんか？
2022-03-25 21:16:16,平賀源内,知りたい気持ちには勝てんぞ、人間
2022-03-25 21:16:17,デイビット・コジマ ⚰️,ふん
2022-03-25 21:16:19,ポーヘイ,教える側が童貞か何かなのか？
2022-03-25 21:16:19,keDama,そりゃ人工減るわ
2022-03-25 21:16:22,林啓太,臭い物に蓋してもしょうがないと思うけどなあ
2022-03-25 21:16:26,ミスターゲドウ,教育をきちんとしないからAVで間違った行為を学んでしまいそう
2022-03-25 21:16:27,北の元陸士長,まあこの国の始まりも教えないからなぁ
2022-03-25 21:16:27,tanishi,猿の交尾で教えて猿みたいになってほしいんじゃない
2022-03-25 21:16:29,ビーダマン,詳しいねそっちのほう
2022-03-25 21:16:30,よもぎ ⚰️,うーん…
2022-03-25 21:16:41,foxですよ,そういった規制があるから歪んだ性癖できてしまうのでは？
2022-03-25 21:16:42,アル晴れ,職業人として生徒と関わらんといけないからなぁ
2022-03-25 21:16:52,O.J.I.,古事記を小学校の授業でやれば覚えられるよね
2022-03-25 21:16:55,tanishi,いいんかいｗ
2022-03-25 21:16:57,八意ゆきの,がばがばかよ
2022-03-25 21:16:58,missi ryo,こんのらー:coffin:
2022-03-25 21:16:59,デイビット・コジマ ⚰️,いろいろ変なんよな日本の教育
2022-03-25 21:17:03,ありす,でも小学生、中1では知識要らなくね？
2022-03-25 21:17:06,Yuki,古事記にもそう書いてある
2022-03-25 21:17:08,keDama,フェミとPTAが騒ぐから無理でしょ
2022-03-25 21:17:09,YMS,そういえばwikiの得意科目は保健体育にしておいたらいいの？
2022-03-25 21:17:12,V-MAX,常に指導しないと意味がない
2022-03-25 21:17:15,ミスターゲドウ,それ、責任を教師に押し付けてるだけやん！
2022-03-25 21:17:18,ビーダマン,ただ日本の親がめんどくさいだけだろ
2022-03-25 21:17:18,デイビット・コジマ ⚰️,歴史の授業もしかり
2022-03-25 21:17:19,うりゃおい,できる規定はなぁ…
2022-03-25 21:17:23,宗方先生,上に行こうか？
2022-03-25 21:17:27,あにまっち_ボカロ曲あるよ,こんのらー
2022-03-25 21:17:29,Blau,まあモンペからあれこれ言われそうだしそれでもやらんのだろうなあ
2022-03-25 21:17:30,スタンプル,今はネットあるからなー
2022-03-25 21:17:31,完全剛体リジッド,家庭で教えるべきことってスタンスなのかな
2022-03-25 21:17:36,クロxkuroblackx,為になるのらーら枠だなぁ
2022-03-25 21:17:36,デイビット・コジマ ⚰️,子供はせっせしないと出てこないからな
2022-03-25 21:17:43,ありす,ノラ君の得意科目:英語、保健体育
2022-03-25 21:17:43,デイビット・コジマ ⚰️,ふぁ！？
2022-03-25 21:17:45,シトナイ,中学生でも普通にやるからな。教育大事
2022-03-25 21:17:50,デイビット・コジマ ⚰️,なんやこいつら
2022-03-25 21:17:52,じゃみ,別に言及してもいいんだけどね。汚いものにフタをするのが大好きな親御さんが多いのが一番問題
2022-03-25 21:17:52,みず / mizu,海外はどうなんだろ
2022-03-25 21:17:53,keDama,アメリカのキリスト教過激派の連中よりは妥当だと思うけど
2022-03-25 21:18:00,デイビット・コジマ ⚰️,押し倒そう
2022-03-25 21:18:02,宗方先生,出待ちw
2022-03-25 21:18:06,猫太郎。,わかる
2022-03-25 21:18:07,北の元陸士長,文科省と日○組がな…
2022-03-25 21:18:10,アル晴れ,影ｗ
2022-03-25 21:18:11,ジャグラー,影でかっ
2022-03-25 21:18:15,クロxkuroblackx,草
2022-03-25 21:18:20,keDama,アメリカは酷いよ
2022-03-25 21:18:21,デイビット・コジマ ⚰️,ここで性教育をおっぱじめようぜ
2022-03-25 21:18:22,のりお,わからん事は、ggrksって事ね
2022-03-25 21:18:27,えーじんえーじん,14才の母みたいになったら、終わりだから早く教えた方がいいとはおまう
2022-03-25 21:18:29,宗方先生,どこいくねーん？
2022-03-25 21:18:34,ビーダマン,ドリー！？
2022-03-25 21:18:36,凡人,懐かしい
2022-03-25 21:18:36,アル晴れ,ドリーｗ
2022-03-25 21:18:38,デイビット・コジマ ⚰️,どんどんどん帰りましょ
2022-03-25 21:18:40,V-MAX,ドリー
2022-03-25 21:18:41,平賀源内,帰れるのかね？
2022-03-25 21:18:41,完全剛体リジッド,亀ｗ
2022-03-25 21:18:43,DuxRyK 【デューク】,ドリー！？
2022-03-25 21:18:52,tanishi,その内アメリカのAVみたいになるんかな
2022-03-25 21:18:53,アル晴れ,ぴーしゃーまん
2022-03-25 21:18:54,V-MAX,久々に見たくなる
2022-03-25 21:18:57,ビーダマン,ニモおもろいよね
2022-03-25 21:18:58,ミスターゲドウ,キリスト教過激派のあるべき生殖行為のマニュアル、一周して変態プレイになってるのが好き
2022-03-25 21:19:02,デイビット・コジマ ⚰️,なかなかかわいい音楽やな
2022-03-25 21:19:02,微糖,ニモ懐かしい
2022-03-25 21:19:07,keDama,あばばばば
2022-03-25 21:19:07,アル晴れ,ニモ観て海が怖くなった
2022-03-25 21:19:07,よもぎ ⚰️,懐かしい
2022-03-25 21:19:10,凡人,ﾁｮｳﾀﾞｲ
2022-03-25 21:19:11,DuxRyK 【デューク】,魚食わないサメ達好きだった
2022-03-25 21:19:12,ああああ,切り替えはっやwww
2022-03-25 21:19:14,P J,草
2022-03-25 21:19:14,kinoko ruke,PNPN!?
2022-03-25 21:19:14,アル晴れ,ん？？？？
2022-03-25 21:19:15,よもぎ ⚰️,草
2022-03-25 21:19:16,冥土,性教育に従井ノラ見せよう
2022-03-25 21:19:17,八意ゆきの,ﾊﾟﾝﾊﾟﾝﾊﾟﾝﾊﾟﾝ
2022-03-25 21:19:18,ありす,拘束ピストンじゃん
2022-03-25 21:19:22,デイビット・コジマ ⚰️,パンパンパン！？！？
2022-03-25 21:19:23,V-MAX,高速ピストン！？
2022-03-25 21:19:25,missi ryo,ならったかな？
2022-03-25 21:19:28,クマノコ,草
2022-03-25 21:19:29,Yuki,シリンダーかな？
2022-03-25 21:19:30,P J,むしろ思春期らしい
2022-03-25 21:19:30,ミスターゲドウ,バレンタイン企画の時高速ピストンしてたやん
2022-03-25 21:19:30,いーりぃ⚰️,高速ピストンｗ
2022-03-25 21:19:33,あるごん,12歳の高速ピストン！！！
2022-03-25 21:19:34,Blau,いやらしい言葉ではないのよねw
2022-03-25 21:19:34,ああああ,習うけどノラ君が言えばアウト
2022-03-25 21:19:35,V-MAX,これが性教育か・・・
2022-03-25 21:19:37,アライラ,しっこしこだな
2022-03-25 21:19:38,RAM太郎,男子中学生か
2022-03-25 21:19:43,完全剛体リジッド,メス！？
2022-03-25 21:19:44,デイビット・コジマ ⚰️,ピストン運動は草
2022-03-25 21:19:45,カット,パパンパパンパンパンのらちゃん
2022-03-25 21:19:46,ポーヘイ,ノラーラが一番性教育必要やなあ
2022-03-25 21:19:46,ビーダマン,草
2022-03-25 21:19:47,DuxRyK 【デューク】,草
2022-03-25 21:19:49,アル晴れ,メスぅ！？？？？？？
2022-03-25 21:19:51,名無し,:thinking_face:
2022-03-25 21:19:52,keDama,メスシリンダーｗｗｗ
2022-03-25 21:19:52,bbb aaa,雌尻ンダ
2022-03-25 21:19:52,北の元陸士長,確か東欧のどっかの国は性教育しなさ過ぎて10代での妊娠が社会問題だったような
2022-03-25 21:19:52,V-MAX,メス！
2022-03-25 21:19:53,ビーダマン,男児中学生がよ…
2022-03-25 21:19:54,クロxkuroblackx,草
2022-03-25 21:19:54,デイビット・コジマ ⚰️,理科系はおおいよな確かに
2022-03-25 21:19:55,あにまっち_ボカロ曲あるよ,オスシリンダーは無いんか…
2022-03-25 21:19:57,ミスターゲドウ,風評被害過ぎ
2022-03-25 21:19:57,ネット弁慶,草
2022-03-25 21:19:57,平賀源内,ノラくんさぁ………
2022-03-25 21:19:58,シトナイ,「メス」シリンダー！？
2022-03-25 21:19:58,猫太郎。,うーんこのピンク
2022-03-25 21:19:58,冥土,エロエンジンかかってる
2022-03-25 21:19:59,ぷっか,メスシリ…
2022-03-25 21:20:01,よもぎ ⚰️,酷いなぁ
2022-03-25 21:20:02,O.J.I.,オスマン・トルコはどう？
2022-03-25 21:20:03,DuxRyK 【デューク】,中学の時の俺じゃん
2022-03-25 21:20:03,えーじんえーじん,松たか子！
2022-03-25 21:20:04,八意ゆきの,草
2022-03-25 21:20:06,keDama,朝からパンパン
2022-03-25 21:20:07,Blau,男子中学生かよ
2022-03-25 21:20:07,しまとじ,正しい性教育をしなかった結果がこれか…
2022-03-25 21:20:08,ミスターゲドウ,雌尻んだーにピストン
2022-03-25 21:20:09,missi ryo,ちゃうやろw
2022-03-25 21:20:11,アラドヴァル,草
2022-03-25 21:20:13,V-MAX,納得しないでｗ
2022-03-25 21:20:13,アル晴れ,酷すぎるｗｗｗｗｗｗ
2022-03-25 21:20:13,八意ゆきの,ひどすぎるw
2022-03-25 21:20:14,ジャグラー,朝からパンパン…ってこと！？
2022-03-25 21:20:18,ありす,朝はパン、パンパパン
2022-03-25 21:20:21,微糖,思春期がよぉ
2022-03-25 21:20:24,ネット弁慶,酷すぎw
2022-03-25 21:20:25,デイビット・コジマ ⚰️,ほんま中学生なんよな
2022-03-25 21:20:25,アル晴れ,春の「パン」祭り
2022-03-25 21:20:26,シトナイ,草。朝からするなｗ
2022-03-25 21:20:28,まつ,自分から案件を無くしてくスタイル
2022-03-25 21:20:31,ミスターゲドウ,間違った性教育の被害者だ
2022-03-25 21:20:32,デイビット・コジマ ⚰️,ええええええ！？！？！
2022-03-25 21:20:33,V-MAX,どうして！？
2022-03-25 21:20:35,アル晴れ,嫌だよｗｗｗｗ
2022-03-25 21:20:35,†れおんちゃん†,こんなのがいるから性教育した方が良いって証明できちまったなあ！
2022-03-25 21:20:36,無限の剣製,駄目だろ
2022-03-25 21:20:36,クロxkuroblackx,発想が男子中学生なんよｗ
2022-03-25 21:20:38,いーりぃ⚰️,一人暮らしでよかった
2022-03-25 21:20:38,平賀源内,見れるかぁー！！
2022-03-25 21:20:40,クマノコ,見れるわけねぇだろ！
2022-03-25 21:20:42,ネット弁慶,謝罪して
2022-03-25 21:20:42,じぇろ,どんどんなくなるのに残された案件の手札はなにがあるのか
2022-03-25 21:20:43,えーじんえーじん,はーい！！
2022-03-25 21:20:45,ミスターゲドウ,そもそもこのゲームの時点で家族と無理案件
2022-03-25 21:20:46,ポーヘイ,ご家族とみてはいけないでしょう？
2022-03-25 21:20:46,デイビット・コジマ ⚰️,英才教育さてまう
2022-03-25 21:20:47,ラスカル山田,見れるわけないだろw
2022-03-25 21:20:48,P J,実に健全だね☆
2022-03-25 21:20:50,林啓太,はーい！
2022-03-25 21:20:51,よもぎ ⚰️,えぇ…
2022-03-25 21:20:53,ヤマ,はーい
2022-03-25 21:20:54,えーじんえーじん,そんな
2022-03-25 21:20:54,林啓太,おいｗ
2022-03-25 21:20:55,カット,脳内は12歳
2022-03-25 21:20:56,八意ゆきの,コラ、見てはいけません
2022-03-25 21:20:57,Blau,子供にみせられないvtuberとして紹介しとくね…
2022-03-25 21:20:59,RYU,先生に聞いてみよ:woman_teacher:
2022-03-25 21:20:59,とりのそぼろ,パンパンパンパン
2022-03-25 21:21:00,デイビット・コジマ ⚰️,パンパン連呼して草
2022-03-25 21:21:03,おじじさん,今お母さんと見てます
2022-03-25 21:21:03,せるりあん,すぐパンパンする
2022-03-25 21:21:08,完全剛体リジッド,無知シチュ良いぞ！
2022-03-25 21:21:09,えーじんえーじん,そんな、子供いやや笑
2022-03-25 21:21:13,あき,逝った
2022-03-25 21:21:13,微糖,この子がおかしいだけだよ
2022-03-25 21:21:17,Anfia,そんなことないよーこの子がおかしいんだ
2022-03-25 21:21:18,Yuki,俺（30歳）「ママ、教えて～」
2022-03-25 21:21:19,foxですよ,ふう
2022-03-25 21:21:22,どぅー / Do. 3DCG - ch,あっ
2022-03-25 21:21:25,keDama,想像させんなｗｗｗ
2022-03-25 21:21:25,林啓太,パンパン？！
2022-03-25 21:21:26,DuxRyK 【デューク】,おわったわw
2022-03-25 21:21:26,ポーヘイ,言い方ァ！
2022-03-25 21:21:27,ミスターゲドウ,ゲーム画面の尻の時点で家族と見れない定期
2022-03-25 21:21:27,V-MAX,パンパン！
2022-03-25 21:21:27,猫太郎。,それはそう
2022-03-25 21:21:32,冥土,メスシリンダーがエロいって苦情くるぞ
2022-03-25 21:21:33,まつ,コウノトリだよ
2022-03-25 21:21:36,平賀源内,家族ヒエヒエになるわ
2022-03-25 21:21:37,YMS,PANPAN
2022-03-25 21:21:41,RAM太郎,はどめ規定（）
2022-03-25 21:21:45,よもぎ ⚰️,パンパン×4
2022-03-25 21:21:48,Blau,心拍数止まってる？
2022-03-25 21:21:51,じぇろ,ちがうもん！川から流れてきたって言われたもん！
2022-03-25 21:21:53,アル晴れ,こっわｗ
2022-03-25 21:21:53,ミスターゲドウ,アタイ、キャベツ畑生まれやし
2022-03-25 21:21:56,ありす,はめどり規定？
2022-03-25 21:21:58,ジャグラー,避妊具コラボ待ってる
2022-03-25 21:22:02,ハンニバル,あんなに仲悪い両親がパンパンしてたなんて信じられねぇわ
2022-03-25 21:22:07,デイビット・コジマ ⚰️,ぐちょぐちょぐちょ
2022-03-25 21:22:08,完全剛体リジッド,父と母がいたすって思春期が嫌悪する内容だね
2022-03-25 21:22:10,Michael Sicorski,パンパンするのも練習いるからな
2022-03-25 21:22:12,V-MAX,なんだっけコウノトリが運んでくるんだっけ
2022-03-25 21:22:15,アル晴れ,はどめ爆発してるな
2022-03-25 21:22:16,クリアマインド,ペコーらの配信みなくていいの？
2022-03-25 21:22:16,ポーヘイ,逆算して自分がどこで受精したのか予想してみってことよ
2022-03-25 21:22:17,Yuki,橋の下で拾われたって言われてた
2022-03-25 21:22:18,デイビット・コジマ ⚰️,こんのらー
2022-03-25 21:22:20,keDama,コウノトリじゃなくハメドリから生まれたんだよ
2022-03-25 21:22:22,Jhon Smith,最近は去勢した雄も雌って扱いらしい。宮迫の店じゃそうらしい
2022-03-25 21:22:25,O.J.I.,メスシリンダーのメスはドイツ語で測定って意味ですってよ
2022-03-25 21:22:28,foxですよ,それは石だよ
2022-03-25 21:22:28,クロxkuroblackx,コウノトリさんは嘘なんですか！？
2022-03-25 21:22:39,デイビット・コジマ ⚰️,デデン！
2022-03-25 21:22:55,アル晴れ,ここで暮らすしかない
2022-03-25 21:22:58,宗方先生,マップ見なさいw
2022-03-25 21:22:59,V-MAX,コウノトリは嘘だったのか・・
2022-03-25 21:23:03,ありあるりえーる,性教育と一緒に性犯罪に関する法律も教えるべきだよね
2022-03-25 21:23:04,Yuki,あっちだよ！
2022-03-25 21:23:12,アラドヴァル,キャベツ畑から生まれないのか...
2022-03-25 21:23:14,missi ryo,ドドド！
2022-03-25 21:23:16,DuxRyK 【デューク】,ここで2人で住むしかない
2022-03-25 21:23:18,YMS,どどど童貞ちゃうわ
2022-03-25 21:23:29,デイビット・コジマ ⚰️,だれもいませんよ
2022-03-25 21:23:30,foxですよ,おかえり
2022-03-25 21:23:42,完全剛体リジッド,ノラ君…記憶が…
2022-03-25 21:23:49,デイビット・コジマ ⚰️,ここで性教育の実戦だ！
2022-03-25 21:23:50,keDama,男女のもつれは性教育の問題なのかが疑問に思うが
2022-03-25 21:23:57,V-MAX,ふるえすぎｗ
2022-03-25 21:23:57,宗方先生,戻って来た道をw
2022-03-25 21:23:58,Michael Sicorski,振動中
2022-03-25 21:24:00,よもぎ ⚰️,なんか時々配信落ちるな
2022-03-25 21:24:00,微糖,プルプル
2022-03-25 21:24:00,えーじんえーじん,バグってる笑
2022-03-25 21:24:01,ジャグラー,くそ痙攣してて草
2022-03-25 21:24:01,DuxRyK 【デューク】,びくびくしてるw
2022-03-25 21:24:01,ぷっか,ぷるぷるしてる
2022-03-25 21:24:03,アル晴れ,狭い場所で二人っきりだね……
2022-03-25 21:24:15,デイビット・コジマ ⚰️,やあ！
2022-03-25 21:24:21,V-MAX,ようつべ調子悪いねー
2022-03-25 21:24:24,あき,バイブレーション？
2022-03-25 21:24:26,foxですよ,その人形調べるんじゃないの？
2022-03-25 21:24:28,デイビット・コジマ ⚰️,あけたら閉める
2022-03-25 21:24:30,さあ,マップないの？
2022-03-25 21:24:30,missi ryo,開けたら閉める！
2022-03-25 21:24:35,ありあるりえーる,　幽霊が閉めてるから
2022-03-25 21:24:36,完全剛体リジッド,開けたら閉めないと
2022-03-25 21:24:44,微糖,地図あるわよ
2022-03-25 21:24:44,Yuki,閉まっちゃうおじさんのせい
2022-03-25 21:24:47,ああああ,窓突き破ろうぜ
2022-03-25 21:24:54,ネット弁慶,あとぜき
2022-03-25 21:25:00,アル晴れ,衝撃の事実
2022-03-25 21:25:08,YMS,暖房代がかかるでしょう
2022-03-25 21:25:08,デイビット・コジマ ⚰️,あけたら閉める偉い
2022-03-25 21:25:11,あおば,その扉の前で音してたよ
2022-03-25 21:25:18,あにまっち_ボカロ曲あるよ,しめーら
2022-03-25 21:25:18,宗方先生,いいんだよそっちでw水の地下に戻って⊂(^(工)^)⊃
2022-03-25 21:25:25,よもぎ ⚰️,閉まっちゃおうねぇ
2022-03-25 21:25:25,DuxRyK 【デューク】,閉めれてえらい
2022-03-25 21:25:27,微糖,マジレスすると地下通って戻っていいと思う
2022-03-25 21:25:27,bbb aaa,性教育したらそれを機にしたイジメが出るんだろーなー
2022-03-25 21:25:34,デイビット・コジマ ⚰️,やあ！
2022-03-25 21:25:41,foxですよ,奥には進んでるね
2022-03-25 21:25:49,デイビット・コジマ ⚰️,なかなかでれんね
2022-03-25 21:26:01,さあ,人形が塞いでるのでは？
2022-03-25 21:26:10,foxですよ,何かギミックをかなすのかな？
2022-03-25 21:26:14,デイビット・コジマ ⚰️,ぐへへへへ
2022-03-25 21:26:17,Blau,てかLINEやってる？
2022-03-25 21:26:17,Michael Sicorski,レリーフをあれしたりするんやろたぶん
2022-03-25 21:26:20,よもぎ ⚰️,あるかもなぁ
2022-03-25 21:26:21,微糖,てかラインやってる？
2022-03-25 21:26:21,デイビット・コジマ ⚰️,うんうん
2022-03-25 21:26:25,keDama,溜飲？
2022-03-25 21:26:26,じぇろ,最近はるかちゃんにフラれたから心に来る
2022-03-25 21:26:28,のりお,足跡がヌチャヌチャしとるな
2022-03-25 21:26:28,デイビット・コジマ ⚰️,？？？？？
2022-03-25 21:26:28,ありあるりえーる,法律も一緒に教えて、少年でも捕まると錯覚させればいけるかも
2022-03-25 21:26:35,ネット弁慶,また急に戻るw
2022-03-25 21:26:39,デイビット・コジマ ⚰️,意味がわからないよ！！
2022-03-25 21:26:40,keDama,地域ってどこよ
2022-03-25 21:26:41,箱推し,おはのら
2022-03-25 21:26:42,foxですよ,めんどくさいな～
2022-03-25 21:26:43,V-MAX,発達は個人で違うのになあ
2022-03-25 21:26:44,Blau,絶対無理じゃん
2022-03-25 21:26:46,そら,保護者の理解とか絶対無理だわww
2022-03-25 21:26:46,土田たかひろ,こんのらー
2022-03-25 21:26:50,ありす,個別指導！？
2022-03-25 21:26:53,デイビット・コジマ ⚰️,子供はせっせ出来るのに
2022-03-25 21:26:57,いつか,いっその事、問答無用でいいよ
2022-03-25 21:26:58,あにまっち_ボカロ曲あるよ,モンペ「ｷﾞｬｵｫｫｫﾝ」
2022-03-25 21:27:01,よもぎ ⚰️,決まり多いな
2022-03-25 21:27:02,デイビット・コジマ ⚰️,意味がわからんな
2022-03-25 21:27:05,foxですよ,でも地域はこわいしな
2022-03-25 21:27:08,まんじゅう暗黒入り,本当難しいよ
2022-03-25 21:27:09,くりのす,保護者の世代が詳しく教育されてないだろうし...
2022-03-25 21:27:11,アイランド,3番目無理ゲーじゃん
2022-03-25 21:27:12,ヤマ,？？
2022-03-25 21:27:12,V-MAX,個別指導！
2022-03-25 21:27:13,keDama,ｗｗｗｗｗ
2022-03-25 21:27:14,デイビット・コジマ ⚰️,コミックＬＯ
2022-03-25 21:27:14,微糖,ぐへへ
2022-03-25 21:27:17,Yuki,夜の保健体育だー
2022-03-25 21:27:19,クロxkuroblackx,ｴﾁﾁﾁ
2022-03-25 21:27:21,クマノコ,ヤバい先生もおるからなぁ
2022-03-25 21:27:24,foxですよ,やめろｗ
2022-03-25 21:27:25,V-MAX,ｗｗｗｗ
2022-03-25 21:27:26,あるごん,エッチな本やアニメじゃん
2022-03-25 21:27:27,ありす,最低
2022-03-25 21:27:28,べっかんP,え？
2022-03-25 21:27:30,アライラ,セクハラで草
2022-03-25 21:27:31,デイビット・コジマ ⚰️,３Ｄになってるよな
2022-03-25 21:27:32,アラドヴァル,導入部分かな
2022-03-25 21:27:33,はしびろ,草
2022-03-25 21:27:33,ありあるりえーる,頭が光ってるよ
2022-03-25 21:27:35,冥土,草
2022-03-25 21:27:35,アイランド,！？:police_officer:
2022-03-25 21:27:36,デイビット・コジマ ⚰️,おおおお
2022-03-25 21:27:36,八意ゆきの,ひでえ茶番だwww
2022-03-25 21:27:36,箱推し,通報した
2022-03-25 21:27:36,RYU,薄い本
2022-03-25 21:27:36,あおば,扉とかを写すんじゃないの
2022-03-25 21:27:37,くりのす,薄い本でやってたやつだ！
2022-03-25 21:27:37,平賀源内,股間奥義！
2022-03-25 21:27:38,keDama,エロアニメみたいだぞｗｗｗ
2022-03-25 21:27:38,あにまっち_ボカロ曲あるよ,ﾎﾞﾛﾇｽ
2022-03-25 21:27:38,デイビット・コジマ ⚰️,いいいね
2022-03-25 21:27:38,シトナイ,草
2022-03-25 21:27:39,じぇろ,先生のやることが多すぎる　外部に委託すればお気持ちされないと思う
2022-03-25 21:27:40,せるりあん,前しっぽ……
2022-03-25 21:27:41,Michael Sicorski,はじまったぞ
2022-03-25 21:27:42,ヤマ,おおおおお
2022-03-25 21:27:44,O.J.I.,おいwww
2022-03-25 21:27:45,DuxRyK 【デューク】,セクハラはやめてください！
2022-03-25 21:27:45,デイビット・コジマ ⚰️,たまらねえぇ
2022-03-25 21:27:46,ジャグラー,唐突に1人エニメ始まって草
2022-03-25 21:27:46,Azu -あず-,通報しておきますね
2022-03-25 21:27:48,ポーヘイ,エロアニメはじまった
2022-03-25 21:27:49,Yuki,股間奥義はじまった
2022-03-25 21:27:52,デイビット・コジマ ⚰️,ノラ君いいよ
2022-03-25 21:27:53,moon bomber,※性教育コンテンツです
2022-03-25 21:27:54,O.J.I.,前尻尾懐かしいｗ
2022-03-25 21:27:56,ささ,なんかはじまった
2022-03-25 21:27:57,クロヘビ局長,懲戒免職
2022-03-25 21:27:58,V-MAX,お・・ち・・
2022-03-25 21:27:58,keDama,おいｗｗｗ
2022-03-25 21:28:01,じぇろ,これが股間奥義か
2022-03-25 21:28:01,ありす,おち？
2022-03-25 21:28:02,けそ（けそ）,あ、エロ漫画で見たところだ！
2022-03-25 21:28:05,missi ryo,ひでぇ話やw
2022-03-25 21:28:06,紅蝶伽,これは経験者
2022-03-25 21:28:07,デイビット・コジマ ⚰️,のおおおおおお
2022-03-25 21:28:08,あにまっち_ボカロ曲あるよ,OTINTIN
2022-03-25 21:28:09,さあ,ノラ薄い本？
2022-03-25 21:28:10,アイランド,続けたまえ
2022-03-25 21:28:10,かじの,画面との温度差に笑う
2022-03-25 21:28:11,冥土,股間奥義発動してるぞ
2022-03-25 21:28:11,宗方先生,いつまでも進まないぞw
2022-03-25 21:28:11,いつか,おちが・・・
2022-03-25 21:28:12,しまとじ,tntnがない！？
2022-03-25 21:28:12,foxですよ,いいとこで終わるな！！！！！
2022-03-25 21:28:17,微糖,地下通って戻る
2022-03-25 21:28:18,ありす,なんかグチョグチョ言ってるし
2022-03-25 21:28:19,デイビット・コジマ ⚰️,股間奥義先生ぇええええ
2022-03-25 21:28:20,kinoko ruke,前シッポ草
2022-03-25 21:28:22,おじじさん,何言ってんの……
2022-03-25 21:28:24,keDama,広告止められたら同情しないからなｗｗｗ
2022-03-25 21:28:29,Yuki,指示厨の出番ですよ！
2022-03-25 21:28:29,V-MAX,いいところで終わるの草ｗ
2022-03-25 21:28:30,宗方先生,水の地下に戻りなさい
2022-03-25 21:28:30,デイビット・コジマ ⚰️,いいとこだったんよおおおお
2022-03-25 21:28:36,ポーヘイ,ノラくんスケベやなあ…
2022-03-25 21:28:44,はぐぅ,やったことないからわからないなぁ
2022-03-25 21:28:53,平賀源内,奥に行こうぜぇ！
2022-03-25 21:28:55,RAM太郎,シンジ君、BANされなさい
2022-03-25 21:28:55,八意ゆきの,続きはどこですか？
2022-03-25 21:29:06,あるごん,ノラ君だと躊躇い無く言っちゃうな
2022-03-25 21:29:07,ポーヘイ,びしょびしょ！？
2022-03-25 21:29:09,デイビット・コジマ ⚰️,びちょびちょ
2022-03-25 21:29:14,foxですよ,その中に何かないの？
2022-03-25 21:29:16,IEEE,人形部屋よく見てくれ
2022-03-25 21:29:18,八意ゆきの,それは別の人w
2022-03-25 21:29:18,ポーヘイ,さくらと混じってるやろ
2022-03-25 21:29:18,つなさん,にてたー
2022-03-25 21:29:19,箱推し,混ざってて草
2022-03-25 21:29:20,デイビット・コジマ ⚰️,ミサトさん！？！？！？
2022-03-25 21:29:21,V-MAX,色々まざってるｗ
2022-03-25 21:29:22,Alex,草
2022-03-25 21:29:23,宗方先生,水の地下しか出口はないってw
2022-03-25 21:29:27,平賀源内,方向ガバガバで草！
2022-03-25 21:29:27,おじじさん,草
2022-03-25 21:29:28,ありあるりえーる,閉めちゃダメだ閉めちゃダメだ閉めちゃダメだ！
2022-03-25 21:29:29,みず / mizu,閉めなさいシンジくん！
2022-03-25 21:29:30,微糖,さくらちゃん！？
2022-03-25 21:29:31,とりのそぼろ,誰だ
2022-03-25 21:29:32,つなさん,初見です　えっちですね
2022-03-25 21:29:38,keDama,シン・エヴァまだ見てないや
2022-03-25 21:29:40,完全剛体リジッド,開けて閉めたら入れない！
2022-03-25 21:29:42,アル晴れ,方向うんち
2022-03-25 21:29:43,Yuki,閉めちゃだめだは草
2022-03-25 21:29:45,アライラ,ノラ君方向音痴だったりする？
2022-03-25 21:29:49,takkuson,一人二役
2022-03-25 21:29:50,missi ryo,歩きづらそう
2022-03-25 21:29:50,アル晴れ,え？？？？
2022-03-25 21:29:52,クロxkuroblackx,草
2022-03-25 21:29:53,O.J.I.,？？？
2022-03-25 21:29:54,箱推し,最低だ俺って
2022-03-25 21:29:55,ジャグラー,締まってんにぇ
2022-03-25 21:29:56,平賀源内,自動ドアやろなぁ
2022-03-25 21:30:00,ありす,付けちゃダメだ、付けちゃダメだ
2022-03-25 21:30:03,foxですよ,開けたら閉める礼儀ですね
2022-03-25 21:30:03,紅蝶伽,ノラは緩い
2022-03-25 21:30:04,ヤマ,ｗ
2022-03-25 21:30:05,ポーヘイ,シンじゃなくてQの台詞やで
2022-03-25 21:30:06,スタンプル,締まりのいい襖
2022-03-25 21:30:10,よもぎ ⚰️,えっちなシンジくん
2022-03-25 21:30:13,Azu -あず-,ミサトおばさんには興味ないと
2022-03-25 21:30:13,DuxRyK 【デューク】,来てるね
2022-03-25 21:30:17,デイビット・コジマ ⚰️,シンジくん、本能に従うんだ！
2022-03-25 21:30:23,Blau,ビンタされそう
2022-03-25 21:30:26,ヤマ,致命傷入れるなｗ
2022-03-25 21:30:30,スプレム,頭ピンクすぎる
2022-03-25 21:30:37,宗方先生,急にシンジになるなよww
2022-03-25 21:30:38,くりのす,ミサトおばさん...
2022-03-25 21:30:41,ポーヘイ,拗ねた台詞全部シンジ君になるやんけ
2022-03-25 21:30:43,アル晴れ,執拗にミサトさんを攻撃するシンジくん
2022-03-25 21:30:48,微糖,逆側の扉よ
2022-03-25 21:30:49,おじじさん,シンジくん出てますよ
2022-03-25 21:30:55,ミスターゲドウ,アラサー女子に厳しいシンジくんだ
2022-03-25 21:30:57,林啓太,tasukaru 
2022-03-25 21:31:01,デイビット・コジマ ⚰️,変態！？
2022-03-25 21:31:02,林啓太,ド変態助かる
2022-03-25 21:31:10,ただの水口です,シンジくんが厄介オタクに‥
2022-03-25 21:31:17,あにまっち_ボカロ曲あるよ,日本人形大杉
2022-03-25 21:31:17,デイビット・コジマ ⚰️,女子に厳しいシンジくん
2022-03-25 21:31:19,Yuki,つよい
2022-03-25 21:31:23,ありあるりえーる,幽霊をセンターに入れてスイッチ、幽霊をセンターに入れてスイッチ‥
2022-03-25 21:31:40,とりのそぼろ,草
2022-03-25 21:31:41,ポーヘイ,痴女がよお
2022-03-25 21:31:41,アル晴れ,草
2022-03-25 21:31:42,しまとじ,草
2022-03-25 21:31:43,じゃみ,草
2022-03-25 21:31:43,完全剛体リジッド,近いｗ
2022-03-25 21:31:43,箱推し,草
2022-03-25 21:31:44,Alex,草
2022-03-25 21:31:44,クロxkuroblackx,ｗｗｗ
2022-03-25 21:31:44,くりのす,草
2022-03-25 21:31:46,DuxRyK 【デューク】,草
2022-03-25 21:31:46,アライラ,草
2022-03-25 21:31:47,ありす,草
2022-03-25 21:31:48,O.J.I.,草
2022-03-25 21:31:48,原サイクロン,びびった
2022-03-25 21:31:48,舌禍潰滅,びっくりしたｗ
2022-03-25 21:31:48,ネット弁慶,草
2022-03-25 21:31:51,宗方先生,ビビりすぎだw
2022-03-25 21:31:52,Yuki,心拍数変わっとらん？
2022-03-25 21:31:52,平賀源内,草
2022-03-25 21:31:57,ya. taろう,草
2022-03-25 21:31:57,ありあるりえーる,www
2022-03-25 21:31:59,Blau,同行者いるときあるある
2022-03-25 21:31:59,冥土,草
2022-03-25 21:31:59,ただの水口です,草
2022-03-25 21:32:00,V-MAX,草
2022-03-25 21:32:08,アル晴れ,ゴマ
2022-03-25 21:32:10,ポーヘイ,心拍数全く動いてないやん
2022-03-25 21:32:12,アル晴れ,ん？？？
2022-03-25 21:32:13,YMS,ゆれゆれ
2022-03-25 21:32:14,ya. taろう,ブルンブルン
2022-03-25 21:32:15,けそ（けそ）,草
2022-03-25 21:32:15,ありす,早漏がよお
2022-03-25 21:32:16,V-MAX,心拍数のメーター調子悪いみたい
2022-03-25 21:32:16,宗方先生,次右に行って⊂(^(工)^)⊃
2022-03-25 21:32:18,レンたろう,草
2022-03-25 21:32:21,ポーヘイ,は？
2022-03-25 21:32:22,ミスターゲドウ,はやいのかー
2022-03-25 21:32:25,あにまっち_ボカロ曲あるよ,何が？
2022-03-25 21:32:25,よもぎ ⚰️,草
2022-03-25 21:32:26,ネット弁慶,草
2022-03-25 21:32:26,ヤマ,自分勝手は嫌われるよ
2022-03-25 21:32:26,くりのす,もっと我慢して
2022-03-25 21:32:29,あるごん,早漏か
2022-03-25 21:32:29,V-MAX,えろい！
2022-03-25 21:32:32,おじじさん,何が？
2022-03-25 21:32:34,レンたろう,早漏のらーら
2022-03-25 21:32:34,Yuki,インテル「デルッ！」
2022-03-25 21:32:35,クマノコ,うわぁ…
2022-03-25 21:32:36,宗方先生,そっちじゃない:double_exclamation_mark:
2022-03-25 21:32:37,takkuson,なにだしてるんですかねえ・・・
2022-03-25 21:32:38,アル晴れ,早シンジくん
2022-03-25 21:32:42,はしびろ,早漏シンジくん
2022-03-25 21:32:42,櫻雪,エロゲー？
2022-03-25 21:32:45,DuxRyK 【デューク】,はっやw
2022-03-25 21:32:46,ポーヘイ,早漏なんだね…
2022-03-25 21:32:49,デイビット・コジマ ⚰️,ええ！そうろうてきな
2022-03-25 21:32:49,missi ryo,でちゃったもんは仕方ないね
2022-03-25 21:32:52,そら,ざぁこざぁこ
2022-03-25 21:32:52,じぇろ,同時に出る演技も大事
2022-03-25 21:32:55,八意ゆきの,草
2022-03-25 21:32:56,ネット弁慶,早漏w
2022-03-25 21:32:58,あにまっち_ボカロ曲あるよ,作者HENTAIなのかな？
2022-03-25 21:33:00,ポーヘイ,言うと思ったよ
2022-03-25 21:33:00,ありあるりえーる,叡智だね
2022-03-25 21:33:01,アル晴れ,えっちだね
2022-03-25 21:33:04,ただの水口です,うつくしい‥
2022-03-25 21:33:05,foxですよ,流石に乾くだろ！
2022-03-25 21:33:10,完全剛体リジッド,水も滴る良い女ァ！
2022-03-25 21:33:10,せるりあん,冷えるから脱いだほうがいい
2022-03-25 21:33:14,ミスターゲドウ,ノラーラ頑張って耐えられるようになろうな
2022-03-25 21:33:14,よもぎ ⚰️,濡れてんねぇ
2022-03-25 21:33:15,宗方先生,合ってない:double_exclamation_mark:戻って:red_exclamation_mark:
2022-03-25 21:33:18,ya. taろう,ノラーラもこれだけあったら良かったのにね
2022-03-25 21:33:24,おじじさん,凄いスタイルがよろし
2022-03-25 21:33:35,takkuson,crycrycry
2022-03-25 21:33:37,レンたろう,ディルドが並んでいるように見えてきたわ
2022-03-25 21:33:41,微糖,あんまり指示したくないけどそっちじゃない
2022-03-25 21:33:50,ポーヘイ,このゲームいやらしいゲームって紹介されてたよ…ホラーじゃなくて
2022-03-25 21:33:57,八意ゆきの,胸あったら性別不詳名乗れないだろ
2022-03-25 21:34:00,櫻雪,えっちっちですなぁ
2022-03-25 21:34:23,八意ゆきの,ホラーはおまけだった？
2022-03-25 21:34:31,bbb aaa,どーみてもホラゲじゃないでしょｗ
2022-03-25 21:34:32,宗方先生,ゲーム内で迷うってあるのかよw
2022-03-25 21:34:34,ミスターゲドウ,エロが無いホラーは辛いからな
2022-03-25 21:34:45,ヌマハチ,海外のホラー映画謎にセッ○スシーンあるよな
2022-03-25 21:34:47,ありあるりえーる,わあああ
2022-03-25 21:34:49,V-MAX,忘れた頃に手！
2022-03-25 21:34:49,とりのそぼろ,ヤーーーーー
2022-03-25 21:34:51,keDama,リングの監督もポルノ映画出身だし
2022-03-25 21:34:53,ただの水口です,厄介握手
2022-03-25 21:34:55,アラドヴァル,ヤー
2022-03-25 21:34:55,アル晴れ,"う""わ""ーーｗｗｗ"
2022-03-25 21:34:55,ポーヘイ,足音もえっちっちじゃね？
2022-03-25 21:35:01,北の元陸士長,ノラアアアアアアアア
2022-03-25 21:35:02,えのころ草,下着入ってるかと思った
2022-03-25 21:35:03,missi ryo,パワー！
2022-03-25 21:35:03,ネット弁慶,いつもの手
2022-03-25 21:35:03,アル晴れ,ﾔｰｰｰｰ
2022-03-25 21:35:07,ya. taろう,うひょひょーえっちだねぇ
2022-03-25 21:35:12,Yuki,握手会だったのか
2022-03-25 21:35:13,微糖,零は結構迷いやすいよね
2022-03-25 21:35:14,keDama,さあの？
2022-03-25 21:35:15,V-MAX,ヤーーーーーーーー！
2022-03-25 21:35:16,櫻雪,エロだけのホラゲー欲しい
2022-03-25 21:35:27,keDama,デルタデルタ
2022-03-25 21:35:31,宗方先生,違う:red_exclamation_mark:
2022-03-25 21:35:32,デイビット・コジマ ⚰️,昔の映画は基本エロいのおおいからねホラー
2022-03-25 21:35:48,あき,出ちゃった？
2022-03-25 21:35:52,デイビット・コジマ ⚰️,やった出れたぞ！
2022-03-25 21:35:54,微糖,違うけど面白いからいいか
2022-03-25 21:35:58,八意ゆきの,それロリショタと戯れたところじゃ
2022-03-25 21:36:12,foxですよ,おかえり
2022-03-25 21:36:12,完全剛体リジッド,反対側なのかな
2022-03-25 21:36:18,とりのそぼろ,零迷いがちよな
2022-03-25 21:36:21,しまとじ,ぐるっと回った
2022-03-25 21:36:21,ya. taろう,えろいので視線を集めたところで驚かすってことか...
2022-03-25 21:36:36,Yuki,零迷いがちだよね
2022-03-25 21:36:39,寝る寝る寝るね,迷子のらーら
2022-03-25 21:36:46,あにまっち_ボカロ曲あるよ,ずっと同じ景色が続くからややこしいな
2022-03-25 21:36:50,missi ryo,むずかしそう
2022-03-25 21:36:53,V-MAX,焦らず頑張って！
2022-03-25 21:36:53,foxですよ,意味深な人形ありますね～
2022-03-25 21:36:58,宗方先生,もう一回神社に入って:red_exclamation_mark:
2022-03-25 21:36:58,そら,方向音痴のらーら
2022-03-25 21:37:03,Blau,似た感じのとこ多いし広いからな
2022-03-25 21:37:05,微糖,そうそっちw
2022-03-25 21:37:06,クロxkuroblackx,真逆で草
2022-03-25 21:37:11,あるごん,足露出してるからキツそう
2022-03-25 21:37:27,ネット弁慶,真逆ww
2022-03-25 21:37:27,微糖,右かな
2022-03-25 21:37:33,宗方先生,次右に
2022-03-25 21:37:37,missi ryo,確かに
2022-03-25 21:37:42,よもぎ ⚰️,難しそう
2022-03-25 21:37:46,せるりあん,順路書いておいてほしいですねぇ
2022-03-25 21:37:46,完全剛体リジッド,マップがあったら怖さ減りそう
2022-03-25 21:37:50,DuxRyK 【デューク】,地下？？
2022-03-25 21:38:03,V-MAX,見守っておりますぞー
2022-03-25 21:38:15,Blau,地下は経由したはず
2022-03-25 21:38:16,宗方先生,グルグル回ってるww
2022-03-25 21:38:26,ポーヘイ,迷子の迷子の従井くん
2022-03-25 21:38:27,微糖,まあ前回から間が空いてるからね仕方ないねw
2022-03-25 21:38:29,foxですよ,あゆみちゃんも知らんでしょｗ
2022-03-25 21:38:45,DuxRyK 【デューク】,迷子ノラ〜
2022-03-25 21:38:46,完全剛体リジッド,まさに堂々巡り
2022-03-25 21:38:49,クマノコ,地下でいいんじゃない？
2022-03-25 21:39:11,foxですよ,外で↑じゃないの？
2022-03-25 21:39:13,eva,おはようノラ:milky_way:
2022-03-25 21:39:16,微糖,かしこい
2022-03-25 21:39:20,ありす,アホそう
2022-03-25 21:39:21,デイビット・コジマ ⚰️,ほんと道迷うね
2022-03-25 21:39:22,宗方先生,本当に分かったの？
2022-03-25 21:39:22,八意ゆきの,かしこーい
2022-03-25 21:39:28,クロヘビ局長,平め板
2022-03-25 21:39:30,あるごん,てんさい
2022-03-25 21:39:40,デイビット・コジマ ⚰️,かわいい！
2022-03-25 21:39:54,DuxRyK 【デューク】,てんしゃい！
2022-03-25 21:39:56,ただの水口です,すげー
2022-03-25 21:39:57,よもぎ ⚰️,かわいい
2022-03-25 21:39:57,IEEE,ノラ頭良さそうだけど地図読めない人ってこういう感じなのか
2022-03-25 21:40:04,foxですよ,天才か
2022-03-25 21:40:08,YMS,さては天才か
2022-03-25 21:40:13,天城 越えられないれいちゅん,本日ののらーら代です
2022-03-25 21:40:14,せるりあん,完全に理解した
2022-03-25 21:40:15,Yuki,やはり天才か・・・
2022-03-25 21:40:20,デイビット・コジマ ⚰️,ウイいい！
2022-03-25 21:40:24,アル晴れ,天才か？
2022-03-25 21:40:26,微糖,マップ読めるとか天才か？
2022-03-25 21:40:27,デイビット・コジマ ⚰️,天才ノラ君！
2022-03-25 21:40:46,寝る寝る寝るね,さすのら
2022-03-25 21:40:52,ありす,地図読めるんだすごい
2022-03-25 21:40:55,DuxRyK 【デューク】,さすのら
2022-03-25 21:41:08,八意ゆきの,すごーい
2022-03-25 21:41:10,takkuson,ノルーナやめて
2022-03-25 21:41:13,デイビット・コジマ ⚰️,一体どこから脱出するんだ
2022-03-25 21:41:13,むうん,んなっしょい
2022-03-25 21:41:14,YMS,さすがノラ様
2022-03-25 21:41:15,えーじんえーじん,看板から消されるぞ！
2022-03-25 21:41:18,ポーヘイ,genius
2022-03-25 21:41:19,Yuki,んなー
2022-03-25 21:41:25,デイビット・コジマ ⚰️,かわいいのう
2022-03-25 21:41:27,冥土,そうだね
2022-03-25 21:41:32,レンたろう,ノルーナは草
2022-03-25 21:41:33,寝る寝る寝るね,従森ノーラってこと？
2022-03-25 21:41:36,ネット弁慶,そういうこと
2022-03-25 21:41:37,くりのす,て、天才だなー
2022-03-25 21:41:41,微糖,めっちゃ逆走してて面白かった
2022-03-25 21:41:42,鯰人「なまんちゅ」,こんのらー
2022-03-25 21:41:58,foxですよ,おいｗ
2022-03-25 21:41:59,V-MAX,！？
2022-03-25 21:42:01,デイビット・コジマ ⚰️,ウイ！
2022-03-25 21:42:02,おじじさん,おいwww
2022-03-25 21:42:02,eva,Hすんなｗ
2022-03-25 21:42:02,アラドヴァル,最低w
2022-03-25 21:42:06,kinoko ruke,すぐエッチする
2022-03-25 21:42:06,foxですよ,ヘラってるね
2022-03-25 21:42:06,デイビット・コジマ ⚰️,おおおお！！！
2022-03-25 21:42:08,宗方先生,やっと出たw
2022-03-25 21:42:08,よもぎ ⚰️,脈絡なくw
2022-03-25 21:42:09,レンたろう,メンヘラがよお
2022-03-25 21:42:10,ありす,どしたん、話聞こか？
2022-03-25 21:42:11,べっかんP,せめて段階を踏んで
2022-03-25 21:42:11,ポーヘイ,こいつすぐHするな
2022-03-25 21:42:12,デイビット・コジマ ⚰️,まじかやろうぜ
2022-03-25 21:42:13,せるりあん,慰めHか
2022-03-25 21:42:14,ネット弁慶,おいw
2022-03-25 21:42:14,ヤマ,どしたん？話聞こうか
2022-03-25 21:42:15,アル晴れ,どしたん？話聞こか？（エッチする？）
2022-03-25 21:42:17,レンたろう,NGOかな？
2022-03-25 21:42:23,デイビット・コジマ ⚰️,慰めなきゃノラ君！
2022-03-25 21:42:24,ネット弁慶,話聞こか
2022-03-25 21:42:36,くりのす,エッチを精神安定剤だと思ってそう
2022-03-25 21:42:37,八意ゆきの,草
2022-03-25 21:42:38,DuxRyK 【デューク】,まーたどっかにいった
2022-03-25 21:42:39,いつか,元気ｗ
2022-03-25 21:42:41,kinoko ruke,メンヘラムーブｗ
2022-03-25 21:42:42,クマノコ,走ったw
2022-03-25 21:42:42,ラスカル山田,急に元気に走っていったｗ
2022-03-25 21:42:43,クロxkuroblackx,急に元気にｗ
2022-03-25 21:42:44,Alex,草
2022-03-25 21:42:44,レンたろう,急に元気いっぱいになるじゃん
2022-03-25 21:42:45,しまとじ,急に元気じゃん
2022-03-25 21:42:46,ありす,草
2022-03-25 21:42:46,ヌマハチ,走るときだけはえぇ
2022-03-25 21:42:47,YMS,おれは逃げるぞーーー！！！
2022-03-25 21:42:47,けそ（けそ）,草
2022-03-25 21:42:48,完全剛体リジッド,急に駆けだしたら危ないよ！
2022-03-25 21:42:48,V-MAX,陸相部ｗ
2022-03-25 21:42:50,寝る寝る寝るね,陸上部w
2022-03-25 21:42:50,デイビット・コジマ ⚰️,走るなぁおい！
2022-03-25 21:42:50,ポーヘイ,陸上部かあ！？
2022-03-25 21:42:51,アライラ,早くて草
2022-03-25 21:42:55,ただの水口です,草
2022-03-25 21:42:59,ネット弁慶,ww
2022-03-25 21:43:00,宗方先生,敵だよ～(*´∇｀*)
2022-03-25 21:43:02,foxですよ,Ｂ
2022-03-25 21:43:05,デイビット・コジマ ⚰️,ノラ君手をつないでなきゃ！
2022-03-25 21:43:08,そら,メンヘラ勝手に行動するなって
2022-03-25 21:43:12,ただの水口です,落ちたな
2022-03-25 21:43:15,O.J.I.,あっ
2022-03-25 21:43:16,YMS,逃亡は死亡フラグ
2022-03-25 21:43:23,アル晴れ,草
2022-03-25 21:43:34,デイビット・コジマ ⚰️,なんやこの巫女さん！
2022-03-25 21:43:37,宗方先生,春河は本当に死にます
2022-03-25 21:43:42,アル晴れ,地縛霊か
2022-03-25 21:44:03,宗方先生,巫女さんではないですm(__)m
2022-03-25 21:44:09,V-MAX,ちかｗ
2022-03-25 21:44:12,いつか,かなしいたけ
2022-03-25 21:44:12,YMS,人間のほうがビビる
2022-03-25 21:44:15,理性を得た獣,縛られてるんよ
2022-03-25 21:44:38,よもぎ ⚰️,ふんふん
2022-03-25 21:44:40,アル晴れ,痛そうやなぁ
2022-03-25 21:44:43,くりのす,かわいそう
2022-03-25 21:44:46,ありす,kore
2022-03-25 21:44:50,DuxRyK 【デューク】,かわいそう
2022-03-25 21:44:50,Yuki,かなしいたけ・・・
2022-03-25 21:44:52,八意ゆきの,いたそう
2022-03-25 21:44:57,寝る寝る寝るね,かわいそうな
2022-03-25 21:44:58,宗方先生,首を切った女
2022-03-25 21:44:58,ありす,これ進捗どれくらいなの？
2022-03-25 21:45:07,よもぎ ⚰️,かわいそう
2022-03-25 21:45:07,いつか,そっちが本体？
2022-03-25 21:45:10,理性を得た獣,自殺は本来の寿命まで繰り返す
2022-03-25 21:45:11,DuxRyK 【デューク】,えっち
2022-03-25 21:45:15,ネット弁慶,ヤバい
2022-03-25 21:45:19,ビーダマン,自殺させようとするのか
2022-03-25 21:45:23,理性を得た獣,救えるのは家族だけ
2022-03-25 21:45:42,微糖,まだ序盤〜中盤くらいかな
2022-03-25 21:45:51,宗方先生,このあと巫女が出たかな？
2022-03-25 21:45:59,北の元陸士長,なんか零ってメニュー画面見てると鬼武者シリーズ思い出すね
2022-03-25 21:46:01,DuxRyK 【デューク】,ないすー
2022-03-25 21:46:22,デイビット・コジマ ⚰️,どこいくねぇーん！
2022-03-25 21:46:24,V-MAX,ないすー！
2022-03-25 21:46:32,デイビット・コジマ ⚰️,シュター
2022-03-25 21:46:33,八意ゆきの,ショタだ
2022-03-25 21:46:34,宗方先生,クリアー(^^)d
2022-03-25 21:46:40,じぇろ,本当のことを話していいんだよ？
2022-03-25 21:46:45,keDama,どっち？
2022-03-25 21:46:47,デイビット・コジマ ⚰️,ほんとノラ君シュッタすきねぇ
2022-03-25 21:46:59,ただの水口です,いい声
2022-03-25 21:46:59,よもぎ ⚰️,みんな美人やな
2022-03-25 21:47:03,デイビット・コジマ ⚰️,気持はわかる
2022-03-25 21:47:08,宗方先生,サービスシーンあり
2022-03-25 21:47:10,理性を得た獣,エッド
2022-03-25 21:47:13,寝る寝る寝るね,デカッ
2022-03-25 21:47:14,ポーヘイ,この格好のままでええんか
2022-03-25 21:47:15,じぇろ,すべての性癖をカバーできる登場人物たち
2022-03-25 21:47:19,デイビット・コジマ ⚰️,あなたはここにいますか？
2022-03-25 21:47:23,DuxRyK 【デューク】,かわいい
2022-03-25 21:47:27,鯰人「なまんちゅ」,なかなか可愛いじゃん
2022-03-25 21:47:29,デイビット・コジマ ⚰️,休む！？
2022-03-25 21:47:29,ただの水口です,顔面偏差値が高すぎる
2022-03-25 21:47:35,デイビット・コジマ ⚰️,へへへ
2022-03-25 21:47:36,Yuki,売り上げに直結するからね
2022-03-25 21:47:37,あるごん,唇プルンプルンだ
2022-03-25 21:47:39,レンたろう,のらーらありがとう
2022-03-25 21:47:40,ポーヘイ,でっか
2022-03-25 21:47:42,くりのす,全員モデルなのか？
2022-03-25 21:47:50,V-MAX,はじめてだねｗ
2022-03-25 21:47:51,微糖,お礼言えてえらい！
2022-03-25 21:47:52,じぇろ,ポリコレに媚びない会社でよかった
2022-03-25 21:47:56,Izana,PC版じゃないんだ…Mod入れて遊んでそうな人なのに
2022-03-25 21:47:57,ネット弁慶,せやな
2022-03-25 21:47:58,デイビット・コジマ ⚰️,お礼言わない依頼にばかりとか嫌すぎる
2022-03-25 21:48:07,完全剛体リジッド,一人にして大丈夫なのか
2022-03-25 21:48:16,デイビット・コジマ ⚰️,何の歌なんやろ
2022-03-25 21:48:22,理性を得た獣,コーエーテクモ最強！コーエーテクモ最強！
2022-03-25 21:48:28,デイビット・コジマ ⚰️,これも伏線か？
2022-03-25 21:48:35,ネット弁慶,急に歌うよー
2022-03-25 21:48:36,宗方先生,冬陽を召喚した(;゜∇゜)
2022-03-25 21:48:38,V-MAX,1人にするの不安だ・・・
2022-03-25 21:48:41,DuxRyK 【デューク】,なんの歌だろ
2022-03-25 21:49:04,keDama,( ˘ω˘)ｽﾔｧ
2022-03-25 21:49:05,ああああ,カッコイイじゃん
2022-03-25 21:49:05,アル晴れ,チャラそう
2022-03-25 21:49:05,八意ゆきの,やだイケメン
2022-03-25 21:49:13,ヤマ,癒やし
2022-03-25 21:49:13,くりのす,かっこいいなぁ
2022-03-25 21:49:16,YMS,イケメン
2022-03-25 21:49:16,がんばらないえる,イケノラだー！
2022-03-25 21:49:21,あるごん,そのまま最後までするんですか？
2022-03-25 21:49:22,foxですよ,たまにかーちゃんも一人で歌うたってる
2022-03-25 21:49:29,ヒツマブシ食べたい,こんのらー
2022-03-25 21:49:31,よもぎ ⚰️,イケノラ
2022-03-25 21:49:34,デイビット・コジマ ⚰️,ルイルイいうね
2022-03-25 21:49:40,デイビット・コジマ ⚰️,かわいいねぇ
2022-03-25 21:49:41,じぇろ,この子はついてるのかな
2022-03-25 21:49:41,DuxRyK 【デューク】,声かわいい
2022-03-25 21:49:48,アライラ,少年の性癖歪むで
2022-03-25 21:49:54,デイビット・コジマ ⚰️,あんな先生
2022-03-25 21:50:01,宗方先生,事務室
2022-03-25 21:50:05,keDama,探せばある
2022-03-25 21:50:09,微糖,あんまり見ないな
2022-03-25 21:50:09,ポーヘイ,こういう店はもう維持できないからねえ
2022-03-25 21:50:12,V-MAX,こういう喫茶店はある
2022-03-25 21:50:14,ただの水口です,近所に1件だけある
2022-03-25 21:50:14,ヌマハチ,アンティークショップが近所に無いっと
2022-03-25 21:50:15,デイビット・コジマ ⚰️,ないない家の近くには
2022-03-25 21:50:15,よもぎ ⚰️,雰囲気いいな
2022-03-25 21:50:16,foxですよ,なにそれ？
2022-03-25 21:50:17,ネット弁慶,ないなー
2022-03-25 21:50:19,理性を得た獣,アンティークショップ感ある
2022-03-25 21:50:22,Yuki,のらーらの子供時代はこんな感じだったん
2022-03-25 21:50:23,紅蝶伽,？
2022-03-25 21:50:24,ネット弁慶,？
2022-03-25 21:50:26,はしびろ,？
2022-03-25 21:50:26,DuxRyK 【デューク】,落ち着くね
2022-03-25 21:50:28,keDama,アンティーク家具高いからなー
2022-03-25 21:50:28,よもぎ ⚰️,ん？
2022-03-25 21:50:30,Izana,しかしすごい格好のおねーちゃんだなあ
2022-03-25 21:50:32,新内健,？
2022-03-25 21:50:34,ネット弁慶,急に歌うよー
2022-03-25 21:50:36,アル晴れ,？
2022-03-25 21:50:38,DuxRyK 【デューク】,わかんない
2022-03-25 21:50:38,あるごん,わかんない
2022-03-25 21:50:41,foxですよ,ああｗ
2022-03-25 21:50:42,Yuki,？
2022-03-25 21:50:44,クロxkuroblackx,？
2022-03-25 21:50:48,宗方先生,知らないよww
2022-03-25 21:50:50,完全剛体リジッド,ドス！？
2022-03-25 21:50:52,アラドヴァル,？
2022-03-25 21:50:55,デイビット・コジマ ⚰️,こんど歌枠で歌ってけろ
2022-03-25 21:50:56,ラスカル山田,ドスだ！！
2022-03-25 21:50:58,V-MAX,あの子だ
2022-03-25 21:50:59,えるみな,おっ、ノラ組の儀式か？
2022-03-25 21:51:00,bbb aaa,このエロゲ的展開で何もなんｋ
2022-03-25 21:51:04,よもぎ ⚰️,知らないな
2022-03-25 21:51:07,ポーヘイ,美少年
2022-03-25 21:51:10,V-MAX,かわいすぎる
2022-03-25 21:51:10,くりのす,かわいいショタだ
2022-03-25 21:51:12,デイビット・コジマ ⚰️,シュタぁ
2022-03-25 21:51:13,理性を得た獣,ドスどすえ！
2022-03-25 21:51:19,foxですよ,おいｗ
2022-03-25 21:51:21,ポーヘイ,は？
2022-03-25 21:51:24,O.J.I.,おいwww
2022-03-25 21:51:28,寝る寝る寝るね,おいw
2022-03-25 21:51:29,がんばらないえる,最低だなw
2022-03-25 21:51:29,eva,:mushroom:
2022-03-25 21:51:29,デイビット・コジマ ⚰️,朝立ち？！
2022-03-25 21:51:32,YMS,いいところに
2022-03-25 21:51:32,V-MAX,あさだ・・・
2022-03-25 21:51:38,南 光太郎,え？
2022-03-25 21:51:46,じぇろ,この白い人ってこの服装が普段着なのか・・（困惑）
2022-03-25 21:51:47,宗方先生,きたー
2022-03-25 21:51:49,クロxkuroblackx,！！！！
2022-03-25 21:51:50,えるみな,えっ！！！！！！！
2022-03-25 21:51:51,keDama,お
2022-03-25 21:51:51,鯰人「なまんちゅ」,おおお？？？
2022-03-25 21:51:52,foxですよ,そのドスしまえは草　いってないか
2022-03-25 21:51:52,ありあるりえーる,:red_exclamation_mark:
2022-03-25 21:51:52,DuxRyK 【デューク】,おお！
2022-03-25 21:51:52,ポーヘイ,あかん！！！
2022-03-25 21:51:52,eva,興奮しないでｗ
2022-03-25 21:51:52,とりのそぼろ,えっ
2022-03-25 21:51:53,Yuki,サービスシーンきたーーーーーー
2022-03-25 21:51:54,八意ゆきの,おっ
2022-03-25 21:51:54,ただの水口です,エッ!？
2022-03-25 21:51:55,kinoko ruke,お風呂！！
2022-03-25 21:51:55,完全剛体リジッド,過呼吸で草ぁ！
2022-03-25 21:51:56,ヌマハチ,キターーー
2022-03-25 21:51:56,デイビット・コジマ ⚰️,おおおおおおおおお！
2022-03-25 21:51:56,Izana,カメラもっと上に
2022-03-25 21:51:56,せるりあん,みえ
2022-03-25 21:51:58,昼酒,お風呂！！！
2022-03-25 21:51:58,takkuson,ふーんえっちじゃん
2022-03-25 21:51:59,ぷっか,！！！！
2022-03-25 21:51:59,eva,:person_taking_bath::red_circle:REC
2022-03-25 21:51:59,あるごん,あららららら
2022-03-25 21:52:00,アル晴れ,草
2022-03-25 21:52:00,でぶでぶ・でぶる,:mushroom::sweat_droplets:
2022-03-25 21:52:01,ありあるりえーる,きたー
2022-03-25 21:52:02,不思議な四暗刻(スーアンコウ)の大冒険,おおお！！！
2022-03-25 21:52:03,デイビット・コジマ ⚰️,たまらんそぉおおおおおおおあおおた
2022-03-25 21:52:04,KeNnEtH 18,Aaaaaaa
2022-03-25 21:52:04,アル晴れ,えっっっっっっっっｄ
2022-03-25 21:52:05,くりのす,えっ
2022-03-25 21:52:05,DuxRyK 【デューク】,腕ほっそ！
2022-03-25 21:52:07,理性を得た獣,血色悪いのぅ
2022-03-25 21:52:08,ヤマ,ああああああ
2022-03-25 21:52:09,寝る寝る寝るね,テンション爆上がり草
2022-03-25 21:52:10,keDama,BANになっちゃう
2022-03-25 21:52:10,V-MAX,カシャ！
2022-03-25 21:52:11,とりのそぼろ,とるなｗｗｗ
2022-03-25 21:52:11,えるみな,おおおおおおお？
2022-03-25 21:52:11,takkuson,とるなｗ
2022-03-25 21:52:11,デイビット・コジマ ⚰️,あわえああああああ
2022-03-25 21:52:13,ありあるりえーる,うるさ
2022-03-25 21:52:13,ヤマ,おお？
2022-03-25 21:52:14,ポーヘイ,カシャ！
2022-03-25 21:52:14,おじじさん,スクショすなwww
2022-03-25 21:52:14,アライラ,撮るなｗ
2022-03-25 21:52:16,kinoko ruke,ｗｗｗ
2022-03-25 21:52:16,アリマ,あーあーあー（ｶｼｬ）
2022-03-25 21:52:16,いーりぃ⚰️,えっっっ
2022-03-25 21:52:16,完全剛体リジッド,流れ変わったなｗ
2022-03-25 21:52:17,えるみな,流れかわったｗｗｗｗｗｗｗ
2022-03-25 21:52:17,V-MAX,突然のほらーｗ
2022-03-25 21:52:18,ただの水口です,喘ぎ声うるっさw
2022-03-25 21:52:21,冥土,草
2022-03-25 21:52:21,アル晴れ,ｔｐってて草
2022-03-25 21:52:23,Alex,草
2022-03-25 21:52:23,KeNnEtH 18,www
2022-03-25 21:52:26,アル晴れ,とるなｗｗｗｗ
2022-03-25 21:52:27,ヌマハチ,風呂デッカ
2022-03-25 21:52:28,ネット弁慶,通報した
2022-03-25 21:52:29,ポーヘイ,興奮しすぎ
2022-03-25 21:52:29,がんばらないえる,おじノラ落ち着いて！
2022-03-25 21:52:29,foxですよ,流れかわりましたね～
2022-03-25 21:52:32,くりのす,髪の毛さん呼んでないっす
2022-03-25 21:52:33,ありあるりえーる,ひぇ
2022-03-25 21:52:35,Yuki,箱を押し
2022-03-25 21:52:36,V-MAX,まじで今びびった
2022-03-25 21:52:37,完全剛体リジッド,テンポが良いｗ
2022-03-25 21:52:37,えるみな,ガチ恋距離
2022-03-25 21:52:39,ヤマ,こええ
2022-03-25 21:52:40,YMS,という
2022-03-25 21:52:41,アライラ,閉じましたｗｗ
2022-03-25 21:52:41,八意ゆきの,それはびびるで
2022-03-25 21:52:47,keDama,何だその服ｗｗ
2022-03-25 21:52:50,foxですよ,そこ怒るところ？？？
2022-03-25 21:52:51,ポーヘイ,服かわいいじゃん
2022-03-25 21:52:52,チー釜,でもなんかエロいなこの服
2022-03-25 21:52:52,じぇろ,その肩ちょっとみえてるの好き
2022-03-25 21:52:53,いつか,ベットが濡れるでしょｗ
2022-03-25 21:52:54,レンたろう,なんやその肩出しえっちだなあ
2022-03-25 21:52:56,DuxRyK 【デューク】,勝手にw
2022-03-25 21:52:57,おじじさん,ノラくんのお陰で一切怖くないw
2022-03-25 21:52:57,†れおんちゃん†,こっちもえっちじゃん
2022-03-25 21:53:01,デイビット・コジマ ⚰️,草
2022-03-25 21:53:03,理性を得た獣,閉じました(閉経）
2022-03-25 21:53:03,いーりぃ⚰️,早着替え
2022-03-25 21:53:06,よもぎ ⚰️,早着替え
2022-03-25 21:53:09,じぇろ,早着替えｗ
2022-03-25 21:53:13,宗方先生,汗の表現がリアルでいい
2022-03-25 21:53:21,デイビット・コジマ ⚰️,いるんかぁー
2022-03-25 21:53:28,DuxRyK 【デューク】,いなさそうだな
2022-03-25 21:53:30,舌禍潰滅,フラグ勃ったな
2022-03-25 21:53:31,宗方先生,残念ながら
2022-03-25 21:53:34,foxですよ,この衣装ボディコンだよな
2022-03-25 21:53:40,デイビット・コジマ ⚰️,勝手にどっか行ってそうではある
2022-03-25 21:53:44,V-MAX,ほらー
2022-03-25 21:53:49,デイビット・コジマ ⚰️,ねる！？
2022-03-25 21:53:50,Yuki,予想があたったか
2022-03-25 21:53:50,ただの水口です,ですよねぇ
2022-03-25 21:53:52,Izana,同衾
2022-03-25 21:53:58,DuxRyK 【デューク】,一緒に寝れば...
2022-03-25 21:54:00,とりのそぼろ,あしなっが
2022-03-25 21:54:02,Izana,脚なげー
2022-03-25 21:54:07,ありあるりえーる,綺麗な足だ
2022-03-25 21:54:08,完全剛体リジッド,モデル体型！
2022-03-25 21:54:09,真尋,こいつスタイル良すぎね？
2022-03-25 21:54:11,keDama,モデル体型だなｗ
2022-03-25 21:54:12,八意ゆきの,スタイル良すぎ
2022-03-25 21:54:12,Yuki,モデル体型だ
2022-03-25 21:54:13,デイビット・コジマ ⚰️,パーコーラしないからぁ
2022-03-25 21:54:15,よもぎ ⚰️,なっが
2022-03-25 21:54:15,Blau,服装のせいか？
2022-03-25 21:54:17,V-MAX,スタイル良すぎ問題
2022-03-25 21:54:20,宗方先生,さすテクモ(^^)d
2022-03-25 21:54:20,アル晴れ,気づいたか
2022-03-25 21:54:20,デイビット・コジマ ⚰️,なげぇ
2022-03-25 21:54:21,レンたろう,ヒール履いてるから。。。。
2022-03-25 21:54:22,ぷっか,長いし細い
2022-03-25 21:54:24,くりのす,自分の脚見て恥ずかしくなってきた
2022-03-25 21:54:25,とりのそぼろ,ななおじゃん
2022-03-25 21:54:27,理性を得た獣,デルモ！
2022-03-25 21:54:31,アル晴れ,この人足なっげえよねｗｗｗ
2022-03-25 21:54:35,凡人,足長ねぇさん
2022-03-25 21:54:35,デイビット・コジマ ⚰️,足ボロボロになるで
2022-03-25 21:54:39,bbb aaa,日本人の体形じゃねー
2022-03-25 21:54:41,よもぎ ⚰️,モデル体型すぎる
2022-03-25 21:54:44,foxですよ,キーンってする～
2022-03-25 21:54:46,平賀源内,美人や
2022-03-25 21:54:47,宗方先生,冬陽登場
2022-03-25 21:54:50,ハリポタ焼き (3473),上半身と下半身の比率が俺の真逆なんだが
2022-03-25 21:54:51,ヌマハチ,ちょい前のギャル
2022-03-25 21:54:56,デイビット・コジマ ⚰️,ウルフカットて言うのか
2022-03-25 21:55:00,Yuki,あなた憑かれてるのよ
2022-03-25 21:55:09,Azu -あず-,ノラくんもちょっとウルフぽくない？
2022-03-25 21:55:09,完全剛体リジッド,守護霊かも！？
2022-03-25 21:55:12,平賀源内,あーあ、つかれちゃった
2022-03-25 21:55:14,V-MAX,気がつけそうなものを・・・
2022-03-25 21:55:18,がんばらないえる,読み上げ助かる
2022-03-25 21:55:37,デイビット・コジマ ⚰️,鍵掛けと感から
2022-03-25 21:55:38,keDama,Bまでなら
2022-03-25 21:55:46,平賀源内,パクパクですわー
2022-03-25 21:55:48,ヤマ,あーあ
2022-03-25 21:55:58,デイビット・コジマ ⚰️,おお、お疲れい！
2022-03-25 21:55:58,Blau,まだまだ序盤やで
2022-03-25 21:55:58,foxですよ,おつのら～
2022-03-25 21:56:01,宗方先生,迷いすぎww
2022-03-25 21:56:02,O.J.I.,九までだっけ配信OKなの
2022-03-25 21:56:04,ポーヘイ,いやらしいゲームだな
2022-03-25 21:56:11,とりのそぼろ,おつのらー
2022-03-25 21:56:12,ジョン,結局性教育とは何だったのか…
2022-03-25 21:56:13,冥土,おつのらー
2022-03-25 21:56:15,アル晴れ,おお
2022-03-25 21:56:16,平賀源内,悪い予感しかしない
2022-03-25 21:56:16,箱推し,otunora
2022-03-25 21:56:19,Yuki,おつのらー
2022-03-25 21:56:20,ヤマ,そうなんだ
2022-03-25 21:56:21,ありす,ho-nn
2022-03-25 21:56:21,keDama,えー
2022-03-25 21:56:23,クロxkuroblackx,おつのら～
2022-03-25 21:56:24,DuxRyK 【デューク】,おつのらー
2022-03-25 21:56:24,スマイル,おつのら
2022-03-25 21:56:25,八意ゆきの,おつのらー
2022-03-25 21:56:25,takkuson,おつのら
2022-03-25 21:56:25,クマノコ,おつのらー
2022-03-25 21:56:27,鯰人「なまんちゅ」,そーなんだ。おつのらー
2022-03-25 21:56:28,eva,おやすみ
2022-03-25 21:56:28,ありす,性教育待ってます
2022-03-25 21:56:28,Gen,おつぺこ
2022-03-25 21:56:29,えーじんえーじん,おつのらーー！
2022-03-25 21:56:31,アラドヴァル,おつのらー
2022-03-25 21:56:32,平賀源内,セクハラはアカン
2022-03-25 21:56:33,デイビット・コジマ ⚰️,おつのらー！
2022-03-25 21:56:33,けそ（けそ）,おつのら～
2022-03-25 21:56:33,Blau,おつのらー
2022-03-25 21:56:33,Azu -あず-,謎の組み合わせだった
2022-03-25 21:56:34,クロヘビ局長,おつのらー
2022-03-25 21:56:35,もぐ,おつのらー
2022-03-25 21:56:35,寝る寝る寝るね,おつのら〜
2022-03-25 21:56:36,ヒツマブシ食べたい,おつのらー
2022-03-25 21:56:37,Yuki,続くんかい
2022-03-25 21:56:37,完全剛体リジッド,おつのらです～
2022-03-25 21:56:37,いつか,おつのらー
2022-03-25 21:56:37,アライラ,おつのらー
2022-03-25 21:56:37,ヤマ,おつのらー
2022-03-25 21:56:38,V-MAX,おつのらーーー
2022-03-25 21:56:38,keDama,おつのらー
2022-03-25 21:56:38,Azu -あず-,おつのらー
2022-03-25 21:56:39,くりのす,おつのらー
2022-03-25 21:56:39,アイランド,おつのらー
2022-03-25 21:56:39,レンたろう,おつのら
2022-03-25 21:56:40,YMS,おつのらー
2022-03-25 21:56:40,坂東叡智,今北産業
2022-03-25 21:56:40,あるごん,おつのら
2022-03-25 21:56:40,猫太郎。,おつのら
2022-03-25 21:56:41,デイビット・コジマ ⚰️,ういうい
2022-03-25 21:56:42,不思議な四暗刻(スーアンコウ)の大冒険,おつのらー
2022-03-25 21:56:42,ぼよと,おつのらー
2022-03-25 21:56:42,ポーヘイ,おつのらー
2022-03-25 21:56:42,Yuki,おつのらー
2022-03-25 21:56:42,ぷっか,おつのら〜
2022-03-25 21:56:43,ヌマハチ,おつのら〜
2022-03-25 21:56:43,平賀源内,おつのら〜
2022-03-25 21:56:43,プルート／komihs,おつのら
2022-03-25 21:56:43,天豪,おつのらー
2022-03-25 21:56:43,しまとじ,おつのらー
2022-03-25 21:56:43,微糖,おつのらー
2022-03-25 21:56:45,宗方先生,お疲れ様でした
2022-03-25 21:56:45,チー釜,おつのら
2022-03-25 21:56:45,てぃろ,おつのらーー
2022-03-25 21:56:46,でぶでぶ・でぶる,おつのらー
2022-03-25 21:56:46,おじじさん,おつのらー
2022-03-25 21:56:46,はしびろ,おつのらー
2022-03-25 21:56:48,O.J.I.,おつにょら～
2022-03-25 21:56:48,よもぎ ⚰️,おつのら～
2022-03-25 21:56:48,RAM太郎,おつのらー！
2022-03-25 21:56:49,デイビット・コジマ ⚰️,おつのらーです！
2022-03-25 21:56:49,がんばらないえる,おつのら！
2022-03-25 21:56:49,Alex,おつのら
2022-03-25 21:56:49,ジョン,おつのらー
2022-03-25 21:56:51,麦茶,おつのらー
2022-03-25 21:56:51,kinoko ruke,おつのら～
2022-03-25 21:56:52,ふらんつ,おつのらー
2022-03-25 21:56:53,野良フェンリル,おつのら～
2022-03-25 21:56:53,箱推し,ばいばーい
2022-03-25 21:56:55,ラグナロク⚰️,おつノラです。
2022-03-25 21:56:56,スプレム,おつのら
2022-03-25 21:56:57,けたろう,おつのら～
2022-03-25 21:57:00,osuimono,おつのら～
2022-03-25 21:57:01,生ハメイス,おつのらー
2022-03-25 21:57:04,bbb aaa,おつのらです
2022-03-25 21:57:04,新内健,おつのらです
2022-03-25 21:57:06,ただの水口です,おつのらー
2022-03-25 21:57:06,takkuson,メスメスしい配信だった
2022-03-25 21:57:07,missi ryo,おつのらー
2022-03-25 21:57:08,デイビット・コジマ ⚰️,偉いぞ
2022-03-25 21:57:09,ネット弁慶,おつのら〜
2022-03-25 21:57:11,干からびたたチンチン_ヒカチン,おつのら
2022-03-25 21:57:12,ああ,きたら終わった
2022-03-25 21:57:15,かぷちー,おつのらー
2022-03-25 21:57:18,アイランド,おつのらー
2022-03-25 21:57:19,アル晴れ,おつのらー
2022-03-25 21:57:24,Yuki,ぱねえｗ
2022-03-25 21:57:31,よもぎ ⚰️,8日
2022-03-25 21:57:32,昼酒,おつのらー！
2022-03-25 21:57:37,デイビット・コジマ ⚰️,うんうん
2022-03-25 21:57:40,ポーヘイ,ここで赤！？
2022-03-25 21:57:40,えるみな,ほへー
2022-03-25 21:57:40,アライラ,おおーたしかに
2022-03-25 21:57:44,さんた,:teacup_without_handle:のら～
2022-03-25 21:57:44,平賀源内,末広がり？
2022-03-25 21:57:47,あるごん,8日デビュー
2022-03-25 21:57:50,ﾆﾝｼﾞﾝ,こんのらーもう終わりかな
2022-03-25 21:57:50,ヤマ,おー
2022-03-25 21:57:51,いーりぃ⚰️,おつのらー
2022-03-25 21:57:59,デイビット・コジマ ⚰️,もう準備万端やで
2022-03-25 21:58:00,ただの水口です,ん？なんでも？
2022-03-25 21:58:03,KeNnEtH 18,otsunora
2022-03-25 21:58:06,V-MAX,またねー
2022-03-25 21:58:08,ビーダマン,おつ
2022-03-25 21:58:09,Yuki,これは流れきたか？
2022-03-25 21:58:10,あにまっち_ボカロ曲あるよ,おつのら
2022-03-25 21:58:14,よもぎ ⚰️,おつのら～
2022-03-25 21:58:14,アイランド,待機してます！
2022-03-25 21:58:14,えるみな,ばいびー
2022-03-25 21:58:15,ヤマ,ばいばい
2022-03-25 21:58:16,デイビット・コジマ ⚰️,ういうい
2022-03-25 21:58:17,Azu -あず-,ばいばーい
2022-03-25 21:58:18,Yuki,きたか？おつのらー
2022-03-25 21:58:21,クマノコ,おつのら〜
2022-03-25 21:58:21,missi ryo,ばいばーい
2022-03-25 21:58:23,アル晴れ,おおおお
2022-03-25 21:58:23,デイビット・コジマ ⚰️,ばーい
2022-03-25 21:58:25,えるみな,かわよい
2022-03-25 21:58:25,カンナカムイ,おつのらー
2022-03-25 21:58:25,ネット弁慶,スペースやるんだろうなw
2022-03-25 21:58:26,foxですよ,かわいい
2022-03-25 21:58:26,アイランド,とめのらだ！
2022-03-25 21:58:26,完全剛体リジッド,てぇてぇ…
2022-03-25 21:58:29,アル晴れ,おつのら〜
2022-03-25 21:58:30,野良フェンリル,かわいい～～♡
2022-03-25 21:58:30,ポーヘイ,イラストかわいい！！
2022-03-25 21:58:31,えーじんえーじん,ばーい！
2022-03-25 21:58:32,クマノコ,かわいい！
2022-03-25 21:58:34,ハリポタ焼き (3473),かわいい
2022-03-25 21:58:35,よもぎ ⚰️,イキガイいいね
2022-03-25 21:58:36,ジョン,てえてえ…
2022-03-25 21:58:37,ヌマハチ,今のウィンク俺じゃなきゃ見逃しちゃうね
2022-03-25 21:58:38,DuxRyK 【デューク】,かわいい
2022-03-25 21:58:39,おじじさん,かわいい
2022-03-25 21:58:40,アイランド,かわいいのらー
2022-03-25 21:58:41,微糖,かわいい！
2022-03-25 21:58:41,箱推し,とめのら派歓喜
2022-03-25 21:58:44,デイビット・コジマ ⚰️,かわいいねぇ
2022-03-25 21:58:44,冥土,1234！
2022-03-25 21:58:46,foxですよ,１２３４！
2022-03-25 21:58:46,ポーヘイ,とめのらはいいぞ
2022-03-25 21:58:47,くりのす,１２３４！
2022-03-25 21:58:48,完全剛体リジッド,1234！
2022-03-25 21:58:50,ネット弁慶,かわいいな
2022-03-25 21:58:51,野風平蔵重親,1234！
2022-03-25 21:58:55,ジョン,もう誰も告白ノラーラに突っ込まなくなって草
