2022-02-14 20:49:06,ヤマ,たいきー
2022-02-14 20:49:12,瀬名いずる,1げと？
2022-02-14 20:49:15,今宮,待機
2022-02-14 20:49:16,林啓太,待機―
2022-02-14 20:49:18,97【クーナ】,待機
2022-02-14 20:49:25,みろん,待機
2022-02-14 20:49:26,八意ゆきの,気づかんかった
2022-02-14 20:49:29,豊臣秀吉,待機
2022-02-14 20:49:34,加島,待機
2022-02-14 20:49:36,八意ゆきの,待機
2022-02-14 20:52:11,ぱのぽね,こんのらー
2022-02-14 20:52:21,ワタラナイ鳥,ミュートらー
2022-02-14 20:52:23,クマノコ,こんのらー
2022-02-14 20:52:31,97【クーナ】,静かだ
2022-02-14 20:52:31,野良フェンリル,こんのら～
2022-02-14 20:52:34,おともあいる,こんのらー
2022-02-14 20:52:38,Azu -あず-,きこえた
2022-02-14 20:52:38,今宮,こんのらー
2022-02-14 20:52:39,瀬名いずる,無声映画かな
2022-02-14 20:52:40,ヤマ,聞こえたー
2022-02-14 20:52:40,今宮,聞こえます
2022-02-14 20:52:41,foxですよ,きこえた
2022-02-14 20:52:42,tanishi,きこえます
2022-02-14 20:52:43,ume,聞こえるー
2022-02-14 20:52:43,やさい,きこえた
2022-02-14 20:52:45,しぇるふ,こんのらー　キャプボ入ってない
2022-02-14 20:52:47,・。・,声が二重に聞こえてくるよ
2022-02-14 20:52:50,瀬名いずる,おはよう
2022-02-14 20:52:50,foxですよ,BGMなし
2022-02-14 20:52:53,ヤマ,ゲームは入ってないかも
2022-02-14 20:52:53,tanishi,多分入ってない
2022-02-14 20:52:54,Mo oN,ゲーム音ないよ
2022-02-14 20:52:54,97【クーナ】,お
2022-02-14 20:52:56,八意ゆきの,声しかなくない？
2022-02-14 20:52:56,今宮,入ってないかも
2022-02-14 20:52:57,ましまし_,こんのらー
2022-02-14 20:52:59,麦茶,聞こえない
2022-02-14 20:53:03,Mr. White,こんばんは
2022-02-14 20:53:06,おともあいる,はいってない
2022-02-14 20:53:06,97【クーナ】,ゲーム音はない
2022-02-14 20:53:06,クマノコ,声だけかな
2022-02-14 20:53:09,紅蝶伽,ゲームは無音
2022-02-14 20:53:11,Mo oN,声は普通
2022-02-14 20:53:12,しぇるふ,声は普通。たぶん2窓勢？
2022-02-14 20:53:12,るーと96,こんのらー
2022-02-14 20:53:12,箱推し,入ってないな
2022-02-14 20:53:14,デクロボ,こんのらー
2022-02-14 20:53:17,LOGE,こんのらあああああああああああ今北産業
2022-02-14 20:53:33,Mo oN,ゲーム音なくてもいけるぞ
2022-02-14 20:53:33,tanishi,また謝罪配信か
2022-02-14 20:53:36,綿雨くーりゃ,またOBS君反抗期か？
2022-02-14 20:53:36,85 25,こんのらー
2022-02-14 20:53:40,kinoko ruke,こんのら～
2022-02-14 20:53:41,・。・,ツイのほうで音出てたわすまんな
2022-02-14 20:53:43,瀬名いずる,叩けば直るかも
2022-02-14 20:53:43,デビッ,こんのらー
2022-02-14 20:53:53,紅蝶伽,新人ムーブ助かる
2022-02-14 20:53:53,デビッ,耳しゃぶりたい
2022-02-14 20:54:06,おともあいる,今の嫌いたすかった
2022-02-14 20:54:08,鯰人「なまんちゅ」,あら音がなかった
2022-02-14 20:54:09,Mo oN,っつうか、体調大丈夫なのかよ！？
2022-02-14 20:54:15,tanishi,かわらず
2022-02-14 20:54:28,紅蝶伽,だめだよ
2022-02-14 20:54:28,八意ゆきの,ないです
2022-02-14 20:54:28,瀬名いずる,ないね
2022-02-14 20:54:29,foxですよ,声も小さい
2022-02-14 20:54:42,飯屋,設定いじって壊したか
2022-02-14 20:54:49,八意ゆきの,ダメみたいですね
2022-02-14 20:54:51,Mo oN,抜き差ししてみよう
2022-02-14 20:54:52,りーしゃ,今日は大丈夫？
2022-02-14 20:54:55,Mo oN,きこえる
2022-02-14 20:54:56,ヤマ,入った！
2022-02-14 20:54:56,foxですよ,きた
2022-02-14 20:54:56,tanishi,はいった
2022-02-14 20:54:56,クロヘビ局長,こんのらー
2022-02-14 20:54:57,今宮,入った
2022-02-14 20:54:57,鯰人「なまんちゅ」,入ってる
2022-02-14 20:54:57,麦茶,入ったよ
2022-02-14 20:54:58,アーバク,聞こえた
2022-02-14 20:54:58,やさい,入った
2022-02-14 20:55:00,デクロボ,お、聞こえた
2022-02-14 20:55:01,瀬名いずる,来た
2022-02-14 20:55:03,スマイル,こんのらー
2022-02-14 20:55:03,Mo oN,きたぞーーーー
2022-02-14 20:55:05,おともあいる,おｋ
2022-02-14 20:55:06,くるみ団子,きたよー
2022-02-14 20:55:08,クマノコ,おk
2022-02-14 20:55:09,ことぶ,入った！
2022-02-14 20:55:10,八意ゆきの,来た
2022-02-14 20:55:11,スマイル,体調大丈夫のらかぁ？
2022-02-14 20:55:11,冥土,こんのらー
2022-02-14 20:55:15,冥土,きこえた
2022-02-14 20:55:18,林啓太,こんのらー
2022-02-14 20:55:19,97【クーナ】,入った
2022-02-14 20:55:19,紅蝶伽,挿った
2022-02-14 20:55:21,foxですよ,は？
2022-02-14 20:55:23,瀬名いずる,は？
2022-02-14 20:55:23,Azu -あず-,挿入ったわー
2022-02-14 20:55:24,今宮,こんのらー
2022-02-14 20:55:28,foxですよ,こんのら～
2022-02-14 20:55:28,Mo oN,は？
2022-02-14 20:55:29,麦茶,は？
2022-02-14 20:55:30,クマノコ,？
2022-02-14 20:55:32,97【クーナ】,:exclamation_question_mark:
2022-02-14 20:55:39,冷やっこ,こんのらー
2022-02-14 20:55:40,アーバク,開幕から脳内ピンクで草
2022-02-14 20:55:50,foxですよ,病院はいけた？
2022-02-14 20:55:58,動画保管庫,こんのら
2022-02-14 20:56:03,紅蝶伽,おぎゃのら貧弱組
2022-02-14 20:56:04,クマノコ,元気になってよかった
2022-02-14 20:56:19,箱推し,無理はせんといてもろて
2022-02-14 20:56:38,foxですよ,ケアパケか
2022-02-14 20:56:46,川原ひ,聞こえてる
2022-02-14 20:56:48,鯰人「なまんちゅ」,セバス最高すぎる・・・
2022-02-14 20:56:49,Mo oN,サンキュ、セバスチャン
2022-02-14 20:56:49,綿雨くーりゃ,ちゃんと考えてて偉い
2022-02-14 20:56:56,ヤマ,さすセバ
2022-02-14 20:56:59,飯屋,さすセバ
2022-02-14 20:57:01,Mo oN,ウーバーセバス
2022-02-14 20:57:04,瀬名いずる,セバスやさしすぎひん？
2022-02-14 20:57:04,今宮,有能すぎる
2022-02-14 20:57:09,ひらり,深層組は手厚い保護が受けられる優良企業
2022-02-14 20:57:12,Noien,henlooooooo
2022-02-14 20:57:12,アーバク,さすがおかん
2022-02-14 20:57:12,デビッ,深層組看病セット
2022-02-14 20:57:13,クマノコ,サンキューセバス
2022-02-14 20:57:14,八意ゆきの,有能すぎる
2022-02-14 20:57:15,kinoko ruke,セバスチャンイケメン
2022-02-14 20:57:17,Mo oN,Uberセバスチャン
2022-02-14 20:57:17,綿雨くーりゃ,セバス手運びなんかw
2022-02-14 20:57:18,Azu -あず-,さすセバ
2022-02-14 20:57:20,動画保管庫,深層組の運営優しい　もっと大きくなってほしい
2022-02-14 20:57:21,FoxP,hi Nora!
2022-02-14 20:57:34,ものらる猫,こんのら～
2022-02-14 20:57:40,Gimu,さすセバ
2022-02-14 20:57:52,今宮,すごい
2022-02-14 20:57:53,TT gedo,福利厚生が手厚いな
2022-02-14 20:57:58,ひらり,「ガチャ代から引いとくね」
2022-02-14 20:57:59,箱推し,対応が迅速過ぎる
2022-02-14 20:58:07,FoxP,I'm glad you feel better!!
2022-02-14 20:58:08,スマイル,並の会社より手厚い福利厚生
2022-02-14 20:58:18,Mo oN,わざわざ買い出しのセバスチャン
2022-02-14 20:58:28,FoxP,I was so worried
2022-02-14 20:58:29,動画保管庫,深層組 EN
2022-02-14 20:58:34,97【クーナ】,ホワイト企業だな
2022-02-14 20:58:41,ヤマ,そういやホロもコロナ出てたね
2022-02-14 20:59:00,†れおんちゃん†,こんのら～　今日のノラくんちょっとガビガビしてる？
2022-02-14 20:59:07,foxですよ,今もやっとるで
2022-02-14 20:59:14,・。・,都市伝説
2022-02-14 20:59:15,Noien,"i saw you at vrchat last week, so I came to check your channel today."
2022-02-14 20:59:19,林啓太,ゲーム音大きくてノラ君の声小さ目やなぁ
2022-02-14 20:59:19,スマイル,面白いけど無茶苦茶時間泥棒だから覚悟した方が良いよ
2022-02-14 20:59:21,ひらり,音ずれの訪れ
2022-02-14 20:59:22,97【クーナ】,BGMでかい？
2022-02-14 20:59:22,八意ゆきの,SCPおもろいよ
2022-02-14 20:59:34,foxですよ,全体的に音ちいさいよ
2022-02-14 20:59:34,クロヘビ局長,妖怪みたいなもんよ
2022-02-14 20:59:36,・。・,BGMだけさげてもろて
2022-02-14 20:59:40,k i,SCPはNGも多いから配信は注意してね
2022-02-14 20:59:54,櫻咲,SCPガチ勢多くてびっくりした
2022-02-14 20:59:56,麦茶,scpは全部読もうと思うとと1ヶ月はかかる
2022-02-14 20:59:59,今宮,下がった
2022-02-14 21:00:01,るーと96,下がってる
2022-02-14 21:00:01,foxですよ,おｋ
2022-02-14 21:00:03,・。・,おｋ
2022-02-14 21:00:03,スマイル,いい感じかな
2022-02-14 21:00:04,TT gedo,最近OBSの音の設定おかしくなるよね。
2022-02-14 21:00:05,冥土,聞いてても全くわからなくておもろかったw
2022-02-14 21:00:07,動画保管庫,設定練るのが好きな人は大好きかも
2022-02-14 21:00:08,箱推し,世の中の色んなやばいものを隔離してる財団があるっていう体でやってる創作コミュニティです
2022-02-14 21:00:08,えあ,下がってます！
2022-02-14 21:00:08,TT gedo,OK
2022-02-14 21:00:09,ジョン,こんのらー
2022-02-14 21:00:26,林啓太,いいかも
2022-02-14 21:00:36,foxですよ,毎回調整ひつようなの？ＯＢＳ
2022-02-14 21:00:41,るーと96,ちがうね
2022-02-14 21:00:43,ものらる猫,だいたいあってる
2022-02-14 21:00:52,ヤマ,陰謀論とは少し違う
2022-02-14 21:00:53,名無し,こんのらー
2022-02-14 21:01:01,TT gedo,ミームみたいなもんだな:lying_face:
2022-02-14 21:01:07,微糖,意味深画像のホラー大喜利だよ
2022-02-14 21:01:24,ジョン,オリジナルの怪異を作るホラー創作、洒落怖の設定資料版みたいな感じ
2022-02-14 21:01:30,・。・,そっち系の創作集って感じだな
2022-02-14 21:01:41,ヤマ,僕の考えたモンスター図鑑みたいな感じ
2022-02-14 21:01:49,麦茶,ガチャ我慢してPC新調しよう
2022-02-14 21:01:51,くりのす,こんのらですー
2022-02-14 21:01:55,土田たかひろ,こんのらー
2022-02-14 21:02:10,スマイル,ガチャ…うっ頭が
2022-02-14 21:02:15,チョコレートロマンス,こんのらー
2022-02-14 21:02:24,・。・,それこそ朗読枠でやってもよさそう
2022-02-14 21:02:29,ジョン,よかった
2022-02-14 21:02:37,那覇由良（なはゆら）,こんのらー
2022-02-14 21:02:38,昼酒,こんのらー
2022-02-14 21:02:39,foxですよ,そんなこと！？
2022-02-14 21:02:41,今宮,そんなことよりもw
2022-02-14 21:02:42,くりのす,体調よくなってよかったです
2022-02-14 21:02:42,TT gedo,「そんなこと」
2022-02-14 21:02:46,k i,また爆死したの？
2022-02-14 21:02:47,林啓太,うん
2022-02-14 21:02:55,クマノコ,そんなことってw
2022-02-14 21:02:59,林啓太,あーｗ
2022-02-14 21:03:04,林啓太,あるある
2022-02-14 21:03:06,マグロ丼,草
2022-02-14 21:03:06,そうたろう,？
2022-02-14 21:03:06,鯰人「なまんちゅ」,草
2022-02-14 21:03:09,スマイル,草
2022-02-14 21:03:14,tanishi,ふわー
2022-02-14 21:03:14,箱推し,あー
2022-02-14 21:03:14,名無し,草
2022-02-14 21:03:17,foxですよ,悲劇！
2022-02-14 21:03:21,スマイル,草
2022-02-14 21:03:22,foxですよ,ねーよｗ
2022-02-14 21:03:23,Azu -あず-,草
2022-02-14 21:03:23,紅蝶伽,草
2022-02-14 21:03:23,アーバク,草
2022-02-14 21:03:24,今宮,草
2022-02-14 21:03:26,えあ,え！？w
2022-02-14 21:03:27,デクロボ,草
2022-02-14 21:03:27,・。・,そうはならんやろ
2022-02-14 21:03:29,林啓太,うせやろｗ
2022-02-14 21:03:29,鯰人「なまんちゅ」,なんとｗｗｗｗ
2022-02-14 21:03:30,k i,草
2022-02-14 21:03:31,くりのす,草
2022-02-14 21:03:31,八意ゆきの,草
2022-02-14 21:03:31,チョコレートロマンス,そんなことあるｗｗｗ
2022-02-14 21:03:32,O.J.I.,え？
2022-02-14 21:03:34,名無し,!?
2022-02-14 21:03:34,おともあいる,草
2022-02-14 21:03:36,林啓太,出ちゃった
2022-02-14 21:03:36,そうたろう,コントローラーまでもｗ
2022-02-14 21:03:37,微糖,そんなことある？？
2022-02-14 21:03:37,冥土,草
2022-02-14 21:03:38,ものらる猫,草
2022-02-14 21:03:38,桜,草
2022-02-14 21:03:38,文,えぇ…
2022-02-14 21:03:38,foxですよ,ま？
2022-02-14 21:03:39,たろう,みんな勝手に動いたって言うんですよねえ
2022-02-14 21:03:40,tanishi,やらかしｗ
2022-02-14 21:03:40,ヤマ,え？
2022-02-14 21:03:40,スマイル,あ、自分も回してショウリ先生でたわ
2022-02-14 21:03:40,ひらり,飼い主にコントローラも似るんだなぁ・・・
2022-02-14 21:03:44,酩酊,天井タイマーリセット…
2022-02-14 21:03:44,97【クーナ】,そんなことある？
2022-02-14 21:03:46,えあ,うわそれはヤバい
2022-02-14 21:03:47,アーバク,もうすぐ更新されるのにｗ
2022-02-14 21:03:47,Black Joker,いやそれはないだろ・・・・
2022-02-14 21:03:50,LOGE,あなた、憑かれてるのよ…
2022-02-14 21:03:50,紅蝶伽,先生の1凸は微妙なのにｗ
2022-02-14 21:03:50,O.J.I.,ノラ幻見てない？
2022-02-14 21:03:51,クロヘビ局長,コントローラーのせいにすんなよ......
2022-02-14 21:03:53,Azu -あず-,コントローラーまでガチャキチに。。
2022-02-14 21:03:55,マグロ丼,手が勝手にとかではなく？
2022-02-14 21:03:58,そうたろう,ピックアップ確定だったの？
2022-02-14 21:03:59,ジョン,ええ…
2022-02-14 21:04:00,箱推し,ええ・・・
2022-02-14 21:04:03,よもぎ ⚰️,こんのらー
2022-02-14 21:04:04,97【クーナ】,回しても怒らないよ
2022-02-14 21:04:08,スマイル,自分も今日の朝同じことしたわ‥・
2022-02-14 21:04:14,k i,容疑者は「コントローラーが勝手にガチャを回した」と供述しており
2022-02-14 21:04:15,Black Joker,夢だったんじゃないの・・
2022-02-14 21:04:16,ひらり,八重神子遠くなった・・・
2022-02-14 21:04:19,LOGE,ちゃらり〜
2022-02-14 21:04:21,tk og,妖怪ガチャ回しの仕業何じゃよ
2022-02-14 21:04:21,foxですよ,手が勝手にうごいたんじゃないの？
2022-02-14 21:04:21,Azu -あず-,記憶とんで回してない？
2022-02-14 21:04:22,スマイル,マウス暴発した…
2022-02-14 21:04:23,麦茶,禁断症状出ちゃったかー
2022-02-14 21:04:24,カナガタ_セッサク中,夢遊病かな
2022-02-14 21:04:25,デクロボ,:eyes:
2022-02-14 21:04:26,芳乃シンヤ,こんノラ！
2022-02-14 21:04:28,・。・,次ガチャに温存しておいた確定枠ないなった
2022-02-14 21:04:30,LOGE,などと供述しており
2022-02-14 21:04:35,サモエド,突然のガチ恋距離
2022-02-14 21:04:35,名無し,カチコミ距離助かる
2022-02-14 21:04:36,文,運を消費してしまった
2022-02-14 21:04:36,くりのす,これ（顔面）
2022-02-14 21:04:38,そうたろう,１凸なら2凸しちゃえ
2022-02-14 21:04:41,サブノック,コレコレ！？
2022-02-14 21:04:44,セラ,怒らないよ(優しい目)
2022-02-14 21:04:44,デクロボ,セーフｗ
2022-02-14 21:04:48,紅蝶伽,コントローラーもガチャ狂いだったか...
2022-02-14 21:04:51,八意ゆきの,こっわw
2022-02-14 21:04:52,ジョン,草
2022-02-14 21:05:00,foxですよ,録画できてるってのがｗ
2022-02-14 21:05:00,おともあいる,ノラ君ついに無意識でガチャを引くようになったか
2022-02-14 21:05:05,紅蝶伽,先生の2凸は強いよ
2022-02-14 21:05:05,クマノコ,それは悲劇過ぎるｗ
2022-02-14 21:05:10,チョコレートロマンス,コントローラに思念が移ったか
2022-02-14 21:05:34,foxですよ,ポケモン配信ないなった
2022-02-14 21:05:37,博多の拳王!,こんのら～　ポケモンはどこ...?
2022-02-14 21:05:44,そうたろう,上にあるｗ
2022-02-14 21:05:48,クマノコ,なるほどｗ
2022-02-14 21:05:52,スマイル,草
2022-02-14 21:05:54,えあ,:loudly_crying_face:
2022-02-14 21:05:55,ヤマ,うん？
2022-02-14 21:05:58,麦茶,ショートカット配置変えよう
2022-02-14 21:05:59,切',ポケん神？
2022-02-14 21:06:00,林啓太,なるほど……ｗ
2022-02-14 21:06:00,鯰人「なまんちゅ」,草
2022-02-14 21:06:02,ジョン,かわいそう
2022-02-14 21:06:05,おともあいる,草
2022-02-14 21:06:06,今宮,草
2022-02-14 21:06:08,アーバク,これはひどいｗ
2022-02-14 21:06:09,O.J.I.,草
2022-02-14 21:06:09,ひらり,しかも10連
2022-02-14 21:06:10,ものらる猫,草
2022-02-14 21:06:12,今宮,しかも10連
2022-02-14 21:06:12,そうたろう,天井がああ
2022-02-14 21:06:14,デクロボ,草
2022-02-14 21:06:16,クマノコ,草
2022-02-14 21:06:16,・。・,しかも10連かよｗ
2022-02-14 21:06:17,ナイト竜騎士,こんばんは
2022-02-14 21:06:18,よもぎ ⚰️,草
2022-02-14 21:06:18,名無し,草
2022-02-14 21:06:19,k i,持ち主に似たのか
2022-02-14 21:06:22,文,ガチャ履歴残るのこんなところで役に立つなんてw
2022-02-14 21:06:22,八意ゆきの,かなしいたけ
2022-02-14 21:06:25,foxですよ,まじかよ
2022-02-14 21:06:27,那覇由良（なはゆら）,草
2022-02-14 21:06:29,えあ,八重神子来るのに:loudly_crying_face:
2022-02-14 21:06:29,TT gedo,これはいったい？
2022-02-14 21:06:32,くりのす,草
2022-02-14 21:06:35,Mo oN,強制ガチャ
2022-02-14 21:06:36,・。・,ガチャ運が試されるな
2022-02-14 21:06:37,tanishi,のらならいける
2022-02-14 21:06:38,名無し,頑張れ
2022-02-14 21:06:39,遠すぎた橋,　うわー
2022-02-14 21:06:45,スマイル,草
2022-02-14 21:06:47,麦茶,あと2日
2022-02-14 21:06:49,紅蝶伽,コンプ勢から陥落ですねｗ
2022-02-14 21:06:50,Black Joker,やえみこは我慢で
2022-02-14 21:06:52,クマノコ,それは頭痛くなるｗ
2022-02-14 21:06:52,ぱのぽね,単発で出す夢みればワンチャン
2022-02-14 21:06:56,イモ紅,キツイ
2022-02-14 21:06:57,ひらり,あーあ16日10連で八重神子来てたってことなのに・・・
2022-02-14 21:06:58,文,24連で引いて
2022-02-14 21:06:59,箱推し,明日もそのコントローラーにガチャ引いてもらえば出るんじゃね？
2022-02-14 21:07:06,ジョン,八重神子はまた今度に…
2022-02-14 21:07:08,Mo oN,接触不良だろ
2022-02-14 21:07:11,セラ,かっきん　　かっきん　かっきん
2022-02-14 21:07:14,紅蝶伽,今回武器ガチャも良いのにｗ
2022-02-14 21:07:20,完全剛体リジッド,壊れちゃった…
2022-02-14 21:07:26,foxですよ,へんなのついてるのかね
2022-02-14 21:07:29,飯屋,これから来るガチャの前に引いちゃったの
2022-02-14 21:07:30,八意ゆきの,なんでそんな不憫なん？
2022-02-14 21:07:33,Mo oN,きた
2022-02-14 21:07:35,紅蝶伽,磐岩は何本あってもいい
2022-02-14 21:07:36,ジョン,今きこえた
2022-02-14 21:07:40,ひらり,なんか飛んでた
2022-02-14 21:07:49,pikachu machu,あんた..ガチャはほどほどにしときなさいよ..
2022-02-14 21:07:50,そうたろう,それは萎える
2022-02-14 21:07:51,マグロ丼,いけるいける
2022-02-14 21:07:57,Mizoreya,前借しようず
2022-02-14 21:08:00,foxですよ,コントローラーに癖ついてるんか
2022-02-14 21:08:04,くりのす,などと供述しており
2022-02-14 21:08:07,スマイル,ご主人の為に良かれと思って‥
2022-02-14 21:08:09,飯屋,などと供述しており
2022-02-14 21:08:10,kinoko ruke,コントローラーもガチャ中毒だった
2022-02-14 21:08:11,きりさめ,こんばんは
2022-02-14 21:08:11,名無し,などと供述しており
2022-02-14 21:08:11,ジョン,可哀想
2022-02-14 21:08:17,麦茶,中毒者はみんなそう言う
2022-02-14 21:08:21,ひらり,なきなーさーいー
2022-02-14 21:08:22,k i,脳波コントローラー実現してたのか・・・
2022-02-14 21:08:23,97【クーナ】,分かったわかった
2022-02-14 21:08:28,文,コントローラーのなつき度がすごい
2022-02-14 21:08:30,foxですよ,どんまい
2022-02-14 21:08:31,完全剛体リジッド,スパイウェア仕込まれてる？
2022-02-14 21:08:32,rgmrnda,なるほどねじゃああと90回頑張って回そうね
2022-02-14 21:08:34,デクロボ,
2022-02-14 21:08:35,クマノコ,ガチャ引く癖がついてるんでしょ
2022-02-14 21:08:41,Black Joker,ガチャ狂いすぎて誰も信用してないのがまたｗｗｗ
2022-02-14 21:08:42,切',元気出せ～～
2022-02-14 21:08:47,97【クーナ】,課金すればノーダメ
2022-02-14 21:08:49,・。・,強キャラ凸できたからいいじゃん
2022-02-14 21:08:50,Azu -あず-,コントローラーにもAI入ってたんだな
2022-02-14 21:08:51,きりさめ,右下のポケモンも進化させましょう
2022-02-14 21:08:54,湯葉,今日グラブルで100連してバレンタインキャラ一切来なくて萎えたから気持ちわかるよ
2022-02-14 21:08:54,マグロ丼,コマンド記憶してたんじゃない？
2022-02-14 21:08:59,took,デイリールーチンみたいに無意識で手が動いてたら怖い
2022-02-14 21:09:02,紅蝶伽,八重神子の復刻は結構先になりそうですね
2022-02-14 21:09:04,ひらり,わー
2022-02-14 21:09:07,博多の拳王!,草
2022-02-14 21:09:08,クマノコ,反応ｗ
2022-02-14 21:09:10,チョコレートロマンス,おおーダイケンキや
2022-02-14 21:09:10,マグロ丼,かっけえ
2022-02-14 21:09:11,完全剛体リジッド,:male_sign:って感じだね
2022-02-14 21:09:11,八意ゆきの,草
2022-02-14 21:09:13,デクロボ,オスマルかっこよくなってまぁ
2022-02-14 21:09:13,那覇由良（なはゆら）,グレた
2022-02-14 21:09:13,スマイル,もっとよろこべよ！
2022-02-14 21:09:14,今宮,草
2022-02-14 21:09:16,・。・,闇落ち
2022-02-14 21:09:17,pikachu machu,かっけぇじゃん
2022-02-14 21:09:19,紅蝶伽,黒光りしてる
2022-02-14 21:09:20,TT gedo,どうしちゃったんだは草
2022-02-14 21:09:24,tanishi,うわー・・・じゃないんだよ
2022-02-14 21:09:24,そうたろう,微妙な反応ｗ
2022-02-14 21:09:31,k i,接触不良かな？
2022-02-14 21:09:51,博多の拳王!,ちっさ
2022-02-14 21:09:54,デクロボ,ちっちぇえ
2022-02-14 21:09:56,ひらり,ダイケンキってもっとでかいのかと思ってた
2022-02-14 21:09:57,最強のカルマ,嫌いにならないで
2022-02-14 21:09:58,rgmrnda,青いとことか残ってるだろ
2022-02-14 21:10:04,チョコレートロマンス,中途半端なサイズｗもっとでかいと思った
2022-02-14 21:10:08,クマノコ,思ったより小さいのね
2022-02-14 21:10:09,おともあいる,立派なの生えたじゃん
2022-02-14 21:10:13,774,思ってたより小さい
2022-02-14 21:10:13,クロヘビ局長,うわって言わないであげて
2022-02-14 21:10:13,Jichou P,起動時にスティック傾けたまま始めちゃって、ニュートラルポジションがずれたんかな
2022-02-14 21:10:17,Gimu,おっダイケンキ
2022-02-14 21:10:21,tanishi,ナニがちっちゃい
2022-02-14 21:10:22,そうたろう,角になっちゃった
2022-02-14 21:10:28,湯葉,かわいい水ポケ視聴者から募集しよう
2022-02-14 21:10:30,pikachu machu,優しくしてもろて..
2022-02-14 21:10:32,ひらり,頭にかぶった
2022-02-14 21:10:37,セラ,立派なのが頭に
2022-02-14 21:10:37,紅蝶伽,頭に被ってるよ
2022-02-14 21:10:38,くりのす,股の貝が重要なのか
2022-02-14 21:10:45,博多の拳王!,貝きになりすぎだろ」
2022-02-14 21:10:49,那覇由良（なはゆら）,両前足についてたはず
2022-02-14 21:10:50,ひらり,ノラ君だってパンツ被ったことくらいあるでしょ？
2022-02-14 21:11:04,完全剛体リジッド,石手に入れたのね
2022-02-14 21:11:06,Black Joker,股にあった貝とか弄りにくいネタはやめてほしい
2022-02-14 21:11:27,Azu -あず-,股の貝から角はえたんか
2022-02-14 21:11:41,博多の拳王!,ｗｗｗ
2022-02-14 21:11:42,・。・,おい
2022-02-14 21:11:44,そうたろう,？？？
2022-02-14 21:11:46,クマノコ,おいｗ
2022-02-14 21:11:47,デクロボ,草
2022-02-14 21:11:49,麦茶,さすがヨゴレ担当
2022-02-14 21:11:49,今宮,おい
2022-02-14 21:11:50,TT gedo,すぐエッチなこと言うじゃん
2022-02-14 21:11:51,くりのす,やめとけｗ
2022-02-14 21:11:53,・。・,そういうところやぞ
2022-02-14 21:11:53,チョコレートロマンス,アワビておいｗｗ
2022-02-14 21:11:54,O.J.I.,股が暖かい？
2022-02-14 21:11:55,Azu -あず-,そういうとこだぞ
2022-02-14 21:11:55,オーク紳士,初見です
2022-02-14 21:11:56,完全剛体リジッド,パルシェンとイワークですね
2022-02-14 21:11:56,八意ゆきの,誰もそこまで言ってないのに
2022-02-14 21:11:59,一眼レフ,そういえば先週アワビたびた
2022-02-14 21:12:01,foxですよ,ほんとそれ
2022-02-14 21:12:02,チョコレートロマンス,いつでもやん
2022-02-14 21:12:02,デクロボ,？
2022-02-14 21:12:04,foxですよ,え？
2022-02-14 21:12:04,湯葉,？？？？？？
2022-02-14 21:12:05,紅蝶伽,ノラ君のあわび臭そう
2022-02-14 21:12:05,k i,えっ？
2022-02-14 21:12:06,O.J.I.,鮑…
2022-02-14 21:12:07,名無し,:thinking_face:
2022-02-14 21:12:07,おともあいる,？？？
2022-02-14 21:12:07,アーバク,ん？
2022-02-14 21:12:07,Azu -あず-,いつもだが？
2022-02-14 21:12:08,麦茶,え？
2022-02-14 21:12:09,博多の拳王!,いつもでしょ
2022-02-14 21:12:09,ひらり,いつもそんなに言ってない？
2022-02-14 21:12:10,・。・,いつもだが？
2022-02-14 21:12:10,Flied-eggs,え？
2022-02-14 21:12:10,林啓太,いつもじゃん
2022-02-14 21:12:11,セラ,やめて今アワビのバター醤油食ってたのにっっw
2022-02-14 21:12:11,クマノコ,ポケモン以外でも散々してるでしょ？
2022-02-14 21:12:11,ぱのぽね,は？
2022-02-14 21:12:12,Hell Saturday,いつも言ってるが
2022-02-14 21:12:12,なゆてる / TALE_OTOGAMER,え？
2022-02-14 21:12:13,O.J.I.,いつも言ってますよね
2022-02-14 21:12:15,スマイル,ポケモンの題名もまぁ、あれだし…
2022-02-14 21:12:15,冥土,草
2022-02-14 21:12:15,くりのす,これが現代の12歳
2022-02-14 21:12:15,TT gedo,確かになんでやろな
2022-02-14 21:12:15,優,え？？
2022-02-14 21:12:17,綿雨くーりゃ,いつもじゃん
2022-02-14 21:12:18,妖刀マサムネ,ケモナーだったりする？
2022-02-14 21:12:18,pikachu machu,いつもじゃないの？
2022-02-14 21:12:18,k i,平常運転では？？
2022-02-14 21:12:18,箱推し,収益化の霊圧が
2022-02-14 21:12:27,那覇由良（なはゆら）,いつもじゃね？
2022-02-14 21:12:40,tanishi,ちょっとピンクなだけです
2022-02-14 21:12:44,名無し,汚言症のらーら
2022-02-14 21:12:47,foxですよ,なにかふえた？
2022-02-14 21:12:49,ヤマ,言い訳していいわけ？
2022-02-14 21:12:51,おともあいる,※病気です
2022-02-14 21:12:52,セラ,ザワザワ　ザワザワ　ザワザワ
2022-02-14 21:12:52,Mo oN,※情緒不安定です。
2022-02-14 21:12:53,クロヘビ局長,日本語の下ネタがわからない外人ニキは声真似ウマウマ英語ツヨツヨ配信者だと思ってるんだろうか
2022-02-14 21:12:56,ひらり,コロトック
2022-02-14 21:12:59,クマノコ,草
2022-02-14 21:12:59,博多の拳王!,わかるｗ
2022-02-14 21:13:01,Black Joker,汚いノラさん
2022-02-14 21:13:01,foxですよ,赤いあれじゃん
2022-02-14 21:13:01,チョコレートロマンス,おおーーうまい
2022-02-14 21:13:03,TT gedo,:thinking_face:
2022-02-14 21:13:04,なゆてる / TALE_OTOGAMER,コロトックか
2022-02-14 21:13:04,k i,ちゃんと虹色のおくすり飲んでる？
2022-02-14 21:13:06,湯葉,:thinking_face:
2022-02-14 21:13:07,くりのす,うまいｗ
2022-02-14 21:13:08,紅蝶伽,汚言でガチャ狂い
2022-02-14 21:13:08,ナイト竜騎士,わかる
2022-02-14 21:13:09,えあ,わかったわw
2022-02-14 21:13:11,RYU,コロトック？
2022-02-14 21:13:12,八意ゆきの,コロトック草
2022-02-14 21:13:13,そうたろう,似てる...?
2022-02-14 21:13:15,文,コロトックのやつ
2022-02-14 21:13:17,名無し,わかるけど
2022-02-14 21:13:21,よもぎ ⚰️,コロトックw
2022-02-14 21:13:21,ナイト竜騎士,上手ですね
2022-02-14 21:13:24,pikachu machu,病気でも、受け入れます！！ええんやで
2022-02-14 21:13:39,クマノコ,空き缶ひろってどうぞ
2022-02-14 21:13:39,湯葉,今、星の砂売っちゃった？
2022-02-14 21:13:40,イモ紅,空き缶なら売れる
2022-02-14 21:13:41,ひらり,きんのたまむしり取っていけ
2022-02-14 21:13:42,TT gedo,修理工程はさめば売れるぞ。
2022-02-14 21:13:45,博多の拳王!,缶ひろってうろう
2022-02-14 21:13:47,foxですよ,たまにお宝おちてるで
2022-02-14 21:13:53,オーク紳士,(言われたらあーねってなるくらいって顔)
2022-02-14 21:13:54,一眼レフ,伝わらなければ病気ってことでおけ？
2022-02-14 21:13:56,・。・,余裕ないのに散財するのやめてもろて
2022-02-14 21:13:56,セラ,法律が許してくりゃーせんよ
2022-02-14 21:14:16,simosimo,赤い虫
2022-02-14 21:14:45,湯葉,星の砂はクラフトでワンランク上の換金アイテムにできるぞい
2022-02-14 21:15:15,那覇由良（なはゆら）,ほしのすなはクラフトで5000円の換金素材になる
2022-02-14 21:15:27,オーク紳士,正直クラフトできるようになる頃には砂余りまくるから序盤は売っていいと思うわ
2022-02-14 21:15:48,川原ひ,ガチィ！？
2022-02-14 21:15:59,クロヘビ局長,ガチのクマだよ
2022-02-14 21:16:05,ヤマ,かわいいばあちゃんの声良いね
2022-02-14 21:16:11,文,ガチグマ荒ぶったら三毛別みたいなことになりそう
2022-02-14 21:16:13,Mo oN,ガチじゃないクマはいる？？
2022-02-14 21:16:19,完全剛体リジッド,情けは人のためならず
2022-02-14 21:16:21,マグロ丼,ビジネスですから
2022-02-14 21:16:33,八意ゆきの,ちょろ婆さん
2022-02-14 21:16:33,オーク紳士,割と体格考えるとガチグマくっそエグい
2022-02-14 21:16:35,なゆてる / TALE_OTOGAMER,母国語？
2022-02-14 21:16:36,デクロボ,草
2022-02-14 21:16:37,fuki fue,草
2022-02-14 21:16:39,Mo oN,オレオレ詐欺引っ掛かりそう
2022-02-14 21:16:44,Azu -あず-,なるほどね？
2022-02-14 21:16:48,完全剛体リジッド,恥ずかしッ
2022-02-14 21:16:48,今宮,草
2022-02-14 21:16:54,クマノコ,草
2022-02-14 21:16:55,TT gedo,えぇ…そんな
2022-02-14 21:17:00,名無し,草
2022-02-14 21:17:02,ゆーぎり,よむな！
2022-02-14 21:17:08,foxですよ,ノラばーば
2022-02-14 21:17:15,ゆーぎり,のらおば…
2022-02-14 21:17:22,Mo oN,なんとなくで読んでるのね
2022-02-14 21:17:33,チョコレートロマンス,ノラばぁもいいね
2022-02-14 21:18:00,pikachu machu,ノラバー
2022-02-14 21:18:04,O.J.I.,ガチノラは常に荒ぶっています
2022-02-14 21:18:07,foxですよ,今更だけど名前が「NOVA!!」みたい
2022-02-14 21:18:22,tanishi,ノラなみにちょろい
2022-02-14 21:18:25,Mo oN,石板ガチBBA
2022-02-14 21:18:47,オーク紳士,開拓期なんで人々にクッソ余裕がないってのもあるんよ、多分
2022-02-14 21:18:59,完全剛体リジッド,駅前留学ｗ
2022-02-14 21:19:02,ヤマ,通ってたなー
2022-02-14 21:19:07,博多の拳王!,NOVAうさなつかしいなあ
2022-02-14 21:19:07,pikachu machu,なんでわかるの？
2022-02-14 21:19:17,スマイル,いっぱい聞けて、いっぱいしゃべれる～
2022-02-14 21:19:19,Mo oN,NOVAウサギ潰れたな
2022-02-14 21:19:22,774,NOVAウサギ懐かしい
2022-02-14 21:19:22,オーク紳士,いっぱい聞けていっぱい喋れる
2022-02-14 21:19:39,優,20代だがわからん。。
2022-02-14 21:19:45,七輪舎,通ってた人何歳？？
2022-02-14 21:20:08,foxですよ,ガチグマ様
2022-02-14 21:20:10,萌葱ねる,のらちゃんハッピーバレンタイン！
2022-02-14 21:20:16,那覇由良（なはゆら）,ガチグマはリングマの進化よ
2022-02-14 21:20:23,デクロボ,ガチグマ:male_sign:
2022-02-14 21:20:34,クマノコ,地面タイプじゃないの？
2022-02-14 21:20:35,完全剛体リジッド,地面タイプか
2022-02-14 21:20:37,くりのす,じめんタイプ
2022-02-14 21:20:38,オーク紳士,入ろっかやめよっか考え中♪もNOVAだっけ
2022-02-14 21:20:39,川原ひ,地面タイプやねん
2022-02-14 21:20:41,スマイル,地面だから…
2022-02-14 21:20:41,Mo oN,1/2で草
2022-02-14 21:20:43,川原ひ,ノーマル
2022-02-14 21:20:44,覇王黒咲,地面タイプだから
2022-02-14 21:20:50,那覇由良（なはゆら）,じめんタイプだもの
2022-02-14 21:20:51,川原ひ,ノーマル・地面だった記憶
2022-02-14 21:20:52,篠原,草
2022-02-14 21:20:54,foxですよ,レベルたかすぎんよ～シュコ～
2022-02-14 21:20:54,オーク紳士,地面に電気は……
2022-02-14 21:20:57,完全剛体リジッド,効果ないって言ってるじゃん…
2022-02-14 21:20:59,pikachu machu,雷が地面にあたっても効果ないやろ？
2022-02-14 21:21:07,774,いかつい顔してやることがかわいい
2022-02-14 21:21:10,ひらり,おーっとワカガシラぁ？
2022-02-14 21:21:11,クマノコ,若ァ！
2022-02-14 21:21:15,文,チョロばあ
2022-02-14 21:21:16,くりのす,わかがしらー－－－－－！！
2022-02-14 21:21:17,マグロ丼,硬いね
2022-02-14 21:21:17,優,草
2022-02-14 21:21:18,Gimu,若頭ピンチ
2022-02-14 21:21:20,Yu Ko,あぁ
2022-02-14 21:21:20,ジャク,耐久が
2022-02-14 21:21:21,えあ,若が…
2022-02-14 21:21:22,湯葉,ガチグマ普通に強い
2022-02-14 21:21:23,篠原,若ー！
2022-02-14 21:21:25,foxですよ,ここ来た時だいたいワンパンだったぞｗ
2022-02-14 21:21:37,優,負けとるやないかーいw
2022-02-14 21:21:44,博多の拳王!,男の娘ってことで
2022-02-14 21:21:48,クマノコ,ガキかｗ
2022-02-14 21:21:51,オーク紳士,ガチグマがクッソ優秀なステータスしてんだよな
2022-02-14 21:21:58,Mo oN,すぐイキル
2022-02-14 21:22:06,今宮,タチの悪い煽り草
2022-02-14 21:22:11,foxですよ,なぜ笑う？ｗ
2022-02-14 21:22:11,デクロボ,草
2022-02-14 21:22:12,ひらり,あなたのおかしな状態
2022-02-14 21:22:16,八意ゆきの,草
2022-02-14 21:22:16,篠原,草
2022-02-14 21:22:16,クロヘビ局長,リスペクトのリの字も無い
2022-02-14 21:22:18,博多の拳王!,草
2022-02-14 21:22:18,クマノコ,もう治らんでしょ
2022-02-14 21:22:18,螺旋ヒヤヤッコ,おかしな状態
2022-02-14 21:22:18,くりのす,治せないから違うよ
2022-02-14 21:22:19,牛丼屋の常連,草
2022-02-14 21:22:21,麦茶,ガチャノラや
2022-02-14 21:22:22,今宮,草
2022-02-14 21:22:23,774,ノラ君くたびれたの？
2022-02-14 21:22:24,pikachu machu,そうだよ
2022-02-14 21:22:27,Azu -あず-,治してもらえ
2022-02-14 21:22:28,O.J.I.,ノラのおかしな状態　治せませんね
2022-02-14 21:22:29,foxですよ,ガチグマだったノラーラ？
2022-02-14 21:22:35,ひらり,なんで美里さん
2022-02-14 21:22:37,完全剛体リジッド,ノラ君の状態も治してあげてｗ
2022-02-14 21:22:37,妖刀マサムネ,シラフだったのか…
2022-02-14 21:22:41,オーク紳士,被害妄想すぎるwww
2022-02-14 21:22:41,Mo oN,状態異常のノラ
2022-02-14 21:22:55,八意ゆきの,飲みなさい！？
2022-02-14 21:22:56,pikachu machu,船長？
2022-02-14 21:23:06,オーク紳士,大丈夫？なんでもなおし飲む？
2022-02-14 21:24:01,ひらり,笛のモノマネ
2022-02-14 21:24:17,Mo oN,笑う要素ある？？
2022-02-14 21:24:18,pikachu machu,もう一回飲む？
2022-02-14 21:24:21,ヤマ,えっど
2022-02-14 21:24:24,tanishi,えろ
2022-02-14 21:24:39,八意ゆきの,全部ノラくんの声で配信できるんじゃね
2022-02-14 21:24:42,完全剛体リジッド,掘るのが得意なんだね
2022-02-14 21:24:47,篠原,これはおかしな状態ですね
2022-02-14 21:24:50,モンシア中尉,おクスリ出しておきますね〜
2022-02-14 21:25:06,pikachu machu,おかしな状態治ってないですよ
2022-02-14 21:25:10,七輪舎,ガチグマのガチってそういう
2022-02-14 21:25:38,Black Joker,常におかしな状態でどうやってもデバフが消えないじゃんか
2022-02-14 21:25:47,Gimu,ここほれワンワン
2022-02-14 21:26:05,そうたろう,星のかけらが出た
2022-02-14 21:26:06,那覇由良（なはゆら）,ほしのかけら拾ってたよ
2022-02-14 21:26:11,湯葉,ほしのかけら拾ったよ
2022-02-14 21:26:12,クロヘビ局長,拾ったよ
2022-02-14 21:26:14,クマノコ,拾えてたと思うけど
2022-02-14 21:26:21,オーク紳士,割といいアイテム拾えるからなぁ
2022-02-14 21:26:22,牛丼屋の常連,ほしのかけら拾ってた！
2022-02-14 21:27:17,那覇由良（なはゆら）,そいつジャンプできんからなぁ...
2022-02-14 21:27:27,foxですよ,ジャンプないしな
2022-02-14 21:27:44,シロ猫,可哀想な熊
2022-02-14 21:27:46,オーク紳士,高低差はどうしようもないのよな
2022-02-14 21:27:49,ひらり,ジャンプ力ぅですかねぇ
2022-02-14 21:27:52,クロヘビ局長,上に行くにはオドシシしかないね
2022-02-14 21:28:12,おともあいる,掘れッ！
2022-02-14 21:28:14,ひらり,黒歴史
2022-02-14 21:28:16,クマノコ,黒歴史じゃん
2022-02-14 21:28:18,ヤマ,ああああああ
2022-02-14 21:28:18,foxですよ,ポエム１そこにあったのか！
2022-02-14 21:28:18,今宮,黒歴史じゃん
2022-02-14 21:28:20,えあ,ポエム！？w
2022-02-14 21:28:21,デクロボ,ポエム！？
2022-02-14 21:28:21,シロ猫,ポエム頼めるか？
2022-02-14 21:28:21,文,黒歴史やん
2022-02-14 21:28:23,麦茶,黒歴史じゃん
2022-02-14 21:28:23,牛丼屋の常連,黒歴史！
2022-02-14 21:28:25,そうたろう,お宝だ！
2022-02-14 21:28:27,篠原,ポエム晒されるのかわいそう
2022-02-14 21:28:29,文,しかも1
2022-02-14 21:28:32,おともあいる,黒歴史
2022-02-14 21:28:33,pikachu machu,ノラの黒歴史
2022-02-14 21:28:37,完全剛体リジッド,厨二かな？
2022-02-14 21:28:39,foxですよ,デスポエム
2022-02-14 21:28:39,湯葉,ノラくんも昔書いてたでしょ？正直に言いなさい？
2022-02-14 21:28:39,クマノコ,いたたたたたた
2022-02-14 21:28:40,原サイクロン,うわあああああ
2022-02-14 21:28:43,牛丼屋の常連,あー！はっず！！
2022-02-14 21:28:48,Gimu,黒歴史だｗ
2022-02-14 21:28:50,ひらり,読む
2022-02-14 21:28:53,foxですよ,たのむ
2022-02-14 21:28:56,今宮,楽しみ
2022-02-14 21:28:57,tanishi,朗読会ｗ
2022-02-14 21:28:57,ヤマ,やめてくれえええ
2022-02-14 21:29:00,チョコレートロマンス,読みたーい
2022-02-14 21:29:01,麦茶,読もう
2022-02-14 21:29:01,螺旋ヒヤヤッコ,見たい
2022-02-14 21:29:03,Mo oN,あ・・・
2022-02-14 21:29:05,牛丼屋の常連,草
2022-02-14 21:29:05,完全剛体リジッド,時系列が乱れるｗ
2022-02-14 21:29:06,篠原,未来の日記
2022-02-14 21:29:06,シロ猫,ありがたい！
2022-02-14 21:29:08,文,今黒歴史開示配信やるって
2022-02-14 21:29:08,・。・,がばがばRP
2022-02-14 21:29:09,優,楽しみだわ
2022-02-14 21:29:11,V-MAX,あ！
2022-02-14 21:29:11,そうたろう,残ってるのｗ
2022-02-14 21:29:12,クマノコ,アーカイブ消えそうｗ
2022-02-14 21:29:12,八意ゆきの,見たい
2022-02-14 21:29:18,妖刀マサムネ,飛び級かな？
2022-02-14 21:29:22,Mo oN,設定大事に！！
2022-02-14 21:29:37,foxですよ,未来日記
2022-02-14 21:29:51,オーク紳士,はよ燃やすのだwww
2022-02-14 21:29:56,えあ,草
2022-02-14 21:29:57,牛丼屋の常連,未来をポエムで教えてくれる日記
2022-02-14 21:29:58,今宮,草
2022-02-14 21:30:04,クマノコ,あれは草だった
2022-02-14 21:30:05,完全剛体リジッド,可愛いですねぇ！
2022-02-14 21:30:08,篠原,草
2022-02-14 21:30:11,foxですよ,パン屋の保育園（
2022-02-14 21:30:13,湯葉,保育園付けとけばいいの精神
2022-02-14 21:30:13,冥土,草
2022-02-14 21:30:14,名無し,最近の保育園は凄いなあ
2022-02-14 21:30:18,チョコレートロマンス,ギリギリRPｗｗ
2022-02-14 21:30:19,おともあいる,パン屋が保育園経営してるんやろなぁ
2022-02-14 21:30:22,牛丼屋の常連,パン屋の保育園はガバガバw
2022-02-14 21:30:24,よもぎ ⚰️,草
2022-02-14 21:30:24,Gimu,パン屋の保育園ｗ
2022-02-14 21:30:36,ヤマ,うーん、この
2022-02-14 21:30:54,櫻咲,今日のおぎゃスペースディープウェブ過ぎて赤子こわい
2022-02-14 21:30:57,八意ゆきの,なにそれすご
2022-02-14 21:30:59,マグロ丼,ええなー
2022-02-14 21:31:03,とりのそぼろ,こんのらー
2022-02-14 21:31:06,えあ,えーすごい
2022-02-14 21:31:11,Mizoreya,センシティブ
2022-02-14 21:31:12,そうたろう,それは覚える
2022-02-14 21:31:12,文,いやん！
2022-02-14 21:31:13,クマノコ,いやーんｗ
2022-02-14 21:31:14,名無し,草
2022-02-14 21:31:14,今賀好機,そういう記憶いいなぁ
2022-02-14 21:31:15,チョコレートロマンス,いやーんｗｗｗ
2022-02-14 21:31:15,おともあいる,ｴｯｯｯｯｯ
2022-02-14 21:31:16,RYU,かわいい
2022-02-14 21:31:16,林啓太,えっろ
2022-02-14 21:31:16,Mo oN,暗記パンみたいだな
2022-02-14 21:31:18,とりのそぼろ,いやあん
2022-02-14 21:31:19,ume,かわよ
2022-02-14 21:31:19,完全剛体リジッド,乙女だね
2022-02-14 21:31:19,最強のカルマ,ありがとうございます。
2022-02-14 21:31:19,アーバク,草
2022-02-14 21:31:22,えあ,エッッッッ
2022-02-14 21:31:23,文,メスw
2022-02-14 21:31:25,fuki fue,メスノラw
2022-02-14 21:31:25,O.J.I.,いやーん助かる
2022-02-14 21:31:26,クマノコ,全然メスっぽい言い方じゃなかったぞｗ
2022-02-14 21:31:26,foxですよ,小城夜ちゃん盛り上がっててかわいいよ
2022-02-14 21:31:26,マグロ丼,センシティブ
2022-02-14 21:31:26,ぱのぽね,メスノラいいよー
2022-02-14 21:31:28,ヤマ,よきよき
2022-02-14 21:31:29,デクロボ,ええやん
2022-02-14 21:31:29,冥土,かわいい　
2022-02-14 21:31:31,kinoko ruke,助かる
2022-02-14 21:31:32,なゆてる / TALE_OTOGAMER,助かる
2022-02-14 21:31:33,櫻咲,はっきりいやーんだったｗ
2022-02-14 21:31:36,pikachu machu,実はメスなん？
2022-02-14 21:31:38,foxですよ,急な乙女とかさぁ・・・
2022-02-14 21:31:38,クロヘビ局長,助かってるよ
2022-02-14 21:31:40,Mo oN,設定ガバガバ
2022-02-14 21:31:41,妖刀マサムネ,エッチだ…
2022-02-14 21:31:41,麦茶,乙女わんわん
2022-02-14 21:31:42,たろう,ふぅん・・・
2022-02-14 21:31:47,牛丼屋の常連,メスノラたすかる
2022-02-14 21:31:48,Mizoreya,もっとメスを出していけ
2022-02-14 21:31:52,野良フェンリル,メスノラたすかる
2022-02-14 21:31:53,アライラ,アンコール
2022-02-14 21:31:54,Gimu,草
2022-02-14 21:31:55,Black Joker,あれ変な声だったの？ｗｗ
2022-02-14 21:32:00,文,えっど…？
2022-02-14 21:32:00,モンシア中尉,メスイキは男にしかできないから最も男らしい行為
2022-02-14 21:32:04,くるみ団子,いやぁん
2022-02-14 21:32:06,LOGE,草
2022-02-14 21:32:26,山d,メスの匂いがするぞぉー！:smiling_face_with_hearts:
2022-02-14 21:32:30,牛丼屋の常連,メスイキできるショタとかアツい
2022-02-14 21:32:33,ひらり,メスノラ切り抜き集
2022-02-14 21:32:50,LOGE,フタナリもTSも素晴らしいからOKです！
2022-02-14 21:32:51,foxですよ,寝るかと思ったらスペースやってんだもんな！まったく
2022-02-14 21:33:36,クロヘビ局長,モンジャラにも家族がいるのよ！！
2022-02-14 21:33:43,foxですよ,まじかよ
2022-02-14 21:33:44,完全剛体リジッド,限界化してるｗ
2022-02-14 21:33:48,Mo oN,リアルがってこと？？
2022-02-14 21:33:52,くりのす,互いに褒めちぎる同期
2022-02-14 21:33:54,牛丼屋の常連,草
2022-02-14 21:33:55,ものらる猫,べた褒めじゃん～
2022-02-14 21:34:01,デビッ,会っちゃダメなんだよなぁ
2022-02-14 21:34:04,今宮,てぇてぇ
2022-02-14 21:34:10,冥土,てぇてぇ
2022-02-14 21:34:10,おじじさん,赤ちゃんだからね
2022-02-14 21:34:11,櫻咲,いいにおいノラねえ
2022-02-14 21:34:13,牛丼屋の常連,ばぶちゃんが細いとは？
2022-02-14 21:34:15,foxですよ,ノラ君はいい匂いっていってたゾ
2022-02-14 21:34:15,ヤマ,いいなー
2022-02-14 21:34:16,774,お互い大好きすぎるてぇてぇ
2022-02-14 21:34:19,名無し,てぇてぇ
2022-02-14 21:34:24,モンシア中尉,わかりましたミルクお嬢様をメインで見ます
2022-02-14 21:34:41,林啓太,えちちちち
2022-02-14 21:34:41,アーバク,言ってたねｗ
2022-02-14 21:34:43,牛丼屋の常連,ノラ君はいい匂いって言ってたな
2022-02-14 21:34:53,O.J.I.,いい匂い（美味しそう
2022-02-14 21:34:54,冥土,草
2022-02-14 21:34:54,tanishi,メスのニオイ
2022-02-14 21:34:55,じんすけ,てぇてぇなぁ
2022-02-14 21:34:56,おともあいる,いいにおいレビュー助かった
2022-02-14 21:35:00,文,フェロモンですか？
2022-02-14 21:35:00,774,柔軟剤の匂いだっけ
2022-02-14 21:35:02,Centrum,どっちもほんとベタ褒めだな
2022-02-14 21:35:04,林啓太,してるぞ
2022-02-14 21:35:09,川原ひ,そうだよ
2022-02-14 21:35:10,じんすけ,いいオイニー
2022-02-14 21:35:11,Mo oN,マルチタスク不可
2022-02-14 21:35:16,O.J.I.,どっちも見たよ
2022-02-14 21:35:18,アライラ,服装がメスだったゆうてたな
2022-02-14 21:35:19,クマノコ,フェロモンｗ
2022-02-14 21:35:22,ヤマ,ムンムン
2022-02-14 21:35:26,じんすけ,フェロモン出てるんだ…
2022-02-14 21:35:26,・。・,くせぇのら
2022-02-14 21:35:27,優,香水？
2022-02-14 21:35:27,おじじさん,体臭……？
2022-02-14 21:35:28,ものらる猫,フェロモン草
2022-02-14 21:35:29,にゃんにゃん,メス出たのか
2022-02-14 21:35:32,デビッ,はいはい
2022-02-14 21:35:35,篠原,栗の花
2022-02-14 21:35:35,文,エッッ
2022-02-14 21:35:38,O.J.I.,ほほう
2022-02-14 21:35:42,櫻咲,ほぇ～
2022-02-14 21:35:45,スズキ雲,メスムーブ始まる
2022-02-14 21:35:45,じんすけ,なんか匂うな…
2022-02-14 21:35:46,ヤマ,発情期ってこと？
2022-02-14 21:35:47,牛丼屋の常連,ノラ君のフェロモン？えっっっど
2022-02-14 21:35:50,麦茶,メスの匂い
2022-02-14 21:36:04,よもぎ ⚰️,メス犬臭
2022-02-14 21:36:09,デビッ,耳の後ろ洗ってる？
2022-02-14 21:36:13,那覇由良（なはゆら）,ノラーラフェロモンの匂いの香水販売するかぁ
2022-02-14 21:36:21,foxですよ,食べた？
2022-02-14 21:36:24,Mizoreya,あっ
2022-02-14 21:36:25,完全剛体リジッド,ハエトリソウ？
2022-02-14 21:36:32,じんすけ,虫関係ほんと好きね
2022-02-14 21:36:34,文,ん？？
2022-02-14 21:36:40,出基礎来ない,背面からボールを当てれば捕獲できるかも
2022-02-14 21:36:45,おじじさん,ほうほう
2022-02-14 21:36:47,O.J.I.,触手厨植物？
2022-02-14 21:36:57,綿雨くーりゃ,スキンケア大事
2022-02-14 21:37:10,出基礎来ない,オヤブンは普通に捕獲できます
2022-02-14 21:37:17,デビッ,教えてくれたら同じハンドクリーム買って食べますわ
2022-02-14 21:37:20,那覇由良（なはゆら）,おやぶんもつかまえられるよ
2022-02-14 21:37:21,綿雨くーりゃ,親分捕獲できるよ
2022-02-14 21:37:39,お化け,こんのら～
2022-02-14 21:37:43,オーク紳士,親分は木の実かよせだま投げると捕獲できる
2022-02-14 21:38:11,じんすけ,フェロモンに引き寄せられてんでぇ
2022-02-14 21:38:48,林啓太,のらおじの？！
2022-02-14 21:38:48,おじじさん,呼んだ？
2022-02-14 21:38:50,おともあいる,片玉じゃん
2022-02-14 21:38:50,じんすけ,返して
2022-02-14 21:38:51,マグロ丼,草
2022-02-14 21:38:53,ume,もう一個ありそう
2022-02-14 21:38:53,オーク紳士,ポリゴンかコイル欲しい
2022-02-14 21:38:55,くりのす,もう価値なくなってそう
2022-02-14 21:38:57,アライラ,それはつまりおじさんはメスに...
2022-02-14 21:39:02,オーク紳士,おじさんのきんのたまだからね
2022-02-14 21:39:03,モンシア中尉,もう一回ゆっくり言ってください
2022-02-14 21:39:05,クマノコ,なぜ一個なんだ。。。
2022-02-14 21:39:11,クロヘビ局長,金の玉は落とさないで
2022-02-14 21:39:11,pikachu machu,なんかつかまえてや
2022-02-14 21:39:12,出基礎来ない,ポリゴンは３匹湧く筈
2022-02-14 21:39:17,牛丼屋の常連,こんな所で.....おじさん.....
2022-02-14 21:39:24,ひらり,早業
2022-02-14 21:39:32,えあ,そりゃ無理だよw
2022-02-14 21:39:32,出基礎来ない,優しく→早業？
2022-02-14 21:39:36,完全剛体リジッド,しってた
2022-02-14 21:39:37,篠原,草
2022-02-14 21:39:40,じんすけ,草
2022-02-14 21:39:40,ものらる猫,無茶だろｗ
2022-02-14 21:39:48,八意ゆきの,オーバーキルだろw
2022-02-14 21:39:56,774,せめて苦しくないように
2022-02-14 21:40:02,おじじさん,1万ボルトかな？
2022-02-14 21:40:11,オーク紳士,殺意しかねぇw
2022-02-14 21:40:16,集中力0,こんのら～ガチャ代置いとく
2022-02-14 21:40:17,那覇由良（なはゆら）,ちょうどここでブースターのオヤブン(:female_sign:)捕まえたなぁ
2022-02-14 21:41:04,星狼seirou,こんのらです！
2022-02-14 21:41:10,出基礎来ない,※ランダム湧きのオヤブンはこのマップをクリアしないと出現しません
2022-02-14 21:41:26,星狼seirou,BGMよき
2022-02-14 21:41:33,くりのす,しってる
2022-02-14 21:41:36,おじじさん,見た
2022-02-14 21:41:41,チョコレートロマンス,見た見た
2022-02-14 21:41:47,pikachu machu,おもろかったで
2022-02-14 21:41:48,O.J.I.,見てるよ
2022-02-14 21:41:49,那覇由良（なはゆら）,歪みの中で出てくるモンスターは一定確率でオヤブン化する
2022-02-14 21:41:51,tanishi,みました
2022-02-14 21:41:51,クマノコ,見たよ
2022-02-14 21:41:52,おともあいる,みたみた
2022-02-14 21:41:54,とりのそぼろ,切り抜き見た
2022-02-14 21:41:56,集中力0,チキン食いながら見た
2022-02-14 21:41:58,クロヘビ局長,また素材が増えたね
2022-02-14 21:41:59,飯屋,ホボライブのノラくん
2022-02-14 21:42:11,オーク紳士,知らなかったので見ておきまーす
2022-02-14 21:42:28,星狼seirou,見ました(笑)
2022-02-14 21:42:36,pikachu machu,別世界線のホロックス
2022-02-14 21:42:53,星狼seirou,本日のガチャ爆死綾波レイ
2022-02-14 21:42:56,ヤマ,かなたそは似てる
2022-02-14 21:43:32,星狼seirou,こわっ
2022-02-14 21:43:36,川原ひ,インデックスのモノマネはスペースだっけ？って悩んでそう
2022-02-14 21:43:38,文,鼓膜ないなった
2022-02-14 21:43:47,オーク紳士,常闇ト○とか似てそう
2022-02-14 21:43:48,FoxP,get those pokemon
2022-02-14 21:44:01,pikachu machu,声質的にはラミィもできそうやで
2022-02-14 21:44:05,チョコレートロマンス,16年前くらいの曲だが
2022-02-14 21:44:05,えあ,うわ懐かしい曲だなぁ…
2022-02-14 21:44:17,さいころ,いよっワカガシラ！
2022-02-14 21:44:23,ドムドム,こんばんは
2022-02-14 21:44:33,もものぶ,初見です(*´∀｀*)こんばんうぃ〜〜〜
2022-02-14 21:44:40,篠原,ｲﾏｾﾝﾖ…
2022-02-14 21:44:45,星狼seirou,あぶなっ
2022-02-14 21:44:46,ドムドム,ビークイン
2022-02-14 21:45:09,チョコレートロマンス,ナイスボート
2022-02-14 21:45:14,星狼seirou,草
2022-02-14 21:45:21,クマノコ,nice boat
2022-02-14 21:45:25,那覇由良（なはゆら）,ビークインたしかレベル高い
2022-02-14 21:45:29,篠原,:ship:
2022-02-14 21:45:36,文,かぬぁ〜し〜みの〜
2022-02-14 21:45:36,オーク紳士,スクイズってアニメいつだっけ……
2022-02-14 21:45:39,篠原,ｗｗｗｗｗ
2022-02-14 21:45:40,原サイクロン,はあ！？16年前！？
2022-02-14 21:45:40,・。・,うっさ
2022-02-14 21:45:50,篠原,深層バクラ
2022-02-14 21:45:51,星狼seirou,サトシ似てたw
2022-02-14 21:46:01,完全剛体リジッド,さざめけ…
2022-02-14 21:46:11,pikachu machu,にげろ
2022-02-14 21:46:12,完全剛体リジッド,飛行タイプ
2022-02-14 21:46:15,覇王黒咲,飛行
2022-02-14 21:46:17,オーク紳士,火かなぁ
2022-02-14 21:46:17,川原ひ,炎飛岩
2022-02-14 21:46:23,Gimu,石とか飛行とか
2022-02-14 21:46:34,覇王黒咲,岩4倍
2022-02-14 21:46:40,星狼seirou,ﾂﾖｽｷﾞｨ！
2022-02-14 21:46:45,篠原,かわせ！
2022-02-14 21:46:51,おじじさん,飛んでどーすんねん
2022-02-14 21:46:52,レンゲル,こんばんは
2022-02-14 21:46:54,レンゲル,とべ！！は草　
2022-02-14 21:46:55,さいころ,チェリムには鉄砲玉と名付けたくなるなｗ
2022-02-14 21:46:58,出基礎来ない,ビークイン（むし・ひこう）　弱点：ほのお・ひこう・こおり・いわ(二重)
2022-02-14 21:46:59,マグロ丼,パワハラw
2022-02-14 21:47:03,クマノコ,じこさいせい強いｗ
2022-02-14 21:47:05,えあ,自己再生www
2022-02-14 21:47:05,くりのす,飛ぶ（ひんし）
2022-02-14 21:47:07,ひらり,じこさいせいもちのめんどくささ
2022-02-14 21:47:08,オーク紳士,今作は4倍ないらしいで
2022-02-14 21:47:16,覇王黒咲,電気抜群
2022-02-14 21:47:24,おじじさん,やばいな
2022-02-14 21:47:31,pikachu machu,にげろ
2022-02-14 21:47:32,Gimu,ショタが女王に襲われる
2022-02-14 21:47:40,根がかり侍,こんぺ、、、こんノラ～www
2022-02-14 21:47:47,出基礎来ない,4倍弱点の概念がなかろうと、図鑑には必要なのでセーフ
2022-02-14 21:47:49,星狼seirou,ニンフィア持ってるんだ。
2022-02-14 21:47:57,K,
2022-02-14 21:48:00,オーク紳士,草二匹はきつい
2022-02-14 21:48:10,完全剛体リジッド,ピン刺しヨシ！
2022-02-14 21:48:20,星狼seirou,マヨラー3.00かな？
2022-02-14 21:48:39,O.J.I.,マヨラーは草
2022-02-14 21:48:46,クマノコ,グーグル先生は偉大
2022-02-14 21:48:46,出基礎来ない,この村に道具入れ等はありません
2022-02-14 21:48:54,クロヘビ局長,日本語は怪しいけどな
2022-02-14 21:48:58,ひらり,キャンプじゃないと
2022-02-14 21:49:06,えあ,eigo tottemo jyozu
2022-02-14 21:49:09,那覇由良（なはゆら）,村は回復ないよ？
2022-02-14 21:49:11,オーク紳士,キャンプのテントしかできないで
2022-02-14 21:49:17,名無し,マヨラー草
2022-02-14 21:49:22,さいころ,田舎は外部の者に厳しい。
2022-02-14 21:49:29,星狼seirou,集落「:loudly_crying_face:」
2022-02-14 21:49:39,ひらり,ポケモン入れ替えはそこの人でできるよ
2022-02-14 21:49:42,出基礎来ない,シュウゾウさんに有り金全部貢ごうぜ！
2022-02-14 21:49:46,オーク紳士,ポケセン？ないよ？の精神
2022-02-14 21:49:54,サブノック,マレーシアリンギットらしい
2022-02-14 21:50:00,オーク紳士,入れ替えはテント横でもできるで
2022-02-14 21:50:10,星狼seirou,草
2022-02-14 21:50:32,湯葉,ダイパ？
2022-02-14 21:50:33,ヤマ,ルビー？
2022-02-14 21:50:35,マグロ丼,bw？
2022-02-14 21:50:45,オーク紳士,剣盾？
2022-02-14 21:50:49,pikachu machu,そもそも違いあるん？
2022-02-14 21:50:52,pencil50102,こんばんは^_^/
2022-02-14 21:50:54,ﾆﾝｼﾞﾝ,こんのらでーす
2022-02-14 21:50:56,クマノコ,違いわからんｗ
2022-02-14 21:50:58,そうたろう,わからん
2022-02-14 21:51:14,スマイル,第1世代‥！？
2022-02-14 21:51:23,えあ,草
2022-02-14 21:51:29,マグロ丼,なんだと……
2022-02-14 21:51:54,オーク紳士,一人でツッコんで一人で完結しないでよwww
2022-02-14 21:52:09,クマノコ,まともなこと言ってる…
2022-02-14 21:52:43,那覇由良（なはゆら）,ビークイン英語名Vespiquenだって
2022-02-14 21:52:53,湯葉,オーウ！ポーキモーン！
2022-02-14 21:52:59,チョコレートロマンス,ピカは一緒なんだ
2022-02-14 21:53:21,おともあいる,キリンリキがgirafarigでどっちも回文ってのだけは覚えてる
2022-02-14 21:53:34,さいころ,おやおや、かみなりのいしをお持ちでない？:mouse::high_voltage:
2022-02-14 21:53:34,すぱいしー からくて,ｲｯﾂﾋﾟｶﾁｭｳ!ﾌｧｧｧｯｸ！しか知らない
2022-02-14 21:53:37,星狼seirou,めっちゃ元気になって何よりですw
2022-02-14 21:53:39,・。・,煽りおる
2022-02-14 21:53:42,出基礎来ない,伝説系統やマリルとかも一緒だった気がする
2022-02-14 21:53:51,文,陽キャポケモン
2022-02-14 21:53:57,完全剛体リジッド,カリフォルニアガールｗ
2022-02-14 21:53:57,えあ,英語だとモンスターボールもpokeballだし
2022-02-14 21:53:59,湯葉,深く考えずにポケットモンスターって名前にして海外展開に無駄な苦労した話好き
2022-02-14 21:54:31,クロヘビ局長,海外ドラマのカースト高い女子キャラがそんな感じよね
2022-02-14 21:54:37,スマイル,あ
2022-02-14 21:54:37,出基礎来ない,雷の石は黒い鉱床からも取れますよ
2022-02-14 21:54:40,ヤマ,？？？
2022-02-14 21:54:44,クマノコ,は？
2022-02-14 21:54:48,おともあいる,？？？？？
2022-02-14 21:54:48,最強のカルマ,え？
2022-02-14 21:54:49,pikachu machu,？
2022-02-14 21:54:49,チョコレートロマンス,ストレートに言うなー
2022-02-14 21:54:50,Azu -あず-,は？
2022-02-14 21:54:53,オーク紳士,かみなりのいしってムラで交換出来なかったっけ？
2022-02-14 21:54:54,O.J.I.,は？
2022-02-14 21:54:55,完全剛体リジッド,ん？
2022-02-14 21:54:58,Gimu,えっ？
2022-02-14 21:54:59,オーク紳士,今なんて？
2022-02-14 21:55:01,スマイル,ポケットの中のモンスターってことね、ＨＡＨＡ！
2022-02-14 21:55:01,麦茶,は？
2022-02-14 21:55:03,マグロ丼,もう言い訳できんぞ
2022-02-14 21:55:03,さいころ,よごれ、助かる:grinning_cat:
2022-02-14 21:55:04,篠原,上ネタｗｗ
2022-02-14 21:55:05,Black Joker,体調悪いときはあんまり言わないよね
2022-02-14 21:55:06,はこ,解釈違い
2022-02-14 21:55:06,のぬさん,こんのら〜、元気？
2022-02-14 21:55:09,那覇由良（なはゆら）,進化石は宝掘りでもたまに取れるぞ
2022-02-14 21:55:17,出基礎来ない,即持てなくなりました
2022-02-14 21:55:21,川原ひ,この道具は持ちきれません？かな
2022-02-14 21:55:24,クロヘビ局長,１０分に一回は言ってるだろ
2022-02-14 21:55:26,箱推し,調子良さそうで良かった
2022-02-14 21:55:28,ロレーナホクホク島麺,^_^
2022-02-14 21:55:30,麦茶,口を開けば下ネタ出てくるじゃん
2022-02-14 21:55:35,出基礎来ない,道具を仕舞って来るんだよおおお！！
2022-02-14 21:55:39,さいころ,歪んでるのはノラーラの心だよっ:glowing_star:
2022-02-14 21:55:46,LOGE,今北産業
2022-02-14 21:55:50,マグロ丼,草
2022-02-14 21:55:58,湯葉,雷の石、フレンドポイントで引き換えちゃばいいんじゃね？
2022-02-14 21:55:59,チョコレートロマンス,まあ元気になって良かったｗｗ
2022-02-14 21:56:02,クロヘビ局長,ノラはモテなくなりました
2022-02-14 21:56:07,クマノコ,毎秒下ネタいってこう
2022-02-14 21:56:24,デクロボ,草
2022-02-14 21:56:25,星狼seirou,SCPしってるなら相当かとw
2022-02-14 21:56:25,ヤマ,？？？
2022-02-14 21:56:26,出基礎来ない,雷の石をフレンドポイントで交換はもったいなさ過ぎる…
2022-02-14 21:56:29,pikachu machu,は？
2022-02-14 21:56:30,スマイル,下ネタはやｗ
2022-02-14 21:56:40,ﾆﾝｼﾞﾝ,クラフトして荷物減らしては
2022-02-14 21:56:45,zero,切り抜きから来ました、これからよろしくお願いします
2022-02-14 21:56:45,文,下ネタ1000本ノック
2022-02-14 21:56:45,芳乃シンヤ,○○ズリの実
2022-02-14 21:56:45,アライラ,陰棒論？
2022-02-14 21:56:56,綿雨くーりゃ,下ネタ好きだねー
2022-02-14 21:57:07,オーク紳士,もう中身男じゃん……でもぶっちゃけ皆んな思うよね！
2022-02-14 21:57:08,出基礎来ない,進化の石は鉱床からも出てきますよ
2022-02-14 21:57:10,O.J.I.,下ネタ百人組み手とか出来そう
2022-02-14 21:57:12,星狼seirou,マナイタの実･････
2022-02-14 21:57:13,おともあいる,パイｚはノラ君じゃできな…
2022-02-14 21:57:21,湯葉,陰謀論…とめるがVtuberっていうのは表向きで、実は深層組のバックが行なっている壮大な社会実験だって説が好き
2022-02-14 21:57:26,クマノコ,パイの実とズリの実を合わせると…
2022-02-14 21:57:30,原サイクロン,ズリの実でパイ作るとズリパイじゃん
2022-02-14 21:57:31,ﾆﾝｼﾞﾝ,色ちがいコダック、クビになってる…
2022-02-14 21:57:51,pikachu machu,深層組が陰謀みたいなとこある
2022-02-14 21:58:00,マグロ丼,ノラくんの玉！？
2022-02-14 21:58:09,クロヘビ局長,おじさん片玉になっちゃった
2022-02-14 21:58:10,LOGE,フタナリノラ！？
2022-02-14 21:58:25,オーク紳士,水ポケは優秀なの多くて激戦区なのよね
2022-02-14 21:58:27,星狼seirou,ズバットは焼いて食べると美味しそうですよね
2022-02-14 21:58:36,pikachu machu,魂あるよ
2022-02-14 21:58:38,篠原,草
2022-02-14 21:58:51,湯葉,一回走り出したら連続で見つかって訳わかんないとこまで移動するのあるある
2022-02-14 21:58:59,妖刀マサムネ,コウモリは雑菌たくさん有りそうで怖いぞ
2022-02-14 21:59:13,完全剛体リジッド,コウモリ食はちょっと…
2022-02-14 21:59:17,pikachu machu,あった
2022-02-14 21:59:18,クロヘビ局長,へっぴり腰で歩いとる
2022-02-14 21:59:26,星狼seirou,お
2022-02-14 22:00:01,オーク紳士,正直ここまでパラスが好戦的だとは思わなかったわ
2022-02-14 22:00:05,チョコレートロマンス,博識赤子
2022-02-14 22:00:06,スマイル,草
2022-02-14 22:00:06,湯葉,草
2022-02-14 22:00:09,八意ゆきの,草
2022-02-14 22:00:09,星狼seirou,陰謀論です
2022-02-14 22:00:11,名無し,草
2022-02-14 22:00:19,櫻咲,草
2022-02-14 22:00:22,オーク紳士,スズメとかカラスはクッソきったないからね
2022-02-14 22:00:26,スマイル,カラスは綺麗好きってきくけどなぁ
2022-02-14 22:00:30,クマノコ,鳥はばっちぃのよ
2022-02-14 22:00:47,はばな,謎の雑学に詳しい赤子
2022-02-14 22:00:49,名無し,カラスはゴミ漁るから汚いのはしゃーない
2022-02-14 22:00:51,LOGE,陰棒論
2022-02-14 22:00:53,Azu -あず-,ハトも近くで飛ばれるのイヤだわ
2022-02-14 22:00:53,湯葉,イカは宇宙人の送り込んだ偵察カメラ説
2022-02-14 22:00:54,八意ゆきの,カラスは死体食べるとかいうの陰謀論じゃないの
2022-02-14 22:01:02,出基礎来ない,オヤブンビークインはオヤブンマスキッパの近くですね
2022-02-14 22:01:07,O.J.I.,バブちゃん陰謀論好きそうよね
2022-02-14 22:01:19,篠原,ｗｗｗｗｗｗ
2022-02-14 22:01:28,きつね日和,こんのらー
2022-02-14 22:01:33,えあ,急なジョイマン
2022-02-14 22:01:37,箱推し,ビークインでっか
2022-02-14 22:01:38,星狼seirou,なにあれ？
2022-02-14 22:01:42,出基礎来ない,背面からボールを当てると有利取れますよ
2022-02-14 22:01:53,星狼seirou,ああ、ビークインか
2022-02-14 22:02:01,クロヘビ局長,ノラキンさんだ！！
2022-02-14 22:02:05,ﾆﾝｼﾞﾝ,木の実投げたらよってきますよ
2022-02-14 22:02:17,オーク紳士,木の実ミツあればいいんだけどね
2022-02-14 22:02:17,完全剛体リジッド,ｽﾃﾝﾊﾞｰｲ…
2022-02-14 22:02:19,那覇由良（なはゆら）,もうビークインめんどくさくてけむりだまでちかづいてメガトン投げた方が早いまである
2022-02-14 22:02:30,箱推し,ジオング
2022-02-14 22:02:43,星狼seirou,ガンダムみたいですね
2022-02-14 22:02:44,いっち,穴がいっぱいだ
2022-02-14 22:02:52,Vおじ,ﾌﾞﾝﾌﾞﾝ
2022-02-14 22:02:53,八意ゆきの,化け物だよね
2022-02-14 22:02:54,クマノコ,大きさの対比はすごいわかりやすいよね
2022-02-14 22:03:01,星狼seirou,草
2022-02-14 22:03:04,箱推し,ホエルオーは居ないんかな今作
2022-02-14 22:03:06,オーク紳士,え？お前そんなでかいの？っていうの結構居るよね
2022-02-14 22:03:09,O.J.I.,足なんて飾りですよ
2022-02-14 22:03:13,えあ,普通にモンスターだよね
2022-02-14 22:03:16,よもぎ ⚰️,モンスター
2022-02-14 22:03:25,ジョン,本当にみんな身の安全のためにポケモン持ち歩いてたんだなとわかる
2022-02-14 22:03:26,クロヘビ局長,近寄ってこねぇな
2022-02-14 22:03:30,星狼seirou,:unicorn:
2022-02-14 22:03:31,湯葉,ギャロップオヤブンのデカさに震えた
2022-02-14 22:03:35,クマノコ,おおおお
2022-02-14 22:03:38,はこ,ないす！
2022-02-14 22:03:39,Gimu,ギャロップカッコいいな
2022-02-14 22:03:40,マグロ丼,ノラぼん
2022-02-14 22:03:42,ひらり,優秀なニート
2022-02-14 22:03:42,完全剛体リジッド,ダメージ感覚完璧！
2022-02-14 22:03:56,オーク紳士,ポケモン無しに草むら入るのがどれだけ無謀かよくわかる
2022-02-14 22:03:57,デクロボ,おおぅ
2022-02-14 22:03:58,星狼seirou,やば
2022-02-14 22:03:59,とりのそぼろ,ゆたぼん！
2022-02-14 22:04:03,O.J.I.,女王蜂:male_sign:
2022-02-14 22:04:09,きつね日和,オスの女王蜂もいるかもよ？
2022-02-14 22:04:09,妖刀マサムネ,オスのビークインがいたら怖いな…
2022-02-14 22:04:10,クロヘビ局長,Rボタンから投げない派なのね
2022-02-14 22:04:23,出基礎来ない,オヤブンポケモンの大半は複数タイプの技を仕込んでいるので…
2022-02-14 22:04:24,湯葉,ワカガシラ、でんじは使えない？
2022-02-14 22:04:42,クマノコ,あーじこさいせいあったね
2022-02-14 22:04:48,星狼seirou,10まんで麻痺狙い
2022-02-14 22:05:06,八意ゆきの,じこさい連打草
2022-02-14 22:05:47,はこ,いえーい
2022-02-14 22:05:54,箱推し,やるじゃん
2022-02-14 22:05:59,八意ゆきの,ないすぅ
2022-02-14 22:06:03,星狼seirou,あww
2022-02-14 22:06:05,クマノコ,おお、いつの間に
2022-02-14 22:06:05,今宮,おお！
2022-02-14 22:06:06,箱推し,おっ
2022-02-14 22:06:07,完全剛体リジッド,キターーーーーー
2022-02-14 22:06:08,出基礎来ない,鉱床から取れてた雷の石！
2022-02-14 22:06:08,お化け,:grinning_face_with_big_eyes::victory_hand:
2022-02-14 22:06:11,はこ,ついに
2022-02-14 22:06:12,えあ,うおおおおおおおおお
2022-02-14 22:06:12,デクロボ,おお
2022-02-14 22:06:19,文,やったぜ
2022-02-14 22:06:20,took,若頭から昇進か・・
2022-02-14 22:06:23,野良フェンリル,進化だあああ
2022-02-14 22:06:24,ものらる猫,きちゃ？
2022-02-14 22:06:24,オーク紳士,おぉぉぉぉ
2022-02-14 22:06:24,スマイル,ついに
2022-02-14 22:06:28,那覇由良（なはゆら）,おおおおお
2022-02-14 22:06:29,八意ゆきの,やったぜ。
2022-02-14 22:06:30,原サイクロン,いよいよか
2022-02-14 22:06:35,クマノコ,若頭！
2022-02-14 22:06:40,Gimu,おぉ
2022-02-14 22:06:41,オーク紳士,クミチョーになるん？
2022-02-14 22:06:44,ひらり,耳
2022-02-14 22:06:46,スマイル,草
2022-02-14 22:06:46,ヤマ,おおー
2022-02-14 22:06:49,よもぎ ⚰️,鼓膜が
2022-02-14 22:06:50,鯰人「なまんちゅ」,若頭ｗｗｗ
2022-02-14 22:06:51,文,ｳﾞｧｯ
2022-02-14 22:06:52,デクロボ,ライラーイ
2022-02-14 22:06:53,・。・,BBBBB
2022-02-14 22:06:53,Azu -あず-,おめでとー
2022-02-14 22:06:54,今宮,草
2022-02-14 22:06:56,はこ,貫禄出た
2022-02-14 22:06:56,スマイル,ライチュウかわいいよな
2022-02-14 22:06:57,クマノコ,耳壊れた
2022-02-14 22:06:57,ものらる猫,ライチュウおめおめ
2022-02-14 22:06:58,アライラ,鼓膜が――――！！！
2022-02-14 22:06:58,微糖,おめでとう
2022-02-14 22:06:59,星狼seirou,鼓膜「じゃあね」
2022-02-14 22:07:00,完全剛体リジッド,ライチュウ可愛いですねぇ！
2022-02-14 22:07:02,櫻咲,耳が
2022-02-14 22:07:02,半熟,いった
2022-02-14 22:07:06,マグロ丼,きた！
2022-02-14 22:07:07,冷やっこ,かわいい
2022-02-14 22:07:08,Gimu,ライラーイ
2022-02-14 22:07:09,774,おめでとう
2022-02-14 22:07:11,星狼seirou,かわいい
2022-02-14 22:07:12,とりのそぼろ,かわヨ
2022-02-14 22:07:13,箱推し,おめでとう！ワカガシラ は クミチョウ に進化した！
2022-02-14 22:07:14,LOGE,若頭は組長に進化した！
2022-02-14 22:07:14,モンシア中尉,やったな組長
2022-02-14 22:07:21,名無し,かわいい
2022-02-14 22:07:31,よもぎ ⚰️,かわいい
2022-02-14 22:07:31,とりのそぼろ,竜宮レナかとおもった
2022-02-14 22:07:32,箱推し,でっかいなぁ
2022-02-14 22:07:41,湯葉,写真屋行こうぜー
2022-02-14 22:07:43,星狼seirou,組長www
2022-02-14 22:07:48,O.J.I.,クミチュウは草
2022-02-14 22:07:51,クマノコ,ピカ様には勝てん
2022-02-14 22:07:53,はこ,ねた
2022-02-14 22:07:56,LOGE,組長を盗撮！
2022-02-14 22:08:00,完全剛体リジッド,お腹ポッコリ可愛い
2022-02-14 22:08:05,ドムドム,ネズミもいけるんだ
2022-02-14 22:08:07,出基礎来ない,仰向けで寝るのかｗ
2022-02-14 22:08:07,八意ゆきの,寝てるのかわいい
2022-02-14 22:08:14,箱推し,猫みたいな寝方するじゃん
2022-02-14 22:08:22,半熟,モフりたい
2022-02-14 22:08:25,篠原,かわいい
2022-02-14 22:08:29,出基礎来ない,ZLで接写だ！
2022-02-14 22:08:30,774,失われた野生
2022-02-14 22:08:33,クロヘビ局長,襲われ待ちですよ
2022-02-14 22:08:33,えあ,寝てるの可愛いな
2022-02-14 22:08:37,took,服従のポーズじゃん
2022-02-14 22:08:41,八意ゆきの,お腹がいい
2022-02-14 22:08:48,星狼seirou,接写できるんだ
2022-02-14 22:08:53,774,リラックスした猫みたいな寝方
2022-02-14 22:08:53,テルゲス,触り心地よさそう
2022-02-14 22:08:55,名無し,モフりたい
2022-02-14 22:08:59,ものらる猫,かわいいね
2022-02-14 22:08:59,ヤマ,吸おう
2022-02-14 22:09:02,出基礎来ない,ZL押し続けてみて
2022-02-14 22:09:25,アール・グレイ,ライ吸いするかぁ
2022-02-14 22:09:25,星狼seirou,草
2022-02-14 22:09:30,クマノコ,写真だけじゃなくて動画も取りたくなる
2022-02-14 22:09:45,ドムドム,なに見てんだよ！
2022-02-14 22:09:55,文,ライチュウって意外とでかいのね
2022-02-14 22:10:36,那覇由良（なはゆら）,その近くだとメガヤンマのオヤブンとか強いよ
2022-02-14 22:10:40,湯葉,モウカザルも進化できるやんけ！
2022-02-14 22:10:46,ものらる猫,抱っこで腰痛めそう
2022-02-14 22:10:50,くりのす,ドサイドン
2022-02-14 22:10:52,覇王黒咲,サイドン
2022-02-14 22:10:53,ひらり,サイ
2022-02-14 22:10:53,そうたろう,ポケモン
2022-02-14 22:10:53,ねめしす,サイドン
2022-02-14 22:11:05,クロヘビ局長,いい加減道具しまいに行こうや
2022-02-14 22:11:05,出基礎来ない,プロテクターはサイホーンを進化させると使えるようになります
2022-02-14 22:11:06,えあ,サイドンの進化だっけ
2022-02-14 22:11:09,妖刀マサムネ,アルセウスのサイズは個体差あるから滅茶苦茶小さいライチュウもいるよ
2022-02-14 22:11:13,ﾆﾝｼﾞﾝ,進化させてもらえないモウカザル
2022-02-14 22:11:14,那覇由良（なはゆら）,プロテクターはサイドンがドサイドンになる
2022-02-14 22:11:16,川原ひ,ドサイドンの進化条件
2022-02-14 22:11:26,ドムドム,ハッサムってなんだっけ？
2022-02-14 22:11:45,テルゲス,かまきり？
2022-02-14 22:11:55,星狼seirou,メタルコート？
2022-02-14 22:12:31,川原ひ,メタルコートだっけ
2022-02-14 22:12:34,ドムドム,そうだメタルコートか
2022-02-14 22:12:34,覇王黒咲,ストライクにメタルコート
2022-02-14 22:12:44,文,えらい
2022-02-14 22:12:55,湯葉,ゴウカザル好きなんだよなー
2022-02-14 22:13:09,原サイクロン,草
2022-02-14 22:13:11,チョコレートロマンス,野猿か
2022-02-14 22:13:11,O.J.I.,あっ
2022-02-14 22:13:12,星狼seirou,草
2022-02-14 22:13:15,八意ゆきの,とめーら！？
2022-02-14 22:13:16,おともあいる,草
2022-02-14 22:13:18,湯葉,草
2022-02-14 22:13:18,はこ,草
2022-02-14 22:13:19,ミュラー,のざるやんけ
2022-02-14 22:13:25,Gimu,野猿ｗ
2022-02-14 22:13:25,クロヘビ局長,よう許可だしたなｗ
2022-02-14 22:13:26,名無し,草
2022-02-14 22:13:27,きつね日和,草
2022-02-14 22:13:31,85 25,とめる:male_sign:
2022-02-14 22:13:32,湯葉,とめるお兄さま！？
2022-02-14 22:13:33,そうたろう,サ誰につけるか言った？ｗ
2022-02-14 22:13:33,スマイル,草
2022-02-14 22:13:34,覇王黒咲,草
2022-02-14 22:13:34,O.J.I.,とめる:male_sign:
2022-02-14 22:13:35,ひらり,ゴウカザルのきんのたま
2022-02-14 22:13:35,川原ひ,野猿
2022-02-14 22:13:35,ドムドム,野猿
2022-02-14 22:13:42,きつね日和,とめる君…！？
2022-02-14 22:13:42,山田太郎,みてるかー
2022-02-14 22:13:44,文,とめる:male_sign:
2022-02-14 22:13:44,pikachu machu,トメオ
2022-02-14 22:13:46,星狼seirou,とめる「ｳｷｨｨｨｨ↑↑」
2022-02-14 22:13:47,はばな,トメル:male_sign:
2022-02-14 22:13:47,智穂 中村,たれ
2022-02-14 22:13:50,那覇由良（なはゆら）,とめるのきんのたま
2022-02-14 22:13:51,優,おら、メスになれ！
2022-02-14 22:13:53,チョコレートロマンス,息根とめ雄
2022-02-14 22:13:57,麦茶,去勢しよう
2022-02-14 22:13:58,ねめしす,誰やねんww
2022-02-14 22:14:04,名無し,去勢しなきゃ
2022-02-14 22:14:08,pikachu machu,きんのたまもたせよう
2022-02-14 22:14:14,Azu -あず-,ボスザルになりそう
2022-02-14 22:14:17,完全剛体リジッド,ﾎﾟｯﾁｬﾏ…
2022-02-14 22:14:20,お化け,性転換しちまった
2022-02-14 22:14:24,文,普段からちんち○言うてるしまあ
2022-02-14 22:14:27,星狼seirou,金の玉剥ぎ取ろう
2022-02-14 22:14:31,チョコレートロマンス,モロッコとか
2022-02-14 22:14:36,半熟,はえてる方が喜びそう
2022-02-14 22:14:58,pikachu machu,ボールつくろうぜ
2022-02-14 22:14:59,フル。フル。,のらさんって処女ですか？
2022-02-14 22:15:38,マグロ丼,童貞ですよ
2022-02-14 22:15:40,Azu -あず-,ノラくんは非童貞だよ
2022-02-14 22:15:44,箱推し,童貞だよ
2022-02-14 22:15:44,名無し,処女で童貞
2022-02-14 22:15:47,tanishi,のらくんさん
2022-02-14 22:15:49,ヤマ,男にだって後ろの処女あるじゃん
2022-02-14 22:15:51,Mizoreya,男にも処女はあるんだよなあ
2022-02-14 22:15:51,Hell Saturday,痴女ですよ
2022-02-14 22:15:53,おともあいる,男でも処女かは答えられるんじゃね？え？
2022-02-14 22:15:55,85 25,もう全部乗せにしよう
2022-02-14 22:15:57,アール・グレイ,可愛ければどっちだっていいじゃないか
2022-02-14 22:16:02,ドムドム,未経験は変わらないと
2022-02-14 22:16:05,ねめしす,そこの落し物のところにノラくんの好きな親分おるで
2022-02-14 22:16:10,O.J.I.,全部乗せ草
2022-02-14 22:16:17,八意ゆきの,痔で察しよう
2022-02-14 22:16:18,出基礎来ない,アヤシシで登れますね。徒歩は相当キツイ…
2022-02-14 22:16:19,アライラ,童貞だけど露出狂のイメージ
2022-02-14 22:16:22,完全剛体リジッド,強引に登りますねｗ
2022-02-14 22:16:35,チョコレートロマンス,ノラ君はヤリチンでしょう
2022-02-14 22:16:39,クロヘビ局長,散々言われてて草
2022-02-14 22:16:46,エソオン,これが力業
2022-02-14 22:16:53,出基礎来ない,オヤブンライチュウの場所でございます
2022-02-14 22:16:59,はこ,わあ
2022-02-14 22:17:00,ひらり,オヤブン！
2022-02-14 22:17:01,星狼seirou,あ！
2022-02-14 22:17:02,クマノコ,野生のライチュウじゃん！
2022-02-14 22:17:05,ものらる猫,野生でおるんか
2022-02-14 22:17:10,博多の拳王!,でた～
2022-02-14 22:17:11,湯葉,結構レア
2022-02-14 22:17:15,はこ,親分だ
2022-02-14 22:17:17,箱推し,でっか
2022-02-14 22:17:17,O.J.I.,野生なんだ
2022-02-14 22:17:20,完全剛体リジッド,二匹目！やったぁぁぁ！
2022-02-14 22:17:22,クロヘビ局長,でっけぇライチュウだ
2022-02-14 22:17:27,すんすんーすんすんちゃんねる,オヤブンじゃん
2022-02-14 22:17:27,星狼seirou,レアなんじゃない？
2022-02-14 22:17:30,Gimu,色違いとノーマル揃えよう
2022-02-14 22:17:30,完全剛体リジッド,普通の色も欲しいね
2022-02-14 22:17:31,八意ゆきの,でけえ
2022-02-14 22:17:38,クマノコ,でっかｗ
2022-02-14 22:17:38,出基礎来ない,ここへ行けばいつでもオヤブンライチュウを捕獲できると言うわけです
2022-02-14 22:17:40,オーク紳士,親分ライチュウ初めて見た
2022-02-14 22:17:40,ドムドム,ライチュウに囲まれよう
2022-02-14 22:17:40,完全剛体リジッド,お見合いじゃん
2022-02-14 22:17:42,85 25,しっぽ大きくてかわいい
2022-02-14 22:17:43,星狼seirou,眼こわっw
2022-02-14 22:17:44,名無し,でっかw
2022-02-14 22:17:45,ひらり,張り合ってるｗ
2022-02-14 22:17:45,シロ猫,ビッグライチュウ！？
2022-02-14 22:17:46,原サイクロン,でっか
2022-02-14 22:17:47,とりのそぼろ,でけえ
2022-02-14 22:17:47,FoxP,Raichu!!!
2022-02-14 22:17:50,ものらる猫,でっかいｗ
2022-02-14 22:17:51,took,おねショタじゃん
2022-02-14 22:17:51,Hell Saturday,調教！
2022-02-14 22:17:53,えあ,でっかw
2022-02-14 22:18:00,オーク紳士,オヤブンはでっかいよね
2022-02-14 22:18:02,湯葉,でんじは入れておこう
2022-02-14 22:18:04,星狼seirou,ビッグボス
2022-02-14 22:18:08,オーク紳士,抱き枕にしたい
2022-02-14 22:18:13,湯葉,そういや効果ないのか
2022-02-14 22:18:14,箱推し,ヘビー級対ライト級
2022-02-14 22:18:16,完全剛体リジッド,電気タイプに電磁波きかない
2022-02-14 22:18:21,出基礎来ない,※でんきタイプはまひしません
2022-02-14 22:18:31,オーク紳士,でんきとじめんは麻痺しない
2022-02-14 22:18:34,O.J.I.,ボルテッカでテッカマンを思い出すおっさん
2022-02-14 22:18:36,ねめしす,いけるいける
2022-02-14 22:18:36,ドムドム,つよ
2022-02-14 22:18:46,クマノコ,おめ
2022-02-14 22:18:49,名無し,:clapping_hands::clapping_hands:
2022-02-14 22:18:50,星狼seirou,まじかよwww
2022-02-14 22:18:51,774,自分からHPを減らしてくれるいいやつ
2022-02-14 22:18:51,八意ゆきの,ないすぅ！
2022-02-14 22:18:52,はこ,おめでと
2022-02-14 22:18:52,Gimu,おめー
2022-02-14 22:18:55,アフウシ,こんのら　びっくり
2022-02-14 22:18:57,ドムドム,おめ
2022-02-14 22:18:57,湯葉,村で並べて写真撮ろうぜー
2022-02-14 22:18:59,オーク紳士,ないすぅ
2022-02-14 22:19:01,アール・グレイ,:thumbs_up:
2022-02-14 22:19:03,774,おめ
2022-02-14 22:19:05,pikachu machu,ボールつくっといてよかったやろ？
2022-02-14 22:19:06,クロヘビ局長,若頭と親分がそろったな
2022-02-14 22:19:07,箱推し,推しに恵まれてる
2022-02-14 22:19:11,お化け,ビッグママ
2022-02-14 22:19:16,ひらり,ノーコン
2022-02-14 22:19:22,星狼seirou,草
2022-02-14 22:19:26,オーク紳士,ピチューやんけ！
2022-02-14 22:19:31,ドムドム,ポケモンって売れるの？
2022-02-14 22:19:33,アール・グレイ,ピチューレアじゃね？
2022-02-14 22:19:36,出基礎来ない,カーソルが出ている状態でZLを押すとエイムが定まりますよ
2022-02-14 22:19:44,湯葉,あれはまんまオヤブンでは？
2022-02-14 22:19:48,オーク紳士,ベビーポケモンはレアやからなぁ
2022-02-14 22:19:51,ねめしす,さっき捕まえたばかりなのに組長！？
2022-02-14 22:19:55,ﾆﾝｼﾞﾝ,ZRだったか押すと照準あわせてくれますよー
2022-02-14 22:19:56,O.J.I.,オヤビン
2022-02-14 22:20:11,pikachu machu,ポケモン売るなんて非人道的なことできるわけないじゃないですか！！
2022-02-14 22:20:13,クロヘビ局長,何回も沸くよ
2022-02-14 22:20:23,クロヘビ局長,色違いねらお
2022-02-14 22:20:23,オーク紳士,クミチョー、ワカガシラ、サンシタが揃ったな！
2022-02-14 22:20:28,ねめしす,湧くよ
2022-02-14 22:20:28,出基礎来ない,マップを出たり、時間を変えたりゆがみを超えると湧きます
2022-02-14 22:20:43,O.J.I.,テッポウダマも
2022-02-14 22:20:45,オーク紳士,ムラ帰ったらまた湧くよ
2022-02-14 22:20:48,湯葉,いる
2022-02-14 22:20:51,出基礎来ない,色違いオヤブンもいます
2022-02-14 22:20:54,ﾆﾝｼﾞﾝ,いるらしいです
2022-02-14 22:21:06,ねめしす,いるよ 
2022-02-14 22:21:13,オーク紳士,クッソレアやけどいるらしいよ
2022-02-14 22:21:23,湯葉,でかいよ
2022-02-14 22:21:27,ひらり,オヤブンは最大の大きさ
2022-02-14 22:21:29,ねめしす,凄いでかいw
2022-02-14 22:21:37,オーク紳士,でかい
2022-02-14 22:21:55,O.J.I.,おい
2022-02-14 22:21:57,クロヘビ局長,おっきいのはお好きですか？
2022-02-14 22:22:00,八意ゆきの,すごく...大きいです
2022-02-14 22:22:02,きつね日和,ん？
2022-02-14 22:22:03,文,ｱｯｰ
2022-02-14 22:22:05,ドラえもん,初見　
2022-02-14 22:22:11,出基礎来ない,歪みは時間を変えると消えるので注意！
2022-02-14 22:22:21,オーク紳士,ヤラナイカ歌えるの30越えてるやろ……
2022-02-14 22:22:22,ﾆﾝｼﾞﾝ,時空の歪みがあるときに少し休む以外を選ぶと、歪みは消えます
2022-02-14 22:22:31,ねめしす,さて、組長の代わりに抜けるのは誰かな？
2022-02-14 22:22:33,湯葉,オヤブンライチュウ、その辺に呼んでみようぜ
2022-02-14 22:22:46,クロヘビ局長,トメオはクビです
2022-02-14 22:22:46,川原ひ,ライチュウ統一...？
2022-02-14 22:22:53,ねめしす,トメオぉぉぉぉぉ！！！！！！
2022-02-14 22:22:56,きつね日和,親が歌っているならワンチャン
2022-02-14 22:23:01,原サイクロン,6匹ライチュウ揃えよう
2022-02-14 22:23:18,アフウシ,画質すっげえな
2022-02-14 22:23:27,とりのそぼろ,ライチュウ6体並べたい
2022-02-14 22:23:38,ﾆﾝｼﾞﾝ,５分たったら始まるだった気がします
2022-02-14 22:23:55,pikachu machu,炎は重宝するぞー。草に対していまひとつはめんどいぞ
2022-02-14 22:24:00,ドムドム,なんかダークルギアいそう
2022-02-14 22:24:06,出基礎来ない,オヤブンメガヤンマはオヤブンビークインの更に先にいますよ
2022-02-14 22:25:06,クロヘビ局長,今作だとイェェェェェイって鳴くよ
2022-02-14 22:25:35,ドムドム,サンシャイン？
2022-02-14 22:25:50,完全剛体リジッド,デカい虫ちょっと怖い
2022-02-14 22:26:26,星狼seirou,かわいい
2022-02-14 22:26:56,Gimu,ブラッキーかわいい
2022-02-14 22:27:01,ﾆﾝｼﾞﾝ,色ちがいブラッキーも可愛いですよ
2022-02-14 22:27:36,星狼seirou,でもサンダースが一番かわいいです
2022-02-14 22:27:38,ドラえもん,おめでとう
2022-02-14 22:28:14,ﾆﾝｼﾞﾝ,ポリゴン時空の歪みでしか出ないポケモンです
2022-02-14 22:28:31,星狼seirou,ポリ2
2022-02-14 22:28:44,Gimu,ポリ2だ
2022-02-14 22:29:07,マグロ丼,ポリ2！
2022-02-14 22:29:18,出基礎来ない,ポリ2の先も稀に湧きます
2022-02-14 22:29:21,Chen Calvin,:shelterin:
2022-02-14 22:29:35,星狼seirou,空飛ぶオマル
2022-02-14 22:29:40,とりのそぼろ,ポリゴンショック知ってる12歳
2022-02-14 22:29:41,八意ゆきの,ポリゴン冤罪やん
2022-02-14 22:29:45,星狼seirou,ゲットだぜ！
2022-02-14 22:30:18,出基礎来ない,※ポリゴンショックの加害者はピカチュウ
2022-02-14 22:31:05,出基礎来ない,もたもたしているとすぐに入れ替わるのがネック
2022-02-14 22:31:16,ねめしす,メスのイーブイはオスよりも出現率が低いからレアだよ
2022-02-14 22:31:17,ドムドム,ポケモンを囮にはできるんだね
2022-02-14 22:31:49,出基礎来ない,メスのイーブイはしっぽを良く見れば区別できます
2022-02-14 22:32:18,ドムドム,アルセウスも性別で変わるんだ細かい
2022-02-14 22:33:07,ドムドム,アルセウスのポケモンも
2022-02-14 22:33:09,ﾆﾝｼﾞﾝ,アルセウスはないです
2022-02-14 22:33:19,星狼seirou,でかww
2022-02-14 22:33:23,あるごん,今作もってことか
2022-02-14 22:33:32,きつね日和,ダイマックスかな？
2022-02-14 22:33:35,出基礎来ない,カビゴンに迫るサイズのライチュウ…！
2022-02-14 22:33:47,八意ゆきの,カビゴンと変わらないの草
2022-02-14 22:33:54,ねめしす,ライチュウもオスメスでしっぽのデザインが少し違うよ
2022-02-14 22:34:29,完全剛体リジッド,ブースター可愛いね
2022-02-14 22:34:34,星狼seirou,かわいい！
2022-02-14 22:35:01,出基礎来ない,:female_sign:の引きが強い…！！
2022-02-14 22:35:19,トゥルーリーワース聆紗,絶対王さん！？
2022-02-14 22:35:34,ドムドム,ホエルオーのオヤブンとかもいるのかな
2022-02-14 22:36:28,星狼seirou,いえーい:oncoming_fist::grinning_face_with_big_eyes::two_hearts:
2022-02-14 22:37:17,ねめしす,ブイズはフィールドごとで出てくる種類が違うからサンダースとシャワーズは多分出ないと思う
2022-02-14 22:37:26,出基礎来ない,オヤブンリングマ（弱いほう
2022-02-14 22:37:48,星狼seirou,こわ
2022-02-14 22:37:51,Gimu,リングマでけぇ
2022-02-14 22:38:05,ドムドム,テカテカしてるt
2022-02-14 22:38:06,星狼seirou,でも美味しそう！
2022-02-14 22:38:18,出基礎来ない,オヤブンリングマはもう１体マップ西側にいます
2022-02-14 22:38:32,星狼seirou,残酷で草
2022-02-14 22:38:32,マグロ丼,やめろ！
2022-02-14 22:39:07,ねめしす,お母さん殺したからじゃない？
2022-02-14 22:39:12,優,草
2022-02-14 22:39:18,ひらり,嫌われてる
2022-02-14 22:39:24,出基礎来ない,お母さん倒すから…
2022-02-14 22:39:26,ドムドム,きのみで気をひくとか
2022-02-14 22:39:36,ﾆﾝｼﾞﾝ,逃げられましたね
2022-02-14 22:39:40,Gimu,デバッカーノラ
2022-02-14 22:39:50,Azu -あず-,タイムリーな歌をｗ
2022-02-14 22:39:52,あるごん,まふまふ！？
2022-02-14 22:39:53,優,ライチュウ可愛いな
2022-02-14 22:39:55,星狼seirou,ちょw
2022-02-14 22:39:59,pikachu machu,きのみ？
2022-02-14 22:39:59,ジョン,まずいですよ！
2022-02-14 22:40:07,ドムドム,やばw
2022-02-14 22:40:07,完全剛体リジッド,まずいですよ！
2022-02-14 22:40:13,マグロ丼,まずいですよ！
2022-02-14 22:40:14,すんすんーすんすんちゃんねる,今ちょうど声明出たタイミングでｗ
2022-02-14 22:40:17,ジョン,心という名の、不可解・・・・・
2022-02-14 22:40:22,ひらり,変質者見つけたときのガチ逃げ
2022-02-14 22:40:41,那覇由良（なはゆら）,カンザキイオリさんの曲だからせふせふ
2022-02-14 22:41:05,pikachu machu,ノラもスキャンダルおこしてよ
2022-02-14 22:41:15,星狼seirou,イシツブテって本来は宙に浮かない設定らしいですね
2022-02-14 22:41:24,ドムドム,いたいw
2022-02-14 22:41:26,オアシス・ゲーリー,遊んでんのか
2022-02-14 22:41:53,ドムドム,通常しない動きだね
2022-02-14 22:41:55,85 25,登れなくても解除すれば登れるところあるよ
2022-02-14 22:42:30,優,仮面ライダーはいいぞ
2022-02-14 22:42:35,オアシス・ゲーリー,ポケモンパン普通に美味しいんよな
2022-02-14 22:42:39,pikachu machu,シールついてるやつ？
2022-02-14 22:42:44,あるごん,シール集めてたわ
2022-02-14 22:42:45,星狼seirou,お嬢の前でプリキュア･････特に黄色の話しをしないでくださいね？
2022-02-14 22:42:51,那覇由良（なはゆら）,今も小学生みたいな歳やろがい
2022-02-14 22:43:12,ドムドム,バトルで捕まえるとか
2022-02-14 22:43:17,星狼seirou,なんだあれ？
2022-02-14 22:43:17,優,なるほど
2022-02-14 22:43:24,オアシス・ゲーリー,悲しみのイエロー
2022-02-14 22:43:26,85 25,Dとプリキュアは・・・
2022-02-14 22:43:29,O.J.I.,あれは悲しい話だったね
2022-02-14 22:43:30,Black Joker,お嬢のプリキュア黄色はめっちゃ面白いよｗ
2022-02-14 22:43:41,星狼seirou,トラウマだから
2022-02-14 22:43:53,ﾆﾝｼﾞﾝ,小６で受験とかエリート…
2022-02-14 22:44:06,O.J.I.,お嬢のトラウマ
2022-02-14 22:44:10,優,小6か。懐かしいな。。
2022-02-14 22:44:18,ドムドム,中学受験かー
2022-02-14 22:44:28,出基礎来ない,オヤブンリングマはマップ西側にもう１体います
2022-02-14 22:44:31,ひらり,またガチャの話してる・・・
2022-02-14 22:44:37,O.J.I.,12歳がガッチャマンを知ってるだと？
2022-02-14 22:44:37,アフウシ,ふっる
2022-02-14 22:44:49,文,草
2022-02-14 22:44:55,星狼seirou,草
2022-02-14 22:45:00,完全剛体リジッド,可愛いですねぇ！
2022-02-14 22:45:05,今宮,草
2022-02-14 22:45:06,アフウシ,草
2022-02-14 22:45:06,オアシス・ゲーリー,Infinity forceは面白かったな
2022-02-14 22:45:07,叶姉妹のじゃない方,うっさww
2022-02-14 22:45:10,マグロ丼,草
2022-02-14 22:45:13,文,結構好きだわwww
2022-02-14 22:45:13,星狼seirou,鼓膜「ぐっでい」
2022-02-14 22:45:14,ものらる猫,こんな時、どんな顔すればいいか分からないわ
2022-02-14 22:45:16,ドムドム,酸欠になりそう
2022-02-14 22:45:19,名無し,うっさw
2022-02-14 22:45:21,†れおんちゃん†,のらオバが出てるでな
2022-02-14 22:45:31,博多の拳王!,イけ！イけイけ！
2022-02-14 22:45:32,Gimu,旦那さんのツッコミが面白いんだよね
2022-02-14 22:45:52,星狼seirou,キノコ美味しそう！
2022-02-14 22:46:14,オアシス・ゲーリー,松茸たべたい
2022-02-14 22:46:33,ドムドム,指名手配されてたんじゃね
2022-02-14 22:46:42,きつね日和,でたわね
2022-02-14 22:46:48,たろう,:unicorn:！？
2022-02-14 22:46:53,ドムドム,あたしでもいいよ
2022-02-14 22:47:07,那覇由良（なはゆら）,あたし呼び助かる
2022-02-14 22:47:19,クマノコ,ｼﾞｮｲﾝｼﾞｮｲﾝﾄｷｨ
2022-02-14 22:47:21,きつね日和,あの動き…トキ！！
2022-02-14 22:47:54,星狼seirou,ｾｯｶｯｺｰ！
2022-02-14 22:48:01,マグロ丼,柔の拳のほう？
2022-02-14 22:48:07,オアシス・ゲーリー,大分ポケモン進んだんやな
2022-02-14 22:48:10,完全剛体リジッド,紅の豚さんありがとう！
2022-02-14 22:48:27,ひらり,アンノーン
2022-02-14 22:48:30,ﾆﾝｼﾞﾝ,アンノーン！
2022-02-14 22:48:33,クマノコ,なんかえっち
2022-02-14 22:48:34,ねめしす,モンスターボールを投げよう
2022-02-14 22:48:35,すんすんーすんすんちゃんねる,ボール投げてあげて
2022-02-14 22:48:36,出基礎来ない,ボールを当てるのです
2022-02-14 22:48:38,オアシス・ゲーリー,気にハマっとる
2022-02-14 22:48:40,ﾆﾝｼﾞﾝ,ボールなげたらいいです
2022-02-14 22:48:40,くりのす,めっちゃ見られてるww
2022-02-14 22:48:44,川原ひ,目線がえっち
2022-02-14 22:48:49,那覇由良（なはゆら）,ボールをなげます
2022-02-14 22:48:53,星狼seirou,食べよう
2022-02-14 22:49:10,星狼seirou,Mだっけ？
2022-02-14 22:50:16,星狼seirou,ちょ
2022-02-14 22:50:17,ひらり,:thinking_face:
2022-02-14 22:50:25,クマノコ,絶対言うと思ったｗ
2022-02-14 22:50:27,博多の拳王!,草
2022-02-14 22:50:33,名無し,:thinking_face:
2022-02-14 22:50:33,ものらる猫,何を言ってるんだ？
2022-02-14 22:50:34,O.J.I.,いつもの
2022-02-14 22:50:38,ねめしす,ほんとに小6か？
2022-02-14 22:50:40,・。・,すーぐ下ネタ
2022-02-14 22:50:52,麦茶,また清楚枠が遠のいた
2022-02-14 22:50:54,クロヘビ局長,脳みそがマジで男子高校生
2022-02-14 22:51:09,林啓太,草
2022-02-14 22:51:13,ドムドム,短小？
2022-02-14 22:51:16,ひらり,１つや２つ？
2022-02-14 22:51:19,O.J.I.,開き直ったw
2022-02-14 22:51:24,林啓太,性の喜びを知りやがって
2022-02-14 22:51:25,マグロ丼,バンバン出てくる
2022-02-14 22:51:29,博多の拳王!,三つ言ってるだろ、認めろ
2022-02-14 22:51:36,妖刀マサムネ,小6皆コロコロみて騒いでるて偏見あるわ
2022-02-14 22:51:37,文,生々しい
2022-02-14 22:51:41,出基礎来ない,BANチキンレース動画ですか？
2022-02-14 22:51:43,クマノコ,ノラくん…
2022-02-14 22:51:44,八意ゆきの,まぁ小6なら
2022-02-14 22:51:44,たろう,よかったやっぱり男の子だったんだね:hugging_face:
2022-02-14 22:51:59,クロヘビ局長,男子校だとすべての単語を下ネタにできるようになります
2022-02-14 22:52:17,今宮,赤髪でASMRしてそう
2022-02-14 22:52:19,ねめしす,なんだろう、、、ちょっと面白いんだがw
2022-02-14 22:52:21,そして尾崎,えろくね？
2022-02-14 22:52:23,壇ノ浦飯田橋,人気歌い手になれそう
2022-02-14 22:52:36,星狼seirou,声草
2022-02-14 22:52:36,O.J.I.,声w
2022-02-14 22:52:45,博多の拳王!,声たっか
2022-02-14 22:52:48,クマノコ,相変わらずのデンボクで安心した
2022-02-14 22:52:51,デクロボ,デンボ
2022-02-14 22:52:51,ドムドム,配役ミスってるな
2022-02-14 22:52:53,はこ,毎回笑ってしまう
2022-02-14 22:52:57,八意ゆきの,いつ聞いても草
2022-02-14 22:53:00,にゃんにゃん,声間違ってますよ
2022-02-14 22:53:02,名無し,草
2022-02-14 22:53:05,ヤマ,ミッキーじゃねえんだから
2022-02-14 22:53:15,星狼seirou,エコーw
2022-02-14 22:53:22,Alex,ハハッ
2022-02-14 22:53:28,今宮,草
2022-02-14 22:53:35,名無し,ﾊﾊｯ
2022-02-14 22:53:35,クマノコ,草
2022-02-14 22:53:40,はこ,Wiiパーティーの司会してそう
2022-02-14 22:53:42,はばな,つづくの
2022-02-14 22:53:46,湯葉,ノラポケ、デンボクが首絞められたおじゃる丸なのほんま笑う
2022-02-14 22:53:58,那覇由良（なはゆら）,メスしかいないポケモンとオスしかいないポケモンってどうやって繁殖してるんだろう…？
2022-02-14 22:54:09,ドムドム,エコー常備した
2022-02-14 22:54:11,半熟,妊娠しました責任とってください
2022-02-14 22:54:14,pikachu machu,その声苦しくないか？
2022-02-14 22:54:19,クロヘビ局長,はいBAN
2022-02-14 22:54:20,・。・,あうと
2022-02-14 22:54:22,八意ゆきの,それ以上はいけない
2022-02-14 22:54:24,博多の拳王!,まずい
2022-02-14 22:54:24,くるみ団子,やば
2022-02-14 22:54:26,文,アーカイブないなった
2022-02-14 22:54:32,スマイル,やってしまったな
2022-02-14 22:54:32,きつね日和,グッバイ収益化
2022-02-14 22:54:34,Alex,ネズミ違うw
2022-02-14 22:54:35,ドムドム,キンハやろ
2022-02-14 22:54:35,妖刀マサムネ,メタモン繁殖関係は全部解決するぞ
2022-02-14 22:54:37,アフウシ,おいやめろ
2022-02-14 22:54:46,シロ猫,ネズミ解禁されたか
2022-02-14 22:54:46,那覇由良（なはゆら）,アーカイブ消されるな
2022-02-14 22:54:50,星狼seirou,ディズニーの魔法の時間ダネ！ ﾊﾊｯ:musical_notes:
2022-02-14 22:54:55,O.J.I.,BAN RTAかな？
2022-02-14 22:55:03,Hell Saturday,あーあ
2022-02-14 22:55:03,出基礎来ない,アーカイブに残らない配信ですか？
2022-02-14 22:55:04,はこ,ネズミ―マウス
2022-02-14 22:55:24,クロヘビ局長,ポリゴン２の進化
2022-02-14 22:55:28,覇王黒咲,ポリ２
2022-02-14 22:55:32,ドムドム,もうそろそろ給料入った？
2022-02-14 22:55:43,出基礎来ない,あやしいパッチをポリゴン２に使うと頭がおかしくなります
2022-02-14 22:55:52,那覇由良（なはゆら）,あやしいパッチはポリゴン2がポリゴンZになる
2022-02-14 22:57:09,ドムドム,ノラくんASMRやるの？
2022-02-14 22:57:28,ひらり,目がキマってる
2022-02-14 22:57:38,ﾆﾝｼﾞﾝ,この時代にいるはずのないポケモン
2022-02-14 22:57:41,マグロ丼,おー
2022-02-14 22:57:47,クロヘビ局長,やめろ
2022-02-14 22:57:48,星狼seirou,･････美味しくなさそう:angry_face:
2022-02-14 22:57:49,文,ぶびちゃびちゃべちゃ
2022-02-14 22:57:52,半熟,バルーンアートみたい
2022-02-14 22:57:53,Gimu,ポリZのはかいこうせんは最強
2022-02-14 22:57:54,博多の拳王!,きたない
2022-02-14 22:57:54,クマノコ,あれをASMRという方が酷い
2022-02-14 22:57:59,Azu -あず-,普通に囁きでいいのにアレはな。。。
2022-02-14 22:58:09,八意ゆきの,三編みしゃぶるのとごっくん音だっけ
2022-02-14 22:58:14,Hell Saturday,asmrご存知？
2022-02-14 22:58:18,優,あれはasmr じゃないよね
2022-02-14 22:58:20,湯葉,繋がりの紐は通信ケーブル
2022-02-14 22:58:20,えあ,通信進化するやつ
2022-02-14 22:58:25,クロヘビ局長,通信交換進化ならだれでも使える
2022-02-14 22:58:25,覇王黒咲,ソロ通信進化
2022-02-14 22:58:25,ねめしす,通信交換が必要なポケモンだよ
2022-02-14 22:58:27,ひらり,通信ケーブル使って進化するの
2022-02-14 22:58:34,妖刀マサムネ,繋がりのヒモは通信進化ポケモン
2022-02-14 22:58:39,pikachu machu,ゲンガーとか
2022-02-14 22:58:41,川原ひ,通信進化のゴーリキーとか、ゲンガーとか
2022-02-14 22:58:43,那覇由良（なはゆら）,つながりのひもはゴーストがゲンガーになる
2022-02-14 22:58:57,星狼seirou,キルリアだっけ？
2022-02-14 22:58:57,オアシス・ゲーリー,ボッチ救済アイテム
2022-02-14 22:58:59,那覇由良（なはゆら）,あとはカイリキーとか
2022-02-14 22:59:04,湯葉,ゴーストが交換したらゲンガーになるじゃん？あれを一人でやれる
2022-02-14 22:59:17,クロヘビ局長,使えば通信交換しなくても進化できる
2022-02-14 22:59:29,クマノコ,は？
2022-02-14 22:59:34,灰色珊瑚,ファッ！？
2022-02-14 22:59:35,ひらり,:red_question_mark:
2022-02-14 22:59:35,はこ,…
2022-02-14 22:59:37,八意ゆきの,は？
2022-02-14 22:59:37,あるごん,ん？
2022-02-14 22:59:39,星狼seirou,は？
2022-02-14 22:59:41,pikachu machu,ノラてぼっちやろ？そのためやん
2022-02-14 22:59:42,博多の拳王!,え？
2022-02-14 22:59:43,第一X市民,？
2022-02-14 22:59:44,文,:face_with_rolling_eyes:
2022-02-14 22:59:44,たくや,草
2022-02-14 22:59:44,優,は？？
2022-02-14 22:59:45,Azu -あず-,何言ってんの？
2022-02-14 22:59:45,アフウシ,早く凍結されろｗｗ
2022-02-14 22:59:46,那覇由良（なはゆら）,は？
2022-02-14 22:59:47,青身切身うまうま,は？
2022-02-14 22:59:51,今宮,？
2022-02-14 22:59:52,ドムドム,ほんとだよ
2022-02-14 22:59:57,クロヘビ局長,一人でそっちに行ったんだよなぁ
2022-02-14 22:59:59,Gimu,草
2022-02-14 23:00:00,博多の拳王!,リスナーにはめられてます！！
2022-02-14 23:00:00,ものらる猫,まずいですよ！！
2022-02-14 23:00:00,オアシス・ゲーリー,これは納得いかない
2022-02-14 23:00:01,優,誰も誘導しとらんが？？
2022-02-14 23:00:01,マグロ丼,？
2022-02-14 23:00:03,川原ひ,ボロライブ清楚枠
2022-02-14 23:00:05,むふー,見に来た瞬間これよ
2022-02-14 23:00:13,灰色珊瑚,これでオナホでも買ってもろて
2022-02-14 23:00:17,クマノコ,ノラくんだけなんだよなぁ
2022-02-14 23:00:25,那覇由良（なはゆら）,清楚とは(n回目)
2022-02-14 23:00:30,あるごん,それを言うならセルフプレジャー
2022-02-14 23:00:32,星狼seirou,アカスパ草
2022-02-14 23:00:35,アフウシ,ないすぱ
2022-02-14 23:00:35,Azu -あず-,TENGA色
2022-02-14 23:00:36,八意ゆきの,スパ草
2022-02-14 23:00:40,クマノコ,ないすぱ？
2022-02-14 23:00:40,Gimu,赤スパｗ
2022-02-14 23:00:41,林啓太,草
2022-02-14 23:00:44,・。・,据え置きのいいヤツ買える
2022-02-14 23:00:44,名無し,草
2022-02-14 23:00:44,pikachu machu,ドセクハラスパ
2022-02-14 23:00:46,おともあいる,ないすぱー
2022-02-14 23:00:51,オアシス・ゲーリー,結構いいやつ買えるやんw
2022-02-14 23:00:53,優,たまげたなぁ
2022-02-14 23:00:53,missi ryo,すごい！！
2022-02-14 23:00:53,那覇由良（なはゆら）,ないすぱ
2022-02-14 23:00:55,シロ猫,素直なのいいぞ
2022-02-14 23:00:56,もーみん,わんわん
2022-02-14 23:00:58,マグロ丼,高いやつ買えるやん
2022-02-14 23:00:59,あるごん,いっぱい買えるじゃん
2022-02-14 23:01:04,アフウシ,やめないで草
2022-02-14 23:01:05,りあ,だいぶいいやつ買えるね
2022-02-14 23:01:07,文,尻型のやつ買えるね
2022-02-14 23:01:07,くりのす,めちゃくちゃいいの買えるやん
2022-02-14 23:01:08,冥土,オナスパ草
2022-02-14 23:01:10,とりのそぼろ,いきいきいなほ
2022-02-14 23:01:11,博多の拳王!,そういうこと言うから
2022-02-14 23:01:14,微糖,電動のやつ買える
2022-02-14 23:01:17,たろう,なんか金に屈しててすけべ
2022-02-14 23:01:23,箱推し,電動のが買える
2022-02-14 23:01:29,完全剛体リジッド,詳しいｗ
2022-02-14 23:01:36,川原ひ,オンラインだったら初回登録だけ50%OFFで買えるよ
2022-02-14 23:01:37,デクロボ,草
2022-02-14 23:01:43,文,(だいたいあってる)
2022-02-14 23:01:43,クマノコ,こんな感じよ
2022-02-14 23:01:44,O.J.I.,電動防水のいいやつ買えるね！
2022-02-14 23:01:45,星狼seirou,サイテーなスパチャで草
2022-02-14 23:01:45,優,オナスパww
2022-02-14 23:01:48,箱推し,めずらしくコメントのほうがきたない
2022-02-14 23:01:48,bontan,草
2022-02-14 23:01:49,ヤマ,プレミアム買えないかな
2022-02-14 23:01:54,林啓太,チュパ音ASMRとか？ｗ
2022-02-14 23:01:58,今宮,悲しい
2022-02-14 23:01:58,ものらる猫,そりゃそうでしょｗｗ
2022-02-14 23:02:00,むふー,やめろぉ！！
2022-02-14 23:02:00,シロ猫,エロはいつも強いな
2022-02-14 23:02:00,とりのそぼろ,かなしいたけ
2022-02-14 23:02:02,アイランド,男ってやつは…
2022-02-14 23:02:02,はこ,草
2022-02-14 23:02:04,くりのす,草
2022-02-14 23:02:04,林啓太,ｗｗｗｗ
2022-02-14 23:02:06,スマイル,エロはつよい
2022-02-14 23:02:08,にゃんにゃん,それはそう
2022-02-14 23:02:08,おともあいる,草
2022-02-14 23:02:08,あるごん,オナスパとかいう概念初めて聞いたわ
2022-02-14 23:02:09,・。・,再生数は正直
2022-02-14 23:02:09,ヤマ,真理
2022-02-14 23:02:12,星狼seirou,エロ系はえげつないから
2022-02-14 23:02:12,ﾆﾝｼﾞﾝ,12才が何みてるんだ
2022-02-14 23:02:12,湯葉,ノラくんもやるかー
2022-02-14 23:02:12,アフウシ,草
2022-02-14 23:02:13,八意ゆきの,エロ強いな
2022-02-14 23:02:13,Azu -あず-,草
2022-02-14 23:02:16,博多の拳王!,しょうがないよ
2022-02-14 23:02:16,灰色珊瑚,男性率100％超えてそう
2022-02-14 23:02:18,オアシス・ゲーリー,仕方なき事
2022-02-14 23:02:19,冥土,www
2022-02-14 23:02:20,文,1人で何回も聞いてそう
2022-02-14 23:02:20,マグロ丼,草
2022-02-14 23:02:21,野良フェンリル,男の人っていつもそうですね！
2022-02-14 23:02:21,くりのす,しゃーないやん
2022-02-14 23:02:25,妖刀マサムネ,男て単純だからね
2022-02-14 23:02:30,微糖,そりゃねｗ
2022-02-14 23:02:36,完全剛体リジッド,仕方ないね
2022-02-14 23:02:43,Hell Saturday,のらーらはすけべだなぁ
2022-02-14 23:02:44,うーあー,限界値があるのか、なるほど
2022-02-14 23:02:46,優,登録者増えると無理やね
2022-02-14 23:02:50,クロヘビ局長,あ？
2022-02-14 23:02:53,O.J.I.,なんでそんなの知ってるんですかね
2022-02-14 23:02:54,took,よく勉強しておる
2022-02-14 23:02:55,灰色珊瑚,う・・・
2022-02-14 23:02:55,Azu -あず-,一応もらった
2022-02-14 23:02:56,ひらり,なんでそんなこと言うの？
2022-02-14 23:02:57,スマイル,やめてね
2022-02-14 23:02:57,くりのす,やめろ、刺すな
2022-02-14 23:02:57,ものらる猫,は？
2022-02-14 23:03:00,pikachu machu,なら大丈夫じゃん
2022-02-14 23:03:02,クマノコ,一歩も家から出てないから…
2022-02-14 23:03:02,八意ゆきの,急に刺すじゃん
2022-02-14 23:03:03,川原ひ,ところで、今日はいい天気ですね
2022-02-14 23:03:03,オアシス・ゲーリー,禁句やぞ
2022-02-14 23:03:04,とりのそぼろ,それ聞いたらあかんやん
2022-02-14 23:03:05,たくや,もらったー
2022-02-14 23:03:06,K T,ないです
2022-02-14 23:03:07,あるごん,自分で作って自分で食べたよ
2022-02-14 23:03:08,博多の拳王!,いや.....
2022-02-14 23:03:09,優,うっ
2022-02-14 23:03:09,・。・,ちょっと何言ってるかわからないですね
2022-02-14 23:03:10,おともあいる,バレンタインチョコの話するのやめてもらっていいですか？
2022-02-14 23:03:11,冥土,急に刺すなよ
2022-02-14 23:03:12,シロ猫,安い奴なら
2022-02-14 23:03:12,アフウシ,ご自由にお持ちくださいだった
2022-02-14 23:03:12,ドムドム,もらえなかった
2022-02-14 23:03:12,はこ,その文化初耳
2022-02-14 23:03:12,那覇由良（なはゆら）,会社の女性陣から義理で貰った
2022-02-14 23:03:13,七騎士,チョコをちょこっともらったってかｗｗｗｗｗｗｗｗｗｗ
2022-02-14 23:03:13,アイランド,聞く意味ある？
2022-02-14 23:03:14,えあ,何でそんな事言うの？
2022-02-14 23:03:14,星狼seirou,好きにイキ、理不尽に賢者モード
2022-02-14 23:03:15,Hell Saturday,おい、言わん約束やろ
2022-02-14 23:03:15,Alex,おいやめろ
2022-02-14 23:03:17,出基礎来ない,チョコは道端で貰った。…１ヶ月前に
2022-02-14 23:03:17,むふー,あんぱんうめぇ…
2022-02-14 23:03:18,八意ゆきの,でっかくなるな
2022-02-14 23:03:19,微糖,なんのこと？？？
2022-02-14 23:03:19,灰色珊瑚,急に毒ガス訓練はじめないで
2022-02-14 23:03:22,85 25,なんでそんなこというの
2022-02-14 23:03:23,Gimu,なにそれおいしいの
2022-02-14 23:03:24,野良フェンリル,ノラくんから本命チョコもらう代
2022-02-14 23:03:25,くるみ団子,カチコミおやめ
2022-02-14 23:03:27,pikachu machu,ライン越えだよ
2022-02-14 23:03:27,クロヘビ局長,学校に友達居ません
2022-02-14 23:03:28,マグロ丼,今からでもブラックサンダー買ってインスタにあげようぜ
2022-02-14 23:03:28,ヤマ,自分にあげた
2022-02-14 23:03:32,壇ノ浦飯田橋,仕事しか貰えねぇ
2022-02-14 23:03:35,文,(義理)
2022-02-14 23:03:35,麦茶,当たり前じゃん
2022-02-14 23:03:36,Hell Saturday,でっかくなるな
2022-02-14 23:03:38,O.J.I.,これは…青酸ガス！？
2022-02-14 23:03:39,あるごん,実家から送られてきた
2022-02-14 23:03:42,・。・,本命安くて草
2022-02-14 23:03:42,灰色珊瑚,近いノラくんかわいい
2022-02-14 23:03:42,Horatio7 ・。・,こんのら～
2022-02-14 23:03:44,シロ猫,急にBIGになるやん
2022-02-14 23:03:47,覇王黒咲,自分で買ってきた
2022-02-14 23:03:47,妖刀マサムネ,ゲームのキャラからは沢山貰ったぞ
2022-02-14 23:03:47,微糖,有給でした
2022-02-14 23:03:49,今宮,ごめん例の濃厚接触者だから...
2022-02-14 23:03:50,七騎士,板壁の圧がやばいな＾＾
2022-02-14 23:03:50,灰色珊瑚,安くて草
2022-02-14 23:03:50,ﾆﾝｼﾞﾝ,ノラくんは？
2022-02-14 23:03:51,Hell Saturday,ライン超すぎる
2022-02-14 23:03:53,通りすがりの捨て猫.,ごめん俺本命から貰ったからノラーラの受け取れない…
2022-02-14 23:03:53,オアシス・ゲーリー,なんでデカくなるんや
2022-02-14 23:03:54,名無し,かわいい
2022-02-14 23:03:55,85 25,貰ったノラ君の配信見てないよ
2022-02-14 23:03:57,冥土,致命傷もらった…
2022-02-14 23:03:58,アイランド,いいんすか！？
2022-02-14 23:03:58,箱推し,4月くらいにとめるお嬢様から手紙入りのチョコ届くんだわうらやましいだろ
2022-02-14 23:04:00,湯葉,世の中には言っていいことと悪いことがあります。法廷で会いましょうノラくん
2022-02-14 23:04:00,灰色珊瑚,まじっすか！？
2022-02-14 23:04:01,今宮,たすかる
2022-02-14 23:04:03,クマノコ,たすかる
2022-02-14 23:04:03,八意ゆきの,お？
2022-02-14 23:04:04,Azu -あず-,ノラくんはもらわないの？
2022-02-14 23:04:09,シロ猫,ありがてぇや！
2022-02-14 23:04:13,博多の拳王!,やったー
2022-02-14 23:04:15,ドムドム,ありがとう
2022-02-14 23:04:16,Gimu,ありがたい
2022-02-14 23:04:16,オアシス・ゲーリー,いいよ
2022-02-14 23:04:17,シロ猫,サンキューノッラ
2022-02-14 23:04:17,完全剛体リジッド,優しいじゃん…
2022-02-14 23:04:21,文,わーい
2022-02-14 23:04:22,FoxP,Nora will you be my Valentine?:pleading_face:
2022-02-14 23:04:22,マグロ丼,やったぜ
2022-02-14 23:04:26,名無し,お?
2022-02-14 23:04:26,Hell Saturday,泣きそう
2022-02-14 23:04:29,冥土,追い討ちですか？
2022-02-14 23:04:30,ﾆﾝｼﾞﾝ,湯葉がキレてて草
2022-02-14 23:04:31,星狼seirou,チョコをちょこっと貰えるかな？
2022-02-14 23:04:33,優,絶対煽るやつ
2022-02-14 23:04:34,Nora Shitagai Channel,https://sinsogumi.com/
2022-02-14 23:04:40,灰色珊瑚,宣伝えらい
2022-02-14 23:04:43,シロ猫,ちゃんと宣伝してて偉いや
2022-02-14 23:04:45,七騎士,ステマ乙
2022-02-14 23:04:50,今宮,えらい
2022-02-14 23:04:51,ドムドム,4月？
2022-02-14 23:04:52,・。・,ダイマ
2022-02-14 23:04:52,クマノコ,さす執事
2022-02-14 23:04:53,オアシス・ゲーリー,愛は金で買える悲しさ
2022-02-14 23:04:54,微糖,宣伝えらい
2022-02-14 23:04:56,八意ゆきの,宣伝えらい
2022-02-14 23:04:56,柚子にゃ,宣伝えらい
2022-02-14 23:04:57,たくや,ナイス宣伝
2022-02-14 23:04:58,冥土,ダイマ草
2022-02-14 23:05:03,完全剛体リジッド,チョコ買ったよ:anger_symbol:
2022-02-14 23:05:06,シロ猫,良く出来た執事やで
2022-02-14 23:05:09,星狼seirou,さすせば
2022-02-14 23:05:11,アイランド,実質無料
2022-02-14 23:05:12,うーあー,仕事できる執事見習いだな
2022-02-14 23:05:16,はこ,えらい
2022-02-14 23:05:17,Gimu,やっと執事らしい行動をしたな
2022-02-14 23:05:21,ドムドム,ナイス
2022-02-14 23:05:28,クロヘビ局長,DWU
2022-02-14 23:05:28,完全剛体リジッド,執事の鑑
2022-02-14 23:05:33,灰色珊瑚,やったぜ
2022-02-14 23:05:34,くりのす,まるでセバス見習い
2022-02-14 23:05:40,七騎士,ホコ天に一杯いる感じの流れやな＾＾
2022-02-14 23:05:42,クロヘビ局長,DWU
2022-02-14 23:05:53,八意ゆきの,なかなかやるじゃない
2022-02-14 23:05:55,クロヘビ局長,DWUお嬢の全部買います
2022-02-14 23:05:57,ドムドム,仕事したな
2022-02-14 23:06:00,アイランド,まともな時とヤバイ時の高低差で風邪ひきそう
2022-02-14 23:06:03,スマイル,執事らしいことしたな
2022-02-14 23:06:08,ねめしす,お仕事お疲れ様
2022-02-14 23:06:12,【公認】息根とめるがす↑き↓なんです【切り抜き】,せっちゃんがえっちすぎる
2022-02-14 23:06:12,灰色珊瑚,さすのら
2022-02-14 23:06:16,星狼seirou,珍しく
2022-02-14 23:06:18,くりのす,めずらしくまともだった
2022-02-14 23:06:19,・。・,グッズはよ
2022-02-14 23:06:21,あるごん,だれ？
2022-02-14 23:06:23,八意ゆきの,さすのら
2022-02-14 23:06:24,オアシス・ゲーリー,解釈違いやわ
2022-02-14 23:06:29,林啓太,さすのら
2022-02-14 23:06:30,Azu -あず-,買うよ！
2022-02-14 23:06:30,クマノコ,全部買う
2022-02-14 23:06:31,博多の拳王!,ないのら
2022-02-14 23:06:31,壇ノ浦飯田橋,宣伝完璧！
2022-02-14 23:06:32,灰色珊瑚,もちろんペコよ
2022-02-14 23:06:34,85 25,ノラくん待ちなんだわ
2022-02-14 23:06:35,冥土,どこのら
2022-02-14 23:06:35,くるみ団子,買うー！
2022-02-14 23:06:35,林啓太,買うぞ
2022-02-14 23:06:36,名無し,金ない
2022-02-14 23:06:37,スマイル,ペットシーツ買うよ
2022-02-14 23:06:38,たくや,買うよ
2022-02-14 23:06:38,アイランド,:thinking_face:
2022-02-14 23:06:39,Gimu,待ってるで
2022-02-14 23:06:39,那覇由良（なはゆら）,全部買う
2022-02-14 23:06:41,八意ゆきの,買いたい
2022-02-14 23:06:41,Horatio7 ・。・,考えてもいいよ
2022-02-14 23:06:41,マグロ丼,買う！
2022-02-14 23:06:41,今宮,買う
2022-02-14 23:06:42,文,ペットシーツ？
2022-02-14 23:06:43,七騎士,かにかま先生ここにもいるんか・・・ｗｗｗ
2022-02-14 23:06:44,ton ton,ノラ君のグッズだけボロ感増し増しを期待する
2022-02-14 23:06:44,耳職,金に汚くなったな
2022-02-14 23:06:45,むふー,貧困組グッズかぁ
2022-02-14 23:06:47,くりのす,買う
2022-02-14 23:06:49,箱推し,当然でしょ
2022-02-14 23:06:49,ものらる猫,悩むな
2022-02-14 23:06:49,Hell Saturday,は？買うが？
2022-02-14 23:06:49,あるごん,値段による
2022-02-14 23:06:50,なゆてる / TALE_OTOGAMER,待ってます
2022-02-14 23:06:50,七騎士,ペットシーツｗ
2022-02-14 23:06:52,kinoko ruke,もちろん買うぜ！　　　
2022-02-14 23:06:54,名無し,ペットシーツ?
2022-02-14 23:06:55,林啓太,ペットシーツおまけにつくってマ？
2022-02-14 23:06:58,アイランド,ペットシーツつくならありですね！
2022-02-14 23:06:58,半熟,ケツに入れるタイプの尻尾？
2022-02-14 23:06:59,やなぎゆうた,ノラ組の団結力が試されている
2022-02-14 23:07:01,優,無いことにびびったね
2022-02-14 23:07:02,星狼seirou,抱き枕なら買う
2022-02-14 23:07:03,O.J.I.,ノラ直筆サイン入りペットシーツ…
2022-02-14 23:07:05,野良フェンリル,ノラくんのペットシーツにマーキングする
2022-02-14 23:07:14,オアシス・ゲーリー,猫いるから助かる
2022-02-14 23:07:19,麦茶,ノラ君の帽子付きなら
2022-02-14 23:07:22,むふー,プリントペットシーツはやべぇ…
2022-02-14 23:07:24,星狼seirou,ほう
2022-02-14 23:07:25,微糖,ミルワームおまけってマ？
2022-02-14 23:07:30,灰色珊瑚,猫いるから助かるニキ草
2022-02-14 23:07:36,ひらり,ンーライブか！？
2022-02-14 23:07:36,林啓太,えｗ
2022-02-14 23:07:38,文,ヘッドハンティングw
2022-02-14 23:07:38,星狼seirou,引き抜ききたー
2022-02-14 23:07:45,クロヘビ局長,電撃移籍！？
2022-02-14 23:07:45,灰色珊瑚,まじか
2022-02-14 23:07:46,なゆてる / TALE_OTOGAMER,転生のお知らせ！？
2022-02-14 23:07:47,名無し,勧誘!?
2022-02-14 23:07:47,博多の拳王!,宗教？
2022-02-14 23:07:48,とりのそぼろ,ついにきたか
2022-02-14 23:07:50,ﾆﾝｼﾞﾝ,深層組抜けるのか
2022-02-14 23:07:50,Horatio7 ・。・,ホ○ライブに来ませんか？
2022-02-14 23:07:52,Azu -あず-,貴方もVtuberになりませんか！？みたいな？
2022-02-14 23:07:53,pikachu machu,ホロライブ！？
2022-02-14 23:07:53,ものらる猫,小規模事務所の引き抜きか
2022-02-14 23:07:54,O.J.I.,ボトムハンティング！
2022-02-14 23:07:54,冥土,ヘッドハンティング草
2022-02-14 23:07:55,Hell Saturday,さすがのらーら
2022-02-14 23:07:58,えあ,○○さんじ！？
2022-02-14 23:08:00,took,ついにホロに入るのか
2022-02-14 23:08:04,うーあー,○○ライブか…
2022-02-14 23:08:05,優,引き抜き！？
2022-02-14 23:08:05,ドムドム,ホロックス？
2022-02-14 23:08:10,あるごん,宗教？
2022-02-14 23:08:12,おともあいる,のらーら消えるのか……
2022-02-14 23:08:14,Hell Saturday,学会？
2022-02-14 23:08:26,星狼seirou,やさしい！
2022-02-14 23:08:32,アイランド,行かないでくれよー:loudly_crying_face:
2022-02-14 23:08:32,灰色珊瑚,元気そうでよかた
2022-02-14 23:08:39,ドムドム,セバスナイス
2022-02-14 23:08:41,湯葉,かいよう
2022-02-14 23:08:46,灰色珊瑚,かいよう？
2022-02-14 23:08:49,えあ,かいよう
2022-02-14 23:08:49,O.J.I.,かいよう
2022-02-14 23:08:50,文,かいよう
2022-02-14 23:08:53,星狼seirou,潰瘍かいよう
2022-02-14 23:08:58,オアシス・ゲーリー,潰瘍
2022-02-14 23:09:10,星狼seirou,やめろ!!!!!!
2022-02-14 23:09:12,ひらり,乾いた笑い
2022-02-14 23:09:14,文,はは…
2022-02-14 23:09:22,FoxP,:pleading_face::pleading_face::pleading_face::pleading_face:
2022-02-14 23:09:21,うーあー,ﾊｯﾊｯ!
2022-02-14 23:09:22,灰色珊瑚,草
2022-02-14 23:09:22,ドムドム,ハハ
2022-02-14 23:09:27,おともあいる,ﾊﾊ…
2022-02-14 23:09:29,FoxP,yes! you give me chocolate!!
2022-02-14 23:09:43,箱推し,EN解説助かる
2022-02-14 23:09:44,ﾆﾝｼﾞﾝ,海外にも進出できるの優秀すぎる
2022-02-14 23:09:47,クマノコ,海外ニキは娘からチョコ貰ってた
2022-02-14 23:10:06,文,ぎぶみーちょーこれーと
2022-02-14 23:10:17,星狼seirou,これだけペラペラなら引き抜きたくもなるわなw
2022-02-14 23:10:18,Mizoreya,お菓子会社の陰謀
2022-02-14 23:10:22,・。・,そこから説明要るよな文化違うし
2022-02-14 23:10:55,FoxP,send me :chocolate_bar:
2022-02-14 23:10:56,ジョン,英語マジで上手い、そう説明するのかと思ってしまった
2022-02-14 23:10:57,クロヘビ局長,お菓子会社の戦略まで解説するんか
2022-02-14 23:10:57,山田太郎,英語うまいっすね
2022-02-14 23:11:00,半熟,ノラ君男の子なら貰う側か
2022-02-14 23:11:02,スマイル,他の箱も英会話できる子は喉から手が出るほどほしそうだよなぁ…
2022-02-14 23:11:06,ヤマ,政治が悪い
2022-02-14 23:11:15,オアシス・ゲーリー,ギブミーチョコレート
2022-02-14 23:11:15,missi ryo,アメリカ語すごい！
2022-02-14 23:11:17,・。・,血のバレンタイン
2022-02-14 23:11:25,灰色珊瑚,なんかおじさんが処刑された日や
2022-02-14 23:11:25,マグロ丼,バレンティンだっけ？
2022-02-14 23:11:30,pikachu machu,戦争やっけ？
2022-02-14 23:11:33,湯葉,よくこの文化定着させたよなー。ここまでいくとすげえと思う
2022-02-14 23:11:35,O.J.I.,殉教者だっけ？
2022-02-14 23:11:39,Horatio7 ・。・,聖ヴァレンタインが血祭りに上げられたんだっけ
2022-02-14 23:11:39,完全剛体リジッド,聖バレンティヌスだっけ？
2022-02-14 23:11:42,ドムドム,マシュマロとかでもいいんだよね？
2022-02-14 23:12:00,名無し,金儲けの口実に使われるのほんま
2022-02-14 23:12:06,FoxP,you didn't answer me :pleading_face::pleading_face::pleading_face:
2022-02-14 23:12:23,あるごん,ウァレンティヌスだっけ
2022-02-14 23:12:27,Mizoreya,ｈｍ部隊
2022-02-14 23:12:33,ﾆﾝｼﾞﾝ,マシュマロって嫌いですみたいな意味って聞いた
2022-02-14 23:12:56,かるぼな,こんのら　?
2022-02-14 23:13:11,えあ,知らんかった
2022-02-14 23:13:18,オアシス・ゲーリー,ノラくんよう知っとるな
2022-02-14 23:13:22,完全剛体リジッド,かなしいたけ
2022-02-14 23:13:25,覇王黒咲,魔法使いの男が多かったローマ
2022-02-14 23:13:30,マグロ丼,そんな悲しい話だったのか
2022-02-14 23:13:40,スマイル,日本の魔改造すごい
2022-02-14 23:13:41,ﾆﾝｼﾞﾝ,愛を育んでるからまぁ喜んでくれそう
2022-02-14 23:13:45,アイランド,え？今説明してる人ってのらーら？
2022-02-14 23:13:45,とりのそぼろ,ためになった
2022-02-14 23:13:48,博多の拳王!,そんなに重い日なのか
2022-02-14 23:13:51,Hell Saturday,愛に生きた男報われてるやん
2022-02-14 23:13:54,・。・,さりげなく教養アピしてくる
2022-02-14 23:14:04,ひらり,ハロウィンは渋谷の映像を見る日
2022-02-14 23:14:14,ドムドム,都合よくねじ曲げてるな日本
2022-02-14 23:14:15,Rock N,日本の謎イベント本当に要らないｗ
2022-02-14 23:14:18,完全剛体リジッド,日本で乱痴気騒ぎなっちゃうの草ぁ！
2022-02-14 23:14:24,オアシス・ゲーリー,渡されると返さなきゃいけないからクソめんどくさい
2022-02-14 23:14:25,灰色珊瑚,ここ数年一個も貰えてないヒトオスもおるんやで！
2022-02-14 23:14:28,あるごん,だというのにリア充どもは....悔しくないんだから！
2022-02-14 23:14:31,Horatio7 ・。・,英語圏には義理プレゼントの文化ないの？
2022-02-14 23:14:32,川原ひ,クリスマスもお祝いだし、日本は同じバカなら踊らにゃ損損って感じ
2022-02-14 23:14:32,そして尾崎,下ネタまき散らすチャンネルと思ってたら勉強になった
2022-02-14 23:14:37,優,日本のお菓子メーカーがチョコを売りたかったんやろうな
2022-02-14 23:14:40,八意ゆきの,お祭り好きだしな日本
2022-02-14 23:14:46,麦茶,バレンタインはソシャゲのイベント期間でしょ
2022-02-14 23:14:48,O.J.I.,日本の謎な魔改造よね
2022-02-14 23:14:49,クマノコ,お菓子作り好きだから楽しいけど
2022-02-14 23:14:50,アイランド,この風習マジでやめてほしい
2022-02-14 23:14:52,Mizoreya,最近の会社は社内でチョコ配るの禁止してるところもあるぞ
2022-02-14 23:15:13,あくせす.,こんのら～
2022-02-14 23:15:15,箱推し,まぁそれで経済回るんだし良いんだよ
2022-02-14 23:15:17,優,理由つけて断ったほうが楽
2022-02-14 23:15:19,くりのす,結局俺達には関係ないんやなって
2022-02-14 23:15:27,エソオン,苦手ですねぇ！
2022-02-14 23:15:29,Rock N,男が損するイベント大杉
2022-02-14 23:15:34,Sally Sally,今日はふんどしの日だよ
2022-02-14 23:15:48,あくせす.,お歳暮とかは禁止になってるよね
2022-02-14 23:16:01,アイランド,会社入ったら強制イベントやぞ
2022-02-14 23:16:06,あるごん,お返しないから楽や
2022-02-14 23:16:15,オアシス・ゲーリー,お返しの総額5万超えた時は乾いた笑い出たよ
2022-02-14 23:16:21,774,男しかいない会社なら無いぞ
2022-02-14 23:16:53,クマノコ,5万ってどんだけもらったのｗ
2022-02-14 23:16:58,灰色珊瑚,５万はきつい・・・
2022-02-14 23:17:15,名無し,5万はエグいw
2022-02-14 23:17:19,pikachu machu,もてもてやん
2022-02-14 23:17:29,ヤマ,おｋ
2022-02-14 23:17:30,エヌターク,職場に人がいないから何も貰わないぞ！
2022-02-14 23:17:31,アイランド,スペースに移行かな？
2022-02-14 23:17:31,とりのそぼろ,おつのらー
2022-02-14 23:17:33,スマイル,おつのら！
2022-02-14 23:17:35,灰色珊瑚,セーブできてえらい
2022-02-14 23:17:35,オアシス・ゲーリー,高い物数人から貰ったからそれのお返しで同額が
2022-02-14 23:17:36,今宮,おつのらー
2022-02-14 23:17:36,てふてふ,おつのら
2022-02-14 23:17:37,ヤマ,おつワーム
2022-02-14 23:17:38,シロ猫,おつ
2022-02-14 23:17:39,星狼seirou,るるるさんがゲリラ配信するのでありがたい
2022-02-14 23:17:40,灰色珊瑚,おつのらー！
2022-02-14 23:17:40,Horatio7 ・。・,おつのら～
2022-02-14 23:17:40,ものらる猫,お疲れ様でした
2022-02-14 23:17:41,八意ゆきの,おつのらー
2022-02-14 23:17:42,くりのす,おつのらー
2022-02-14 23:17:42,アトモスフィア,おつのら～
2022-02-14 23:17:43,774,おつのら
2022-02-14 23:17:44,Rock N,おつのらー
2022-02-14 23:17:44,あるごん,お返しはうまい棒っていう文化にならんかな
2022-02-14 23:17:45,クロヘビ局長,おつのらー
2022-02-14 23:17:45,Gimu,おつのらー
2022-02-14 23:17:46,エソオン,おつのらー
2022-02-14 23:17:46,箱推し,割と進捗あったな
2022-02-14 23:17:46,ドムドム,おつのらー
2022-02-14 23:17:46,文,おつのら〜
2022-02-14 23:17:46,昼酒,おつのらー
2022-02-14 23:17:47,アイランド,おつのらー
2022-02-14 23:17:47,うーあー,おつのらー
2022-02-14 23:17:47,O.J.I.,おつのら～
2022-02-14 23:17:48,完全剛体リジッド,おつのらです～
2022-02-14 23:17:48,くるみ団子,おつのらー
2022-02-14 23:17:48,あくせす.,おつのらー
2022-02-14 23:17:49,マグロ丼,おつのらー
2022-02-14 23:17:49,えあ,おつのらー
2022-02-14 23:17:49,はこ,おつのら〜
2022-02-14 23:17:49,灰色珊瑚,おお！
2022-02-14 23:17:49,むふー,おつのらー
2022-02-14 23:17:49,はばな,おつのらー
2022-02-14 23:17:49,桜,おつのらー
2022-02-14 23:17:50,星狼seirou,おつのらー
2022-02-14 23:17:52,FoxP,otsunora!!!
2022-02-14 23:17:53,おともあいる,おつのらー
2022-02-14 23:17:53,Sally Sally,おつのら
2022-02-14 23:17:55,オアシス・ゲーリー,おつのらー
2022-02-14 23:17:55,お化け,おつのら～
2022-02-14 23:17:56,文,はい添い寝
2022-02-14 23:17:57,アイランド,やったぜ
2022-02-14 23:17:57,あるごん,おつのら
2022-02-14 23:17:58,クマノコ,おつのらー
2022-02-14 23:18:00,冥土,おつのらー
2022-02-14 23:18:02,・。・,おつのら
2022-02-14 23:18:02,kinoko ruke,おつのら～
2022-02-14 23:18:02,博多の拳王!,おつのら～
2022-02-14 23:18:03,デクロボ,おつのらー
2022-02-14 23:18:03,アイランド,おつのらー
2022-02-14 23:18:03,85 25,おつのらー
2022-02-14 23:18:04,覇王黒咲,おつのら
2022-02-14 23:18:04,青身切身うまうま,おつのらー
2022-02-14 23:18:05,灰色珊瑚,やったのら
2022-02-14 23:18:05,林啓太,おつのらー
2022-02-14 23:18:06,箱推し,おつのら
2022-02-14 23:18:07,冷やっこ,おつのら〜
2022-02-14 23:18:08,完全剛体リジッド,1234!
2022-02-14 23:18:09,灰色珊瑚,:baguette_bread::baguette_bread:
2022-02-14 23:18:09,・。・,これいつもやるのかｗ
2022-02-14 23:18:09,名無し,おつのらー
2022-02-14 23:18:13,クマノコ,EDｷﾀｺﾚ
2022-02-14 23:18:17,ジョン,定番になってて草
2022-02-14 23:18:17,くりのす,EDソングになってて草
2022-02-14 23:18:17,O.J.I.,ED草
2022-02-14 23:18:19,半熟,ｃパート
2022-02-14 23:18:21,博多の拳王!,くさ
2022-02-14 23:18:21,山田太郎,おつ
2022-02-14 23:18:21,優,草
2022-02-14 23:18:21,灰色珊瑚,なんか可愛い声聞こえてきた
2022-02-14 23:18:22,野良フェンリル,おつのら～
2022-02-14 23:18:24,ものらる猫,このFA好き
2022-02-14 23:18:24,第一X市民,おつのら
2022-02-14 23:18:24,箱推し,ED助かる
2022-02-14 23:18:25,なゆてる / TALE_OTOGAMER,おつのらー
2022-02-14 23:18:26,Rock N,草
2022-02-14 23:18:28,昼酒,草
2022-02-14 23:18:29,林啓太,EDずっとこれなんｗ
2022-02-14 23:18:30,はこ,草
2022-02-14 23:18:30,くりのす,１２３４！
2022-02-14 23:18:31,文,ピアノアレンジほしい
2022-02-14 23:18:31,ふにゃんた,おつのら〜
2022-02-14 23:18:32,うーあー,1234
2022-02-14 23:18:32,八意ゆきの,EDきちゃあ
2022-02-14 23:18:33,名無し,EDソングになってんの草
2022-02-14 23:18:34,FoxP,1 2 3 4!!!!!
2022-02-14 23:18:34,Sally Sally,草
2022-02-14 23:18:34,えあ,1234!
2022-02-14 23:18:34,774,エンディング助かる
2022-02-14 23:18:35,クマノコ,１２３４！
2022-02-14 23:18:36,たくや,おつのら！
2022-02-14 23:18:37,アトモスフィア,１２３４
2022-02-14 23:18:39,ヤマ,この曲耳から離れなくなってきた
2022-02-14 23:18:39,冥土,これ正式採用なんだw
2022-02-14 23:18:40,あるごん,1234！！！
2022-02-14 23:18:40,はこ,1234！
2022-02-14 23:18:42,冷やっこ,EDたすかる
2022-02-14 23:18:43,星狼seirou,1234
2022-02-14 23:18:44,八意ゆきの,1234!
2022-02-14 23:18:46,文,1234！
2022-02-14 23:18:48,完全剛体リジッド,頭に残りますよねｗ
2022-02-14 23:18:49,優,この曲のテンポ好き
2022-02-14 23:18:50,柚子にゃ,1234
2022-02-14 23:18:58,Gimu,1234!
2022-02-14 23:18:59,箱推し,ライブに備えて合いの手練習しとかないとな
2022-02-14 23:19:01,Sally Sally,1234
2022-02-14 23:19:01,ジョン,ありがとうございます、また色々曲作ります
2022-02-14 23:19:05,アトモスフィア,この曲普通に好き
2022-02-14 23:19:09,オアシス・ゲーリー,1234
2022-02-14 23:19:11,灰色珊瑚,:clapping_hands::clapping_hands::clapping_hands::clapping_hands::clapping_hands::clapping_hands::clapping_hands::clapping_hands:
2022-02-14 23:19:19,うーあー,:clapping_hands::clapping_hands::clapping_hands::clapping_hands::clapping_hands::clapping_hands:
2022-02-14 23:19:23,優,ほんまに草
2022-02-14 23:19:23,灰色珊瑚,いま可愛い声の人が歌ってなかった？
2022-02-14 23:19:23,ものらる猫,草なんよな
2022-02-14 23:19:24,櫻咲,:clapping_hands::clapping_hands::clapping_hands::clapping_hands::clapping_hands::clapping_hands::clapping_hands:
2022-02-14 23:19:30,ジョン,のらーらいつもありがとう！
2022-02-14 23:19:32,774,:clapping_hands:
