2022-04-12 22:31:37,アライラ,ん
2022-04-12 22:31:38,微糖,お
2022-04-12 22:31:38,有村霧香,ん
2022-04-12 22:31:45,スプレム,ん
2022-04-12 22:31:50,O.J.I.,λ
2022-04-12 22:31:53,ニセ勇者,o
2022-04-12 22:31:54,野良フェンリル,な
2022-04-12 22:32:04,名無しのプログラマ,ㄘ
2022-04-12 22:32:16,たつきんぐ,ぬるぽ
2022-04-12 22:32:18,344万の男　※カウントダウン12,お
2022-04-12 22:35:12,DuxRyK 【デューク】,こんのらー
2022-04-12 22:35:13,椎名七,内容変更？
2022-04-12 22:35:13,もげたもげ太郎,謝罪！？
2022-04-12 22:35:13,よもぎ ⚰️,こんのら～
2022-04-12 22:35:14,たつきんぐ,今回の事件について
2022-04-12 22:35:14,蛙印,あっ・・・
2022-04-12 22:35:14,YMS,帽子なし
2022-04-12 22:35:15,てぃろ,こんのらー:camera_with_flash::camera_with_flash::camera_with_flash:
2022-04-12 22:35:16,takkuson,はじまた
2022-04-12 22:35:17,やさい,こんのらー
2022-04-12 22:35:17,ばく,こんのらー
2022-04-12 22:35:17,八意ゆきの,こんのらー
2022-04-12 22:35:18,いっち,こんのらー
2022-04-12 22:35:18,名無し,い　つ　も　の
2022-04-12 22:35:19,V-MAX,こんのらー
2022-04-12 22:35:20,将軍福助,初手謝罪は草
2022-04-12 22:35:20,翠,こんのらー
2022-04-12 22:35:22,ばく,www
2022-04-12 22:35:22,けそ（けそ）,こんのら～
2022-04-12 22:35:22,かみやすり,謝罪会見か
2022-04-12 22:35:23,ああ,謝罪だあああああ
2022-04-12 22:35:23,微糖,きちゃー
2022-04-12 22:35:24,まんじゅう暗黒入り,こんのらー
2022-04-12 22:35:24,パストラミビーフ,草
2022-04-12 22:35:24,奇怪人形,ノイズが
2022-04-12 22:35:25,アーバク,:camera_with_flash::camera_with_flash::camera_with_flash::camera_with_flash:
2022-04-12 22:35:26,ポーヘイ,こいついつも謝罪してんな
2022-04-12 22:35:26,O.J.I.,こんのら～
2022-04-12 22:35:26,とりのそぼろ,こんのらー
2022-04-12 22:35:27,瀬名いずる,こんのらー
2022-04-12 22:35:28,牛丼屋の常連,:camera_with_flash::camera_with_flash::camera_with_flash::camera_with_flash:
2022-04-12 22:35:28,椎名七,こんのらー
2022-04-12 22:35:28,もげたもげ太郎,こんのらー
2022-04-12 22:35:28,ぴの⚰️,こんのらー
2022-04-12 22:35:28,344万の男　※カウントダウン12,初手謝罪w
2022-04-12 22:35:30,おじじさん,謝罪要らんよ！楽しかった
2022-04-12 22:35:32,霜月こんX2,謝罪になってる
2022-04-12 22:35:32,カナガタ_セッサク中,こんのらー
2022-04-12 22:35:33,LIM,こんのらー
2022-04-12 22:35:33,bbd,いったいどうなってるんだ！？
2022-04-12 22:35:33,ばく,初手謝罪
2022-04-12 22:35:33,冥土,こんのらー
2022-04-12 22:35:33,牛丼屋の常連,:camera_with_flash::camera_with_flash::camera_with_flash::camera_with_flash::camera_with_flash:
2022-04-12 22:35:34,DuxRyK 【デューク】,ぷつぷつしとるよ
2022-04-12 22:35:36,Azu -あず-,脱帽できてエライ代
2022-04-12 22:35:36,林啓太,こんのらー
2022-04-12 22:35:36,おはぎさん,お、無事始まったか、じゃあおつのらー
2022-04-12 22:35:37,がんすもー,こんのらー
2022-04-12 22:35:39,牛丼屋の常連,:camera_with_flash::camera_with_flash::camera_with_flash::camera_with_flash::camera_with_flash:
2022-04-12 22:35:40,微糖,こんのらー
2022-04-12 22:35:41,Keromaro,こんのらー
2022-04-12 22:35:42,ジョニーわしづかみ,普通にデスノート見れると思ってんの？セックスアンドデスノート
2022-04-12 22:35:44,カンナカムイ,:camera_with_flash::camera_with_flash::camera_with_flash:
2022-04-12 22:35:44,N M,あーあ
2022-04-12 22:35:44,パストラミビーフ,:camera_with_flash:
2022-04-12 22:35:45,あるごん,こんのらー
2022-04-12 22:35:45,牛丼屋の常連,:camera_with_flash::camera_with_flash::camera_with_flash::camera_with_flash::camera_with_flash:
2022-04-12 22:35:45,そら,:camera::camera::camera::camera::camera:
2022-04-12 22:35:45,野良フェンリル,見終わった人に一言！！
2022-04-12 22:35:46,S!NK,こんのらー
2022-04-12 22:35:47,bom,原因は？
2022-04-12 22:35:48,Anfia,スパ茶はON
2022-04-12 22:35:48,いっち,また謝罪してる…
2022-04-12 22:35:49,春日俊介,:camera_with_flash::camera_with_flash::camera_with_flash::camera_with_flash::camera_with_flash::camera_with_flash::camera_with_flash::camera_with_flash::camera_with_flash::camera_with_flash::camera_with_flash::camera_with_flash::camera_with_flash::camera_with_flash::camera_with_flash::camera_with_flash:
2022-04-12 22:35:49,ああ,何かやってたんだから仕方ない
2022-04-12 22:35:50,蛙印,チャット欄楽しかったからいいよ
2022-04-12 22:35:51,牛丼屋の常連,:camera_with_flash::camera_with_flash::camera_with_flash:
2022-04-12 22:35:51,なっとうまき,いいよ
2022-04-12 22:35:51,冥土,スパチャは切らないんですか？:camera_with_flash:
2022-04-12 22:35:51,微糖,:camera::camera::camera::camera::camera::camera:
2022-04-12 22:35:51,たつきんぐ,いいよ
2022-04-12 22:35:52,airship[エアシップ],こんのらー
2022-04-12 22:35:52,龍太,どした？
2022-04-12 22:35:52,bbd,謝罪ヌードを出せ、従井ノラ
2022-04-12 22:35:54,とりのそぼろ,スパチャ
2022-04-12 22:35:55,牛丼屋の常連,:camera_with_flash::camera_with_flash::camera_with_flash::camera_with_flash:
2022-04-12 22:35:55,V-MAX,:camera_with_flash:
2022-04-12 22:35:56,名無し,Vtuber1謝罪が似合う女
2022-04-12 22:35:56,N M,デスノ冷めちゃった
2022-04-12 22:35:56,アライラ,背中見せろ！！！
2022-04-12 22:35:57,かみやすり,涙吹けよ
2022-04-12 22:35:57,ぐら,:camera_with_flash::camera:
2022-04-12 22:35:57,牛丼屋の常連,:camera_with_flash::camera_with_flash::camera_with_flash:
2022-04-12 22:35:59,ジランツ,こんのらー
2022-04-12 22:36:02,椎名七,フラッシュの点減にご注意ください
2022-04-12 22:36:03,344万の男　※カウントダウン12,2時間待機耐久記念スパチャ
2022-04-12 22:36:03,冷凍メガネ,こんのら
2022-04-12 22:36:04,けそ（けそ）,:camera_with_flash::camera_with_flash::camera_with_flash:
2022-04-12 22:36:05,ちろる,見終わったよ
2022-04-12 22:36:05,なっとうまき,草
2022-04-12 22:36:06,くりのす,こんのらー
2022-04-12 22:36:06,りょ,デスノート冷めちゃった
2022-04-12 22:36:09,ばく,:camera_with_flash::camera_with_flash::camera_with_flash::camera_with_flash:
2022-04-12 22:36:10,微糖,みんなで見てたよー
2022-04-12 22:36:10,狸,お金ｗｗｗｗｗ
2022-04-12 22:36:10,よもぎ ⚰️,久しぶりの謝罪
2022-04-12 22:36:12,春日俊介,潔い！！
2022-04-12 22:36:15,RAM太郎,:camera_with_flash::camera_with_flash::camera_with_flash::camera_with_flash::camera_with_flash:
2022-04-12 22:36:15,V-MAX,草
2022-04-12 22:36:16,奇怪人形,元気か？
2022-04-12 22:36:16,ああ,投げてください！？
2022-04-12 22:36:17,ポーヘイ,見終わった人に謝罪の言葉はないんですか！！
2022-04-12 22:36:17,Azu -あず-,やっぱ藤原竜也すごいわー
2022-04-12 22:36:19,LIM,:camera::camera::camera::camera_with_flash::camera_with_flash::camera_with_flash:
2022-04-12 22:36:19,グレンビーグ,:camera_with_flash::camera_with_flash::camera_with_flash::camera_with_flash::camera_with_flash::camera_with_flash::camera_with_flash::camera_with_flash:
2022-04-12 22:36:19,たつきんぐ,ずっと無音を聞いてた
2022-04-12 22:36:19,ただの水口です,デスノート面白かった
2022-04-12 22:36:20,名無しのプログラマ,
2022-04-12 22:36:22,はましゅう,金ですか結局！？
2022-04-12 22:36:23,グレンビーグ,:camera_with_flash::camera_with_flash::camera_with_flash::camera_with_flash::camera_with_flash::camera_with_flash::camera_with_flash::camera_with_flash:
2022-04-12 22:36:23,ジミー,コレはチキンノラーメン
2022-04-12 22:36:25,チー釜,謝罪なのにスパチャオンなのはどうゆことなんでか？！:camera_with_flash:
2022-04-12 22:36:25,瀬名いずる,本編終わったー
2022-04-12 22:36:25,ごっしー,ノート埋まっちゃった
2022-04-12 22:36:26,野良フェンリル,もう帰るか
2022-04-12 22:36:27,bbd,もうみんな後編見てるよ
2022-04-12 22:36:28,心地よい緑色,同時視聴楽しかったです！いつも映画は集中して見てしまうのですが今日はノラくんの笑い声に何度かつられてしまいました笑 2の同時視聴も楽しみにしてます！
2022-04-12 22:36:31,林啓太,本当に反省しているんですか？！
2022-04-12 22:36:31,春日俊介,:camera_with_flash::camera_with_flash::camera_with_flash::camera_with_flash::camera_with_flash::camera_with_flash::camera_with_flash::camera_with_flash:
2022-04-12 22:36:37,龍太,大丈夫かい？
2022-04-12 22:36:39,微糖,面白かったー
2022-04-12 22:36:39,名無し,
2022-04-12 22:36:44,牛丼屋の常連,謝罪会見を楽しみにしてました
2022-04-12 22:36:44,蛙印,デスノート楽しかったね
2022-04-12 22:36:46,takkuson,夜勤おつかれ
2022-04-12 22:36:49,ヤマ,ごめんなさいが助かる
2022-04-12 22:36:50,V-MAX,ｗ
2022-04-12 22:36:54,アーバク,草
2022-04-12 22:36:57,将軍福助,遅れた原因はなんなんですか:camera_with_flash::camera_with_flash::camera_with_flash:
2022-04-12 22:36:59,ポーヘイ,もうみんなThe Last Nameみてるよ
2022-04-12 22:37:00,アリマ,草
2022-04-12 22:37:11,かおり,友達と同時視聴あるからまたね！って無理やり切り上げて待機してたけど気にしないよ！
2022-04-12 22:37:02,よもぎ ⚰️,幻聴が聞こえてて草
2022-04-12 22:37:02,ニート鮭男,謝罪会見？
2022-04-12 22:37:02,ばく,www
2022-04-12 22:37:04,アライラ,イマジナリー同時視聴は草
2022-04-12 22:37:04,344万の男　※カウントダウン12,イマジナリーノラ
2022-04-12 22:37:04,りんご,無音同時視聴は草
2022-04-12 22:37:04,ただの水口です,草
2022-04-12 22:37:05,たつきんぐ,最後のノラくん見入ってたよね
2022-04-12 22:37:05,鯰人「なまんちゅ」,草
2022-04-12 22:37:05,八意ゆきの,幻聴ニキ草
2022-04-12 22:37:07,サカ,草
2022-04-12 22:37:10,冥土,ノラ君の配信よりコメ欄が面白いって言われてましたがどう思いますか？
2022-04-12 22:37:10,Francisco Ramirez,こんばんは
2022-04-12 22:37:13,アール・グレイ,え！？さっきまで配信してたじゃん！？
2022-04-12 22:37:13,Keromaro,草
2022-04-12 22:37:15,アルくんさん,こんのらー
2022-04-12 22:37:19,クロヘビ局長,最後の心理戦すごかったよ
2022-04-12 22:37:20,ノラ丸　寧々丸教直系傘下ノラ組,本当の本当は？
2022-04-12 22:37:21,名無し,視聴終わったので寝ますね
2022-04-12 22:37:23,takkuson,あーとめーらの流れか
2022-04-12 22:37:25,ばやし,デスノート楽しかったよ
2022-04-12 22:37:29,たつきんぐ,これからみるんだ・・・
2022-04-12 22:37:29,セラ,　おやすみ
2022-04-12 22:37:34,・。・,今度は何をやらかしたんですか？
2022-04-12 22:37:47,けそ（けそ）,大丈夫そ？
2022-04-12 22:38:04,いすといすと,やらかした前提で草
2022-04-12 22:38:09,冥土,これが新世界の神の姿か…
2022-04-12 22:38:10,ノラ丸　寧々丸教直系傘下ノラ組,本当はスペースしないで寝てたんでしょ？
2022-04-12 22:38:15,水猫,これから見るの？
2022-04-12 22:38:17,ビーダマン,この人何かやらかしたんですか？
2022-04-12 22:38:18,忘村,:eyes:
2022-04-12 22:38:21,ばく,www
2022-04-12 22:38:23,牛丼屋の常連,それでは、観ましょうｗｗｗ
2022-04-12 22:38:24,N M,は？　見るの？
2022-04-12 22:38:25,龍太,で何したん
2022-04-12 22:38:26,蛙印,この空気でよく言えた！
2022-04-12 22:38:28,ヤマ,見るの？
2022-04-12 22:38:30,とりのそぼろ,懐かしいな
2022-04-12 22:38:31,おはぎさん,みるんかい
2022-04-12 22:38:32,ポーヘイ,藤原竜也が溶鉱炉に沈んでいく姿に涙が止まらなかった
2022-04-12 22:38:35,ふじしろけい,は？
2022-04-12 22:38:34,かおり,どうやってみるのー？時間あわせる？
2022-04-12 22:38:36,トド職,大事な話があったとのことですがどんな内容ですか
2022-04-12 22:38:37,翠,おｋ
2022-04-12 22:38:37,ニート鮭男,人生ハードモードやね、ファイト！
2022-04-12 22:38:37,微糖,ペスノート
2022-04-12 22:38:37,おこげこんがり,あれ、ムカデ人間じゃなかったのか
2022-04-12 22:38:37,V-MAX,見ましょう
2022-04-12 22:38:38,N M,もう眠いよ
2022-04-12 22:38:39,川原ひ,もう良くない？
2022-04-12 22:38:41,ジョン,何をやらかしたんですか
2022-04-12 22:38:41,344万の男　※カウントダウン12,おーけー
2022-04-12 22:38:42,チー釜,このまま切った方がウケ良さそう
2022-04-12 22:38:42,bom,アニメじゃ無くて良かったー
2022-04-12 22:38:42,クロヘビ局長,とっくにできてます
2022-04-12 22:38:42,ノラ丸　寧々丸教直系傘下ノラ組,謝罪とは？
2022-04-12 22:38:43,yuki ohshi,え？
2022-04-12 22:38:45,くりのす,ずっとできてるよｗ
2022-04-12 22:38:46,えだ,この空気から始まる
2022-04-12 22:38:50,O.J.I.,デスノートですノートですノートですノートですノート…
2022-04-12 22:38:51,YMS,0秒待機
2022-04-12 22:38:53,ばく,だいぶ前から出来てるよ
2022-04-12 22:38:55,水猫,おｋ
2022-04-12 22:38:56,やさい,眠くなって寝ようと思ってたけど頑張って観ます
2022-04-12 22:38:57,ややきさく,動画映してくれ
2022-04-12 22:38:59,ノラ丸　寧々丸教直系傘下ノラ組,チーズ冷めちゃった
2022-04-12 22:39:04,keDama,スヤァ
2022-04-12 22:39:04,そら,何をやったんだ…
2022-04-12 22:39:07,アズサ,アマプラ？
2022-04-12 22:39:11,yuki ohshi,アニメ全話耐久するって？
2022-04-12 22:39:12,よもぎ ⚰️,40分おｋ
2022-04-12 22:39:19,ばやし,準備出来過ぎて風呂入ってる
2022-04-12 22:39:23,牛丼屋の常連,アマプラりょうかい
2022-04-12 22:39:24,トド職,DWUのＡＶ準備おっけーです
2022-04-12 22:39:26,奇怪人形,カウントダウンよろ
2022-04-12 22:39:27,ポーヘイ,もうさっきみたから頭の中で再生しながらノラ君のトークみるね…
2022-04-12 22:39:29,チー釜,もう既に眠いんですががが
2022-04-12 22:39:34,MOKKA,primeじゃないのがなあ
2022-04-12 22:39:39,鯰人「なまんちゅ」,いいよ
2022-04-12 22:39:41,ああ,どうぞ
2022-04-12 22:39:42,翠,ええよ
2022-04-12 22:39:43,けそ（けそ）,どうぞどうぞ
2022-04-12 22:39:43,かおり,配信のラグないのかな
2022-04-12 22:39:44,O.J.I.,ノラ君のリアクションだけでご飯3杯いける
2022-04-12 22:39:45,野良フェンリル,いいよ
2022-04-12 22:39:45,あるごん,何食べるの？
2022-04-12 22:39:46,牛丼屋の常連,いいよ
2022-04-12 22:39:46,やさい,セバス食べながらでいいよ
2022-04-12 22:39:47,ばく,いいよ
2022-04-12 22:39:49,ニート鮭男,俺も今からご飯やわ
2022-04-12 22:39:50,ジランツ,40分スタート了解です！
2022-04-12 22:39:50,ばやし,お腹すいてるもんね
2022-04-12 22:39:51,V-MAX,ｗ
2022-04-12 22:39:54,ヤマ,いいよ
2022-04-12 22:39:56,DuxRyK 【デューク】,いいよ
2022-04-12 22:40:00,テロメア,わくわく
2022-04-12 22:40:02,MOKKA,草
2022-04-12 22:40:04,もげたもげ太郎,経費
2022-04-12 22:40:04,椎名七,温ペプシの準備も完了よ
2022-04-12 22:40:05,奇怪人形,高画質買いやがったな
2022-04-12 22:40:05,忘村,しかし今回のサムネええなぁ
2022-04-12 22:40:07,ポーヘイ,経費で草
2022-04-12 22:40:07,アール・グレイ,アマプラ広告無い？
2022-04-12 22:40:13,masa hiro,そっちかー
2022-04-12 22:40:14,かおり,ええｗ
2022-04-12 22:40:17,ニート鮭男,見えてる？
2022-04-12 22:40:21,ばやし,大丈夫よ
2022-04-12 22:40:21,おじじさん,入ってない
2022-04-12 22:40:23,アール・グレイ,WB
2022-04-12 22:40:23,サカ,大丈夫
2022-04-12 22:40:27,アーバク,大丈夫
2022-04-12 22:40:27,さすけ,こんのら！
2022-04-12 22:40:35,airship[エアシップ],寝落ちしそうなのでポップコーン代:ear_of_corn:置いときます。
2022-04-12 22:40:36,ポーヘイ,間違って新しい方の映画買っちゃった
2022-04-12 22:40:38,りょ,晩御飯何食べるの
2022-04-12 22:40:41,遠香!,こんのら～
2022-04-12 22:40:50,ばやし,たまに表示してくれればいいよ
2022-04-12 22:40:55,牛丼屋の常連,それ表示させるのは難しいと思う
2022-04-12 22:40:58,かおり,すたんぷきえた！
2022-04-12 22:40:58,蛙印,本日2度目
2022-04-12 22:41:00,おはぎさん,１６年前なのに久しぶりとは
2022-04-12 22:41:01,アール・グレイ,日テレ
2022-04-12 22:41:07,あるごん,月が綺麗だね
2022-04-12 22:41:08,いすといすと,タイマー別に準備した方が楽な気がするw
2022-04-12 22:41:08,鯰人「なまんちゅ」,しーすー？？
2022-04-12 22:41:08,さすけ,おお〜
2022-04-12 22:41:12,ばく,いいね
2022-04-12 22:41:12,かおり,もう1回あわせたいからだしてー
2022-04-12 22:41:12,ちろる,変わっちまったな…
2022-04-12 22:41:13,なっとうまき,おいしそう
2022-04-12 22:41:14,ニート鮭男,そこはポップコーンじゃないのか
2022-04-12 22:41:14,ばやし,まともな飯だ！
2022-04-12 22:41:15,Azu -あず-,一般でも豪華よ
2022-04-12 22:41:16,たつきんぐ,すしたべたい
2022-04-12 22:41:17,遠香!,ネタバレ　夜神月が東大目指すストーリーです
2022-04-12 22:41:17,もげたもげ太郎,変わっちまったな
2022-04-12 22:41:17,龍太,なんだと…
2022-04-12 22:41:18,あるごん,富豪か？
2022-04-12 22:41:19,サカ,:sushi:
2022-04-12 22:41:21,やさい,17万円借金あるのに寿司:double_exclamation_mark:！？？！
2022-04-12 22:41:21,テラニコフ,寿司食べたい:musical_notes:
2022-04-12 22:41:22,野良フェンリル,豪華なごはん！
2022-04-12 22:41:23,さすけ,遠くなっちまったな…
2022-04-12 22:41:24,忘村,【朗報】ノラ君、寿司の出前を頼む
2022-04-12 22:41:24,冥土,なんの会議だったの？
2022-04-12 22:41:29,おじじさん,すしぃ！？？
2022-04-12 22:41:29,有村霧香,雷の音がでかーい
2022-04-12 22:41:30,牛丼屋の常連,うっわ、これ懐かしい
2022-04-12 22:41:30,keDama,別の映画観ますね
2022-04-12 22:41:31,かおり,ありがとーあったー
2022-04-12 22:41:33,八意ゆきの,かわっちまったな
2022-04-12 22:41:37,けそ（けそ）,豪華！
2022-04-12 22:41:39,ばく,映画でも会見始まってら
2022-04-12 22:41:44,V-MAX,雷だー
2022-04-12 22:41:47,ニート鮭男,寿司ってカッパ巻き？
2022-04-12 22:41:49,さすけ,こちとら3ちゃいやぞ
2022-04-12 22:41:50,masa hiro,今日は寿司食ってもいいのか？
2022-04-12 22:41:51,鯰人「なまんちゅ」,２００６年とか嘘だろ・・・
2022-04-12 22:41:55,T.T.,ノラくん生まれる前じゃん
2022-04-12 22:41:55,アールグレイボンボン,ノラ君生まれてないね
2022-04-12 22:41:58,蛙印,ペスノート
2022-04-12 22:41:59,そら,ノラくんこのとき何歳だった?
2022-04-12 22:42:00,かおり,ちょっと静かにして！
2022-04-12 22:42:02,よもぎ ⚰️,ドラマ見てたな
2022-04-12 22:42:03,ポーヘイ,2006年、ガンダムダブルオー1期やってた頃か
2022-04-12 22:42:06,slyness,ポテチ用意した
2022-04-12 22:42:12,スプレム,ノラちゃん当時見てたの？
2022-04-12 22:42:16,アズサ,The worldかな？
2022-04-12 22:42:17,V-MAX,うるせえぇ！って叫んでる
2022-04-12 22:42:17,椎名七,顔面たくさんはアニメだったか
2022-04-12 22:42:18,有村霧香,従井ノラっと
2022-04-12 22:42:20,水猫,結構、いきなり書いてるw
2022-04-12 22:42:30,川原ひ,男ォ！？:unicorn:
2022-04-12 22:42:35,そら,Hulu障害起きてて見れなくて草
2022-04-12 22:42:37,slyness,ワイか
2022-04-12 22:42:37,ポーヘイ,広がる闇の中革命の日に～♪
2022-04-12 22:42:40,YMS,あ
2022-04-12 22:42:44,あるごん,ちんだ
2022-04-12 22:42:48,椎名七,心臓発作こわ・・・
2022-04-12 22:42:49,さすけ,あっ
2022-04-12 22:42:55,はーふ*とーん,こんのら
2022-04-12 22:42:56,V-MAX,あ・・・
2022-04-12 22:42:56,はましゅう,顔w
2022-04-12 22:42:57,よもぎ ⚰️,心臓麻痺
2022-04-12 22:43:03,蛙印,削除！
2022-04-12 22:43:06,有村霧香,一人書いただけでページめくったぞｗ
2022-04-12 22:43:06,鯰人「なまんちゅ」,こんなんだったけｗ
2022-04-12 22:43:08,ポーヘイ,アニメ再生してたわ
2022-04-12 22:43:11,ニート鮭男,殺しまくりなんか
2022-04-12 22:43:12,デイビット・コジマ ⚰️,こんのらー
2022-04-12 22:43:12,テルゲス,あ、始まってる
2022-04-12 22:43:15,slyness,隙あらば殺すよ
2022-04-12 22:43:17,YMS,記憶にありません
2022-04-12 22:43:17,ばく,ジェノサイダー
2022-04-12 22:43:20,344万の男　※カウントダウン12,こんなんやったけw
2022-04-12 22:43:24,テルゲス,こんのらー
2022-04-12 22:43:25,パストラミビーフ,漫画とはだいぶん違う
2022-04-12 22:43:27,YMS,あ
2022-04-12 22:43:28,V-MAX,さっそく・・・
2022-04-12 22:43:34,よもぎ ⚰️,こんな感じだったな
2022-04-12 22:43:37,蛙印,めしあがれ
2022-04-12 22:43:41,アールグレイボンボン,召し上がれ
2022-04-12 22:43:42,はーふ*とーん,ぱくぱく
2022-04-12 22:43:42,ニート鮭男,関係ないけどなんの寿司？サーモン？
2022-04-12 22:43:42,さすけ,いいねえ！
2022-04-12 22:43:42,水猫,ハイペースだね
2022-04-12 22:43:50,八意ゆきの,ぱくぱくかわいい
2022-04-12 22:43:51,ばく,よかったね
2022-04-12 22:43:53,ポーヘイ,なんのお寿司たべてるの？
2022-04-12 22:43:54,roll,もうやってたか！
2022-04-12 22:43:55,高橋右手,１ページごとに１つ名前書いてるの気になる
2022-04-12 22:43:56,ただの水口です,かわいい
2022-04-12 22:43:58,椎名七,うぁわぁ、なつかしぃ
2022-04-12 22:44:04,サカ,ぱくぱくたすかる
2022-04-12 22:44:08,ヌマハチ,残業で絶対間に合わないとおもったら始まったばかり！？
2022-04-12 22:44:10,柳井もぶ,お腹空いてきた
2022-04-12 22:44:14,蛙印,痔かな？
2022-04-12 22:44:15,V-MAX,お寿司何から食べてるの？
2022-04-12 22:44:16,たつきんぐ,痔かな
2022-04-12 22:44:20,緑川心愛,始まってた
2022-04-12 22:44:27,牛丼屋の常連,ぱくぱくかわいい
2022-04-12 22:44:34,かおり,従井ノラってかいたらノラくんしぬの
2022-04-12 22:44:43,スタンプル,時間でてないよ
2022-04-12 22:44:44,名無し,ぱくぱくかわいい
2022-04-12 22:44:50,緑川心愛,立って見てるのかな？
2022-04-12 22:44:51,八意ゆきの,咀嚼音拾ってね？
2022-04-12 22:44:51,はましゅう,ぼーよみw
2022-04-12 22:44:58,ポーヘイ,一応ノラ君は一度以上見たことあるの？
2022-04-12 22:45:03,けそ（けそ）,ぱくぱく助かる
2022-04-12 22:45:03,アライラ,咀嚼ASMRええな
2022-04-12 22:45:04,joy jo,こんのらー
2022-04-12 22:45:05,ニート鮭男,寿司食いながら立って見てたらクッソ笑う
2022-04-12 22:45:05,keDama,ガリ食え
2022-04-12 22:45:11,V-MAX,死んでいくー
2022-04-12 22:45:15,とりのそぼろ,これウォッチパーティしないの？
2022-04-12 22:45:15,ホセ・ノラスキー,こんのらー今何秒くらい見てます〜？
2022-04-12 22:45:18,有村霧香,葬儀屋の都合も考えてくれよ
2022-04-12 22:45:19,keDama,怖い映画観れば良いのに
2022-04-12 22:45:20,ポーヘイ,おｋ！
2022-04-12 22:45:23,牛丼屋の常連,とろろがあんなに！
2022-04-12 22:45:23,yuki ohshi,死因は痔
2022-04-12 22:45:30,ホセ・ノラスキー,ご飯ぱくぱく助かる
2022-04-12 22:45:31,たつきんぐ,こわい
2022-04-12 22:45:32,さすけ,ASMRたすかる
2022-04-12 22:45:37,微糖,金ローとかでもやってたしね
2022-04-12 22:45:40,ノラ丸　寧々丸教直系傘下ノラ組,時間は出さないのー？
2022-04-12 22:45:41,アール・グレイ,小さい頃10回は観た
2022-04-12 22:45:41,かおり,実写初見！
2022-04-12 22:45:46,チー釜,一時期金ローですげー頻度で流してたよな
2022-04-12 22:45:50,椎名七,普通病原菌疑うよねぇ
2022-04-12 22:45:53,ばく,バイオハザード
2022-04-12 22:45:57,ホセ・ノラスキー,ありがとう
2022-04-12 22:45:58,野良フェンリル,みんなマスクしてないね...
2022-04-12 22:45:58,テルゲス,デスノート懐かしい
2022-04-12 22:46:01,YMS,生物兵器
2022-04-12 22:46:03,keDama,ファブルにやられたんだよ
2022-04-12 22:46:07,ニート鮭男,でも即死やろ？
2022-04-12 22:46:10,有村霧香,この人バブちゃん？
2022-04-12 22:46:10,よもぎ ⚰️,うさんくさ
2022-04-12 22:46:13,チー釜,人口地震もありそうw
2022-04-12 22:46:20,アールグレイボンボン,ひかりあれー
2022-04-12 22:46:21,椎名七,そら16年もまえなら。。。
2022-04-12 22:46:22,V-MAX,マスクないねえ
2022-04-12 22:46:23,ばく,こんな時期もあったんだなぁ
2022-04-12 22:46:24,さすけ,もはや懐かしい
2022-04-12 22:46:26,ポーヘイ,そういや映画館見に行ったなあ・・・なつかしい
2022-04-12 22:46:29,新入社員探偵工藤新壱,ノラーラ
2022-04-12 22:46:29,牛丼屋の常連,昔って感じやー！
2022-04-12 22:46:30,たつきんぐ,ノラってだれよ
2022-04-12 22:46:30,YMS,キラ様
2022-04-12 22:46:32,V-MAX,今後はマスクないことがおかしく見えるんだねえ
2022-04-12 22:46:32,ニート鮭男,モニュモニュすげー聞こえてくる笑笑
2022-04-12 22:46:33,名無し,棒読み
2022-04-12 22:46:34,ちろる,今の映画もマスクはしてなくない？
2022-04-12 22:46:35,bbd,ファッションが時代を感じる
2022-04-12 22:46:36,鯰人「なまんちゅ」,まだXPじゃん・・・
2022-04-12 22:46:38,344万の男　※カウントダウン12,棒読みやんww
2022-04-12 22:46:40,よもぎ ⚰️,棒読みだなw
2022-04-12 22:46:41,水猫,デザインが時代を感じるww
2022-04-12 22:46:42,アリマ,ノラ様出たか
2022-04-12 22:46:45,えーじんえーじん,16年前とか高校生やで。。。
2022-04-12 22:46:48,そら,やっと再生できたから時間映してほしい…
2022-04-12 22:46:49,高橋右手,HTML手打ちかな
2022-04-12 22:46:49,ばく,結構棒読み
2022-04-12 22:46:53,V-MAX,いやXpかーｗ
2022-04-12 22:46:54,テルゲス,キラ最期ダサかったな
2022-04-12 22:46:54,かおり,本名バレしたらアンチにころされそう
2022-04-12 22:46:56,T.T.,2ch！
2022-04-12 22:46:59,冥土,なついな
2022-04-12 22:46:59,Azu -あず-,髪型やメイクにも時代を感じる
2022-04-12 22:47:01,名無し,時代を感じる
2022-04-12 22:47:03,Alex,時代ｗ
2022-04-12 22:47:04,野良フェンリル,スマホじゃない
2022-04-12 22:47:04,鯰人「なまんちゅ」,時代を感じる
2022-04-12 22:47:05,クロxkuroblackx,時代を感じる
2022-04-12 22:47:06,さすけ,なつかしいものいっぱい
2022-04-12 22:47:06,ちろる,懐かしい？
2022-04-12 22:47:07,344万の男　※カウントダウン12,時代を感じるな
2022-04-12 22:47:07,有村霧香,ﾋﾟｯﾋﾟｯ
2022-04-12 22:47:08,V-MAX,2ｃｈだ！
2022-04-12 22:47:08,蛙印,タイプはやくない？？
2022-04-12 22:47:09,はましゅう,なっつ
2022-04-12 22:47:10,YMS,ガラケー知ってる？妙だな
2022-04-12 22:47:10,かみやすり,時代を感じるなぁ
2022-04-12 22:47:13,ホセ・ノラスキー,ビルゲイツにワクチンという生物兵器打たれて5gで遠隔さつがいされたんやで実は
2022-04-12 22:47:19,野良フェンリル,クソデカストラップ懐かしい
2022-04-12 22:47:19,鯰人「なまんちゅ」,懐かしすぎるｗ
2022-04-12 22:47:20,アリマ,M猿草
2022-04-12 22:47:20,ポーヘイ,スマホない時代だからねえ
2022-04-12 22:47:20,サカ,ガラケー時代かぁ
2022-04-12 22:47:23,たつきんぐ,人類のタイピング早すぎる
2022-04-12 22:47:25,なっとうまき,随分懐かしい物だな
2022-04-12 22:47:30,V-MAX,でも根本はあんまり変わってないねｗ
2022-04-12 22:47:30,スプレム,ノラちゃんにもガラケー使ってた時代があるのか
2022-04-12 22:47:39,ホセ・ノラスキー,ガラケー使ったことあるのか
2022-04-12 22:47:39,はましゅう,日本脱出おじさん来い
2022-04-12 22:47:40,ポーヘイ,もっと昔の映画になるとポケベル出てくるよ
2022-04-12 22:47:47,ニート鮭男,2006年とかまだ小学生やわ
2022-04-12 22:47:50,微糖,キラ組
2022-04-12 22:47:58,Alex,若いな
2022-04-12 22:47:58,かおり,わっかｗｗｗｗｗｗｗｗ
2022-04-12 22:48:01,たつきんぐ,上野クリニック
2022-04-12 22:48:01,ホセ・ノラスキー,ピッチとか知ってそうノラ君2台持ちしてたっしょ
2022-04-12 22:48:05,アールグレイボンボン,身長高くね？
2022-04-12 22:48:06,アリマ,犯罪的なビール飲んでそう
2022-04-12 22:48:06,はましゅう,イケメンだぁ
2022-04-12 22:48:06,さすけ,わけぇ
2022-04-12 22:48:06,とりのそぼろ,カイジいうな
2022-04-12 22:48:07,V-MAX,わかいなー
2022-04-12 22:48:08,さあ,こんのら〜
2022-04-12 22:48:08,椎名七,演者いっしょだけどもｗ
2022-04-12 22:48:08,よもぎ ⚰️,若いなぁ
2022-04-12 22:48:09,スプレム,カイジ…変わっちまったな…
2022-04-12 22:48:11,ポーヘイ,藤原竜也若いな
2022-04-12 22:48:11,S!NK,ｗｗｗ
2022-04-12 22:48:13,それ,クズのプロ
2022-04-12 22:48:13,なっとうまき,ゲスト出演草
2022-04-12 22:48:13,さあ,なんか食べてる？
2022-04-12 22:48:15,水猫,普通に人前で書くのか
2022-04-12 22:48:17,鯰人「なまんちゅ」,上野クリニック
2022-04-12 22:48:20,Azu -あず-,わかい
2022-04-12 22:48:26,ニート鮭男,悪役のプロだからね
2022-04-12 22:48:27,ポーヘイ,最近はスカイ株式会社だぞ
2022-04-12 22:48:27,あるる,何食べとるん？
2022-04-12 22:48:28,V-MAX,実写版は凄い評判よかった記憶
2022-04-12 22:48:29,くりのす,ノートの使い方が豪華
2022-04-12 22:48:33,かみやすり,街中で書くんか
2022-04-12 22:48:34,たつきんぐ,この時こわかった
2022-04-12 22:48:36,鯰人「なまんちゅ」,バレるだろｗ
2022-04-12 22:48:51,Anfia,もぐもぐ
2022-04-12 22:49:02,ポーヘイ,イケメンやなあ
2022-04-12 22:49:03,テルゲス,のらーらはポケベル世代？
2022-04-12 22:49:03,かおり,えー！キラじゃん！
2022-04-12 22:49:04,アール・グレイ,若いな
2022-04-12 22:49:04,ニート鮭男,警戒心0
2022-04-12 22:49:10,かおり,キラ様だ！！！
2022-04-12 22:49:16,たつきんぐ,キラとかいるわけねえじゃんｗｗｗ
2022-04-12 22:49:22,名無し,キラ
2022-04-12 22:49:22,北の元陸士長,こんノラ〜♪
2022-04-12 22:49:22,クロヘビ局長,キラの仕業か？
2022-04-12 22:49:28,蛙印,若いなあ
2022-04-12 22:49:31,344万の男　※カウントダウン12,救世主現る
2022-04-12 22:49:35,V-MAX,キラ
2022-04-12 22:49:36,牛丼屋の常連,キラ！
2022-04-12 22:49:38,蛙印,地下労働してそう
2022-04-12 22:49:45,ちろる,こんきらー
2022-04-12 22:49:46,さすけ,ほんまかっこいい
2022-04-12 22:49:57,V-MAX,設定高校生じゃなくなってるのね
2022-04-12 22:49:58,ニート鮭男,ちょくちょくカイジ混ざってて草
2022-04-12 22:50:03,テルゲス,みさみさ？
2022-04-12 22:50:07,蛙印,シブタクどこ
2022-04-12 22:50:10,有村霧香,ミサミサ？
2022-04-12 22:50:16,bbd,この女優誰だっけ
2022-04-12 22:50:16,ニート鮭男,はっや
2022-04-12 22:50:17,はましゅう,キュッキュ言ってるの好き
2022-04-12 22:50:21,あるごん,すご
2022-04-12 22:50:22,蛙印,おいしかった？
2022-04-12 22:50:24,ポーヘイ,設定違うんだっけ　原作だと最初高校生だもんね
2022-04-12 22:50:25,野良フェンリル,美味しかった？？
2022-04-12 22:50:27,冥土,高田だっけ？
2022-04-12 22:50:28,名無し,いっぱい食べれてえらい
2022-04-12 22:50:30,ポーヘイ,戸田恵梨香
2022-04-12 22:50:30,鯰人「なまんちゅ」,戸田恵梨香
2022-04-12 22:50:32,ばく,少食だね
2022-04-12 22:50:33,bbd,戸田恵梨香
2022-04-12 22:50:38,ぐら,戸田恵梨香
2022-04-12 22:50:46,V-MAX,みんな若いなー
2022-04-12 22:50:48,とりのそぼろ,全盛期
2022-04-12 22:50:54,V-MAX,ｗｗｗ
2022-04-12 22:50:55,クロヘビ局長,生スパチャだ
2022-04-12 22:50:55,ニート鮭男,戸田恵梨香か、メンヘラってるやつか
2022-04-12 22:50:56,ポーヘイ,マジで美少女よな
2022-04-12 22:50:58,かおり,草
2022-04-12 22:50:59,かおり,もっかいやってｗ
2022-04-12 22:51:01,たつきんぐ,らいとくんはそんなことしない
2022-04-12 22:51:02,さすけ,若すぎる
2022-04-12 22:51:03,鯰人「なまんちゅ」,草
2022-04-12 22:51:04,クロxkuroblackx,草
2022-04-12 22:51:05,ばく,www
2022-04-12 22:51:07,V-MAX,もういっかいｗ
2022-04-12 22:51:10,水猫,掲示板ww
2022-04-12 22:51:10,冥土,草
2022-04-12 22:51:17,Azu -あず-,ライトくん身長高いしスタイルいいなぁ
2022-04-12 22:51:24,matyuu,何ガサガサしてんだ
2022-04-12 22:51:34,Alex,草
2022-04-12 22:51:35,よもぎ ⚰️,草
2022-04-12 22:51:35,はましゅう,おたくw
2022-04-12 22:51:36,ぐれのん,デスノ同時視聴とかセンスよすぎかよ
2022-04-12 22:51:39,V-MAX,リアルじゃない
2022-04-12 22:51:40,かおり,でもこんなんでしょ
2022-04-12 22:51:43,かみやすり,チー牛っぽい
2022-04-12 22:51:45,344万の男　※カウントダウン12,草
2022-04-12 22:51:45,蛙印,ヲタクくんさぁ...
2022-04-12 22:51:45,さすけ,オタクくん
2022-04-12 22:51:50,冥土,いかにもなオタク感w
2022-04-12 22:51:51,牛丼屋の常連,陽キャに混ざるヲタク
2022-04-12 22:51:58,微糖,邦画的嘘くささ
2022-04-12 22:51:59,アールグレイボンボン,急にどうした
2022-04-12 22:52:01,V-MAX,ぎゃー
2022-04-12 22:52:02,テルゲス,戸田恵梨香スペックでしか見てないな
2022-04-12 22:52:09,さすけ,！？
2022-04-12 22:52:09,くりのす,オタクの擬態能力も昔より向上したんやなぁ
2022-04-12 22:52:22,水猫,挿し直した？
2022-04-12 22:52:26,V-MAX,現代よりも凄いことしてる
2022-04-12 22:52:46,かおり,steamで490円くらいで売ってそうなゲーム画面みたい
2022-04-12 22:52:49,ポーヘイ,実は警視庁データへのハッキング画面がおもろい
2022-04-12 22:52:55,ニート鮭男,ちょっと似てるのが草
2022-04-12 22:53:03,クロヘビ局長,みんな苗字変わってるな
2022-04-12 22:53:08,蛙印,しぶたくぅ！
2022-04-12 22:53:10,有村霧香,シブタクきたあああああ
2022-04-12 22:53:10,アール・グレイ,PCが古い
2022-04-12 22:53:13,たつきんぐ,しぶたくじゃんｗｗｗ
2022-04-12 22:53:15,bbd,忍び込まなくてもわかりそうな
2022-04-12 22:53:23,V-MAX,しぶたくｗｗｗ
2022-04-12 22:53:26,冥土,シブタクなついw
2022-04-12 22:53:38,あるごん,エッチだ
2022-04-12 22:53:41,鯰人「なまんちゅ」,草
2022-04-12 22:53:42,エアプL,！？
2022-04-12 22:53:43,ニート鮭男,最低かよ
2022-04-12 22:53:44,パストラミビーフ,草
2022-04-12 22:53:45,野良フェンリル,えっちなお姉さん！！
2022-04-12 22:53:48,keDama,おいw
2022-04-12 22:53:48,アール・グレイ,草
2022-04-12 22:53:49,ポーヘイ,人気キャラやぞシブタク
2022-04-12 22:53:50,さすけ,wwwwww
2022-04-12 22:53:51,アリマ,取ってつけたようなクスリ草
2022-04-12 22:53:52,南 光太郎,草
2022-04-12 22:54:00,南 光太郎,シブタク？
2022-04-12 22:54:01,さすけ,シブタクすき
2022-04-12 22:54:04,あるごん,シブタク？
2022-04-12 22:54:08,霜月こんX2,しぶいまるたくお
2022-04-12 22:54:10,ニート鮭男,あと…ノラ君…鼻息入ってない？
2022-04-12 22:54:11,クロヘビ局長,うわぁ
2022-04-12 22:54:14,アール・グレイ,うわぁ〜
2022-04-12 22:54:14,IROTEC,金！暴力！オデッセイ！
2022-04-12 22:54:15,名無し,うわああ(棒)
2022-04-12 22:54:17,えーじんえーじん,シブタクなつい
2022-04-12 22:54:18,V-MAX,怖すぎる
2022-04-12 22:54:19,よもぎ ⚰️,草
2022-04-12 22:54:19,テルゲス,デスノートで殺されたモブキャラ
2022-04-12 22:54:20,鯰人「なまんちゅ」,うわぁ
2022-04-12 22:54:28,なっとうまき,大根で草
2022-04-12 22:54:28,ポーヘイ,原作だと実験で名前書かれたデブ
2022-04-12 22:54:30,水猫,シブタクww
2022-04-12 22:54:32,微糖,棒読み草
2022-04-12 22:54:35,片手片手,ノラくんこんのら〜
2022-04-12 22:54:38,keDama,ノラ息
2022-04-12 22:54:38,はましゅう,クズだ
2022-04-12 22:54:39,南 光太郎,なつかしいなシブタク
2022-04-12 22:54:42,たつきんぐ,原作よりシブタク悪すぎる
2022-04-12 22:54:44,アール・グレイ,ﾋｬﾋｬﾋｬﾋｬﾋｬ
2022-04-12 22:55:02,ニート鮭男,あ、いろんな名前書いて当てずっぽで殺された人
2022-04-12 22:55:02,あるごん,ﾋーーーーーー
2022-04-12 22:55:13,アール・グレイ,声www
2022-04-12 22:55:15,野良フェンリル,こわいよぉ
2022-04-12 22:55:15,344万の男　※カウントダウン12,やばすぎぃ！
2022-04-12 22:55:19,有村霧香,シブタク原作だとただのイキったアンちゃんだったのに・・・
2022-04-12 22:55:23,V-MAX,演技が過剰！
2022-04-12 22:55:28,かおり,練習しとこ
2022-04-12 22:55:29,高橋右手,ヤバイの方向性がｗ
2022-04-12 22:55:34,はましゅう,めっちゃ好きw
2022-04-12 22:55:35,ポーヘイ,ヒャッハー！
2022-04-12 22:55:38,牛丼屋の常連,この演技すき
2022-04-12 22:55:40,さすけ,最低すぎる
2022-04-12 22:55:40,ばく,www
2022-04-12 22:55:46,椎名七,出てすぐなら保護観察でこんなとこ来たら再逮捕案件なんだけどね。。。
2022-04-12 22:55:58,V-MAX,ｗｗｗ
2022-04-12 22:56:06,テルゲス,すぐ影響されるw
2022-04-12 22:56:06,微糖,今見るとリアリティ皆無だなあ
2022-04-12 22:56:08,蛙印,いいよ
2022-04-12 22:56:11,テロメア,たすからない
2022-04-12 22:56:20,牛丼屋の常連,なつかしのポケット六法
2022-04-12 22:56:22,野良フェンリル,ミュートしないで
2022-04-12 22:56:22,さすけ,ミュートたすからない
2022-04-12 22:56:23,ニート鮭男,昔だから楽しかったやつね笑笑
2022-04-12 22:56:25,アリマ,ポケット六法ニキ
2022-04-12 22:56:26,ポーヘイ,ミュートでデスノートに名前書かれた命がある
2022-04-12 22:56:26,あるごん,ポケット六法が...
2022-04-12 22:56:26,T.T.,ポケット六法がポケットに入ってる
2022-04-12 22:56:26,スプレム,防水性か？
2022-04-12 22:56:27,かおり,デスノートにだけ雨あたってないのどうやってるんだろうね
2022-04-12 22:56:33,keDama,次も藤原竜也の映画見るか？
2022-04-12 22:56:36,龍太,なんでミュートするの
2022-04-12 22:56:37,Alex,防水んだ
2022-04-12 22:56:43,高橋右手,ドライヤーで乾かしたんかな
2022-04-12 22:56:46,たつきんぐ,めっちゃノート乾燥してるじゃん
2022-04-12 22:56:47,ポーヘイ,ポケット六法おもろすぎる
2022-04-12 22:56:48,テルゲス,音入れて〜
2022-04-12 22:56:48,寝る寝る寝るね,今何分あたり見てるのかな？風呂入ったら始まってたなり…
2022-04-12 22:56:57,なっとうまき,ポケット六法懐かしい
2022-04-12 22:57:06,bbd,魔導書だからね
2022-04-12 22:57:22,アールグレイボンボン,デスノートの作り方流行ったなぁ
2022-04-12 22:57:22,寝る寝る寝るね,あ、タイマーあるんかすまそ
2022-04-12 22:57:26,テルゲス,だいぶ序盤？
2022-04-12 22:57:26,やさい,斜めに書くな
2022-04-12 22:57:27,T.T.,まっすぐ横にかけよ
2022-04-12 22:57:29,テロメア,斜めに書くな
2022-04-12 22:57:35,ニート鮭男,つっこんでいったらキリないからスルー
2022-04-12 22:57:36,uc,斜め書き！
2022-04-12 22:57:39,ポーヘイ,死神だぞ
2022-04-12 22:57:41,スタンプル,同時視聴はラグ関係なくない？
2022-04-12 22:57:54,クロヘビ局長,いい家やな
2022-04-12 22:57:57,はましゅう,かっこええ苗字や
2022-04-12 22:58:03,ニート鮭男,はい！ノートの無駄使い〜、もっと資源を大切に
2022-04-12 22:58:04,椎名七,たまに触って時間だせばいいと思うよ
2022-04-12 22:58:09,かおり,ちゃんとバイノーラルだ！
2022-04-12 22:58:18,V-MAX,警視総監だっけ？
2022-04-12 22:58:31,ポーヘイ,警視庁のトップやでたしか
2022-04-12 22:58:32,ニート鮭男,それちゃう
2022-04-12 22:58:32,椎名七,ｻﾞﾜｻﾞﾜ
2022-04-12 22:58:33,野良フェンリル,それはカイジなんよ
2022-04-12 22:58:33,Alex,ざわは草
2022-04-12 22:58:34,かおり,おもったｗ
2022-04-12 22:58:34,クロヘビ局長,それカイジや
2022-04-12 22:58:36,はましゅう,カイジ始まってるって
2022-04-12 22:58:41,アール・グレイ,カイジで草
2022-04-12 22:58:41,344万の男　※カウントダウン12,それはカイジw
2022-04-12 22:58:46,たつきんぐ,ざわ・・・ざわ・・・
2022-04-12 22:58:52,V-MAX,それはカイジｗ
2022-04-12 22:58:54,ポーヘイ,カイジなんだよなあ
2022-04-12 22:58:55,ばやし,カイジww
2022-04-12 22:59:01,有村霧香,シブタク再び
2022-04-12 22:59:04,さすけ,カイジ始まったな
2022-04-12 22:59:08,寝る寝る寝るね,おお感じの良いタイミングで物語始まるやん
2022-04-12 22:59:11,蛙印,しぶたくじゃん
2022-04-12 22:59:13,霜月こんX2,おなじひとだけどｗｗｗ
2022-04-12 22:59:20,V-MAX,シブタクは見るだけで面白いｗ
2022-04-12 22:59:26,クロxkuroblackx,英語助かる
2022-04-12 22:59:29,344万の男　※カウントダウン12,英語かっこよ
2022-04-12 22:59:31,水猫,ノートを贅沢に使うなww
2022-04-12 22:59:31,りんご,俺だったら英語読めなくて物語終了してる
2022-04-12 22:59:31,さすけ,読み上げたすかる
2022-04-12 22:59:32,スタンプル,シブタクおわった
2022-04-12 22:59:35,あさふぁ,こんのらー
2022-04-12 22:59:36,あるごん,もったいない使い方するなぁ
2022-04-12 22:59:37,有村霧香,やっぱり1ページ一人じゃんｗ
2022-04-12 22:59:43,たつきんぐ,シブタクざまぁｗｗｗ
2022-04-12 22:59:46,ちろる,シブタク…！
2022-04-12 22:59:48,YMS,しぶたくー！
2022-04-12 22:59:49,霜月こんX2,英語助かる
2022-04-12 22:59:53,牛丼屋の常連,ノラ君かっこいい
2022-04-12 22:59:56,ばやし,グッバイシブタク
2022-04-12 22:59:57,Alex,草
2022-04-12 22:59:57,V-MAX,しぶたくーー！
2022-04-12 23:00:00,よもぎ ⚰️,草
2022-04-12 23:00:05,サカ,草
2022-04-12 23:00:06,344万の男　※カウントダウン12,www
2022-04-12 23:00:08,さすけ,草
2022-04-12 23:00:08,テロメア,そんなコラあったな英語読めないやつ
2022-04-12 23:00:09,bbd,良い演出
2022-04-12 23:00:10,かおり,ほんものだっ！！！！！！
2022-04-12 23:00:11,V-MAX,草
2022-04-12 23:00:11,たつきんぐ,貴重なシブタクが・・・
2022-04-12 23:00:13,スプレム,英語読めないと自分の名前書くかもしれんな
2022-04-12 23:00:15,よもぎ ⚰️,ギョッ
2022-04-12 23:00:16,YMS,初々しい
2022-04-12 23:00:17,クロxkuroblackx,草
2022-04-12 23:00:17,寝る寝る寝るね,さらばしぶたく
2022-04-12 23:00:22,アール・グレイ,草
2022-04-12 23:00:24,keDama,演技w
2022-04-12 23:00:24,あるごん,面白い顔してんなあ
2022-04-12 23:00:24,Alex,ナレｗ
2022-04-12 23:00:29,鯰人「なまんちゅ」,草
2022-04-12 23:00:29,蛙印,だがそれでいい！
2022-04-12 23:00:30,デイビット・コジマ ⚰️,シブたく草
2022-04-12 23:00:31,ばやし,カイジなんよ
2022-04-12 23:00:31,クロヘビ局長,モロカイジや
2022-04-12 23:00:32,寝る寝る寝るね,草
2022-04-12 23:00:38,V-MAX,演技が過剰ｗ
2022-04-12 23:00:38,かおり,やめてｗ
2022-04-12 23:00:39,さすけ,カイジやんけ
2022-04-12 23:00:41,水猫,カイジww
2022-04-12 23:00:46,あさふぁ,雑用ー
2022-04-12 23:00:46,344万の男　※カウントダウン12,草
2022-04-12 23:00:47,あにまっち_ボカロ曲あるよ,こんのら～
2022-04-12 23:00:49,有村霧香,デスノートって自分の名前書いても死ぬんだっけ？
2022-04-12 23:00:50,霜月こんX2,ナレーションｗｗ
2022-04-12 23:00:51,ポーヘイ,マダオまでやるのがいい
2022-04-12 23:00:54,椎名七,合ってて草なんだがｗ
2022-04-12 23:00:57,ばやし,リュークきたー！
2022-04-12 23:00:57,蛙印,有田！！！
2022-04-12 23:00:59,エアプL,混じりすぎ草
2022-04-12 23:01:01,YMS,リューク
2022-04-12 23:01:03,keDama,藤原竜也の演技ww
2022-04-12 23:01:08,たつきんぐ,あっぽーぺぇん
2022-04-12 23:01:09,あるごん,えええなんかきた
2022-04-12 23:01:10,V-MAX,今見てもリュークは良く出来てるー
2022-04-12 23:01:11,野良フェンリル,合ってるけどちがうｗ
2022-04-12 23:01:11,さすけ,PPAP
2022-04-12 23:01:13,寝る寝る寝るね,アップル要素しかないよw
2022-04-12 23:01:15,ニート鮭男,リュークはカッコええよな
2022-04-12 23:01:17,よもぎ ⚰️,リューク！
2022-04-12 23:01:18,有村霧香,かっこええやん
2022-04-12 23:01:20,あさふぁ,ナニを言っとんやー
2022-04-12 23:01:23,微糖,きちゃー
2022-04-12 23:01:23,なっとうまき,完全再現
2022-04-12 23:01:24,ばやし,いろいろ混ざりすぎww
2022-04-12 23:01:25,チー釜,リンゴではあるがw
2022-04-12 23:01:32,あにまっち_ボカロ曲あるよ,どのデスノや
2022-04-12 23:01:34,Alex,2006のCGでもすごいな
2022-04-12 23:01:36,冥土,リュークのPPAPなつかしいw
2022-04-12 23:01:38,アール・グレイ,CGちゃんとしてる
2022-04-12 23:01:40,よもぎ ⚰️,PPAP歌ってたねw
2022-04-12 23:01:40,YMS,この当時にしてはやっぱよくできてるなぁ
2022-04-12 23:01:43,牛丼屋の常連,当時のCGでもすごいなー
2022-04-12 23:01:44,椎名七,中村獅童だっけ？
2022-04-12 23:01:55,ニート鮭男,これが2006年やからね
2022-04-12 23:01:56,かおり,やめてくれｗｗｗｗ
2022-04-12 23:01:56,蛙印,くりぃむしちゅー有田ぁ・・・
2022-04-12 23:02:00,V-MAX,ｗｗｗ
2022-04-12 23:02:02,さすけ,めっちゃ力入ってるよね
2022-04-12 23:02:02,344万の男　※カウントダウン12,たしかにこの時代でもようできとる
2022-04-12 23:02:04,鯰人「なまんちゅ」,結構いいな
2022-04-12 23:02:07,あにまっち_ボカロ曲あるよ,アニメ？藤原？窪田？
2022-04-12 23:02:11,V-MAX,笑わせないでｗ
2022-04-12 23:02:21,keDama,オメシスぽいノラ
2022-04-12 23:02:24,クロヘビ局長,藤原
2022-04-12 23:02:32,ニート鮭男,これが今のVの原点です
2022-04-12 23:02:52,蛙印,スケスケぇ！
2022-04-12 23:02:54,ばく,演技力すごいしね
2022-04-12 23:03:02,さすけ,ホワァーオ！
2022-04-12 23:03:03,クロヘビ局長,周りに誰もいなくてよかった
2022-04-12 23:03:17,V-MAX,藤原演技いいなあ
2022-04-12 23:03:17,ニート鮭男,見えたら街中大パニックやけどな
2022-04-12 23:03:19,野良フェンリル,笑顔が似合う男やんデューク
2022-04-12 23:03:32,牛丼屋の常連,それで冒頭に続くわけね
2022-04-12 23:03:42,ばやし,そうやろなぁ
2022-04-12 23:04:00,ばやし,陰謀論になるな
2022-04-12 23:04:03,344万の男　※カウントダウン12,全てコロナのせい
2022-04-12 23:04:13,クロヘビ局長,必ずホシをあげる！
2022-04-12 23:04:14,かおり,リューク
2022-04-12 23:04:16,ばやし,リューク
2022-04-12 23:04:17,寝る寝る寝るね,リューク
2022-04-12 23:04:17,水猫,リューク
2022-04-12 23:04:20,ニート鮭男,リューク
2022-04-12 23:04:20,牛丼屋の常連,デュークは更家
2022-04-12 23:04:22,V-MAX,リューク
2022-04-12 23:04:23,あさふぁ,リューク
2022-04-12 23:04:24,よもぎ ⚰️,リュークだよね？
2022-04-12 23:04:28,蛙印,デュークだと東郷になっちゃう
2022-04-12 23:04:31,ニート鮭男,はぁ、コメント稼ぎか
2022-04-12 23:04:32,あにまっち_ボカロ曲あるよ,更家は草
2022-04-12 23:04:32,bbd,ジューク
2022-04-12 23:04:33,野良フェンリル,リュークなんかエアプやったわ
2022-04-12 23:04:35,椎名七,リュークだね
2022-04-12 23:04:39,鯰人「なまんちゅ」,全ては人工
2022-04-12 23:04:50,クロヘビ局長,トップがヤクザみたいな見た目しとるな
2022-04-12 23:04:56,あおば,デュークはゴルゴなんよ
2022-04-12 23:05:00,T.T.,るーく
2022-04-12 23:05:07,ポーヘイ,オヒョイさん
2022-04-12 23:05:09,かおり,ワタリ！
2022-04-12 23:05:10,鯰人「なまんちゅ」,反社な見た目だな
2022-04-12 23:05:10,よもぎ ⚰️,L
2022-04-12 23:05:10,あにまっち_ボカロ曲あるよ,ワタリ？
2022-04-12 23:05:14,V-MAX,ワタリ
2022-04-12 23:05:19,かみやすり,懐かしい
2022-04-12 23:05:24,ニート鮭男,ノラ君の先輩、、ワタリ
2022-04-12 23:05:25,ばく,なつかしい
2022-04-12 23:05:29,344万の男　※カウントダウン12,ワタリすこ
2022-04-12 23:05:31,高橋右手,おヒョイさん
2022-04-12 23:05:36,あにまっち_ボカロ曲あるよ,藤原版のキャストあんまり覚えてないなぁ
2022-04-12 23:05:39,よもぎ ⚰️,優しそう
2022-04-12 23:05:40,アールグレイボンボン,おひょいさん
2022-04-12 23:05:41,かおり,ノラくんとちがってね
2022-04-12 23:05:43,クロxkuroblackx,いたねこんなキャラ
2022-04-12 23:05:48,ポーヘイ,執事だからノラくんの先輩やね
2022-04-12 23:05:50,T.T.,ノラくんもワタリ見習ってもらって
2022-04-12 23:05:50,さすけ,名前まともに覚えてるのジョバンニしかいないわ
2022-04-12 23:05:54,keDama,:ram:
2022-04-12 23:05:54,YMS,Mac
2022-04-12 23:05:55,水猫,ノラ君もこんな貫禄…でないな
2022-04-12 23:06:00,ばく,名バイプレイヤーだね
2022-04-12 23:06:01,なっとうまき,マツケン
2022-04-12 23:06:01,ニート鮭男,ノラ君もいつかこのくらい…なるかな？
2022-04-12 23:06:24,まんじゅう暗黒入り,あとはアーカイブで見ます。おやすみなさい:zzz:
2022-04-12 23:06:28,ポーヘイ,マツケンこれで一気に有名になったよねえ
2022-04-12 23:06:43,鯰人「なまんちゅ」,なるほど？
2022-04-12 23:06:48,V-MAX,出てる人こんなに豪華だっけ
2022-04-12 23:06:54,よもぎ ⚰️,ほう
2022-04-12 23:07:01,そら,正規分布になるように一般人も殺せばバレなかったのかな
2022-04-12 23:07:12,bbd,面会でDちゃんにLっぽいって言われた
2022-04-12 23:07:21,ポーヘイ,出演者めちゃ豪華だよ
2022-04-12 23:07:23,KAL,寝てた…これ途中からでも合流出来るのかな…
2022-04-12 23:07:37,KAL,わあ！
2022-04-12 23:07:47,かおり,配信の画面の時間通りにあわせるのが正解だよ！
2022-04-12 23:07:47,有村霧香,ひろゆき「これってエビデンスあるんですか？」
2022-04-12 23:07:52,蛙印,いいよ
2022-04-12 23:07:55,冥土,このワタリ似てるよね
2022-04-12 23:07:55,あさふぁ,何配信？
2022-04-12 23:08:03,KAL,あ、現在時間載せてくれてたんだ
2022-04-12 23:08:05,たつきんぐ,わたりかわいい
2022-04-12 23:08:08,そら,ノートPCが分厚いなぁ
2022-04-12 23:08:10,クロヘビ局長,この頃のMAC厚いな
2022-04-12 23:08:15,蛙印,マイクもスピーカーも持ってきたのわたり
2022-04-12 23:08:27,あさふぁ,マンガ勢なんだよなぁ
2022-04-12 23:08:28,よもぎ ⚰️,PCでかいな
2022-04-12 23:08:28,かおり,ノラくんがだしてくれてる時間はラグった後の時間だから
2022-04-12 23:08:31,クロヘビ局長,なっつ
2022-04-12 23:08:36,T.T.,プロレス風実況はしないんだね
2022-04-12 23:08:39,蛙印,YAHOOだ
2022-04-12 23:08:41,椎名七,いまだとｉＰａｄでてきそうだよね
2022-04-12 23:08:42,V-MAX,ページがダサいｗ
2022-04-12 23:08:46,ばやし,Yahoo!
2022-04-12 23:08:49,野良フェンリル,yahooやんけ
2022-04-12 23:08:49,水猫,Yahoo!!が懐かしいw
2022-04-12 23:08:50,高橋右手,エゴサだ！
2022-04-12 23:08:52,有村霧香,ヤフーでググれ
2022-04-12 23:09:03,bbd,エゴサは草
2022-04-12 23:09:03,よもぎ ⚰️,厨二だなぁ
2022-04-12 23:09:07,鯰人「なまんちゅ」,Yahoo!！ｗ
2022-04-12 23:09:10,りんご,痛て
2022-04-12 23:09:11,ヌマハチ,キラもコメニーしてたか
2022-04-12 23:09:11,微糖,調子乗ってる藤原竜也すこ
2022-04-12 23:09:12,野良フェンリル,デスノートでしこるな
2022-04-12 23:09:13,かみやすり,ヤホー
2022-04-12 23:09:15,ばく,キラ二ーw
2022-04-12 23:09:16,YMS,齧られたりんご
2022-04-12 23:09:16,さすけ,エゴサ呼ばわりで草
2022-04-12 23:09:17,ばやし,キラニーは草
2022-04-12 23:09:17,V-MAX,キラニー！？
2022-04-12 23:09:18,あるごん,すごい量の本だな
2022-04-12 23:09:18,そら,今のQAnonみたいなもんだねぇ
2022-04-12 23:09:19,水猫,キラニ―ww
2022-04-12 23:09:21,かおり,いま私たちは同時しちょニーしてる
2022-04-12 23:09:22,寝る寝る寝るね,キラニーか
2022-04-12 23:09:26,さすけ,キラニー！？
2022-04-12 23:09:27,南 光太郎,キラニー草
2022-04-12 23:09:27,ちろる,キラニー気持ち良さそう
2022-04-12 23:09:28,よもぎ ⚰️,うまそう
2022-04-12 23:09:36,冥土,キラニーレボリューション
2022-04-12 23:09:37,あにまっち_ボカロ曲あるよ,見てないけど２ちゃんのシーンってことだけはわかる
2022-04-12 23:09:46,龍太,あ、コメニーお疲れ様です
2022-04-12 23:09:47,クロヘビ局長,ガラケーの充電器こんなんだったんか
2022-04-12 23:09:47,ポーヘイ,キラニーとか最低な言葉を生みだすなｗ
2022-04-12 23:09:52,寝る寝る寝るね,メールが古くてなっつ
2022-04-12 23:09:56,椎名七,ガラケー充電クレイドルとかなっつｗ
2022-04-12 23:09:56,ばやし,ノラ君ってガラケー見たことあるの？
2022-04-12 23:09:57,かおり,テレビの枠がでかい
2022-04-12 23:10:15,有村霧香,可愛そうなテイラー
2022-04-12 23:10:19,蛙印,やらかしそう
2022-04-12 23:10:21,アール・グレイ,デスノートの紙破ってティッシュに使いたい
2022-04-12 23:10:27,クロヘビ局長,スケープゴートさんだ
2022-04-12 23:10:32,ニート鮭男,キルニーしてんの？サイコパスかよ
2022-04-12 23:10:39,かおり,テレビの枠がおおきい
2022-04-12 23:10:46,たつきんぐ,煽り耐性ないライトくん
2022-04-12 23:10:49,ばく,めちゃくちゃ煽られてる
2022-04-12 23:10:55,テロメア,これが2006年かマジで世界変わってるな
2022-04-12 23:11:01,V-MAX,煽りｗ
2022-04-12 23:11:14,蛙印,煽り耐性0
2022-04-12 23:11:14,ばやし,煽り方草
2022-04-12 23:11:17,そら,煽り耐性無いなぁｗ
2022-04-12 23:11:20,ポーヘイ,レスバ弱そう
2022-04-12 23:11:20,クロヘビ局長,乗るな！キラ！
2022-04-12 23:11:21,344万の男　※カウントダウン12,煽りほんま草w
2022-04-12 23:11:24,V-MAX,煽り耐性0ｗ
2022-04-12 23:11:26,冥土,草
2022-04-12 23:11:27,Alex,煽りに弱いｗ
2022-04-12 23:11:30,クロxkuroblackx,煽り耐性が低いｗ
2022-04-12 23:11:30,なっとうまき,煽り耐性
2022-04-12 23:11:30,りんご,ムキラ
2022-04-12 23:11:30,YMS,短気だな
2022-04-12 23:11:32,微糖,釣られたキラーｗ
2022-04-12 23:11:33,ちろる,配信者に向いてない
2022-04-12 23:11:34,ばく,ピキピキ
2022-04-12 23:11:34,寝る寝る寝るね,ここさえ間違わなければなぁw
2022-04-12 23:11:34,有村霧香,煽り耐性低すぎぃ
2022-04-12 23:11:35,さすけ,効いてるw効いてるw
2022-04-12 23:11:35,アール・グレイ,あーあ
2022-04-12 23:11:48,なっとうまき,プライドが高すぎる
2022-04-12 23:11:50,YMS,あ
2022-04-12 23:11:51,ばやし,すぐピキッちゃうじゃん
2022-04-12 23:11:51,bbd,このトリック、今の時代なら使えないよなぁ
2022-04-12 23:11:51,アール・グレイ,頭よわよわ
2022-04-12 23:11:54,ニート鮭男,絶対Fpsしたらダメやな
2022-04-12 23:12:02,344万の男　※カウントダウン12,ウッウッ
2022-04-12 23:12:04,名無し,煽り耐性低すぎる
2022-04-12 23:12:13,YMS,ざわ・・・ざわ・・・
2022-04-12 23:12:15,T.T.,ざわざわざわ
2022-04-12 23:12:30,ばやし,いつまで放送してんねん
2022-04-12 23:12:30,ポーヘイ,これでキラは幼稚な性格ってずっと言われるのほんと草
2022-04-12 23:12:35,ばく,ww
2022-04-12 23:12:38,かおり,パンツかえなきゃ
2022-04-12 23:12:38,344万の男　※カウントダウン12,ふぅ…
2022-04-12 23:12:38,ばやし,イッてた
2022-04-12 23:12:42,ポーヘイ,絶頂よそりゃ
2022-04-12 23:12:45,そら,月がネトゲやってたらこんな煽りに負けなかったのになぁ
2022-04-12 23:12:45,椎名七,これがキラニー。。。
2022-04-12 23:12:45,YMS,ほんもの
2022-04-12 23:12:47,水猫,なん…だと…
2022-04-12 23:12:51,牛丼屋の常連,面白くなってきた～
2022-04-12 23:12:54,よもぎ ⚰️,かわいそうなテイラー
2022-04-12 23:13:07,ニート鮭男,テイラーはドンマイ
2022-04-12 23:13:07,YMS,犯罪者かわいそう
2022-04-12 23:13:13,寝る寝る寝るね,嬉しそうなリューク
2022-04-12 23:13:13,微糖,Dクラス職員...
2022-04-12 23:13:15,たつきんぐ,人間っておもしろ
2022-04-12 23:13:18,V-MAX,あーあｗ
2022-04-12 23:13:24,ばやし,司法取引で代役なったのに結局死ぬっていう
2022-04-12 23:13:27,名無し,リューク楽しそうw
2022-04-12 23:13:34,かおり,テレビはじめてみるチンパンジーみたい
2022-04-12 23:13:43,野良フェンリル,リューク興味津々じゃん
2022-04-12 23:13:51,ニート鮭男,パンツ大丈夫？
2022-04-12 23:13:52,ばやし,一気に絞ってきたな
2022-04-12 23:14:01,DuxRyK 【デューク】,リュークってこんな声？ｗ
2022-04-12 23:14:05,くりのす,レスバ弱そう
2022-04-12 23:14:05,ばやし,草
2022-04-12 23:14:08,水猫,松田？
2022-04-12 23:14:08,クロヘビ局長,ナイストラップ
2022-04-12 23:14:11,テロメア,これ松田か
2022-04-12 23:14:11,V-MAX,何だ今のｗ
2022-04-12 23:14:16,アールグレイボンボン,あれが松田か？
2022-04-12 23:14:16,有村霧香,この人松田かな？
2022-04-12 23:14:16,冥土,松田w
2022-04-12 23:14:33,かおり,世界→日本の関東ってやばすぎるｗ
2022-04-12 23:14:34,寝る寝る寝るね,え？今気づいたこの人ウルトラマンマックスの主人公か？
2022-04-12 23:14:40,さすけ,ざわ…ざわ…
2022-04-12 23:14:45,アリマ,煽り耐性０
2022-04-12 23:15:00,YMS,おもしろ！
2022-04-12 23:15:00,あるごん,デスノートの仕組みが科学的に説明できないと死刑は無理だろw
2022-04-12 23:15:01,蛙印,おもろ
2022-04-12 23:15:02,クロxkuroblackx,新世界の神いただきました！
2022-04-12 23:15:06,アール・グレイ,人間っておもしろ
2022-04-12 23:15:09,さすけ,おもちれー
2022-04-12 23:15:09,クロヘビ局長,人間は愚か
2022-04-12 23:15:09,椎名七,リュークの陰でる演出格好いい
2022-04-12 23:15:10,DuxRyK 【デューク】,顔こわいｗ
2022-04-12 23:15:46,なっとうまき,目には目を歯には歯を
2022-04-12 23:15:47,V-MAX,新聞なのが時代を感じるねー
2022-04-12 23:15:57,クロヘビ局長,新聞レイアウトが古い
2022-04-12 23:16:07,たつきんぐ,キラ様age
2022-04-12 23:16:11,bbd,今なら滝沢ガレソよ
2022-04-12 23:16:11,ばやし,コレくらいだったら作れるっしょ
2022-04-12 23:16:12,ヌマハチ,今だったら新聞じゃなくてSMSなんだろうな
2022-04-12 23:16:24,かおり,セッ
2022-04-12 23:16:29,よもぎ ⚰️,かわいいな
2022-04-12 23:16:37,ニート鮭男,速攻で広がる笑笑
2022-04-12 23:16:37,ポーヘイ,さゆかわ
2022-04-12 23:16:40,ばやし,満島ひかり
2022-04-12 23:16:50,クロヘビ局長,こんな大学生はいない
2022-04-12 23:16:50,Alex,草
2022-04-12 23:16:52,林啓太,おいｗ
2022-04-12 23:16:54,クロxkuroblackx,ｗｗｗｗ
2022-04-12 23:16:54,蛙印,せっ！？
2022-04-12 23:16:54,V-MAX,ｗｗ
2022-04-12 23:16:56,南 光太郎,エッ
2022-04-12 23:16:56,DuxRyK 【デューク】,草
2022-04-12 23:16:56,ばく,おい
2022-04-12 23:16:58,冥土,草
2022-04-12 23:17:00,クロヘビ局長,妹おんねんぞ
2022-04-12 23:17:00,あさふぁ,ミサトさん混ざっとる
2022-04-12 23:17:04,スプレム,リュークがいるしな…
2022-04-12 23:17:05,冷凍メガネ,ｗｗｗ
2022-04-12 23:17:07,344万の男　※カウントダウン12,性欲モンスターやんw
2022-04-12 23:17:07,あるごん,www
2022-04-12 23:17:11,ばやし,こわ
2022-04-12 23:17:15,かおり,外でするの
2022-04-12 23:17:16,YMS,表で？！
2022-04-12 23:17:25,名無し,こわ
2022-04-12 23:17:27,runawk,edgeしませんか
2022-04-12 23:17:30,ばく,あ
2022-04-12 23:17:31,たつきんぐ,あおかん
2022-04-12 23:17:35,V-MAX,急に歌うよ
2022-04-12 23:17:36,アール・グレイ,急に歌うよ
2022-04-12 23:17:37,水猫,ここ美術館ww
2022-04-12 23:17:41,アリマ,ピピー！
2022-04-12 23:17:43,蛙印,PP
2022-04-12 23:17:44,寝る寝る寝るね,ピピー
2022-04-12 23:17:45,牛丼屋の常連,ペイペイ！
2022-04-12 23:17:45,クロxkuroblackx,あ
2022-04-12 23:17:45,野良フェンリル,ピピッ～～！
2022-04-12 23:17:46,ニート鮭男,リューク「え？ちょ…照れ」
2022-04-12 23:17:48,よもぎ ⚰️,あらら
2022-04-12 23:17:51,有村霧香,試してみるじゃねえよｗ
2022-04-12 23:17:52,微糖,Pー！！
2022-04-12 23:17:56,名無し,えっちだ…
2022-04-12 23:17:56,DuxRyK 【デューク】,試してみるはやばいｗ
2022-04-12 23:17:58,冥土,テンション上がりすぎだろw
2022-04-12 23:17:59,ばく,えっちかぁ?
2022-04-12 23:17:59,ばやし,ムカついてきた
2022-04-12 23:18:05,さすけ,PP！！
2022-04-12 23:18:07,なっとうまき,本当に日本か？
2022-04-12 23:18:07,あさふぁ,？！
2022-04-12 23:18:09,あにまっち_ボカロ曲あるよ,ミサミサ？
2022-04-12 23:18:10,344万の男　※カウントダウン12,人前でなんてw
2022-04-12 23:18:11,アリマ,まんざらでもなさそうで草
2022-04-12 23:18:11,野良フェンリル,ニッコニコ
2022-04-12 23:18:22,くりのす,にこぉ！！
2022-04-12 23:18:35,クロヘビ局長,見習って
2022-04-12 23:18:37,ニート鮭男,見せつけは自信ありなんだな！
2022-04-12 23:18:39,bbd,お供してる
2022-04-12 23:19:01,ばく,嘘喰いの夜行さんっぽい
2022-04-12 23:19:06,かおり,ベルヌーイの定理
2022-04-12 23:19:17,ニート鮭男,ノラ君の反応がマジの小学生で草
2022-04-12 23:19:19,アールグレイボンボン,蝉のやつか
2022-04-12 23:19:32,アール・グレイ,学生バレ
2022-04-12 23:19:32,クロヘビ局長,あ
2022-04-12 23:19:45,水猫,身バレ怖いww
2022-04-12 23:19:50,よもぎ ⚰️,なるほど
2022-04-12 23:19:50,あるごん,あー
2022-04-12 23:19:50,ヌマハチ,一回も授業サボらない超真面目
2022-04-12 23:19:51,アール・グレイ,リモート授業だったらバレなかった…
2022-04-12 23:19:51,野良フェンリル,1限から行ってるってマ！？
2022-04-12 23:19:56,かおり,飯テロやめろ！！！！！！！
2022-04-12 23:20:00,344万の男　※カウントダウン12,大学生の時間割なんてカオスやがな
2022-04-12 23:20:00,ばやし,早すぎて草
2022-04-12 23:20:05,ばく,飯テロ
2022-04-12 23:20:07,寝る寝る寝るね,完全に分析されきってるの草なんよな
2022-04-12 23:20:10,なっとうまき,おいしそう
2022-04-12 23:20:11,あるごん,妹かわよ
2022-04-12 23:20:13,ばやし,ノラ君一人っ子だっけ？
2022-04-12 23:20:20,よもぎ ⚰️,妹ちゃんかわいい
2022-04-12 23:20:25,V-MAX,幸せそうな家庭だ
2022-04-12 23:20:36,たつきんぐ,調味料の容器ですら高価
2022-04-12 23:20:48,ポーヘイ,鹿賀丈史かっこいい
2022-04-12 23:20:52,V-MAX,余計なことを・・・
2022-04-12 23:21:04,椎名七,言ったらダメだからね
2022-04-12 23:21:05,YMS,踏み込むなぁ〜
2022-04-12 23:21:11,よもぎ ⚰️,渋いなあ
2022-04-12 23:21:12,DuxRyK 【デューク】,渋いねえ
2022-04-12 23:21:15,かおり,いいなぁｗ
2022-04-12 23:21:22,344万の男　※カウントダウン12,いい家庭ね
2022-04-12 23:21:27,有村霧香,流石に渋いなぁ
2022-04-12 23:21:34,牛丼屋の常連,かっこいい親父さんだな～
2022-04-12 23:21:35,さすけ,いい子
2022-04-12 23:21:37,蛙印,シブタクより渋いな
2022-04-12 23:21:51,野良フェンリル,父ちゃんかっこいいぜ
2022-04-12 23:21:52,ばく,低音がいいわぁ
2022-04-12 23:21:53,名無し,渋い
2022-04-12 23:22:09,さすけ,かっこいいなあ
2022-04-12 23:22:14,寝る寝る寝るね,言葉の後の余韻とか呼吸が渋い
2022-04-12 23:22:18,ばく,響いてる
2022-04-12 23:22:19,なっとうまき,イケオジ
2022-04-12 23:22:30,V-MAX,怖いこというなあ
2022-04-12 23:22:37,YMS,リュークのエサ
2022-04-12 23:22:41,344万の男　※カウントダウン12,自○かな？w
2022-04-12 23:22:47,アール・グレイ,:red_apple:
2022-04-12 23:22:55,かおり,リンゴたべたくなってくる！アレルギーで食べられないけど
2022-04-12 23:23:01,クロヘビ局長,あの会話の後にすぐキラできるの怖いわ
2022-04-12 23:23:20,牛丼屋の常連,あからさますぎる
2022-04-12 23:23:29,水猫,1か所、歯抜け？
2022-04-12 23:23:42,Никита Васильев,私は日本語が上手ではありませんが、こんにちは。 私の名前はニキータです、私はロシアから来ました！
2022-04-12 23:23:49,Никита Васильев,спасибо
2022-04-12 23:23:53,Никита Васильев,аригато
2022-04-12 23:24:03,bbd,ノラくんのもの真似、毎回ねっとりしすぎで笑う
2022-04-12 23:24:09,あるごん,どんどんバレてんじゃん
2022-04-12 23:24:15,ばく,こんにちは
2022-04-12 23:24:19,有村霧香,こういうとこが幼稚なんだよなぁ
2022-04-12 23:24:21,寝る寝る寝るね,この時点で月怪しくて草
2022-04-12 23:24:22,かみやすり,そもそもハッキングされてることに気づかないものか
2022-04-12 23:24:37,344万の男　※カウントダウン12,うかぶぞ
2022-04-12 23:24:39,くりのす,わかる　ぷかぷかしたい
2022-04-12 23:24:40,ばく,翼だったの?
2022-04-12 23:24:44,名無し,翼がほしい
2022-04-12 23:24:50,cheruno,Добрый вечер.
2022-04-12 23:24:50,Alex,察し
2022-04-12 23:24:51,ポーヘイ,ハックされた記録絶対残るぞ
2022-04-12 23:24:57,ばやし,おや？
2022-04-12 23:24:58,さすけ,この大空に〜
2022-04-12 23:24:58,よもぎ ⚰️,ん？
2022-04-12 23:25:02,さすけ,あっ
2022-04-12 23:25:03,ちろる,りんご…
2022-04-12 23:25:06,DuxRyK 【デューク】,ざわざわ
2022-04-12 23:25:06,霜月こんX2,誰も見・・・
2022-04-12 23:25:08,かおり,リンゴなげて一人でしゃべって頭おかしいだろｗ
2022-04-12 23:25:12,水猫,分かりやすい尾行ww
2022-04-12 23:25:13,344万の男　※カウントダウン12,あっ…
2022-04-12 23:25:19,微糖,ざわ...ざわ....
2022-04-12 23:25:19,スプレム,1人でリンゴ投げた人になってる
2022-04-12 23:25:27,有村霧香,いきなりりんご投げ捨てたやつってやばいよね
2022-04-12 23:25:37,Alex,響鬼
2022-04-12 23:25:37,よもぎ ⚰️,おしゃべり
2022-04-12 23:25:39,さすけ,完全にノイローゼ
2022-04-12 23:25:42,ばやし,独り言ならまだしもリンゴ投げるはエグいってw
2022-04-12 23:26:21,YMS,近い
2022-04-12 23:26:28,ばく,ねっとりしてきた
2022-04-12 23:26:33,クロヘビ局長,悪魔の囁き
2022-04-12 23:26:37,V-MAX,草
2022-04-12 23:26:45,有村霧香,ただし寿命は半分になる
2022-04-12 23:26:54,かおり,パソコンがでけえんよ
2022-04-12 23:27:07,椎名七,この数字って日数なのかな？
2022-04-12 23:27:13,DuxRyK 【デューク】,こんな机にｗ
2022-04-12 23:27:20,たつきんぐ,えるしってるか
2022-04-12 23:27:33,344万の男　※カウントダウン12,英語たすかる
2022-04-12 23:27:53,なっとうまき,テレワークの先駆け
2022-04-12 23:28:03,ばやし,ガバガバやんけ
2022-04-12 23:28:04,野良フェンリル,ガバガバやんけ
2022-04-12 23:28:04,ばく,またキラ二ーしてる
2022-04-12 23:28:06,かおり,アクセス履歴とか絶対あるよね
2022-04-12 23:28:07,高橋右手,ガバガバポリス
2022-04-12 23:28:10,名無し,がばがばセキュリティ
2022-04-12 23:28:11,寝る寝る寝るね,ザルすぎるねw
2022-04-12 23:28:16,Azu -あず-,この時代ならガバガバもありえる
2022-04-12 23:28:19,344万の男　※カウントダウン12,さすがにやばいわw
2022-04-12 23:28:21,ポーヘイ,やっぱハッキングの演出一番おもろいわ
2022-04-12 23:28:22,よもぎ ⚰️,セキュリティガバガバ
2022-04-12 23:28:24,クロxkuroblackx,ガバいｗ
2022-04-12 23:28:33,名無し,神奈川県警
2022-04-12 23:28:37,椎名七,過去の捜査に協力したからID知ってたりして
2022-04-12 23:28:43,さすけ,時代が時代だからなあ
2022-04-12 23:28:44,ばやし,すーぐカイジの話するんだから
2022-04-12 23:28:46,スプレム,すごい名前だな
2022-04-12 23:28:50,寝る寝る寝るね,すんごい名前
2022-04-12 23:28:52,YMS,こわいなまえ
2022-04-12 23:28:57,ばやし,悪そうな名前だなぁ
2022-04-12 23:29:02,ばく,焼き土下座させられそう
2022-04-12 23:29:21,さすけ,名前の威圧感
2022-04-12 23:29:23,かおり,人いなさすぎだろｗ
2022-04-12 23:29:27,クロヘビ局長,ミサミサだ
2022-04-12 23:29:28,オーレリア・ウェルギウス,こんのら～　僕はLです。
2022-04-12 23:29:38,ポーヘイ,かわいいーアイドルだ
2022-04-12 23:29:40,ばく,ミサミサか
2022-04-12 23:29:42,cheruno,やべー女だけどかわいいんだよなぁ
2022-04-12 23:29:42,bbd,このアイデア好き
2022-04-12 23:29:42,さすけ,わかーい
2022-04-12 23:29:50,なっとうまき,戸田恵梨香かわいいな
2022-04-12 23:29:56,アールグレイボンボン,人すくな
2022-04-12 23:29:56,椎名七,40秒以内に行動全部書かないとだから、めっちゃ執筆早いんだよなぁ
2022-04-12 23:29:57,テロメア,細川茂樹かっこいい
2022-04-12 23:30:16,344万の男　※カウントダウン12,尾行雑で草
2022-04-12 23:30:19,ポーヘイ,全盛期だわあ
2022-04-12 23:30:19,霜月こんX2,ギクリ
2022-04-12 23:30:30,344万の男　※カウントダウン12,なんで後ろの席すわるねんww
2022-04-12 23:30:41,椎名七,細川さん若いなぁｗ
2022-04-12 23:30:53,かおり,もみあげすっご
2022-04-12 23:31:07,ちろる,もみあげの主張が強い
2022-04-12 23:31:17,蛙印,すごいもみあげだぁ・・・
2022-04-12 23:31:24,鯰人「なまんちゅ」,偶然すぎんよｗｗｗ
2022-04-12 23:31:38,ばやし,デスノートに状況を書いてたんでしょ
2022-04-12 23:31:39,さすけ,どんな偶然やww
2022-04-12 23:31:42,ポーヘイ,もうもみあげの印象しか残らない
2022-04-12 23:31:55,344万の男　※カウントダウン12,デスノートまじで便利やから
2022-04-12 23:32:14,蛙印,HA☆NA☆SE
2022-04-12 23:32:20,よもぎ ⚰️,はなせ
2022-04-12 23:32:35,V-MAX,FBI
2022-04-12 23:32:38,鯰人「なまんちゅ」,ＦＢＩ
2022-04-12 23:32:44,DuxRyK 【デューク】,ＦＢＩ
2022-04-12 23:32:45,あさふぁ,地震きそう
2022-04-12 23:32:46,かおり,ペンバーじゃない
2022-04-12 23:32:47,one one,見てるのって実写版？
2022-04-12 23:32:52,ばく,ミステリというなかれみたい
2022-04-12 23:32:53,くりのす,作者が本当にすごいと思って漫画読んでた
2022-04-12 23:32:54,よもぎ ⚰️,偽名かな？
2022-04-12 23:33:19,ポーヘイ,FBIってこんな仕事すんのかな実際
2022-04-12 23:33:20,T.T.,このバス天井低くね
2022-04-12 23:33:22,ばやし,草
2022-04-12 23:33:43,りんご,ピアスかわいい
2022-04-12 23:33:52,完全剛体リジッド,飛び出し注意！
2022-04-12 23:33:59,クロヘビ局長,うわぁ
2022-04-12 23:33:59,名無し,草
2022-04-12 23:34:02,V-MAX,あらーーーー
2022-04-12 23:34:02,鯰人「なまんちゅ」,草
2022-04-12 23:34:02,ばく,あっちゃー
2022-04-12 23:34:03,344万の男　※カウントダウン12,めっちゃいい笑顔ww
2022-04-12 23:34:04,DuxRyK 【デューク】,あらら
2022-04-12 23:34:08,アールグレイボンボン,ギャグかな
2022-04-12 23:34:08,椎名七,おおふ・・・
2022-04-12 23:34:11,よもぎ ⚰️,勢いで草
2022-04-12 23:34:16,V-MAX,名前がギャグだ
2022-04-12 23:34:23,微糖,南無三
2022-04-12 23:34:27,ばやし,テンポ草
2022-04-12 23:34:35,椎名七,これを40秒で書いたのか・・・
2022-04-12 23:34:45,完全剛体リジッド,すごい具体的ｗ
2022-04-12 23:34:53,かおり,大丈夫？ホテルいこう？
2022-04-12 23:35:09,V-MAX,ｗｗ
2022-04-12 23:35:11,鯰人「なまんちゅ」,ん？
2022-04-12 23:35:11,有村霧香,大丈夫そ？
2022-04-12 23:35:12,あるごん,最低www
2022-04-12 23:35:14,椎名七,その流れは草ぁｗ
2022-04-12 23:35:17,蛙印,どこへ老け込むんだい
2022-04-12 23:35:19,ばやし,性欲モンスターで草
2022-04-12 23:35:19,名無し,ホテルで落ち着こう
2022-04-12 23:35:19,スプレム,これからホテルだと
2022-04-12 23:35:21,ばく,っw
2022-04-12 23:35:23,野良フェンリル,いまなんていった
2022-04-12 23:35:23,冥土,草
2022-04-12 23:35:27,ポーヘイ,すぐえっちしようとするねノラ君
2022-04-12 23:35:55,あるごん,デスノート使えばエッチなことできるね、相手死ぬけど
2022-04-12 23:35:56,鯰人「なまんちゅ」,痔業痔得
2022-04-12 23:36:00,アール・グレイ,妊娠したかと思っちゃったじゃん
2022-04-12 23:36:23,アリマ,草
2022-04-12 23:36:25,クロxkuroblackx,ｗｗｗｗ
2022-04-12 23:36:25,ばやし,草
2022-04-12 23:36:26,かおり,裏切られるのはやすぎ
2022-04-12 23:36:31,なっとうまき,野次馬草
2022-04-12 23:36:33,野良フェンリル,あのさぁ
2022-04-12 23:36:33,鯰人「なまんちゅ」,草
2022-04-12 23:36:34,さすけ,wwwwwww
2022-04-12 23:36:35,寝る寝る寝るね,ノリノリやんノラくん
2022-04-12 23:36:36,344万の男　※カウントダウン12,www
2022-04-12 23:36:37,DuxRyK 【デューク】,ｗｗｗ
2022-04-12 23:36:47,あるごん,したあああああ
2022-04-12 23:36:50,完全剛体リジッド,チューするんかい！
2022-04-12 23:36:50,クロヘビ局長,こっちはチューします
2022-04-12 23:36:52,ヌマハチ,したぞ！よかったな
2022-04-12 23:36:53,かおり,おまえがするんかーい！！
2022-04-12 23:36:53,有村霧香,こっちはしたねｗ
2022-04-12 23:36:55,よもぎ ⚰️,わお
2022-04-12 23:36:56,V-MAX,した
2022-04-12 23:37:01,DuxRyK 【デューク】,こっちがちゅーしたｗ
2022-04-12 23:37:02,ばく,www
2022-04-12 23:37:02,ばやし,こっちはするんかい！
2022-04-12 23:37:03,寝る寝る寝るね,こんチューわ
2022-04-12 23:37:21,かおり,導入がめんどくさいｗ
2022-04-12 23:37:24,たつきんぐ,やるのかい？やらないのかい？どっちなんだい？
2022-04-12 23:37:26,V-MAX,頭がピンク！
2022-04-12 23:37:26,名無し,ベッドインしないと
2022-04-12 23:37:30,鯰人「なまんちゅ」,甘えてるねぇ
2022-04-12 23:37:31,クロヘビ局長,イチャイチャしやがってよぉ
2022-04-12 23:37:32,Azu -あず-,眉毛が細い
2022-04-12 23:37:33,ばく,またイチャイチャしてる
2022-04-12 23:37:34,野良フェンリル,イチャイチャしてる！！
2022-04-12 23:37:34,ちろる,しそう
2022-04-12 23:37:38,DuxRyK 【デューク】,何言ってんだｗ
2022-04-12 23:37:39,V-MAX,ダイジョブそ？
2022-04-12 23:37:42,ばやし,大丈夫そ？
2022-04-12 23:37:53,344万の男　※カウントダウン12,結婚だと…？
2022-04-12 23:37:55,微糖,フラグがすごい
2022-04-12 23:38:09,アリマ,いちゃいちゃには不満そうで草
2022-04-12 23:38:14,クロヘビ局長,でた
2022-04-12 23:38:14,アール・グレイ,見せ付けやがってよぉ
2022-04-12 23:38:26,Alex,松田ｗ
2022-04-12 23:38:30,蛙印,マツダぁ！
2022-04-12 23:38:31,なっとうまき,ツイッターやん
2022-04-12 23:38:32,名無し,草
2022-04-12 23:38:32,かおり,空気よめないのすきｗ
2022-04-12 23:38:34,寝る寝る寝るね,かわいいなぁ
2022-04-12 23:38:35,よもぎ ⚰️,草
2022-04-12 23:38:36,くりのす,マツダぁ！
2022-04-12 23:38:38,ばやし,草
2022-04-12 23:38:39,344万の男　※カウントダウン12,食い気味ww
2022-04-12 23:38:39,さすけ,草
2022-04-12 23:38:42,たつきんぐ,粉バナナ
2022-04-12 23:38:49,Azu -あず-,わかる。ノラくんぽい
2022-04-12 23:38:54,冥土,インポスター弱そう
2022-04-12 23:38:56,アール・グレイ,草
2022-04-12 23:39:24,有村霧香,やっちまいな！
2022-04-12 23:39:27,クロヘビ局長,パワー
2022-04-12 23:39:28,ちろる,正論パンチ！
2022-04-12 23:39:29,さすけ,パワー！！
2022-04-12 23:39:29,V-MAX,このリュークの問よ・・・
2022-04-12 23:39:30,あるごん,やる！
2022-04-12 23:39:31,ばやし,パワー
2022-04-12 23:39:31,かおり,やらないんかいｗ
2022-04-12 23:39:32,よもぎ ⚰️,ヤーッ！！！
2022-04-12 23:39:33,牛丼屋の常連,ﾊﾟﾜｰ！
2022-04-12 23:39:34,344万の男　※カウントダウン12,ヤーーーーー！！
2022-04-12 23:39:34,やさい,パワー！
2022-04-12 23:39:35,蛙印,ぱわー！
2022-04-12 23:39:35,野良フェンリル,パワー！
2022-04-12 23:39:36,V-MAX,ヤーーーー！
2022-04-12 23:39:38,樺沢郁也,マンガのラストのマツダの推理（願望）は好きなんだけどなぁ。アニメ化されなかった。
2022-04-12 23:39:38,椎名七,ぱわーーーーー
2022-04-12 23:39:38,クロヘビ局長,やっかましい小学生だな
2022-04-12 23:39:38,ばく,ヤーーー!!!!
2022-04-12 23:39:39,林啓太,草
2022-04-12 23:39:42,微糖,パワー！
2022-04-12 23:39:42,冷凍メガネ,パワー！
2022-04-12 23:39:42,スプレム,｢やら｣まで言ったらもう分かる
2022-04-12 23:39:42,ポーヘイ,ヤー！！
2022-04-12 23:39:43,アリマ,なんか副音声やかましいな
2022-04-12 23:39:43,bbd,リンドLテイラー殺してたしなぁ
2022-04-12 23:39:44,名無し,ヤーーーーーー!
2022-04-12 23:39:48,ヌマハチ,ハッピーエンド
2022-04-12 23:39:48,さすけ,ﾊｯ（笑顔）
2022-04-12 23:39:50,冥土,草
2022-04-12 23:39:51,ばく,www
2022-04-12 23:39:58,デイビット・コジマ ⚰️,草
2022-04-12 23:39:59,蛙印,福岡の地下鉄ぅ
2022-04-12 23:39:59,くりのす,きんにくんならデスノートにも勝てそう
2022-04-12 23:40:00,かおり,やーーーーーーーーるっ！パワーッ！
2022-04-12 23:40:04,寝る寝る寝るね,切符やん
2022-04-12 23:40:05,名無し,草
2022-04-12 23:40:19,ばやし,Suicaじゃないだと？
2022-04-12 23:40:27,かおり,従井ノラ…くそ！死なない！まさか…偽名！？
2022-04-12 23:40:59,アール・グレイ,バリケードみたいなやつこの頃からあったんだ
2022-04-12 23:41:53,なっとうまき,古いトランシーバー
2022-04-12 23:41:53,アールグレイボンボン,わかりやすいｗｗ
2022-04-12 23:41:54,蛙印,ち　か　い
2022-04-12 23:41:56,有村霧香,のらおじ！？
2022-04-12 23:42:03,ばく,明らか怪しい
2022-04-12 23:42:04,344万の男　※カウントダウン12,キラおじ
2022-04-12 23:42:04,寝る寝る寝るね,怪しすぎるだろ…
2022-04-12 23:42:06,DuxRyK 【デューク】,近いｗ
2022-04-12 23:42:07,ばやし,不審すぎだろww
2022-04-12 23:42:07,YMS,ノラくんみたいやん
2022-04-12 23:42:16,野良フェンリル,電車の中で喋るな！！
2022-04-12 23:42:16,かおり,となりの人びっくりするでしょｗ
2022-04-12 23:42:35,完全剛体リジッド,( ˘ω˘)ｽﾔｧ
2022-04-12 23:42:41,あるごん,すごい顔や
2022-04-12 23:42:42,ばく,死んじゃった
2022-04-12 23:42:46,クロヘビ局長,( ˘ω˘ ) ｽﾔｧ…
2022-04-12 23:42:47,蛙印,( ˘ω˘)ｽﾔｧ
2022-04-12 23:42:58,椎名七,スヤァ・・・
2022-04-12 23:42:59,さすけ,ｽﾔｧしちゃった
2022-04-12 23:43:00,なっとうまき,すやぁ
2022-04-12 23:43:00,微糖,寝落ち
2022-04-12 23:43:03,ばやし,えぇ
2022-04-12 23:43:06,ちろる,お前が一番怪しいよ
2022-04-12 23:43:07,クロヘビ局長,隣で人が死ぬって嫌だな
2022-04-12 23:43:17,有村霧香,パーカーのフードして新聞読んでるの怪しいよね
2022-04-12 23:43:26,蛙印,起こさないでくれ死ぬほど疲れている
2022-04-12 23:43:30,名無し,死ぬ程疲れてる
2022-04-12 23:43:39,よもぎ ⚰️,怖いな
2022-04-12 23:43:43,アールグレイボンボン,怪しすぎる
2022-04-12 23:43:57,ばやし,マジで怪しいってw
2022-04-12 23:44:02,のま,みんなおはよう
2022-04-12 23:44:11,さだぴピロピロ,スヤァ
2022-04-12 23:44:12,さすけ,ほんとにやだわ
2022-04-12 23:44:26,名無し,怪しすぎる
2022-04-12 23:44:26,有村霧香,うつ病チェックリスト
2022-04-12 23:44:27,たつきんぐ,ひげそれ
2022-04-12 23:44:33,野良フェンリル,あいつずっと同じとこ読んでね？？
2022-04-12 23:44:44,クロヘビ局長,このトリックすき
2022-04-12 23:44:45,水猫,隙間せまいw
2022-04-12 23:44:58,寝る寝る寝るね,考えてみれば電車内でトランシーバーの時点でもう異常…
2022-04-12 23:45:00,ばく,かきにくそう
2022-04-12 23:45:14,牛丼屋の常連,私だったら中覗いちゃうな
2022-04-12 23:45:18,344万の男　※カウントダウン12,まじでサイコや
2022-04-12 23:45:22,Shirou luffy,こんばんは！
2022-04-12 23:45:34,さすけ,この○し方面白くて好き
2022-04-12 23:45:34,アールグレイボンボン,ブロック体で書くんや
2022-04-12 23:45:40,れんこん,こんばんは！
2022-04-12 23:45:58,ああ,出歯ねずみから
2022-04-12 23:46:15,アールグレイボンボン,これはいいピタゴラスイッチ
2022-04-12 23:46:36,牛丼屋の常連,ここでリュークがひょっこりはんしてたら・・・
2022-04-12 23:46:42,ばく,リモートデスノート
2022-04-12 23:46:49,かおり,アジア人ばっかやん
2022-04-12 23:46:49,クロヘビ局長,世間的にはキラの犯行になるけどな。それでいいのか？
2022-04-12 23:46:51,蛙印,自分の名前最初に書いてしまったら失敗に終わったんかな
2022-04-12 23:46:52,霜月こんX2,よく考えたと思う
2022-04-12 23:46:56,たつきんぐ,おいおい仲間しんだわ
2022-04-12 23:47:04,かおり,デスノートには触れてないからリュークはみえないんじゃないのかな…封筒ごしだし
2022-04-12 23:47:30,ばく,こわっ
2022-04-12 23:47:31,344万の男　※カウントダウン12,これで37564
2022-04-12 23:47:31,ヌマハチ,触れてるんじゃ無かった？
2022-04-12 23:47:38,クロヘビ局長,触れてたわ
2022-04-12 23:47:41,あるごん,ホラーwww
2022-04-12 23:47:42,かおり,触れてた！！！！！！
2022-04-12 23:47:42,牛丼屋の常連,あやっぱり
2022-04-12 23:47:45,ばやし,見えた！
2022-04-12 23:47:45,鯰人「なまんちゅ」,ビビるわｗ
2022-04-12 23:47:45,アールグレイボンボン,って見えてるぅ！
2022-04-12 23:47:47,やさい,振れてた
2022-04-12 23:47:49,よもぎ ⚰️,こわw
2022-04-12 23:47:50,微糖,草
2022-04-12 23:47:56,椎名七,あるいみホラー
2022-04-12 23:47:57,野良フェンリル,あいつなにやってんだｗ
2022-04-12 23:48:00,完全剛体リジッド,こわっ
2022-04-12 23:48:02,霜月こんX2,ヒェッ
2022-04-12 23:48:02,名無し,こわw
2022-04-12 23:48:05,寝る寝る寝るね,いきなり見たらビビるわそりゃ
2022-04-12 23:48:26,DuxRyK 【デューク】,電車と並走してたのかな
2022-04-12 23:48:37,ばく,計算通りだぁ…
2022-04-12 23:48:37,さすけ,そりゃびびるわ
2022-04-12 23:48:53,YMS,計画通り
2022-04-12 23:48:54,寝る寝る寝るね,あーあ
2022-04-12 23:48:57,ばやし,キラニーしてるわまた
2022-04-12 23:48:58,ちろる,死体蹴りやめろ
2022-04-12 23:49:01,蛙印,ｽｲー
2022-04-12 23:49:01,クロヘビ局長,ドナドナー
2022-04-12 23:49:05,344万の男　※カウントダウン12,あっ…
2022-04-12 23:49:14,牛丼屋の常連,きんもちぃいいいってなってそう
2022-04-12 23:49:20,ポーヘイ,キラニーやめらんないんだけど！
2022-04-12 23:49:23,かおり,さようなら、レイ・ペンバー
2022-04-12 23:49:27,蛙印,当時？？？
2022-04-12 23:49:30,ばやし,当時？
2022-04-12 23:49:34,T.T.,当時生まれてないでしょ
2022-04-12 23:49:35,名無し,当時???
2022-04-12 23:49:43,さすけ,わっるwww
2022-04-12 23:49:47,水猫,ん？　当時？
2022-04-12 23:49:51,鯰人「なまんちゅ」,当時ｗｗ
2022-04-12 23:49:54,椎名七,先行記入でも可能だったのか
2022-04-12 23:49:55,冥土,草
2022-04-12 23:49:57,かおり,お前写真におらんかったやろｗ
2022-04-12 23:50:00,野良フェンリル,妙だな...
2022-04-12 23:50:00,サカ,草
2022-04-12 23:50:02,クロヘビ局長,今も子供でしょる
2022-04-12 23:50:05,ばく,ぷよぷよだぁ…
2022-04-12 23:50:13,微糖,”当時”
2022-04-12 23:50:41,さすけ,なるほどね！産まれてないもんね！
2022-04-12 23:50:50,あるごん,なるほどなぁ
2022-04-12 23:51:03,ポーヘイ,RP守ろう期間も終わったしええやろ
2022-04-12 23:51:29,寝る寝る寝るね,ねーみーみーにぃー
2022-04-12 23:51:29,あるごん,デスノート使ってメール送らせたのか、やっとわかった
2022-04-12 23:51:29,ばく,ねーみーみーに
2022-04-12 23:51:39,T.T.,みずだ
2022-04-12 23:51:52,・。・,魂のほうだとしてもリアタイしていい歳じゃねぇんだよなぁ
2022-04-12 23:51:55,アリマ,草
2022-04-12 23:52:01,ばやし,まんまやんけw
2022-04-12 23:52:04,やさい,ノラくんが寝てるときに水をたらしたい
2022-04-12 23:52:09,ばく,勉強になるなぁ
2022-04-12 23:52:14,完全剛体リジッド,厳選していくぅ！
2022-04-12 23:52:24,アリマ,起きへんやろ
2022-04-12 23:52:26,ヌマハチ,降格は無くても昇進もなくなるんだよな
2022-04-12 23:52:31,名無し,おこのらかわいいからね
2022-04-12 23:52:36,有村霧香,カッコいい
2022-04-12 23:52:37,かおり,寝てる間に水に沈めたい
2022-04-12 23:52:39,水猫,水じゃ起きないだろうな
2022-04-12 23:52:39,サカ,水垂らしても起きなさそう
2022-04-12 23:52:42,寝る寝る寝るね,ノラくんそれくらいじゃ起きない
2022-04-12 23:52:47,牛丼屋の常連,日本人ならここは一度持ち帰る考えだよね普通
2022-04-12 23:52:51,よもぎ ⚰️,えらい
2022-04-12 23:52:52,さすけ,水じゃ無理だな
2022-04-12 23:52:52,完全剛体リジッド,誇り高きファーストペンギン
2022-04-12 23:52:53,DuxRyK 【デューク】,勇気いるね
2022-04-12 23:52:53,ばやし,それ
2022-04-12 23:52:53,微糖,わいもー
2022-04-12 23:52:58,たつきんぐ,ﾏﾂﾀﾞｧｱ！！！！
2022-04-12 23:52:58,蛙印,ワイもええか＾＾
2022-04-12 23:53:06,クロヘビ局長,僕も帰る
2022-04-12 23:54:06,蛙印,え？
2022-04-12 23:54:10,ヌマハチ,捨てないでッ！
2022-04-12 23:54:36,344万の男　※カウントダウン12,ゴミと始末りょ！
2022-04-12 23:54:36,さすけ,うちもさっきちょうどゴミ出ししたとこ
2022-04-12 23:54:40,よもぎ ⚰️,MAC分厚い
2022-04-12 23:54:45,ちろる,書かないで…
2022-04-12 23:54:58,ポーヘイ,明日ゴミの日だわ
2022-04-12 23:55:06,ばやし,ハットかっこいいな
2022-04-12 23:55:26,かおり,ゴミ捨てちゃったらコメントなくなってコメニーできなくなるよ！
2022-04-12 23:55:30,野良フェンリル,おかえり
2022-04-12 23:55:30,蛙印,おかえり
2022-04-12 23:55:31,ばく,Lきちゃ
2022-04-12 23:55:31,アールグレイボンボン,おかえり
2022-04-12 23:55:31,ばやし,おかえり
2022-04-12 23:55:34,さすけ,おかえり
2022-04-12 23:55:37,鯰人「なまんちゅ」,おかえり
2022-04-12 23:55:37,DuxRyK 【デューク】,おかえり
2022-04-12 23:55:38,完全剛体リジッド,おかえりなさい～
2022-04-12 23:55:43,アール・グレイ,おかえり
2022-04-12 23:55:44,bbd,マツケンきたー！
2022-04-12 23:55:44,Alex,Ｌの再現度高いな
2022-04-12 23:55:45,よもぎ ⚰️,来た
2022-04-12 23:55:47,ばやし,糖尿待ったなし
2022-04-12 23:55:47,椎名七,ｷﾀ━━━━(ﾟ∀ﾟ)━━━━!!
2022-04-12 23:55:48,テロメア,デスノート面白いからミュートしてたの忘れてた
2022-04-12 23:55:49,水猫,おかえり
2022-04-12 23:55:51,なっとうまき,若い
2022-04-12 23:55:52,有村霧香,風呂入ってなさそう
2022-04-12 23:55:54,翠,おかえり
2022-04-12 23:55:54,ばやし,マジで若い
2022-04-12 23:55:55,鯰人「なまんちゅ」,若いなー
2022-04-12 23:55:55,DuxRyK 【デューク】,若い
2022-04-12 23:55:56,高橋右手,松山ケンイチかっこよい！
2022-04-12 23:56:01,名無し,若い
2022-04-12 23:56:02,アールグレイボンボン,Lまんまなんよ
2022-04-12 23:56:04,さすけ,ほんま若い
2022-04-12 23:56:06,牛丼屋の常連,若いなー！！！
2022-04-12 23:56:07,冥土,草
2022-04-12 23:56:08,デイビット・コジマ ⚰️,おかえり
2022-04-12 23:56:08,V-MAX,わっかーーー
2022-04-12 23:56:12,微糖,わっかい
2022-04-12 23:56:14,ポーヘイ,若い、ブレイク前
2022-04-12 23:56:16,鯰人「なまんちゅ」,草
2022-04-12 23:56:19,ばく,ほんとハマり役
2022-04-12 23:56:20,344万の男　※カウントダウン12,草
2022-04-12 23:56:20,ばやし,それな
2022-04-12 23:56:22,YMS,ばーん！
2022-04-12 23:56:22,名無し,草
2022-04-12 23:56:24,よもぎ ⚰️,短期w
2022-04-12 23:56:30,Bright Broad,今何分何秒ですか？
2022-04-12 23:56:37,YMS,iMac
2022-04-12 23:56:39,ヌマハチ,のらーらも偽名だもんな
2022-04-12 23:57:18,ポーヘイ,演技うまいなマツケン
2022-04-12 23:57:46,クロヘビ局長,ノラくんみたいやな
2022-04-12 23:58:02,なっとうまき,かっこいい
2022-04-12 23:58:03,アールグレイボンボン,Lかわいいな
2022-04-12 23:58:17,かおり,へーLもマシュマロ食べるんだ
2022-04-12 23:58:30,完全剛体リジッド,左利き！？
2022-04-12 23:58:34,テロメア,レザーえっちだ
2022-04-12 23:59:16,鯰人「なまんちゅ」,お菓子食べたくなってきた
2022-04-12 23:59:17,よもぎ ⚰️,糖分
2022-04-12 23:59:27,寝る寝る寝るね,VHSだ
2022-04-12 23:59:32,よもぎ ⚰️,虫歯不可避
2022-04-12 23:59:36,完全剛体リジッド,4窓はすごい
2022-04-12 23:59:40,ばやし,VHS………
2022-04-12 23:59:51,水猫,ビデオテープ
2022-04-12 23:59:55,微糖,VHS懐かしいなあ
2022-04-12 23:59:55,ヌマハチ,今も証拠はテープ保存じゃない？
2022-04-12 23:59:58,アールグレイボンボン,ビデオでもいいけど
2022-04-12 23:59:59,水猫,４窓勢か
2022-04-13 00:00:01,野良フェンリル,鼻血でるぞ
2022-04-13 00:00:07,T.T.,１２歳がよく知っとる
2022-04-13 00:00:07,蛙印,ベータカセットはないのけ
2022-04-13 00:00:13,鯰人「なまんちゅ」,VHS・・・録画したなぁ
2022-04-13 00:00:18,さすけ,VHSって言葉初めて聞いた（現代人）
2022-04-13 00:00:33,ポーヘイ,ベータは1時間しか録画できんし
2022-04-13 00:00:35,寝る寝る寝るね,ビデオホームシステムでVHSやっけ
2022-04-13 00:00:39,O.J.I.,βとか知らないぞ
2022-04-13 00:00:59,水猫,ベータとかww
2022-04-13 00:01:00,かおり,パフェたべたい
2022-04-13 00:01:13,樺沢郁也,VHS文字通り擦り切れるまで見てた。トーマスとか。
2022-04-13 00:01:25,よもぎ ⚰️,ん？
2022-04-13 00:01:25,ばやし,なぜこんな証拠が残るようなことをしてしまうのか
2022-04-13 00:01:39,完全剛体リジッド,糖分すごい
2022-04-13 00:01:40,てぃろ,虫歯が心配になる
2022-04-13 00:01:46,ばく,血管やばそう
2022-04-13 00:01:48,YMS,砂糖多すぎ
2022-04-13 00:01:49,野良フェンリル,食べ物で遊んでるで
2022-04-13 00:01:50,ばやし,入れすぎィ
2022-04-13 00:02:04,ポーヘイ,菓子の積み方とか食い方とかマツケンが発案してんだよね現場で
2022-04-13 00:02:48,ちろる,ナメプしなければ
2022-04-13 00:03:17,ばやし,行方が、分かりません
2022-04-13 00:03:19,yusa da,あら
2022-04-13 00:03:35,完全剛体リジッド,徹底的に！？
2022-04-13 00:04:02,ばやし,カッコいい
2022-04-13 00:04:24,かおり,お風呂のぞきたい
2022-04-13 00:04:55,ダンサンブル伊藤,よう松田
2022-04-13 00:04:56,あるごん,トイレも...
2022-04-13 00:05:22,有村霧香,痔が発覚してしまうかもしれない・・・
2022-04-13 00:05:35,鯰人「なまんちゅ」,ミサミサー
2022-04-13 00:05:38,ばく,ミサミサだ
2022-04-13 00:05:39,Alex,かわいい
2022-04-13 00:05:46,翠,きちゃ！！！
2022-04-13 00:05:46,あるごん,パフパフ！
2022-04-13 00:05:51,かおり,youtubeクオリティ
2022-04-13 00:05:53,水猫,なんだろう、時代を感じるw
2022-04-13 00:05:53,有村霧香,声がイメージ違うなぁ
2022-04-13 00:05:55,クロヘビ局長,恋のライバルを太らせらって
2022-04-13 00:05:56,よもぎ ⚰️,パフパフ
2022-04-13 00:05:57,名無し,パフパフ!
2022-04-13 00:05:57,344万の男　※カウントダウン12,かわよ
2022-04-13 00:05:58,なっとうまき,きました
2022-04-13 00:06:13,鯰人「なまんちゅ」,細いなー！
2022-04-13 00:06:14,ダンサンブル伊藤,ミサ、深層組に入らないか？
2022-04-13 00:06:15,ばく,監督w
2022-04-13 00:06:18,水猫,イメージビデオの空気感かな？
2022-04-13 00:06:30,よもぎ ⚰️,草
2022-04-13 00:06:32,ばやし,ガリッガリやな
2022-04-13 00:06:38,野良フェンリル,えっちだ...
2022-04-13 00:06:40,あるごん,ほっそ
2022-04-13 00:06:45,V-MAX,細い
2022-04-13 00:06:45,テロメア,かわいい
2022-04-13 00:06:48,野良フェンリル,もっと太れ
2022-04-13 00:06:49,アール・グレイ,かわよ
2022-04-13 00:06:56,ポーヘイ,ほっそ　もっと飯くって欲しい
2022-04-13 00:07:12,クロヘビ局長,助かる
2022-04-13 00:07:18,さすけ,細すぎる
2022-04-13 00:07:20,完全剛体リジッド,ティッシュ回収！
2022-04-13 00:07:22,かおり,ティッシュ回収しちゃうぅ！
2022-04-13 00:07:23,あるごん,お
2022-04-13 00:07:26,ばく,変態だぁ
2022-04-13 00:07:28,344万の男　※カウントダウン12,たすかる
2022-04-13 00:07:29,ヌマハチ,ノラ組じゃん
2022-04-13 00:07:33,寝る寝る寝るね,きめぇ
2022-04-13 00:07:33,冥土,ストーカー君
2022-04-13 00:07:33,あるごん,ナニに使うんだ
2022-04-13 00:07:34,ばやし,キッショ
2022-04-13 00:07:35,YMS,いやぁぁぁ
2022-04-13 00:07:35,水猫,ヒッ
2022-04-13 00:07:35,よもぎ ⚰️,うわw
2022-04-13 00:07:36,V-MAX,変態だーーー！
2022-04-13 00:07:36,名無し,変態だあ
2022-04-13 00:07:36,野良フェンリル,おい金置いてけ
2022-04-13 00:07:37,牛丼屋の常連,興味深い
2022-04-13 00:07:40,Alex,ノラ組ｗ
2022-04-13 00:07:40,くりのす,リスナーじゃん
2022-04-13 00:07:41,たつきんぐ,言い値で買おう
2022-04-13 00:07:42,かおり,推しのやつみつけたらやるかも
2022-04-13 00:07:43,冷凍メガネ,ﾋｴ
2022-04-13 00:07:43,有村霧香,あれが数万とかで売れるんだろうなぁ
2022-04-13 00:07:44,cheruno,ｷｯｼｮ
2022-04-13 00:07:44,さすけ,うわー！！
2022-04-13 00:07:45,O.J.I.,ノラ組は草
2022-04-13 00:07:46,Azu -あず-,ホラーやん
2022-04-13 00:07:46,ばく,www
2022-04-13 00:07:47,名無し,ノラ組かな
2022-04-13 00:07:49,344万の男　※カウントダウン12,えぇ…
2022-04-13 00:07:50,水猫,ノラ組と言うなよw
2022-04-13 00:07:51,ダンサンブル伊藤,一般的ノラ組
2022-04-13 00:07:54,微糖,興味深いんｗ
2022-04-13 00:07:54,ポーヘイ,ノラ組で草
2022-04-13 00:07:55,鯰人「なまんちゅ」,ノラ組は草
2022-04-13 00:08:05,アール・グレイ,ホラーだ
2022-04-13 00:08:05,椎名七,アイドルでもハナカミ公開してるのにノラ君はミュートして・・・
2022-04-13 00:08:16,パストラミビーフ,あらあらあら
2022-04-13 00:09:03,V-MAX,おやおやおや
2022-04-13 00:09:59,鯰人「なまんちゅ」,怪しいぞぉ！
2022-04-13 00:10:02,かおり,わかるｗｗｗ
2022-04-13 00:10:51,てぃろ,名刺出した意味...
2022-04-13 00:11:08,bbd,推理全部当たってるんだよなぁ
2022-04-13 00:11:22,ヌマハチ,これ子供の頃に真似したよね
2022-04-13 00:11:34,あるごん,あったまいい
2022-04-13 00:11:46,V-MAX,原作では紙だった
2022-04-13 00:11:50,bbd,これ真似したわ
2022-04-13 00:11:51,よもぎ ⚰️,用心深い
2022-04-13 00:11:54,鯰人「なまんちゅ」,よう考えたな
2022-04-13 00:12:34,かおり,けーきたべたい
2022-04-13 00:12:46,かおり,企画もののＡＶみたいだな
2022-04-13 00:12:49,ばく,:red_apple:禁断症状
2022-04-13 00:12:57,有村霧香,りんごくれよ！
2022-04-13 00:12:57,あるごん,www
2022-04-13 00:12:59,寝る寝る寝るね,かわいい
2022-04-13 00:12:59,よもぎ ⚰️,かわいいw
2022-04-13 00:13:01,クロヘビ局長,ヤニ切れのおっさんみたい
2022-04-13 00:13:01,はーふ*とーん,ｵﾔｽm･･･
2022-04-13 00:13:04,ニセ勇者,ｗｗｗ
2022-04-13 00:13:04,名無し,リュークかわいいw
2022-04-13 00:13:05,V-MAX,ｗｗ
2022-04-13 00:13:06,微糖,かわいい
2022-04-13 00:13:10,アール・グレイ,かわいい
2022-04-13 00:13:11,くりのす,かわいいｗ
2022-04-13 00:13:12,野良フェンリル,かわいい
2022-04-13 00:13:16,DuxRyK 【デューク】,かわいいｗ
2022-04-13 00:13:52,トド職,
2022-04-13 00:13:46,よもぎ ⚰️,便乗草
2022-04-13 00:13:49,Alex,かわいいｗ
2022-04-13 00:13:51,あるごん,えーー！！！
2022-04-13 00:13:53,さすけ,草
2022-04-13 00:14:00,名無し,癒し枠
2022-04-13 00:14:03,V-MAX,かわいい
2022-04-13 00:14:04,T.T.,売り物のリンゴで遊ぶなよ
2022-04-13 00:14:06,344万の男　※カウントダウン12,草
2022-04-13 00:14:08,鯰人「なまんちゅ」,仕方ないな
2022-04-13 00:14:08,かおり,はいどうぞ
2022-04-13 00:14:12,冷凍メガネ,
2022-04-13 00:14:22,ばく,どうぞ
2022-04-13 00:14:25,有村霧香,りんごスパチャ
2022-04-13 00:14:28,寝る寝る寝るね,ノラくんに投げるのなにげ初めて
2022-04-13 00:14:29,椎名七,そろそろポテチinテレビくる？
2022-04-13 00:14:30,344万の男　※カウントダウン12,みんなやさしいな〜
2022-04-13 00:14:39,さすけ,アヘ顔パーカーwww
2022-04-13 00:14:49,ちろる,スパチャ
2022-04-13 00:14:54,サカ,はい
2022-04-13 00:14:58,よもぎ ⚰️,お菓子串
2022-04-13 00:14:59,デイビット・コジマ ⚰️,こんのらー
2022-04-13 00:15:01,てぃろ,:red_apple:
2022-04-13 00:15:02,スプレム,アヘ顔パーカーは外干したかな
2022-04-13 00:15:13,かおり,おいしそうｗ
2022-04-13 00:15:17,かおり,あんな食べ方してみたいなｗ
2022-04-13 00:15:22,アリマ,お茶どうぞ
2022-04-13 00:15:39,bbd,デスノート以外で見たことない食べ方
2022-04-13 00:15:44,あるごん,これ1人でゴソゴソしてたらバレるじゃん
2022-04-13 00:15:47,ばやし,そういう流れか
2022-04-13 00:16:06,寝る寝る寝るね,タバコしっぶいなぁ
2022-04-13 00:16:11,クロヘビ局長,7日間禁欲ってキツくない？
2022-04-13 00:16:45,鯰人「なまんちゅ」,部屋でいたせないな・・・
2022-04-13 00:16:59,ちろる,大学生が1週間禁欲…妙だな…
2022-04-13 00:17:10,あるごん,寝る時明るいなぁ
2022-04-13 00:17:18,かおり,コメニーしてたらばれちゃうじゃん
2022-04-13 00:17:20,ヌマハチ,１週間やらなかったらそれはそれで疑われる
2022-04-13 00:17:21,完全剛体リジッド,優しい～
2022-04-13 00:17:25,寝る寝る寝るね,優しい…
2022-04-13 00:17:26,よもぎ ⚰️,優しい
2022-04-13 00:17:29,翠,部長優しい
2022-04-13 00:17:35,水猫,キラニ―禁欲１週間か
2022-04-13 00:17:38,ばく,キラ二ーしてるから…
2022-04-13 00:17:39,V-MAX,優しい
2022-04-13 00:17:43,椎名七,エモいよね…
2022-04-13 00:17:45,344万の男　※カウントダウン12,7日間オナ禁だと…妙だな…まさか監視カメラに気付いてる…？
2022-04-13 00:17:50,さすけ,やさしいね
2022-04-13 00:17:57,完全剛体リジッド,伝説のポテチｗ
2022-04-13 00:18:04,鯰人「なまんちゅ」,ポテチきた
2022-04-13 00:18:09,ばく,ポテチきちゃ
2022-04-13 00:18:13,アリマ,食器かたづけてけ
2022-04-13 00:18:13,T.T.,ぽてち
2022-04-13 00:18:14,冥土,ポテチトリック好き
2022-04-13 00:18:15,有村霧香,ポテチのトリックは無理があるよね
2022-04-13 00:18:15,水猫,お、ポテチきたww
2022-04-13 00:18:16,V-MAX,伝説のポテチだ！
2022-04-13 00:18:17,椎名七,お、ポテチだ
2022-04-13 00:18:18,寝る寝る寝るね,徹夜で勉強
2022-04-13 00:18:23,bbd,コラを思い出す
2022-04-13 00:18:24,翠,きた！
2022-04-13 00:18:25,名無し,ポテチw
2022-04-13 00:18:28,デイビット・コジマ ⚰️,ポテチか
2022-04-13 00:18:34,344万の男　※カウントダウン12,ポテチ最強！
2022-04-13 00:18:36,デイビット・コジマ ⚰️,これで完璧
2022-04-13 00:18:42,さすけ,ポテチきちゃあああああああああ
2022-04-13 00:18:44,よもぎ ⚰️,来た
2022-04-13 00:18:49,ばく,色んな検証動画できてたね
2022-04-13 00:18:50,デイビット・コジマ ⚰️,どうやって見るんだ
2022-04-13 00:18:51,椎名七,鍵閉めたってことは致す？
2022-04-13 00:18:59,蛙印,ぽてち
2022-04-13 00:19:15,寝る寝る寝るね,キラニー解禁
2022-04-13 00:19:25,クロヘビ局長,ぽい顔してるわ犯人
2022-04-13 00:19:54,高橋右手,犯人の画数が多い！
2022-04-13 00:19:58,Nagisa,やっと帰れたε-(´∀｀; )
2022-04-13 00:20:04,あるごん,わかる
2022-04-13 00:20:05,かおり,いまちょっと
2022-04-13 00:20:10,デイビット・コジマ ⚰️,盗聴たしかに
2022-04-13 00:20:11,水猫,盗撮もの言うなよ？w
2022-04-13 00:20:17,蛙印,新しい性癖開花しないで
2022-04-13 00:20:18,寝る寝る寝るね,ノラくん盗撮癖に目覚めたか
2022-04-13 00:20:18,さすけ,キラニーの時間だ
2022-04-13 00:20:19,bom,ファンの音？
2022-04-13 00:20:32,よもぎ ⚰️,お？
2022-04-13 00:20:36,T.T.,ざわざわざわ
2022-04-13 00:20:42,翠,ポテチ取るちゃんと書いてるようにちょっとまさぐってるの細かいなあ
2022-04-13 00:20:44,344万の男　※カウントダウン12,ざわざわ？
2022-04-13 00:20:46,さすけ,なんでもエロいやん
2022-04-13 00:20:48,ばく,キラ二ーよる?!
2022-04-13 00:21:00,蛙印,ざわ...ざわ...
2022-04-13 00:21:11,かおり,これすごいよねしこみがｗ
2022-04-13 00:21:17,デイビット・コジマ ⚰️,きらにーなんぞ
2022-04-13 00:21:25,完全剛体リジッド,そうはならんやろ！
2022-04-13 00:21:30,有村霧香,左手でよう書けるわｗ
2022-04-13 00:21:32,牛丼屋の常連,ワンセグ～
2022-04-13 00:21:34,あるごん,えええ
2022-04-13 00:21:35,YMS,テレビ付き携帯！
2022-04-13 00:21:38,水猫,この角度で画面は見えるのか？
2022-04-13 00:21:41,DuxRyK 【デューク】,べとべとしてそう...
2022-04-13 00:21:45,ヌマハチ,ポテチが今より多い
2022-04-13 00:21:45,寝る寝る寝るね,思いついても技術がw
2022-04-13 00:21:48,よもぎ ⚰️,なるほどなぁ
2022-04-13 00:21:53,Azu -あず-,器用だねぇ
2022-04-13 00:21:55,さすけ,ここ検証されてたの面白かった
2022-04-13 00:22:02,蛙印,かしこまり！
2022-04-13 00:22:02,翠,それにしてもこれいつ仕込んだんだろ
2022-04-13 00:22:25,あるごん,これでポテチポテチいってたのか
2022-04-13 00:22:35,有村霧香,買ってから家に戻るまでに仕込んだんだろうねぇ
2022-04-13 00:22:45,ばく,りんごタイム
2022-04-13 00:22:48,完全剛体リジッド,ご褒美のリンゴ
2022-04-13 00:22:57,デイビット・コジマ ⚰️,コンソメ味は食べられないとかいう謎理屈で仕込んでるからな
2022-04-13 00:23:04,椎名七,アッポータイム
2022-04-13 00:23:17,ポーヘイ,ポテチトリック、実際やると不可能だぞ
2022-04-13 00:23:17,344万の男　※カウントダウン12,草
2022-04-13 00:23:20,さすけ,もぐもぐタイム
2022-04-13 00:23:24,DuxRyK 【デューク】,ご褒美りんご
2022-04-13 00:23:24,かおり,それほんとやめてｗ
2022-04-13 00:23:30,ばやし,気が変わって食うかもしれんやろ！
2022-04-13 00:23:30,かおり,わろてまうｗ
2022-04-13 00:23:33,牛丼屋の常連,ということはコンソメ祭りってことぉ～？
2022-04-13 00:23:35,T.T.,おきっぱのポテチしなしなになってそう
2022-04-13 00:23:36,V-MAX,ねっとり物真似ｗ
2022-04-13 00:23:50,ばく,かなりガバ理論
2022-04-13 00:23:55,かおり,レザーの女
2022-04-13 00:24:01,あるごん,あれだけたくさんカメラあって気づかないもんなのか
2022-04-13 00:24:03,bom,キラというよりキザ
2022-04-13 00:24:03,蛙印,レザーのえっちな人
2022-04-13 00:24:08,アールグレイボンボン,そんであのまま燃えないゴミで捨てる収集業者にからばれそうなんだよなぁ
2022-04-13 00:24:09,よもぎ ⚰️,え
2022-04-13 00:24:10,樺沢郁也,マンガだと小型テレビ数万のを捨ててる
2022-04-13 00:24:26,たつきんぐ,美術館であった人だろ
2022-04-13 00:24:30,てぃろ,40RI
2022-04-13 00:24:35,デイビット・コジマ ⚰️,携帯テレビをゴミ箱にポイ！
2022-04-13 00:24:47,完全剛体リジッド,間違いないさ
2022-04-13 00:24:54,クロヘビ局長,チャカや
2022-04-13 00:24:55,アールグレイボンボン,この人過激すぎでは
2022-04-13 00:25:11,ポーヘイ,収集業者に怒られそう
2022-04-13 00:25:37,344万の男　※カウントダウン12,さすがに捜査とはいえアウト
2022-04-13 00:25:38,蛙印,わかるのか（困惑）
2022-04-13 00:26:28,完全剛体リジッド,復讐なんやな…
2022-04-13 00:26:34,有村霧香,館員そっこー逃げたぞｗ
2022-04-13 00:26:59,ばく,ねっとり演技
2022-04-13 00:27:07,水猫,カイジ感が増してきたなw
2022-04-13 00:27:12,bbd,いい演技
2022-04-13 00:27:13,アール・グレイ,手段問わなさすぎだろ
2022-04-13 00:27:14,Alex,若干カイジ出てる
2022-04-13 00:27:31,344万の男　※カウントダウン12,いい演技だ
2022-04-13 00:27:35,デイビット・コジマ ⚰️,どうじでだよおおおお
2022-04-13 00:27:45,ちろる,気持ち良さそう
2022-04-13 00:28:00,テロメア,そのままカタカナなんか草
2022-04-13 00:28:32,さすけ,おこ:pouting_face:
2022-04-13 00:29:18,完全剛体リジッド,うわぁぁぁぁぁ！
2022-04-13 00:29:23,ばく,あーあ
2022-04-13 00:29:33,あるごん,ああああ
2022-04-13 00:29:37,椎名七,あああああ
2022-04-13 00:29:39,DuxRyK 【デューク】,あーあ
2022-04-13 00:29:43,有村霧香,FBIがあんな構え方しないと思う
2022-04-13 00:29:44,さすけ,あーらら
2022-04-13 00:29:45,アール・グレイ,あーあ
2022-04-13 00:29:45,クロヘビ局長,お前は驚くなよ
2022-04-13 00:29:50,V-MAX,あーあ
2022-04-13 00:29:51,よもぎ ⚰️,あぁ……
2022-04-13 00:29:52,Alex,な”ん”て”だ”よ”お”ぉ”
2022-04-13 00:29:56,寝る寝る寝るね,あーあ
2022-04-13 00:30:00,344万の男　※カウントダウン12,サイコや
2022-04-13 00:30:02,微糖,あちゃー
2022-04-13 00:30:03,Azu -あず-,あちゃー
2022-04-13 00:30:06,V-MAX,ｗｗ
2022-04-13 00:30:10,あるごん,お前がうったんだぞ
2022-04-13 00:30:14,蛙印,帝愛ｗｗ
2022-04-13 00:30:15,たつきんぐ,詩織冷めちゃった・・・
2022-04-13 00:30:15,冥土,www
2022-04-13 00:30:16,寝る寝る寝るね,ここで笑わせんなw
2022-04-13 00:30:17,さすけ,カイジwwww
2022-04-13 00:30:19,デイビット・コジマ ⚰️,どうでだよっぉおおおおおお
2022-04-13 00:30:21,ばく,wwww
2022-04-13 00:30:22,クロヘビ局長,やっとチューするよ
2022-04-13 00:30:23,完全剛体リジッド,カイジ同時視聴も楽しみですねぇ
2022-04-13 00:30:25,野良フェンリル,モノマネさぁｗ
2022-04-13 00:30:25,ニセ勇者,ｗｗｗｗ
2022-04-13 00:30:26,椎名七,作品かわってらぁｗ
2022-04-13 00:30:26,冷凍メガネ,ｗｗｗ
2022-04-13 00:30:27,YMS,いつのまにかカイジになってた
2022-04-13 00:30:28,よもぎ ⚰️,キスした
2022-04-13 00:30:28,名無し,草
2022-04-13 00:30:28,南 光太郎,草
2022-04-13 00:30:33,Azu -あず-,ライトじゃなくてカイジなんだよｗｗｗ
2022-04-13 00:30:42,cheruno,帝愛無実で草
2022-04-13 00:30:44,ばく,そうだね
2022-04-13 00:30:47,くりのす,おいｗ
2022-04-13 00:30:51,bom,椿鬼奴？
2022-04-13 00:30:56,アニソンチャンネル,やめてww
2022-04-13 00:30:57,Alex,ど”う”し”て”だ”よ”お”ぉ
2022-04-13 00:30:57,さすけ,帝愛がとばっちり食らってて草
2022-04-13 00:31:00,寝る寝る寝るね,やめなさいw
2022-04-13 00:31:03,あるごん,ノラ君のせいで笑ってまう
2022-04-13 00:31:07,微糖,いつもの
2022-04-13 00:31:07,デイビット・コジマ ⚰️,ていあいは草
2022-04-13 00:31:10,クロヘビ局長,BAD ENDやん
2022-04-13 00:31:22,有村霧香,全然血が飛び散ってないじゃんｗ
2022-04-13 00:31:32,完全剛体リジッド,いつから操られていたんだ・・・
2022-04-13 00:31:37,ばく,Eカードすべ
2022-04-13 00:31:43,クロヘビ局長,キラやっぱヤベェな
2022-04-13 00:31:53,344万の男　※カウントダウン12,えぐいわこのサイコ
2022-04-13 00:31:54,かおり,恋人の命つかったってこと
2022-04-13 00:32:29,V-MAX,酷いことするなあ
2022-04-13 00:32:33,さすけ,こええ
2022-04-13 00:32:33,野良フェンリル,ようそこまで考えるわ
2022-04-13 00:32:34,よもぎ ⚰️,怖ぇ……
2022-04-13 00:32:37,水猫,恋人の命を使って…
2022-04-13 00:32:43,ばく,計画通りだぁ…
2022-04-13 00:32:47,DuxRyK 【デューク】,こわ
2022-04-13 00:32:55,有村霧香,丸もしっかり書くライト
2022-04-13 00:32:57,デイビット・コジマ ⚰️,計画通り
2022-04-13 00:32:59,翠,やっぱライトすげえわ
2022-04-13 00:33:02,アール・グレイ,クズだ
2022-04-13 00:33:10,微糖,わるいやっちゃ
2022-04-13 00:33:25,あるごん,恋人が死んだのって計画外か
2022-04-13 00:33:27,クロヘビ局長,あれでこの演技ってどういう神経してんだ
2022-04-13 00:33:44,Alex,えぐい
2022-04-13 00:33:46,かおり,ひいいいいいいいいいいい
2022-04-13 00:33:48,あるごん,え
2022-04-13 00:33:48,完全剛体リジッド,死神よりも死神してる
2022-04-13 00:33:49,344万の男　※カウントダウン12,計画通り
2022-04-13 00:33:56,牛丼屋の常連,こっわ
2022-04-13 00:34:04,椎名七,すべてがｷﾗの手の内・・・(´・ω・｀)
2022-04-13 00:34:04,V-MAX,死神よりやばい
2022-04-13 00:34:30,よもぎ ⚰️,サイコだなぁ
2022-04-13 00:34:44,水猫,サイコパスじゃんw
2022-04-13 00:34:52,クロヘビ局長,よく最後にキスできたな
2022-04-13 00:34:56,テロメア,最初に結論を書くタイプだ
2022-04-13 00:34:58,スプレム,盾にしやがった
2022-04-13 00:34:59,あるごん,えええー
2022-04-13 00:35:06,有村霧香,名前は書かずに第三者とか書けばOKなんだね
2022-04-13 00:35:07,水猫,威嚇射撃…？
2022-04-13 00:35:16,かおり,漫画しかしらないからびっくり
2022-04-13 00:35:22,寝る寝る寝るね,うーんカスよなぁ
2022-04-13 00:35:25,デイビット・コジマ ⚰️,実写は内容大分違うからね
2022-04-13 00:35:40,よもぎ ⚰️,恋人だったら確定じゃん
2022-04-13 00:35:40,アールグレイボンボン,漫画のライトよりやばくないか
2022-04-13 00:35:40,さすけ,ちゃんと狂ってる
2022-04-13 00:35:48,なっとうまき,ひょえー
2022-04-13 00:35:52,ばやし,そんなでっかい声でそこで話して大丈夫か？
2022-04-13 00:36:14,bbd,これはよくできてる
2022-04-13 00:36:17,Alex,狂ってやがる！
2022-04-13 00:36:18,テロメア,悪魔だな
2022-04-13 00:36:21,サカ,映画ってこんな感じだったのか
2022-04-13 00:36:21,ばく,悪魔だぁ…
2022-04-13 00:36:32,V-MAX,悪魔だな・・・
2022-04-13 00:36:44,クロヘビ局長,こいつヤベェよ
2022-04-13 00:36:51,344万の男　※カウントダウン12,キラさいてー
2022-04-13 00:37:04,やさい,やべーやつじゃん
2022-04-13 00:37:04,さすけ,悪魔だ
2022-04-13 00:37:04,水猫,ノラ君が静かになってきたw
2022-04-13 00:37:14,くりのす,悪魔的だぁ！
2022-04-13 00:37:21,ヌマハチ,ノラ組だ！
2022-04-13 00:37:29,完全剛体リジッド,ヤベー奴！
2022-04-13 00:37:30,かおり,でたｗ
2022-04-13 00:37:31,V-MAX,ノラ組は草ｗ
2022-04-13 00:37:31,鯰人「なまんちゅ」,変態きたこれ
2022-04-13 00:37:33,かおり,ディッシュの男ｗ
2022-04-13 00:37:34,蛙印,ミサぁ
2022-04-13 00:37:34,よもぎ ⚰️,あ
2022-04-13 00:37:37,あるごん,鼻水のひとだ
2022-04-13 00:37:38,YMS,変態きた
2022-04-13 00:37:38,ばやし,出たwww
2022-04-13 00:37:40,名無し,ノラ組きたw
2022-04-13 00:37:42,DuxRyK 【デューク】,こいつこわい
2022-04-13 00:37:43,水猫,ノラ組だ
2022-04-13 00:37:44,クロヘビ局長,ノラ組だ
2022-04-13 00:37:44,Alex,ノラ組さぁ・・・
2022-04-13 00:37:47,ばく,さっきの
2022-04-13 00:37:48,デイビット・コジマ ⚰️,鼻水草
2022-04-13 00:37:52,翠,ノラ組構成員きた
2022-04-13 00:37:55,さすけ,ノラ組きたwwwwww
2022-04-13 00:37:55,鯰人「なまんちゅ」,ノラ組ｗ
2022-04-13 00:37:59,微糖,俺ら
2022-04-13 00:38:00,野良フェンリル,勝手に心中しようとしてら
2022-04-13 00:38:01,よもぎ ⚰️,重い重い
2022-04-13 00:38:01,アニソンチャンネル,ノラ組w
2022-04-13 00:38:05,ばやし,ADのイントネーションが独特
2022-04-13 00:38:05,牛丼屋の常連,あれあれおじさんか？
2022-04-13 00:38:06,くりのす,ノラ組さぁ
2022-04-13 00:38:10,蛙印,こっわ
2022-04-13 00:38:11,なっとうまき,恋は盲目
2022-04-13 00:38:13,パストラミビーフ,草
2022-04-13 00:38:14,bbd,告白しようと思ってる
2022-04-13 00:38:15,冥土,ノラ組www
2022-04-13 00:38:15,たつきんぐ,模範的なノラ組
2022-04-13 00:38:17,椎名七,ﾋｨ
2022-04-13 00:38:17,ニート鮭男,変態＝ノラ組は自覚を超えとるんよ笑笑
2022-04-13 00:38:18,344万の男　※カウントダウン12,草
2022-04-13 00:38:22,水猫,ミサミサに告白しようと思っている
2022-04-13 00:38:22,T.T.,やばいガチ恋
2022-04-13 00:38:23,s614k 6900,初見ですこんばんは
2022-04-13 00:38:24,有村霧香,ノラ組だれかこの人の顔アイコンにしそう
2022-04-13 00:38:25,冷凍メガネ,ノラ組ｗｗ
2022-04-13 00:38:25,Alex,告白みさーさ
2022-04-13 00:38:27,野良フェンリル,はよ告白しろ
2022-04-13 00:38:28,デイビット・コジマ ⚰️,ノラ組草
2022-04-13 00:38:37,クロヘビ局長,ノラ組は犯罪犯したら破門だよ
2022-04-13 00:38:47,名無し,告白みさーさw
2022-04-13 00:38:51,ヌマハチ,うっ…（絶命）
2022-04-13 00:38:57,牛丼屋の常連,あれ？チャンネル登録者が1人減ってる・・・
2022-04-13 00:39:01,ばく,ノラ組過激派
2022-04-13 00:39:02,ニート鮭男,俺たち構成員はグレーで生きてっから
2022-04-13 00:39:05,s614k 6900,組？
2022-04-13 00:39:07,ばやし,犯罪はダメ絶対
2022-04-13 00:39:08,かおり,ないっ！
2022-04-13 00:39:09,T.T.,ノラくんもガチ恋に気を付けてね
2022-04-13 00:39:10,蛙印,みえ
2022-04-13 00:39:13,野良フェンリル,パンツ！パンツです！
2022-04-13 00:39:15,s614k 6900,ノラ組？
2022-04-13 00:39:17,椎名七,瀬戸際のご褒美か？
2022-04-13 00:39:18,かおり,みえーーーー！ないっ！！！！パワー！！！！！
2022-04-13 00:39:18,YMS,告白するとこうなる
2022-04-13 00:39:28,水猫,おい、パンツ報告がないぞ
2022-04-13 00:39:30,bbd,戸田恵梨香かわいい
2022-04-13 00:39:35,デイビット・コジマ ⚰️,ノラ組は草
2022-04-13 00:39:41,有村霧香,読めない・・・
2022-04-13 00:39:55,水猫,そうか、告白すると死ぬのかw
2022-04-13 00:40:01,微糖,抜け駆けた代償
2022-04-13 00:40:13,あるごん,死んだ人は見えたろうな
2022-04-13 00:40:20,クロヘビ局長,抜け駆けやめとこ
2022-04-13 00:40:24,鯰人「なまんちゅ」,気を付けないと・・・
2022-04-13 00:40:37,ばやし,邂逅
2022-04-13 00:40:38,DuxRyK 【デューク】,抜け駆けは草
2022-04-13 00:40:47,344万の男　※カウントダウン12,犯人が捜査本部入りはガバ
2022-04-13 00:40:52,デイビット・コジマ ⚰️,抜け駆けすると処されます
2022-04-13 00:40:55,Alex,煽り
2022-04-13 00:41:02,有村霧香,気づかれちゃったねぇ
2022-04-13 00:41:03,ばく,ポテチ
2022-04-13 00:41:04,YMS,コンソメ煽り
2022-04-13 00:41:08,蛙印,煽っていくぅ
2022-04-13 00:41:08,あるごん,甘くないもん食べてるやん
2022-04-13 00:41:08,よもぎ ⚰️,コンソメポテト
2022-04-13 00:41:16,ヌマハチ,180g！？
2022-04-13 00:41:17,V-MAX,煽ってるなあ
2022-04-13 00:41:19,野良フェンリル,お前しょっぱいのもいけるんか
2022-04-13 00:41:20,完全剛体リジッド,ポテチ！伏線回収ってことぉ！？
2022-04-13 00:41:25,デイビット・コジマ ⚰️,うすしお味にしなきゃ
2022-04-13 00:41:29,翠,煽りスキル高杉やろ
2022-04-13 00:41:32,蛙印,めっちゃ食うやん
2022-04-13 00:41:38,アニソンチャンネル,ポテチ食べたくなってきた
2022-04-13 00:41:38,牛丼屋の常連,そうか、ここで終わるんか！
2022-04-13 00:41:39,かみやすり,煽ってんなぁ
2022-04-13 00:41:41,なっとうまき,コンソメおいしそう
2022-04-13 00:41:43,水猫,煽る煽るww
2022-04-13 00:41:45,名無し,煽っていくうw
2022-04-13 00:41:46,かおり,えええええええええええええ
2022-04-13 00:41:46,T.T.,後編に続く
2022-04-13 00:41:48,有村霧香,おわり
2022-04-13 00:41:48,Alex,やっぱ面白いわ
2022-04-13 00:41:50,ヌマハチ,あれ？二部構成だっけか
2022-04-13 00:41:51,クロヘビ局長,終わっちゃった
2022-04-13 00:41:51,かみやすり,ここで終わりかー
2022-04-13 00:41:53,ばく,終わった
2022-04-13 00:41:54,鯰人「なまんちゅ」,あっというまだった
2022-04-13 00:41:56,さすけ,おわりか
2022-04-13 00:41:57,ちろる,面白かった
2022-04-13 00:41:58,かおり,もう1個あったやつって続編？
2022-04-13 00:41:58,冥土,この続きだね
2022-04-13 00:41:59,牛丼屋の常連,:clapping_hands::clapping_hands::clapping_hands::clapping_hands:
2022-04-13 00:41:59,翠,無印ってこんないいとこで終わるのか
2022-04-13 00:41:59,あるごん,面白かった
2022-04-13 00:41:59,デイビット・コジマ ⚰️,２作目あるんだっけか
2022-04-13 00:42:00,DuxRyK 【デューク】,おわったね
2022-04-13 00:42:00,bbd,そうね
2022-04-13 00:42:01,344万の男　※カウントダウン12,いいとこで終わるなぁ
2022-04-13 00:42:01,ばやし,次だね
2022-04-13 00:42:07,椎名七,次で本格的にでてくるね
2022-04-13 00:42:07,サカ,もう終わりかぁ
2022-04-13 00:42:08,たつきんぐ,レッドホットチリペッパーズじゃない
2022-04-13 00:42:09,V-MAX,面白かった
2022-04-13 00:42:11,野良フェンリル,いやぁ面白かった～～
2022-04-13 00:42:12,微糖,後編につづく
2022-04-13 00:42:12,蛙印,楽しかった
2022-04-13 00:42:12,アリマ,初めて見たけどまぁまぁおもろかった
2022-04-13 00:42:13,Azu -あず-,the last name の方かな
2022-04-13 00:42:14,さすけ,全然面白かっあ
2022-04-13 00:42:15,アールグレイボンボン,続き見たくなった
2022-04-13 00:42:19,完全剛体リジッド,もう終わっちゃった
2022-04-13 00:42:21,かおり,２もアマプラにある？
2022-04-13 00:42:23,344万の男　※カウントダウン12,やっぱりおもろいな
2022-04-13 00:42:24,デイビット・コジマ ⚰️,続編みたいね
2022-04-13 00:42:27,鯰人「なまんちゅ」,続きみてぇー
2022-04-13 00:42:31,アリマ,確かにｗ
2022-04-13 00:42:32,翠,昔見たっきりだったけど改めて見ると色々気づけてさらに面白いね
2022-04-13 00:42:33,よもぎ ⚰️,分かれてるんだ
2022-04-13 00:42:38,YMS,次はthe Last nameいかないと
2022-04-13 00:42:41,てぃろ,デスノート初見だけどこんな感じだったのね
2022-04-13 00:42:41,ばく,そうだね
2022-04-13 00:42:44,さすけ,2も見たい
2022-04-13 00:42:46,翠,たしかにMGSみある
2022-04-13 00:42:53,寝る寝る寝るね,次はいつですか
2022-04-13 00:42:54,T.T.,続きは明日？
2022-04-13 00:42:59,クロヘビ局長,リュークって中村獅童だったんだ
2022-04-13 00:43:02,かおり,じゃあこのまま続きいくか
2022-04-13 00:43:08,パストラミビーフ,半年後くらいに連続で出したはず
2022-04-13 00:43:12,さすけ,同時視聴やる？
2022-04-13 00:43:14,DuxRyK 【デューク】,続きいつ見る？？
2022-04-13 00:43:17,あるごん,なら今日か
2022-04-13 00:43:26,名無し,明日もやるん?
2022-04-13 00:43:26,ニセ勇者,早く次観たい感ある
2022-04-13 00:43:32,かおり,さすがに今日はかんべんしてｗ
2022-04-13 00:43:32,翠,かなりスパン短かった気がする
2022-04-13 00:43:33,デイビット・コジマ ⚰️,うい
2022-04-13 00:43:36,ばやし,近い方がいいよね
2022-04-13 00:43:37,ばく,お絵描き楽しみ
2022-04-13 00:43:40,Azu -あず-,今日はやめてほしいｗ
2022-04-13 00:43:41,さすけ,りょーかい
2022-04-13 00:43:45,デイビット・コジマ ⚰️,OK
2022-04-13 00:43:46,かおり,6か月後にみよう
2022-04-13 00:43:46,クロヘビ局長,草
2022-04-13 00:43:46,ヌマハチ,いやったー！
2022-04-13 00:43:46,鯰人「なまんちゅ」,このままみるのｗ
2022-04-13 00:43:47,・。・,地上波で総集編を放送したことがある
2022-04-13 00:43:48,冥土,おw
2022-04-13 00:43:48,たつきんぐ,やめてくれ
2022-04-13 00:43:48,344万の男　※カウントダウン12,いくかww
2022-04-13 00:43:50,ニセ勇者,草
2022-04-13 00:43:50,デイビット・コジマ ⚰️,みようぜ
2022-04-13 00:43:50,YMS,今日はここまででおｋ
2022-04-13 00:43:51,林啓太,草
2022-04-13 00:43:52,冥土,行くかw
2022-04-13 00:43:52,どぅー / Do. 3DCG - ch,作業してたからのらーらのリアクションだけ聞いてたわ、途中カイジ見始めた？
2022-04-13 00:43:52,椎名七,今日クスリきめて寝るって言ってたもんね
2022-04-13 00:43:53,DuxRyK 【デューク】,おけ
2022-04-13 00:43:55,Azu -あず-,じゃあ先に寝るわ
2022-04-13 00:43:55,V-MAX,おｋ－
2022-04-13 00:43:56,サカ,続行ｗ
2022-04-13 00:43:57,蛙印,アーカイブで付き合うわ
2022-04-13 00:43:59,りんご,草
2022-04-13 00:43:59,ヤマ,え？
2022-04-13 00:43:59,微糖,さすがに寝るが？
2022-04-13 00:44:02,高橋右手,休憩もしないのｗ
2022-04-13 00:44:02,よもぎ ⚰️,OK
2022-04-13 00:44:03,デイビット・コジマ ⚰️,OKOK
2022-04-13 00:44:04,344万の男　※カウントダウン12,いくでいくでいくでいくで
2022-04-13 00:44:06,Alex,草
2022-04-13 00:44:07,牛丼屋の常連,たすかった・・・
2022-04-13 00:44:09,ヤマ,明日で頼む
2022-04-13 00:44:09,野良フェンリル,さすがにな
2022-04-13 00:44:09,水猫,おｋ
2022-04-13 00:44:09,椎名七,はーい
2022-04-13 00:44:10,ポーヘイ,OK
2022-04-13 00:44:10,ちろる,さすがにアーカイブだわw
2022-04-13 00:44:11,鯰人「なまんちゅ」,明日かｗ
2022-04-13 00:44:11,寝る寝る寝るね,明日起きれんからw
2022-04-13 00:44:11,名無し,社会人殺していくスタイル
2022-04-13 00:44:13,アリマ,おつのらーー
2022-04-13 00:44:14,アールグレイボンボン,了解
2022-04-13 00:44:14,林啓太,おつのらー
2022-04-13 00:44:14,サカ,明日たすかる
2022-04-13 00:44:15,アール・グレイ,おつのらー
2022-04-13 00:44:15,よもぎ ⚰️,おつのら～
2022-04-13 00:44:15,Azu -あず-,よかったぁ
2022-04-13 00:44:16,bbd,おつのらー
2022-04-13 00:44:17,デボネア,乙ー
2022-04-13 00:44:17,蛙印,おつのら
2022-04-13 00:44:17,LIM,明日了解
2022-04-13 00:44:17,344万の男　※カウントダウン12,明日ね、かしこまり！
2022-04-13 00:44:18,椎名七,スペースもないよね？
2022-04-13 00:44:19,DuxRyK 【デューク】,おつのら～
2022-04-13 00:44:19,有村霧香,おつのらー
2022-04-13 00:44:19,どぅー / Do. 3DCG - ch,ちゃんと寝てねｗｗｗ
2022-04-13 00:44:19,ヌマハチ,おつのら〜
2022-04-13 00:44:19,クロヘビ局長,おつのらー
2022-04-13 00:44:20,りんご,おつのら
2022-04-13 00:44:20,デイビット・コジマ ⚰️,おつのらー
2022-04-13 00:44:20,冥土,おつのらー
2022-04-13 00:44:21,Alex,おつのら
2022-04-13 00:44:21,ヤマ,おつのらー
2022-04-13 00:44:21,冷凍メガネ,お疲れ様でした
2022-04-13 00:44:22,鯰人「なまんちゅ」,おつのらー
2022-04-13 00:44:22,アニソンチャンネル,おつのら
2022-04-13 00:44:22,LIM,おつのらー
2022-04-13 00:44:22,Azu -あず-,おつのらー
2022-04-13 00:44:22,アールグレイボンボン,おつのら～
2022-04-13 00:44:22,ポーヘイ,おつのら
2022-04-13 00:44:23,サカ,おつのらー
2022-04-13 00:44:23,野良フェンリル,おつのら～
2022-04-13 00:44:23,どぅー / Do. 3DCG - ch,おつのら
2022-04-13 00:44:23,T.T.,おつのらー
2022-04-13 00:44:23,南 光太郎,おつのら〜
2022-04-13 00:44:23,アリマ,おやすみー
2022-04-13 00:44:23,O.J.I.,おつのら～
2022-04-13 00:44:23,かおり,は？スタッフロールで立ち上がるタイプの女か？？
2022-04-13 00:44:24,YMS,おつのらー
2022-04-13 00:44:26,ばく,おつのら～
2022-04-13 00:44:26,牛丼屋の常連,おつのらー！！！！
2022-04-13 00:44:26,くりのす,おつのらー
2022-04-13 00:44:26,さすけ,おつのら！面白かった！！
2022-04-13 00:44:27,水猫,良いよ、気にしないで
2022-04-13 00:44:27,なっとうまき,いえいえ
2022-04-13 00:44:28,やさい,おつのらー
2022-04-13 00:44:28,Keromaro,おつのら～
2022-04-13 00:44:29,テロメア,おつのらー
2022-04-13 00:44:29,翠,おつのら～
2022-04-13 00:44:29,寝る寝る寝るね,おつのら〜
2022-04-13 00:44:30,てぃろ,おつのらー！
2022-04-13 00:44:30,RAM太郎,おつのら！
2022-04-13 00:44:31,たつきんぐ,おつのらー
2022-04-13 00:44:31,微糖,おつのらー
2022-04-13 00:44:32,水猫,おつのらー
2022-04-13 00:44:32,椎名七,おつのらー
2022-04-13 00:44:32,ちろる,おつのらー
2022-04-13 00:44:32,ばやし,おつのら〜
2022-04-13 00:44:35,ポーヘイ,ゆっくりやすむだよー
2022-04-13 00:44:36,水猫,おやすみなさい！
2022-04-13 00:44:37,きりん,おつのらー
2022-04-13 00:44:37,デイビット・コジマ ⚰️,おつのらー
2022-04-13 00:44:37,ヌマハチ,むしろ遅れて助かった民もいる
2022-04-13 00:44:37,cheruno,おつのら～
2022-04-13 00:44:38,bom,おつのらでした
2022-04-13 00:44:38,344万の男　※カウントダウン12,おつのら〜
2022-04-13 00:44:39,・。・,おつのら
2022-04-13 00:44:40,なっとうまき,おつのらー
2022-04-13 00:44:41,ジランツ,おつのら～
2022-04-13 00:44:41,V-MAX,おつのらー
2022-04-13 00:44:42,冥土,この後はスペースかな？
2022-04-13 00:44:44,ぐら,おつのらー
2022-04-13 00:44:47,cheruno,EDカードえもえもじゃん
2022-04-13 00:44:49,野良フェンリル,寝顔めっちゃかわいい～♡
2022-04-13 00:44:49,名無し,おつのらー
2022-04-13 00:44:50,Alex,寝スペース
2022-04-13 00:44:50,鯰人「なまんちゅ」,おつのらー
2022-04-13 00:44:51,かおり,おつのらー
2022-04-13 00:44:51,アール・グレイ,おつのらー
2022-04-13 00:44:56,さすけ,おつのら〜
2022-04-13 00:44:57,ポーヘイ,いつもの光景がこれなんだなあ・・・
2022-04-13 00:45:00,微糖,エモい
2022-04-13 00:45:01,完全剛体リジッド,いつものスペース
2022-04-13 00:45:02,よもぎ ⚰️,エモい絵
2022-04-13 00:45:03,牛丼屋の常連,いつもの光景
2022-04-13 00:45:04,名無し,寝顔かわいい
