2022-02-06 20:21:00,foxですよ,怖いなぁ…怖いなぁ…待機
2022-02-06 20:21:21,O.J.I.,おっ？
2022-02-06 20:21:23,ドンブリ感情,ホテル？トリバゴ
2022-02-06 20:22:09,クマノコ,読み聞かせたすかる。けどちゃんと睡眠とってね
2022-02-06 20:22:16,オアシス・ゲーリー,発狂原神ガチャ配信より怖いものがあるのか？
2022-02-06 20:24:26,八意ゆきの,おっ
2022-02-06 20:24:40,てぃろ,ノラ君の朗読好き
2022-02-06 20:24:45,根がかり侍,あるべきものが無い恐怖体験！！(胸部を見ながら)
2022-02-06 20:25:39,スマイル,わくわく
2022-02-06 20:26:13,foxですよ,すてんばーい
2022-02-06 20:30:44,DC,こんのら〜
2022-02-06 20:30:44,ヤマ,こんワーム
2022-02-06 20:30:45,sloth sun,こんのら～
2022-02-06 20:30:46,雪羊羹,こんのらー
2022-02-06 20:30:47,Horatio7 ・。・,こんのら～
2022-02-06 20:30:47,テルゲス,こんのらー
2022-02-06 20:30:47,O.J.I.,のら～
2022-02-06 20:30:50,デビッ,かわいい
2022-02-06 20:30:50,pasutaruto1,こんのら～
2022-02-06 20:30:51,将軍福助,こんのらー
2022-02-06 20:30:52,冥土,こんのらー
2022-02-06 20:30:53,ナンタケットマウンテン,こんのら
2022-02-06 20:30:53,綿雨くーりゃ,こんのら〜
2022-02-06 20:30:56,オアシス・ゲーリー,こんのら
2022-02-06 20:30:56,V-MAX,こんのら～
2022-02-06 20:30:57,ポタポタ,こんのら
2022-02-06 20:30:59,85 25,こんのら
2022-02-06 20:30:59,Yui Sugar,こんのら
2022-02-06 20:31:00,foxですよ,怪談リアタイありが:blowfish:
2022-02-06 20:31:01,根がかり侍,こんのら～
2022-02-06 20:31:02,うさナエル,こんのら～
2022-02-06 20:31:03,トカゲ,こんのら～
2022-02-06 20:31:03,ドンブリ感情,こんのらら～
2022-02-06 20:31:04,ピグモン,こんばんは(*つ´･∀･)つ
2022-02-06 20:31:05,はこ,こんのら
2022-02-06 20:31:10,suguruization,こんのらー
2022-02-06 20:31:16,サモエド,こんのら〜
2022-02-06 20:31:17,ピグモン,階段
2022-02-06 20:31:18,原サイクロン,怖いなあ怖いなあ
2022-02-06 20:31:19,ドムドム,こんのらー
2022-02-06 20:31:22,たんいモルモット,こんのらー
2022-02-06 20:31:27,ドムドム,待ってました
2022-02-06 20:31:30,あるごん,いつも深夜だもんね
2022-02-06 20:31:30,クマノコ,怖いなぁ怖いなぁ
2022-02-06 20:31:41,トカゲ,怪談たのしみ
2022-02-06 20:31:51,林啓太,こんのらー
2022-02-06 20:31:55,デビッ,ヒイッ！乳が無い！！
2022-02-06 20:31:56,はこ,睡眠導入？
2022-02-06 20:31:59,優,草
2022-02-06 20:32:01,櫻咲,こんのらー
2022-02-06 20:32:01,にゃんにゃん,こんのらー
2022-02-06 20:32:04,あるごん,こっわ
2022-02-06 20:32:07,V-MAX,草
2022-02-06 20:32:10,ドムドム,センスw
2022-02-06 20:32:11,ラスカル山田,こんのらー
2022-02-06 20:32:12,微糖,草
2022-02-06 20:32:15,ヤマ,まんじゅうと乳が怖い
2022-02-06 20:32:19,オアシス・ゲーリー,妖怪ぬりかべやん
2022-02-06 20:32:19,コテコテ,こんのら
2022-02-06 20:32:20,綿雨くーりゃ,乳奪われたの…カワイソウ
2022-02-06 20:32:20,foxですよ,お化けうしろいるんだよなぁ・・
2022-02-06 20:32:22,ゼロイチサンゼロ,公式サイトのキッチングッズにまな板がないのですが・・・
2022-02-06 20:32:23,85 25,ぬりかべじゃん
2022-02-06 20:32:25,テルゲス,ウォールマリア？
2022-02-06 20:32:27,アライラ,こんのらー
2022-02-06 20:32:27,seiichirou,寺生まれのTさん来てくれー
2022-02-06 20:32:32,あるごん,一反木綿
2022-02-06 20:32:34,ドンブリ感情,一反もめん？
2022-02-06 20:32:38,FoxP,Konnora!
2022-02-06 20:32:47,コテコテ,あ、コトリバコね
2022-02-06 20:32:49,AND,コトリバコきちゃああ
2022-02-06 20:32:51,ドンブリ感情,深層組の宜保愛子
2022-02-06 20:32:54,suguruization,コトリバコいいねぇ
2022-02-06 20:32:57,ふじしろけい,こんのらー
2022-02-06 20:33:02,さつき,はこは結構長そうだけど
2022-02-06 20:33:05,pasutaruto1,ある
2022-02-06 20:33:05,クマノコ,初めて
2022-02-06 20:33:05,セラ,いぇｓ
2022-02-06 20:33:08,seiichirou,有名洒落怖
2022-02-06 20:33:10,ドムドム,今回はメドレーなの？
2022-02-06 20:33:11,foxですよ,何がはいってるんだろう
2022-02-06 20:33:12,あるごん,ない
2022-02-06 20:33:13,にゃんにゃん,わかんない
2022-02-06 20:33:15,デビッ,俺もコトリバコで死んだわ
2022-02-06 20:33:18,352万の男　※カウントダウン11,いえす
2022-02-06 20:33:22,土田たかひろ,こんのらー
2022-02-06 20:33:23,オアシス・ゲーリー,宜保さん好きだったのに亡くなったの残念でした
2022-02-06 20:33:25,にゃんにゃん,巣箱？
2022-02-06 20:33:28,さつき,コトリバコ
2022-02-06 20:33:28,ヤマ,殿堂のひとつやね
2022-02-06 20:33:30,うーあー,こんのらー
2022-02-06 20:33:30,Yui Sugar,ノラさん、うしろ、うしろ
2022-02-06 20:33:31,ひらり,あの金髪のおねえさんがホテルなんとかのCMのやつ
2022-02-06 20:33:33,テルゲス,音楽怖いから笑点の音楽に変えよ
2022-02-06 20:33:33,ことぶきぢろう,聞いたことあるよ
2022-02-06 20:33:33,わんわん,ネット怪談
2022-02-06 20:33:35,foxですよ,おうよ
2022-02-06 20:33:36,ピグモン,"ｺﾄﾘﾊﾞｺ(,,・д・)好き:sparkling_heart:"
2022-02-06 20:33:39,ドンブリ感情,トリバゴのCMならみたことあります
2022-02-06 20:33:48,セラ,ノラさん後ろに
2022-02-06 20:34:01,さつき,家にアッタアッタ
2022-02-06 20:34:04,おともあいる,こんのらー
2022-02-06 20:34:06,Y_0312,ディキンソンですか?
2022-02-06 20:34:09,suguruization,深層組の本郷弥生
2022-02-06 20:34:16,ドムドム,寒くなってきた
2022-02-06 20:34:22,しゅん,こんのら
2022-02-06 20:34:34,桜,こんのら
2022-02-06 20:34:35,あるごん,胸が寒い
2022-02-06 20:34:44,キチア,こんのらー
2022-02-06 20:34:54,根がかり侍,レーカン！
2022-02-06 20:35:06,Rock N,こんのらー
2022-02-06 20:35:09,スイーパー,子取り箱
2022-02-06 20:35:33,あるごん,カンヌシスタイル？
2022-02-06 20:35:35,八意ゆきの,結婚式で謎エコーは草
2022-02-06 20:35:37,ドンブリ感情,結婚式エコー？
2022-02-06 20:35:42,デビッ,神主スタイル……
2022-02-06 20:35:51,seiichirou,急にエコーってこれ霊障？
2022-02-06 20:36:02,foxですよ,霊障か
2022-02-06 20:36:03,TSUNA,かかったね
2022-02-06 20:36:06,らこぷれ,こわいなー
2022-02-06 20:36:06,キチア,ま？
2022-02-06 20:36:09,ゼロイチサンゼロ,こりゃそこに霊がいるね
2022-02-06 20:36:09,ヤマ,え？
2022-02-06 20:36:11,85 25,でちゃったか
2022-02-06 20:36:12,seiichirou,来てるね
2022-02-06 20:36:15,85 25,こわいなぁこわいなぁ
2022-02-06 20:36:15,あるごん,うしろ.....
2022-02-06 20:36:15,suguruization,変なところでエコー入れたなって思ったらなにもしてないの
2022-02-06 20:36:23,紅蝶伽,遊園地リーチ
2022-02-06 20:36:23,オアシス・ゲーリー,ノラくんの後ろで幽霊がエコーかけたよ
2022-02-06 20:36:24,おともあいる,ﾋｴｯ
2022-02-06 20:36:24,tanishi,えっちだね
2022-02-06 20:36:26,根がかり侍,胸で反響したんじゃね
2022-02-06 20:36:28,ヤマ,囲まれてるのかな
2022-02-06 20:36:32,デビッ,ヤバいヤバい
2022-02-06 20:36:38,はこ,きてます
2022-02-06 20:36:41,foxですよ,後ろに大きい顔が・・・・
2022-02-06 20:36:46,トードー,エコーいらずでええな
2022-02-06 20:36:49,seiichirou,M&A
2022-02-06 20:36:51,八意ゆきの,結婚式強調する幽霊こっわ
2022-02-06 20:36:55,瀬名いずる,こんのら～
2022-02-06 20:37:02,ドムドム,ノラくん背中寒くね
2022-02-06 20:37:02,デビッ,ややこしい
2022-02-06 20:37:05,ドンブリ感情,音響に強い幽霊
2022-02-06 20:37:08,seiichirou,懐かしい話だな
2022-02-06 20:37:19,キチア,スレ主のらーら
2022-02-06 20:37:20,あるごん,前も後ろも寒そう
2022-02-06 20:38:09,foxですよ,やっべ
2022-02-06 20:38:30,あるごん,やべ、出ちゃった
2022-02-06 20:38:48,デビッ,こわい
2022-02-06 20:39:08,seiichirou,えらいもん連れてきたね
2022-02-06 20:39:12,テルゲス,コメ欄がこわいわw
2022-02-06 20:39:13,ピグモン,ヤバい
2022-02-06 20:39:16,Mo oN,こんのら～、遅刻しました
2022-02-06 20:39:22,名無し,こんのらー
2022-02-06 20:39:31,foxですよ,千年パズル！？
2022-02-06 20:39:43,ひらり,ペットシーツですまして
2022-02-06 20:39:47,ドムドム,うえー
2022-02-06 20:39:49,とろびんちょう,こんのら～怪談たすかる
2022-02-06 20:39:49,名無し,触るなよ?絶対触るなよ!?
2022-02-06 20:39:52,テルゲス,おえつ可愛いw
2022-02-06 20:39:57,774,ｵﾛﾛﾛﾛﾛ
2022-02-06 20:40:07,るーと96,こんのらー
2022-02-06 20:40:11,seiichirou,なんちゅうもん持ってきたんや！
2022-02-06 20:40:20,根がかり侍,ノラちゃんの課金額を考えるとワイも吐きそうになるよぉ～w
2022-02-06 20:40:37,デビッ,コトリバコはヤバい
2022-02-06 20:40:42,ブシドローアロマー,こんのらー
2022-02-06 20:40:54,ドムドム,え？
2022-02-06 20:41:03,ふじしろけい,人の歯が入ったお手玉とかもあるよな。
2022-02-06 20:41:08,あるごん,お腹の中に何が入っちゃってるんだろうねー
2022-02-06 20:41:11,くりのす,こんのらー
2022-02-06 20:41:21,「おふふとん」,こんのら
2022-02-06 20:41:22,DLR瀬戸口,おわりだよ
2022-02-06 20:41:28,クマノコ,しっぽう？
2022-02-06 20:41:32,オアシス・ゲーリー,4POW
2022-02-06 20:41:43,foxですよ,入団試験かな？
2022-02-06 20:41:44,ドムドム,ワムウかな？
2022-02-06 20:41:58,片手片手,こんのら〜！
2022-02-06 20:42:05,片手片手,このシリーズ好き:smiling_face_with_hearts:
2022-02-06 20:42:06,Yui Sugar,足先が冷たくなってきました。エアコンの効きが悪くなってきたのかなぁ。
2022-02-06 20:42:06,Azu -あず-,こんのらー
2022-02-06 20:42:27,foxですよ,震え声こわいよ・。・
2022-02-06 20:42:30,ゴーストゆっくり,こわ
2022-02-06 20:42:34,ドムドム,もう怖いが
2022-02-06 20:42:46,七騎士,こんのら～
2022-02-06 20:43:00,デビッ,わかる人には怖いんだよね…
2022-02-06 20:43:04,微糖,セリフ上手くてこわい
2022-02-06 20:43:16,キチア,うわ
2022-02-06 20:43:25,ひらり,こわ！
2022-02-06 20:43:26,774,草
2022-02-06 20:43:26,クマノコ,草
2022-02-06 20:43:27,Alex,草
2022-02-06 20:43:28,はこ,こわｗ
2022-02-06 20:43:29,雄いわな,www
2022-02-06 20:43:30,DLR瀬戸口,！？
2022-02-06 20:43:30,おともあいる,内臓つねるのこわい…
2022-02-06 20:43:30,V-MAX,ｗ
2022-02-06 20:43:30,foxですよ,内臓はつまめないよｗ
2022-02-06 20:43:31,デビッ,草
2022-02-06 20:43:32,冥土,草
2022-02-06 20:43:32,ka ta,すげーこわかった
2022-02-06 20:43:33,tanishi,内臓ｗ
2022-02-06 20:43:33,八意ゆきの,草
2022-02-06 20:43:34,ナンタケットマウンテン,ｗ
2022-02-06 20:43:34,seiichirou,なんだ内腿か
2022-02-06 20:43:35,キチア,草
2022-02-06 20:43:36,微糖,急にゴア
2022-02-06 20:43:37,あるごん,w
2022-02-06 20:43:38,Azu -あず-,別のホラーきた
2022-02-06 20:43:39,るーと96,内臓抓るはサイコ
2022-02-06 20:43:39,根がかり侍,サイコパスやろ内臓ツネるとか
2022-02-06 20:43:40,seiichirou,キルア？
2022-02-06 20:43:42,Horatio7 ・。・,ホラーじゃなくてスプラッターになるｗ
2022-02-06 20:43:44,ヒャッハー小島,内臓をつねるw
2022-02-06 20:43:46,foxですよ,ほんとに内臓かと思ってた
2022-02-06 20:43:50,O.J.I.,必殺仕事人かな？
2022-02-06 20:44:02,デビッ,漢字が……読めない……
2022-02-06 20:44:12,クマノコ,MくんドMやん
2022-02-06 20:44:27,ピグモン,内臓がナイゾ:red_question_mark:
2022-02-06 20:44:33,ひらり,あ、良い
2022-02-06 20:44:34,スプレム,ひえ…
2022-02-06 20:44:34,八意ゆきの,えっっっ
2022-02-06 20:44:38,ヤマ,良い
2022-02-06 20:44:41,Criminal Red,えっ
2022-02-06 20:44:41,あるごん,エッ.....
2022-02-06 20:44:41,微糖,リョナたすかる
2022-02-06 20:44:43,seiichirou,怖い！
2022-02-06 20:44:46,suguruization,のりと
2022-02-06 20:44:51,TSUNA,のりと　です
2022-02-06 20:44:53,るーと96,祝詞
2022-02-06 20:44:54,foxですよ,いろっぽいのとホラーは仲間
2022-02-06 20:45:00,ドムドム,大丈夫？性癖でてない？
2022-02-06 20:45:09,foxですよ,祝詞
2022-02-06 20:45:09,seiichirou,でたんか！
2022-02-06 20:45:43,seiichirou,塩と酒無いの！
2022-02-06 20:45:47,叶小生,0.0
2022-02-06 20:46:13,キチア,泣いちゃった
2022-02-06 20:46:24,ゴーストゆっくり,もう恐怖のどん底だったんだな
2022-02-06 20:46:57,Kaoru Thirdearth/参天地カオル,ヌッ？！　ゲリラか！？
2022-02-06 20:48:04,Horatio7 ・。・,こっわ
2022-02-06 20:48:14,キチア,そんなもんが…
2022-02-06 20:48:27,デビッ,爺ちゃん強いな
2022-02-06 20:48:30,BO,サムネはあちゃまかと思って間違えた。聞いていくか
2022-02-06 20:48:34,ピグモン,探せばもっと
2022-02-06 20:49:12,Yui Sugar,これからお風呂に入ろうと思ってたのに、鏡があって怖くて行けなくなってきました。
2022-02-06 20:49:48,灰色珊瑚,こわ
2022-02-06 20:49:55,yukikun0,ノラの後ろに白い物が・・・
2022-02-06 20:50:02,foxですよ,あｋっこいいなＳＧ
2022-02-06 20:50:03,クマノコ,SG！
2022-02-06 20:50:03,tanishi,多くてわからん
2022-02-06 20:50:07,suguruization,一気に増えたｗ
2022-02-06 20:50:07,Mo oN,S爺
2022-02-06 20:50:13,seiichirou,どこかの方言か
2022-02-06 20:50:14,ドムドム,５ g
2022-02-06 20:50:16,八意ゆきの,たいぎいはしんどいとかって意味
2022-02-06 20:50:26,ドンブリ感情,たいぎぃは広島弁かな？
2022-02-06 20:50:26,かのう,はい
2022-02-06 20:50:27,キチア,おけー
2022-02-06 20:50:27,灰色珊瑚,はーい
2022-02-06 20:50:27,ひらり,水道水
2022-02-06 20:50:28,冥土,おけ
2022-02-06 20:50:28,クマノコ,はーい
2022-02-06 20:50:29,微糖,いいともー
2022-02-06 20:50:30,DLR瀬戸口,ほい
2022-02-06 20:50:30,ドムドム,いってら
2022-02-06 20:50:31,foxですよ,いんおら～
2022-02-06 20:50:32,るーと96,いってらー
2022-02-06 20:50:33,774,どうぞ
2022-02-06 20:50:35,デビッ,危ない
2022-02-06 20:50:38,林啓太,いてら
2022-02-06 20:50:42,foxですよ,画面に男の顔が・・・
2022-02-06 20:50:43,Mo oN,どーせ行くのになんで聞くんや？こういうの
2022-02-06 20:50:45,Rock N,てらー
2022-02-06 20:50:46,ヤマ,うぃ
2022-02-06 20:50:48,ひらり,黒い画面の中心をじーっと
2022-02-06 20:50:49,八意ゆきの,いってら
2022-02-06 20:50:50,原サイクロン,気をつけて…
2022-02-06 20:50:55,あるごん,画面に人の顔がー
2022-02-06 20:50:58,灰色珊瑚,画面に男の顔が映っててこわい
2022-02-06 20:51:01,ノラ組⚰のヲタク,飲み物…?何それ怖い…
2022-02-06 20:51:01,ドンブリ感情,アンチグレアでよかった
2022-02-06 20:51:03,微糖,急に男の顔が写ってビビった
2022-02-06 20:51:04,suguruization,たいぎいはわりかし西で広く使われてんなぁ
2022-02-06 20:51:09,クマノコ,誰か映ってるんだけど…
2022-02-06 20:51:11,コイン表裏,コトリバコ
2022-02-06 20:51:17,85 25,自分でビビるの悲しくならんかｗ
2022-02-06 20:51:18,foxですよ,おわかりいただけただろうか・・・
2022-02-06 20:51:21,O.J.I.,これがノラの最後の姿になるとは
2022-02-06 20:51:28,Criminal Red,こっちを見てる
2022-02-06 20:51:28,あるごん,たいぎいつたわらんのか
2022-02-06 20:51:30,黒っぽい鳥,コトリバコって結構長くね？
2022-02-06 20:51:32,Rock N,今白い何かが・・・・・・
2022-02-06 20:51:39,キチア,おかわりいただけるだろうか…
2022-02-06 20:51:40,ひらり,ぎゃ
2022-02-06 20:51:43,ゴーストゆっくり,おかえり
2022-02-06 20:51:44,suguruization,画面アンチグレアで全部解決
2022-02-06 20:51:45,ふじしろけい,画面に知らん奴が写ってるな
2022-02-06 20:51:48,クマノコ,たすかる
2022-02-06 20:51:48,スプレム,ぎゃああああ
2022-02-06 20:51:52,ピグモン,お帰り～
2022-02-06 20:51:52,foxですよ,変な声きこえね？
2022-02-06 20:51:52,V-MAX,ごくごく
2022-02-06 20:51:53,灰色珊瑚,おかえり
2022-02-06 20:51:54,キチア,おかえりー
2022-02-06 20:51:55,八意ゆきの,たすかる
2022-02-06 20:52:04,にゃんにゃん,話もだけどコメ欄がこわい
2022-02-06 20:52:08,V-MAX,おかえり
2022-02-06 20:52:09,774,無事でよかった
2022-02-06 20:52:11,Mo oN,バックグラウンドワイ、なにも見えない
2022-02-06 20:52:11,foxですよ,おかえり～
2022-02-06 20:52:22,ジックリ,こんのらー
2022-02-06 20:52:26,352万の男　※カウントダウン11,おかかー
2022-02-06 20:52:33,Azu -あず-,おかえりー
2022-02-06 20:52:38,無限の剣製,ノラ君こんばんは
2022-02-06 20:52:39,ヤマ,おかー
2022-02-06 20:52:56,suguruization,おかギノール
2022-02-06 20:52:57,foxですよ,これからいろいろ事件がおこるのか・・・
2022-02-06 20:53:00,ヤマ,なんか部屋が暑くなってきた
2022-02-06 20:53:14,くりのす,こんのら、追いつけましたー
2022-02-06 20:53:16,O.J.I.,体調不良になっても自己責任で…（ﾎﾞｿｯ
2022-02-06 20:53:25,Mo oN,:thumbs_up:
2022-02-06 20:53:26,Horatio7 ・。・,高評価2回も押しました！＾。＾
2022-02-06 20:53:35,あるごん,もうすぐ１ヶ月じゃん
2022-02-06 20:53:37,foxですよ,視聴者と視聴者の数が・・・こわ～～
2022-02-06 20:53:41,微糖,高評価ポチー
2022-02-06 20:54:07,デビッ,やばい……ビール飲んでたら気持ち悪くなってきた……
2022-02-06 20:54:10,にんげん,ちち
2022-02-06 20:54:11,セラ,タイプG
2022-02-06 20:54:17,将軍福助,多いw
2022-02-06 20:54:20,Mo oN,多すぎる登場人物
2022-02-06 20:54:21,はばな,S bar SG
2022-02-06 20:54:26,ゴーストゆっくり,多いの
2022-02-06 20:54:28,ピグモン,SGモーターズ
2022-02-06 20:54:29,デビッ,ややこしいんよ
2022-02-06 20:54:39,キチア,沢山出てきた
2022-02-06 20:54:41,クマノコ,mask + j + s家かな
2022-02-06 20:54:57,Mo oN,Sちちってやらしい
2022-02-06 20:55:06,コイン表裏,方言は解読に時間かかるもんね
2022-02-06 20:55:17,きまぐれ鉛筆,「図」がほしい
2022-02-06 20:55:26,seiichirou,見つけたんか！
2022-02-06 20:55:33,ドムドム,え？
2022-02-06 20:56:29,にゃんにゃん,ぐるぐるするのがまたこわい
2022-02-06 20:57:41,アトモスフィア,こんのら～
2022-02-06 20:58:01,foxですよ,こっちはぐるぐる大丈夫なんだよなぁ・・・
2022-02-06 20:58:11,ドムドム,いいねめっちゃ増えてるw
2022-02-06 20:58:42,kojima shuuhei,ほんとだいいね増えてる
2022-02-06 20:58:43,はばな,またふえた！
2022-02-06 20:59:13,ゴーストゆっくり,確かに
2022-02-06 20:59:14,foxですよ,がんばれｗ
2022-02-06 20:59:16,デビッ,草
2022-02-06 20:59:19,はばな,だれか関係図かいておくれ
2022-02-06 20:59:19,クマノコ,かしこい
2022-02-06 20:59:24,Mo oN,読みやすいようにやっていいよ
2022-02-06 20:59:31,キチア,改行とかややこしい感じなのかな
2022-02-06 20:59:39,yukikun0,読み上げ君つかｙ？ｗｗ
2022-02-06 20:59:41,ロレーナホクホク島麺,^_^
2022-02-06 20:59:46,あるごん,Tって何者や
2022-02-06 20:59:50,ジックリ,かなり詰めてる感じ
2022-02-06 20:59:59,ヒャッハー小島,ある地域で数件の家で箱を持ち回してる
2022-02-06 21:00:20,suguruization,人名と家名がアルファベットでまとめられてるからわかりにくいよなｗ
2022-02-06 21:00:34,あるごん,なるほど
2022-02-06 21:00:36,にゃんにゃん,だんだん誰が誰かわからなくなってきた
2022-02-06 21:00:46,箱推し,コトリバコは複雑やな
2022-02-06 21:00:53,TSUNA,もう登場人物の把握は諦めてる
2022-02-06 21:00:55,O.J.I.,コトリバコ、メルカリで売られてて草
2022-02-06 21:01:05,冥土,方言と名前のせいで頭に入ってこない…
2022-02-06 21:01:12,Mo oN,もう頭にないも入ってない
2022-02-06 21:01:31,八意ゆきの,メルカリ草
2022-02-06 21:01:59,suguruization,推理ドラマはじまったな
2022-02-06 21:02:01,デビッ,実は原本把握してる人おらんのか？？
2022-02-06 21:02:14,ドムドム,回さないとなんかあるんか？
2022-02-06 21:02:22,クマノコ,管理簿上はS家から移動、なのにS家から箱が出てきた。何故だJ！
2022-02-06 21:03:25,TT gedo,コトリバコ概要しか知らんかったから助かるぜ
2022-02-06 21:03:29,foxですよ,たまたま
2022-02-06 21:03:52,にゃんにゃん,風呂に浸かってるのに寒いw
2022-02-06 21:03:59,きまぐれ鉛筆,何かかわいい名前の怪談だな―くらいしか知らない……
2022-02-06 21:04:16,キチア,補足たすかる
2022-02-06 21:04:49,ドムドム,あれこれが多くてわかりづらい
2022-02-06 21:05:19,くりのす,やぬし？
2022-02-06 21:05:24,にゃんにゃん,箱の役目がわからないから余計こわい
2022-02-06 21:05:29,クマノコ,あるじで良さそうだけど
2022-02-06 21:06:05,foxですよ,こわいｎぁ～ｋわい
2022-02-06 21:06:06,Mo oN,3家？４世帯？
2022-02-06 21:07:01,満腹丸,こわいぞ
2022-02-06 21:07:05,ジックリ,SIRENみたいな感じしてきた
2022-02-06 21:07:13,ドムドム,なるほどな
2022-02-06 21:07:39,Yui Sugar,実家に誰のか分からない臍の緒があります。親が存命のうちに誰のか聞いておけば良かった。
2022-02-06 21:08:57,O.J.I.,怖い
2022-02-06 21:09:28,Horatio7 ・。・,ごくごく助かる
2022-02-06 21:09:28,はばな,5959
2022-02-06 21:09:29,八意ゆきの,5959
2022-02-06 21:09:32,suguruization,引っ越す場合どうすんだろうねこのシステム
2022-02-06 21:09:36,ドムドム,チュ
2022-02-06 21:09:37,きまぐれ鉛筆,DNA分析依頼相談したら何とかなるかも？
2022-02-06 21:09:39,あるごん,いい
2022-02-06 21:09:40,キチア,ごくごく
2022-02-06 21:09:45,クマノコ,最近ミュートしなくなったねｗ
2022-02-06 21:11:03,ドムドム,オンナーやばいやん
2022-02-06 21:11:35,Mo oN,Sをつけなくてもいい説
2022-02-06 21:11:45,スイーパー,M家途絶えてたらやばそう
2022-02-06 21:12:57,TT gedo,闇やん
2022-02-06 21:13:18,O.J.I.,闇深い
2022-02-06 21:13:21,foxですよ,まびく？
2022-02-06 21:13:26,佐藤,ｷｭｯ
2022-02-06 21:13:26,ヤマ,；；
2022-02-06 21:13:29,微糖,口減しですな
2022-02-06 21:13:34,デビッ,あっ…
2022-02-06 21:13:34,キチア,口減らしみたいな
2022-02-06 21:13:37,yukikun0,BANにならない？
2022-02-06 21:13:37,TT gedo,食いぶちを減らす事やな(物理的に
2022-02-06 21:13:38,ゴーストゆっくり,闇深やな
2022-02-06 21:13:42,きまぐれ鉛筆,なんで闇深すぎるワードを設営してくるんだ……
2022-02-06 21:13:44,85 25,そっちで例えるのかｗ
2022-02-06 21:13:45,クマノコ,うわぁ…
2022-02-06 21:13:51,林啓太,昔はよくあったって話ね
2022-02-06 21:13:51,太田幼女,こんのらです！！
2022-02-06 21:13:52,くりのす,育てきれないから減らす
2022-02-06 21:13:52,デビッ,嘘やろ…
2022-02-06 21:13:54,Mo oN,人口制限？
2022-02-06 21:13:55,たぬ,中国の一人っ子
2022-02-06 21:13:55,ドムドム,間引いた子供の一部を集めたってか
2022-02-06 21:13:59,おこげこんがり,簡単にいえばヌッころす
2022-02-06 21:14:01,foxですよ,異常な子とかかくしちゃうしな。。。
2022-02-06 21:14:05,綿雨くーりゃ,貧困の時代ならしゃーない
2022-02-06 21:14:06,林啓太,避妊具もなかったしね
2022-02-06 21:14:10,牛丼屋の常連,こんのら～
2022-02-06 21:14:11,yukikun0,叔母捨山とかねｗ
2022-02-06 21:14:19,赤坂,初見です
2022-02-06 21:14:25,名無し,飢饉になると長男以外ころすとかはあるね
2022-02-06 21:14:25,うさナエル,食料安定しないしね
2022-02-06 21:14:25,しんまちたろう,今もコインロッカーとかに。。。
2022-02-06 21:14:26,屋根裏=サン,怪談、聞きながら眠るにはいい時期だ
2022-02-06 21:14:28,タロウ,こんのらです
2022-02-06 21:14:29,85 25,C国や
2022-02-06 21:14:32,ジックリ,そのぐらいの時代なら普通だからね‥
2022-02-06 21:14:32,suguruization,間引きと姥捨ては怪談以外でもよく聞くね
2022-02-06 21:14:40,ヒャッハー小島,小さい子を売るとかあったしね
2022-02-06 21:14:44,Mo oN,説明ありがとう
2022-02-06 21:14:49,アライラ,僕もよくトマト育てるとき間引く
2022-02-06 21:14:52,キチア,昔は色んな法整備とか無かったしね
2022-02-06 21:15:17,きまぐれ鉛筆,避妊技術もない時代だし……
2022-02-06 21:15:36,Centrum,生活が安定してない大昔は世界中であったろうな
2022-02-06 21:15:37,サクラギカズマ,こええええええ
2022-02-06 21:15:37,O.J.I.,隠岐の島（おきのしま）
2022-02-06 21:15:38,Mo oN,どんな字？
2022-02-06 21:15:44,seiichirou,隠岐の島？
2022-02-06 21:15:59,ドムドム,ナイスアシスト
2022-02-06 21:16:16,おこげこんがり,そうね、農業では間引くは良く使う。
2022-02-06 21:16:24,星狼seirou,こんのらー
2022-02-06 21:16:35,クマノコ,ややこしいｗ
2022-02-06 21:16:38,ヒャッハー小島,草
2022-02-06 21:16:39,Mo oN,草
2022-02-06 21:16:40,Horatio7 ・。・,どんどん増えてくｗ
2022-02-06 21:16:43,はこ,草
2022-02-06 21:16:43,冥土,草
2022-02-06 21:16:49,あるごん,なんか小さそうな名前だな
2022-02-06 21:16:49,Mo oN,本音がｗ
2022-02-06 21:16:52,はばな,どんだけふやすの
2022-02-06 21:16:59,TT gedo,は?名作やぞ？（わかる
2022-02-06 21:17:00,ジックリ,適当やな
2022-02-06 21:17:10,Yui Sugar,大正生まれの祖父母は12人兄弟だけど、6人しか大人になれなかったと聞かされました。
2022-02-06 21:17:24,ドムドム,武器？
2022-02-06 21:17:29,きまぐれ鉛筆,本来は農業用語で、間伐と同じで農作物に間隔を作るために引っこ抜くことだもんね。もとは悪い意味じゃなかった
2022-02-06 21:17:40,ジックリ,普通に適当な漢字をつけてほしかった
2022-02-06 21:18:19,サクラギカズマ,心胆寒からしめる
2022-02-06 21:18:42,ドムドム,寄木細工？
2022-02-06 21:18:58,ヒャッハー小島,あってるよ
2022-02-06 21:19:00,tanishi,めすのら
2022-02-06 21:19:03,O.J.I.,ちくしょう
2022-02-06 21:19:03,TT gedo,ちくしょうは動物やな
2022-02-06 21:19:05,ジックリ,動物か
2022-02-06 21:19:09,85 25,間違ってないね
2022-02-06 21:19:13,百合くん,家畜の事じゃない？
2022-02-06 21:19:17,キチア,あってる
2022-02-06 21:19:26,ドムドム,うわー
2022-02-06 21:19:26,はばな,突然のコウメ太夫
2022-02-06 21:19:29,おこげこんがり,動物の雌の事やね
2022-02-06 21:19:31,クマノコ,なるほど
2022-02-06 21:19:42,キチア,だからコトリバコ
2022-02-06 21:19:52,おじじさん,こんのら
2022-02-06 21:19:57,TT gedo,こっわ
2022-02-06 21:20:45,にゃんにゃん,すげぇこわい
2022-02-06 21:20:51,ドムドム,計算むずい
2022-02-06 21:21:53,コイン表裏,実行は普通しないよね
2022-02-06 21:22:52,ドムドム,ギリシャ文字的な？
2022-02-06 21:22:54,Gimu,こんのらー
2022-02-06 21:23:04,はこ,仮名多いからこんがらがってきた
2022-02-06 21:23:43,クマノコ,何故それでつくろうと思うのか…
2022-02-06 21:23:48,八意ゆきの,すげえ世界だ
2022-02-06 21:23:51,foxですよ,床屋？
2022-02-06 21:23:53,774,しょうや
2022-02-06 21:23:55,Horatio7 ・。・,しょうや
2022-02-06 21:23:55,ジックリ,しょうや
2022-02-06 21:23:56,O.J.I.,庄屋（しょうや）
2022-02-06 21:24:04,ドムドム,信じねーだよ
2022-02-06 21:24:10,きまぐれ鉛筆,しょうや
2022-02-06 21:25:04,キチア,うんうん
2022-02-06 21:25:19,ジックリ,呪い返しか
2022-02-06 21:26:36,はばな,カビそう
2022-02-06 21:27:31,TT gedo,おぞましいにょ
2022-02-06 21:27:33,ゴーストゆっくり,恐ろしい
2022-02-06 21:27:37,TT gedo,三角様
2022-02-06 21:27:42,キチア,キメラか何かかよ…
2022-02-06 21:27:43,灰色珊瑚,こわすぎる
2022-02-06 21:27:48,あるごん,臭いだろ
2022-02-06 21:27:48,南のこうかん,まる　と三角　・・・
2022-02-06 21:27:55,Gimu,ヒェ
2022-02-06 21:27:57,ドムドム,人間の闇だな
2022-02-06 21:28:01,Centrum,記号で言われるとちょっとコミカルな感じが
2022-02-06 21:28:13,Mo oN,コメントしにくい内容・・・
2022-02-06 21:28:13,海乃,消毒したら無力化できそう
2022-02-06 21:28:14,ジックリ,押し付けにも程がある
2022-02-06 21:28:14,MOKKA,嫌なディテールが詳細なんよw
2022-02-06 21:28:26,ドムドム,2クラスくらいあるやん
2022-02-06 21:28:33,suguruization,人間版蠱毒みたいなもんだな　呪い濃縮してるだけだが
2022-02-06 21:28:52,灰色珊瑚,やば
2022-02-06 21:29:27,TT gedo,武器と言えば武器だな
2022-02-06 21:29:27,デビッ,そんなBLEACHみたいな格付けが……
2022-02-06 21:29:34,ドムドム,今までよく被害出なかったな
2022-02-06 21:29:50,きまぐれ鉛筆,起こることだけなら化学・生物兵器ぽい
2022-02-06 21:30:07,にゃんにゃん,よくS生きてたな
2022-02-06 21:30:23,おこげこんがり,これでも相当ヤバい代物なんだから某祟られ屋シリーズに出てくる鉄壺はコトリバコの完全上位互換だわ。
2022-02-06 21:31:30,灰色珊瑚,村社会こわ
2022-02-06 21:31:40,デビッ,コトリバコってこんな長い話なのか
2022-02-06 21:32:32,ドムドム,ちゃんと保管できてたのすごいな
2022-02-06 21:32:33,foxですよ,呪いには呪いをぶつけるしかないのか・・・
2022-02-06 21:33:16,TT gedo,おぞましいな
2022-02-06 21:33:17,デビッ,お疲れ様です
2022-02-06 21:33:18,Horatio7 ・。・,ここで終わり！？
2022-02-06 21:33:23,MOKKA,:clapping_hands::clapping_hands::clapping_hands::clapping_hands::clapping_hands::clapping_hands::clapping_hands::clapping_hands::clapping_hands:
2022-02-06 21:33:24,八意ゆきの,作り方がえげつない
2022-02-06 21:33:25,ゴーストゆっくり,フルで聞くとこわいな
2022-02-06 21:33:25,foxですよ,人間が怖い
2022-02-06 21:33:26,オートミール,ｺﾜｲﾖｰ
2022-02-06 21:33:26,85 25,貞子vs伽椰子やん
2022-02-06 21:33:26,南のこうかん,救いが無い・・・・
2022-02-06 21:33:26,六尺野郎,ことりちゃんヤバすぎるだろ海未ちゃんのファンになります
2022-02-06 21:33:28,774,人の業
2022-02-06 21:33:29,seiichirou,こんな長かったかな
2022-02-06 21:33:30,コイン表裏,確かにイジメられた怨みは年月で薄まるよね
2022-02-06 21:33:31,冥土,:clapping_hands::clapping_hands::clapping_hands::clapping_hands::clapping_hands::clapping_hands:
2022-02-06 21:33:33,名無し,呪術だからねえ
2022-02-06 21:33:34,TSUNA,:clapping_hands::clapping_hands::clapping_hands::clapping_hands:
2022-02-06 21:33:35,キチア,
2022-02-06 21:33:41,ヤマ,ありそうで怖いんだよな
2022-02-06 21:33:42,Mo oN,どこのサイトのやつ読んでるの？
2022-02-06 21:33:45,Gimu,禍々しいオーラが渦巻いておる
2022-02-06 21:33:48,ドムドム,よかった
2022-02-06 21:33:48,ジックリ,人の怖さを出してるわね
2022-02-06 21:33:49,O.J.I.,呪術だもんな
2022-02-06 21:33:49,ゴーストゆっくり,:clapping_hands::clapping_hands::clapping_hands::clapping_hands:
2022-02-06 21:33:49,Azu -あず-,８８８８８８
2022-02-06 21:33:59,デビッ,人類学要素入ってるのが2chっぽいよね
2022-02-06 21:34:04,いわいわ,こんのら～
2022-02-06 21:34:04,あるごん,効果は置いといて実際にこういうことしてそう
2022-02-06 21:34:07,南のこうかん,昔の伝承にありそうな話・・・
2022-02-06 21:34:08,foxですよ,これだから田舎怖い
2022-02-06 21:34:09,おじじさん,朗読の雰囲気良かった:clapping_hands::clapping_hands::clapping_hands:
2022-02-06 21:34:10,キチア,人間が生きてる限り可能性あるのがな
2022-02-06 21:34:11,sibusibuyanyan,人間は愚か
2022-02-06 21:34:12,クマノコ,なぜ女子供だけに被害を…
2022-02-06 21:34:13,志方,まぁ、怖い話で後味すっきりするのはないわな
2022-02-06 21:34:18,ヒャッハー小島,:clapping_hands::clapping_hands::clapping_hands::clapping_hands::clapping_hands::clapping_hands::clapping_hands::clapping_hands:
2022-02-06 21:34:28,O.J.I.,昔の田舎にありそうな話で怖い
2022-02-06 21:34:31,Horatio7 ・。・,5959
2022-02-06 21:34:40,foxですよ,村人殺したくなる人もでてくるは
2022-02-06 21:34:45,灰色珊瑚,:clapping_hands::clapping_hands::clapping_hands::clapping_hands::clapping_hands::clapping_hands::clapping_hands::clapping_hands:
2022-02-06 21:34:49,櫻咲,:clapping_hands::clapping_hands::clapping_hands::clapping_hands::clapping_hands:
2022-02-06 21:34:52,352万の男　※カウントダウン11,:clapping_hands::clapping_hands::clapping_hands::clapping_hands::clapping_hands::clapping_hands:
2022-02-06 21:34:55,Mo oN,もう少しゆっくりだと助かる
2022-02-06 21:34:59,コイン表裏,こんのらー
2022-02-06 21:35:07,Horatio7 ・。・,怖いからちょっと休憩欲しい
2022-02-06 21:35:09,南のこうかん,明治の前までは　おばすて　ありましたものね
2022-02-06 21:35:20,maz,こんのら
2022-02-06 21:35:25,牛丼屋の常連,:clapping_hands::clapping_hands:
2022-02-06 21:35:43,foxですよ,おばすて
2022-02-06 21:35:51,O.J.I.,姥捨て山ね
2022-02-06 21:35:51,デビッ,ナマステ山
2022-02-06 21:35:52,しゅう,こんのらです
2022-02-06 21:35:54,タロウ,
2022-02-06 21:36:03,O.J.I.,ナマステは草
2022-02-06 21:36:14,foxですよ,ドリフでしった姥捨て山
2022-02-06 21:36:19,キチア,姥捨山とか座敷牢とか昔の日本は闇深い
2022-02-06 21:36:26,おこげこんがり,呪術的にこういう事してたかはたしかではないけど、”間引き”は実際にやってたからね。
2022-02-06 21:36:33,コイン表裏,感想も聞かせて欲しい
2022-02-06 21:36:39,八意ゆきの,あくさらかな
2022-02-06 21:36:41,きまぐれ鉛筆,実際は親が自殺を子供に手伝ってもらう話らしいともいう
2022-02-06 21:36:45,セラ,脱サラ？
2022-02-06 21:36:46,アトモスフィア,悪皿？
2022-02-06 21:36:52,ふじしろけい,おっ、しらん話だ。期待
2022-02-06 21:36:57,Tchannel,呪われそう!
2022-02-06 21:37:07,maz,コトリバコ　終わったとこでしたか；；
2022-02-06 21:37:10,アトモスフィア,:camera_with_flash:
2022-02-06 21:37:10,クマノコ,ぱしゃっ
2022-02-06 21:37:10,Azu -あず-,カシャッ
2022-02-06 21:37:11,志方,脱サラしたい20代のあなたに…
2022-02-06 21:37:12,foxですよ,スクショされた
2022-02-06 21:37:15,TSUNA,クソデカスクショ音
2022-02-06 21:37:16,コイン表裏,ドキドキ
2022-02-06 21:37:16,O.J.I.,びっくりした
2022-02-06 21:37:17,seiichirou,:camera:
2022-02-06 21:37:19,おじじさん,シャッター音が怖い
2022-02-06 21:37:20,Mo oN,シャッター音にビビった
2022-02-06 21:37:24,鈴木三郎,今のが一番ビビった
2022-02-06 21:37:25,百合くん,脱サラしてFXした人の話？
2022-02-06 21:37:25,V-MAX,ひ
2022-02-06 21:37:27,キチア,読むの上手いから中々怖いんよ
2022-02-06 21:37:28,池田,もうこわい
2022-02-06 21:37:28,ume,写影機
2022-02-06 21:37:30,774,音でびっくりした
2022-02-06 21:37:33,おともあいる,今のが一番びびった
2022-02-06 21:37:36,海乃,何この絵、こわい
2022-02-06 21:37:36,八意ゆきの,画像あるのか...
2022-02-06 21:37:43,ゴーストゆっくり,なんだこれ
2022-02-06 21:37:46,TSUNA,道民だ
2022-02-06 21:37:47,foxですよ,歯が魅力的な女性ですね
2022-02-06 21:37:47,Centrum,アクロバティックなやつか
2022-02-06 21:37:50,seiichirou,したっけ？　道民かな
2022-02-06 21:37:59,牛丼屋の常連,友達に似てる・・・
2022-02-06 21:38:00,DLR瀬戸口,ﾎﾟﾎﾟ
2022-02-06 21:38:09,おこげこんがり,したっけｗ
2022-02-06 21:38:11,ふんがーまん,あくさら
2022-02-06 21:38:16,志方,どうみても人間
2022-02-06 21:38:19,TT gedo,アクロバティックサラサラ？
2022-02-06 21:38:22,TSUNA,八尺様亜種
2022-02-06 21:38:22,名無し,ﾊﾊｯ
2022-02-06 21:38:28,foxですよ,東北ずんこか？
2022-02-06 21:38:28,クマノコ,草
2022-02-06 21:38:37,八意ゆきの,草
2022-02-06 21:38:39,林啓太,ぽぽぽ
2022-02-06 21:38:42,百合くん,八尺様人気すぎて草
2022-02-06 21:38:42,O.J.I.,草
2022-02-06 21:38:43,foxですよ,かるくペコーらなってるで
2022-02-06 21:38:43,ゴーストゆっくり,草
2022-02-06 21:38:43,はこ,くそ煽られてるｗ
2022-02-06 21:38:46,ドムドム,さすが2ch民
2022-02-06 21:38:47,ヤマ,2ちゃんらしいｗ
2022-02-06 21:38:47,TSUNA,ボロクソで草
2022-02-06 21:38:48,灰色珊瑚,草
2022-02-06 21:38:49,seiichirou,でかいってことは北欧の人じゃない？
2022-02-06 21:38:50,Azu -あず-,煽られてて草
2022-02-06 21:38:51,アトモスフィア,草
2022-02-06 21:38:53,しゅう,草
2022-02-06 21:38:54,Centrum,学歴あおりは草
2022-02-06 21:38:59,Horatio7 ・。・,ただのレスバになってて草
2022-02-06 21:39:00,キチア,2ch特有の唐突な煽り
2022-02-06 21:39:02,おともあいる,草
2022-02-06 21:39:02,ヒャッハー小島,草
2022-02-06 21:39:04,きまぐれ鉛筆,ノラくんのぽぽぽ草
2022-02-06 21:39:05,ume,草
2022-02-06 21:39:05,名無し,草
2022-02-06 21:39:10,ジックリ,草
2022-02-06 21:39:12,TT gedo,八尺様のエロ化は深層心理的には正しい
2022-02-06 21:39:23,クマノコ,これは2chですわ
2022-02-06 21:39:26,くりのす,２ｃｈ民が一番怖くて草
2022-02-06 21:39:43,ピグモン,ねすみ先輩？(´・ω・`)?
2022-02-06 21:39:45,foxですよ,八尺様とショタ・・・・うっ・・・
2022-02-06 21:39:49,たぬ,尺八様ってショタコン
2022-02-06 21:40:08,鯰人「なまんちゅ」,福島か
2022-02-06 21:40:44,宗方先生,へぇ、福島県民だけど聞かないね
2022-02-06 21:40:50,foxですよ,下半身？？
2022-02-06 21:40:59,はこ,ああ
2022-02-06 21:40:59,ヤマ,草
2022-02-06 21:41:05,アトモスフィア,アクロバティックサラサラw
2022-02-06 21:41:08,ドムドム,アクサラダ
2022-02-06 21:41:10,クマノコ,アクロバティックさらさら！？
2022-02-06 21:41:12,タロウ,これか
2022-02-06 21:41:12,ゴーストゆっくり,アクロバティックさらさらは草
2022-02-06 21:41:20,Mo oN,草
2022-02-06 21:41:22,TT gedo,アクロバティックサラサラさん！？
2022-02-06 21:41:28,ヤマ,けっこう見てんねｗ
2022-02-06 21:41:33,クマノコ,あーそれで悪皿か
2022-02-06 21:41:38,Centrum,すごい命名センス
2022-02-06 21:41:44,キチア,めちゃめちゃ身軽そう
2022-02-06 21:41:56,はこ,ダンダダンでいたやつか
2022-02-06 21:41:58,コイン表裏,略してんだ
2022-02-06 21:42:07,宗方先生,まぁ八尺様みたいなのは後々出てくるから頑張って
2022-02-06 21:42:35,TSUNA,そういや口裂女もすっかり廃れたな
2022-02-06 21:43:08,宗方先生,露出口避け女щ(゜▽゜щ)
2022-02-06 21:43:09,foxですよ,都市伝説の力がよわまってるあるあるですね
2022-02-06 21:43:18,クマノコ,悪露婆帝苦皿皿、略して悪皿
2022-02-06 21:43:26,マグロ丼,ぽぽぽ
2022-02-06 21:43:29,ジックリ,シャメって久しぶりに聴いたわ
2022-02-06 21:44:20,猫犬,アクロバティックさらさらの語感好き
2022-02-06 21:44:46,O.J.I.,漏れって久々に聞いた
2022-02-06 21:44:53,ドムドム,2ch悪ノリなのか判断がむずい
2022-02-06 21:44:54,Gimu,八尺＝約2m64cm
2022-02-06 21:45:07,ジックリ,たくましいな
2022-02-06 21:45:19,Centrum,風呂場が真っ赤…痔かな
2022-02-06 21:45:28,foxですよ,リア充だったか
2022-02-06 21:45:28,ゴーストゆっくり,こわ
2022-02-06 21:45:34,八意ゆきの,ホラゲーでありそうな展開
2022-02-06 21:46:11,宗方先生,風呂の排水官に詰まった
2022-02-06 21:46:45,Azu -あず-,きじや
2022-02-06 21:46:47,maz,きじや
2022-02-06 21:46:56,ジックリ,きじや
2022-02-06 21:47:05,キチア,普通に怖くて草
2022-02-06 21:47:33,Mo oN,東北ニキ逃げて
2022-02-06 21:47:37,foxですよ,聞いたことないないにゃぁ～
2022-02-06 21:47:40,Yui Sugar,年間の行方不明者人数7-8万人ですからね。
2022-02-06 21:47:42,ドンブリ感情,東北出身だけど知らんなぁ
2022-02-06 21:47:48,コイン表裏,東北だけど、初耳です
2022-02-06 21:47:52,bandomusha,とうほぐのご当地化け物なのか
2022-02-06 21:47:58,TT gedo,こっわ
2022-02-06 21:48:05,ドムドム,アクサラこっわ
2022-02-06 21:48:19,foxですよ,ご当地って聞くとかわいくかんじちゃう不思議
2022-02-06 21:48:42,maz,ひえ
2022-02-06 21:48:50,ドンブリ感情,なまはげと対決してほしいな
2022-02-06 21:49:04,Mo oN,こわい
2022-02-06 21:49:51,ドムドム,本物？
2022-02-06 21:50:26,ドンブリ感情,新潟までいくのはアグレッシブだな
2022-02-06 21:50:42,八意ゆきの,草
2022-02-06 21:50:46,TT gedo,らぶらぶたんでむｗ
2022-02-06 21:50:46,クマノコ,ぎゅっ///
2022-02-06 21:50:55,Azu -あず-,ラブラブタンデム
2022-02-06 21:50:59,ジックリ,余裕あるなこいつ
2022-02-06 21:51:02,foxですよ,胸あてられたら・・・
2022-02-06 21:51:03,Azu -あず-,タンデム＝二人乗り
2022-02-06 21:51:03,TT gedo,タンデムってのは二人乗りだな
2022-02-06 21:51:06,Mo oN,２人乗り
2022-02-06 21:51:12,774,男女でバイクや自転車に二人乗り
2022-02-06 21:51:14,ジックリ,ニケツのこと
2022-02-06 21:51:19,Azu -あず-,ラブラブタンデム＝カップルで二人乗り
2022-02-06 21:51:21,おともあいる,らっぶらぶで二人乗りってこと
2022-02-06 21:51:27,赤い雫,女の子をバイクの後ろに乗せること
2022-02-06 21:51:36,ヤマ,へー
2022-02-06 21:51:46,キチア,縁が無いので分からなかったわ
2022-02-06 21:51:56,アトモスフィア,初めて知った
2022-02-06 21:52:09,Mo oN,ラブラブタンデムとは言わないが
2022-02-06 21:52:11,赤い雫,ブレーキかけるとムニュっとなる
2022-02-06 21:52:19,foxですよ,タンデムって店あったなｗ
2022-02-06 21:52:22,あーりん,怪談助かる
2022-02-06 21:53:18,DuxRyK 【デューク】,こんのら〜
2022-02-06 21:53:27,TT gedo,だめですぅ
2022-02-06 21:53:28,Mo oN,ミュート助からない
2022-02-06 21:53:29,suguruization,顔がヤバかったのかな
2022-02-06 21:53:33,ドムドム,ミュートした
2022-02-06 21:53:34,キチア,どうぞ
2022-02-06 21:53:38,foxですよ,鼻かむとき真正面むくのすきｗ
2022-02-06 21:53:38,bandomusha,顔さえ見なければワンチャン楽しめるかもしれない
2022-02-06 21:53:38,八意ゆきの,動きがかわいい
2022-02-06 21:53:39,林啓太,ミュート助からない
2022-02-06 21:53:41,アトモスフィア,助からない
2022-02-06 21:53:42,ヒャッハー小島,そこはミュート切り忘れないとw
2022-02-06 21:53:46,あーりん,スペース以来だな
2022-02-06 21:53:49,さいおうが旨っ,こんのらーBGMいいですね
2022-02-06 21:53:58,アライラ,ミュートはこわいよぉ
2022-02-06 21:54:23,ジックリ,ミュートアンチが多いな
2022-02-06 21:54:26,foxですよ,地域限定英霊
2022-02-06 21:54:26,Mo oN,赤い女は要注意
2022-02-06 21:54:28,TT gedo,お化けの元は奇人のケースもあるからな
2022-02-06 21:54:33,matyuu,妖怪とか地方色つよいからなぁ
2022-02-06 21:54:34,seiichirou,コワスギでは物理で口裂け女轢いてた
2022-02-06 21:54:40,きまぐれ鉛筆,へんたいさんが多い
2022-02-06 21:54:48,デビッ,DWUと怪談コラボして
2022-02-06 21:54:57,foxですよ,こわすぎｗは本物です
2022-02-06 21:55:06,スズキ雲,妖怪　ミルワームを食べる女の話？
2022-02-06 21:55:10,ドムドム,近いじゃん
2022-02-06 21:55:26,Mo oN,ひ〇ぎ市
2022-02-06 21:55:30,ドンブリ感情,日立かひたちなか市だな
2022-02-06 21:55:35,さいおうが旨っ,実話怪談調？
2022-02-06 21:55:55,ドムドム,2chのやつっぽい
2022-02-06 21:56:11,seiichirou,沖縄でもうたきとかあるし
2022-02-06 21:56:31,あーりん,んー、以前のスペースよりテンポ悪いかなぁ
2022-02-06 21:56:38,suguruization,2008年か　わりかし新しいな
2022-02-06 21:56:59,きまぐれ鉛筆,YouTubeやpixivやニコニコ動画が生まれたての頃だ
2022-02-06 21:57:06,Centrum,2ch全盛期の頃の話が多いんだろうな
2022-02-06 21:57:16,コイン表裏,やばい話って、あまり出ないかぼかしてる
2022-02-06 21:57:54,るーと96,でっか
2022-02-06 21:58:00,スズキ雲,既婚女性
2022-02-06 21:58:03,さいおうが旨っ,きじょかな
2022-02-06 21:58:17,六尺野郎,俺は六尺だから俺よりデカイよなぁ
2022-02-06 21:58:24,ドムドム,ギャグにしか思えない
2022-02-06 21:58:28,seiichirou,井戸魔神？
2022-02-06 21:58:37,TT gedo,たかおんな？ほへー
2022-02-06 21:58:40,あーりん,高女？
2022-02-06 21:58:45,Mo oN,高女　＝　アクロバティックサラサラ
2022-02-06 21:58:52,デビッ,草
2022-02-06 21:58:53,foxですよ,１４年まえやゾ
2022-02-06 21:58:53,牛丼屋の常連,ほーん
2022-02-06 21:58:55,TT gedo,は？おじさんなめんな。最近だぞ
2022-02-06 21:58:56,林啓太,最近じゃね？？？
2022-02-06 21:58:58,ジックリ,そうかなぁ?
2022-02-06 21:58:59,スズキ雲,165センチ？
2022-02-06 21:59:00,Horatio7 ・。・,ノラちゃんまだ生まれてないもんな
2022-02-06 21:59:00,seiichirou,一昔前
2022-02-06 21:59:01,キチア,割と遠い過去なんだよなあ
2022-02-06 21:59:03,774,14年前か最近だな！
2022-02-06 21:59:04,sibusibuyanyan,"え, ついこの間じゃないの?"
2022-02-06 21:59:05,牛丼屋の常連,12歳・・・ハッΣ！！
2022-02-06 21:59:06,85 25,おじちゃん…
2022-02-06 21:59:07,さいおうが旨っ,最近だぞ
2022-02-06 21:59:08,maz,体感４，５年前
2022-02-06 21:59:12,龍八,後のながいねこである
2022-02-06 21:59:15,Gimu,十年ひと昔
2022-02-06 21:59:23,TSUNA,時の流れが一番怖いわ
2022-02-06 21:59:23,コイン表裏,最近じゃん
2022-02-06 21:59:29,Mo oN,スレンダーマンみたいだな
2022-02-06 21:59:30,名無し,ノラ君生まれる前やなあ
2022-02-06 21:59:31,zou3 elephant,生放送初めてです　とめるさんの桃鉄で知って来ました:elephant:
2022-02-06 21:59:31,suguruization,みんなアニメ換算してみろ　結構最近な気がしてくるからｗ
2022-02-06 21:59:32,foxですよ,みる！
2022-02-06 21:59:32,ドンブリ感情,震災より前は大昔に感じる
2022-02-06 21:59:32,アトモスフィア,見たい
2022-02-06 21:59:34,Azu -あず-,オジサンだけど10年超えたら昔じゃね
2022-02-06 21:59:35,髄液,こわい
2022-02-06 21:59:35,あーりん,猫長いよなぁ
2022-02-06 21:59:36,774,ミル
2022-02-06 21:59:37,85 25,これ作り話じゃないんか
2022-02-06 21:59:39,ヤマ,みる
2022-02-06 21:59:40,八意ゆきの,みたい
2022-02-06 21:59:41,クマノコ,見る！
2022-02-06 21:59:44,TT gedo,おなしょす
2022-02-06 21:59:47,アトモスフィア,:camera_with_flash:カシャッ
2022-02-06 21:59:50,foxですよ,スクショされた！
2022-02-06 21:59:52,スズキ雲,ノラーラ、若そうね
2022-02-06 21:59:53,ヤマ,音にびっくりしたｗ
2022-02-06 21:59:54,Azu -あず-,それ撮ったら呪われるよ
2022-02-06 21:59:55,はこ,シャッター音怖い
2022-02-06 21:59:55,DLR瀬戸口,:camera_with_flash:
2022-02-06 21:59:55,Mo oN,シャッター音がこええ
2022-02-06 21:59:57,ドムドム,シャッター音がこえぇ
2022-02-06 22:00:00,foxですよ,ただの家
2022-02-06 22:00:01,コイン表裏,ビクッ
2022-02-06 22:00:04,さいおうが旨っ,ん？
2022-02-06 22:00:10,Mo oN,高女の写真？？
2022-02-06 22:00:14,あーりん,まあ、10年超えたら最近では無いな
2022-02-06 22:00:15,ジックリ,シャッター音のほうがビビるぞ
2022-02-06 22:00:22,seiichirou,2008年だと、鎌倉の鶴岡八幡宮の大銀杏がまだ折れる前だ。
2022-02-06 22:00:28,あーりん,オーブ的な？
2022-02-06 22:00:29,foxですよ,あーなんかでてるね
2022-02-06 22:00:32,タロウ,ヒッ
2022-02-06 22:00:34,スズキ雲,朝日か夕日
2022-02-06 22:00:42,南のこうかん,影に　光あるのは　まずいよね
2022-02-06 22:00:46,ドムドム,見える人と見えない人がいるの？
2022-02-06 22:00:51,アトモスフィア,そんなに変か？
2022-02-06 22:00:53,ヤマ,見てる気はするな
2022-02-06 22:00:58,foxですよ,色調でよく見えそう
2022-02-06 22:01:04,matyuu,太陽は罪な奴
2022-02-06 22:01:07,seiichirou,カメラで太陽撮ると壊れるよ
2022-02-06 22:01:17,名無し,シャッター音こわい
2022-02-06 22:01:19,TSUNA,どうみても太陽です本当にありがとうございました
2022-02-06 22:01:21,Mo oN,だからビックリする
2022-02-06 22:01:22,Horatio7 ・。・,割とどうでもいい話で草
2022-02-06 22:01:23,牛丼屋の常連,カシャってスクショの音いいね
2022-02-06 22:01:25,あーりん,猫
2022-02-06 22:01:30,foxですよ,なにかのぞいてるなこれ
2022-02-06 22:01:38,髄液,シャッター音で身構えてしまう
2022-02-06 22:01:39,赤い雫,統合失調症だろｗ
2022-02-06 22:01:47,きまぐれ鉛筆,ねこですよろしくおねがいします
2022-02-06 22:01:51,スズキ雲,窓に赤い光は、カメラの？
2022-02-06 22:01:52,キチア,左のか
2022-02-06 22:01:59,suguruization,うさぎみたいでかわいいな
2022-02-06 22:02:00,seiichirou,レンズフレアとかレンズ内部の反射では？
2022-02-06 22:02:04,ドンブリ感情,隠れミッキーじゃない？
2022-02-06 22:02:14,maz,貧乏神じゃん
2022-02-06 22:02:16,アライラ,ひょっこり粒
2022-02-06 22:02:18,ピンキーweb,こわっ
2022-02-06 22:02:19,foxですよ,ブラッドにでてた:rabbit:かな？
2022-02-06 22:02:28,アトモスフィア,隠れミッキーは草
2022-02-06 22:02:33,Horatio7 ・。・,こいつら集団からストーカーされてそうｗ
2022-02-06 22:02:40,ドムドム,全然見えないけど
2022-02-06 22:03:08,foxですよ,プリンターがいきなり動いてびびったｗ
2022-02-06 22:03:13,キチア,奇抜っちゃ奇抜
2022-02-06 22:03:17,あーりん,まあ、そんな見ないな
2022-02-06 22:03:24,Mo oN,赤いコート着た変な女は見たことある
2022-02-06 22:03:41,ジョン,銀魂の蚊の天人じゃん
2022-02-06 22:03:46,ドンブリ感情,浅野温子が着てるとこしかみたことない
2022-02-06 22:03:49,bandomusha,勝手なイメージだけどDWUとか着てそう
2022-02-06 22:03:52,赤い雫,ノラ君の後ろの奴くらいはっきり見えて欲しい
2022-02-06 22:03:53,TT gedo,いいよ:open_hands:
2022-02-06 22:03:56,foxですよ,おわったのかｗ
2022-02-06 22:03:59,Yui Sugar,スマホのカメラでもカシャって言わないと落ち着かないの不思議
2022-02-06 22:04:02,ドムドム,今ので終わり？
2022-02-06 22:04:12,八意ゆきの,これでおわりなんだ
2022-02-06 22:04:14,ふじしろけい,終わりかよ
2022-02-06 22:04:14,seiichirou,とうほぐ
2022-02-06 22:04:24,箱推し,こんのらです。お風呂場で髪とか洗ってる時後ろに気配感じて振り向いても当然誰も居ないなんてことよくありますよね。そういう時って実は、後ろじゃなくてあなたの真上にソレは居ます。上だけは絶対に見るなよ
2022-02-06 22:04:26,スズキ雲,ノラーラの後ろの奴って、名前あった？
2022-02-06 22:04:29,ドンブリ感情,東北どこいってもなーんもないけどねぇ
2022-02-06 22:04:32,Horatio7 ・。・,まとまった話になってないと微妙だな
2022-02-06 22:04:45,箱推し,悪皿は目撃情報集みたいなもんだからオチはないよ
2022-02-06 22:04:56,Mo oN,お風呂場は「だるまさんがころんだ」じゃなかったっけ？？
2022-02-06 22:05:01,foxですよ,上からくるぞ！気をつけろ！
2022-02-06 22:05:05,matyuu,顔合わせたらあいさつしとけばセーフ
2022-02-06 22:05:09,キチア,はいもうお風呂入れなくなりました
2022-02-06 22:05:11,TT gedo,こわすんぎ
2022-02-06 22:05:13,85 25,不審者じゃない？
2022-02-06 22:05:14,アトモスフィア,こっわ
2022-02-06 22:05:14,牛丼屋の常連,お風呂入れなくなっちゃうじゃないですかー
2022-02-06 22:05:14,Horatio7 ・。・,普通に怖い話
2022-02-06 22:05:18,さいおうが旨っ,いいアングル
2022-02-06 22:05:18,ふじしろけい,友達のエピソード頼む
2022-02-06 22:05:19,赤い雫,ゴキブリでも居て悪寒がしたんだろ
2022-02-06 22:05:21,suguruization,くねくねきたー
2022-02-06 22:05:23,あーりん,覗きじゃん
2022-02-06 22:05:26,Azu -あず-,先にお風呂入った俺は勝ち組
2022-02-06 22:05:27,seiichirou,その霊暇だったのかな
2022-02-06 22:05:28,Gimu,こえー
2022-02-06 22:05:30,髄液,まだ風呂入ってないんだけど
2022-02-06 22:05:30,pol pol,ひとりでといれいけない＞＜
2022-02-06 22:05:31,名無し,くねくねきたーw
2022-02-06 22:05:32,foxですよ,くねくねはやばい
2022-02-06 22:05:33,にゃんにゃん,お風呂から丁度あがったとこ
2022-02-06 22:05:34,おともあいる,ノラ君風呂をのぞきはよくないよ
2022-02-06 22:05:39,ドムドム,ない
2022-02-06 22:05:40,Horatio7 ・。・,飛蚊症？
2022-02-06 22:05:40,ジョン,霊って不気味な姿してないといけない理由でもあるんだろうか
2022-02-06 22:05:41,ジックリ,懐かしいやん
2022-02-06 22:05:42,あるごん,ないー
2022-02-06 22:05:43,V-MAX,くねくね知ってる
2022-02-06 22:05:43,あーりん,まあ、有名だしな
2022-02-06 22:05:43,林啓太,くねくねきちゃあ！
2022-02-06 22:05:44,キチア,存在知ってるくらいかな
2022-02-06 22:05:46,ドンブリ感情,ハリガネムシのことですか？
2022-02-06 22:05:47,TT gedo,しらねえ
2022-02-06 22:05:49,牛丼屋の常連,くねくね映画は観たことある
2022-02-06 22:05:54,箱推し,後ろにそれっぽいのいるやん
2022-02-06 22:05:55,85 25,しらぬ
2022-02-06 22:05:55,TT gedo,存在は知ってる
2022-02-06 22:05:56,tumu,トイレまでの3歩が踏み出せなくなってきた
2022-02-06 22:05:56,seiichirou,有名だけどツッコミどころも多い
2022-02-06 22:05:59,TSUNA,異世界ピクニック？
2022-02-06 22:05:59,pol pol,怖い話苦手だから音消して見るわ
2022-02-06 22:06:01,深海生物,クネクネならノラ君の後ろにいるよ
2022-02-06 22:06:02,アトモスフィア,名前は知ってるけど
2022-02-06 22:06:02,Centrum,定番なネタの一つかな
2022-02-06 22:06:03,Azu -あず-,くねくねは知ってる
2022-02-06 22:06:09,matyuu,ハリガネムシは割とホラーよりじゃねえかｗ
2022-02-06 22:06:11,おこげこんがり,ハリガネムシｗ
2022-02-06 22:06:13,ドムドム,聞いたことあるかも
2022-02-06 22:06:14,にゃんにゃん,異世界ピクニックでみた
2022-02-06 22:06:15,foxですよ,田んぼとかこわいですよね～
2022-02-06 22:06:19,あーりん,元はほとんどにちゃんネタだなぁ
2022-02-06 22:06:24,きまぐれ鉛筆,くねくねはわりと質がいいホラーだと思う
2022-02-06 22:06:26,灰色珊瑚,草
2022-02-06 22:06:30,灰色珊瑚,それはそれでかわいい
2022-02-06 22:06:32,maz,ひとりでねられない；；
2022-02-06 22:06:32,クマノコ,無音は草
2022-02-06 22:06:34,タロウ,知らないから楽しみです
2022-02-06 22:06:34,tumu,ノラくん窓から外見てみ
2022-02-06 22:06:42,Azu -あず-,動いてるノラくん可愛いからな
2022-02-06 22:06:46,ドンブリ感情,ガワガチ勢がおるな
2022-02-06 22:06:47,ジックリ,口パクノラくんかわいいじゃん
2022-02-06 22:06:48,名無し,口パクパクするノラ君でも需要あるからおk
2022-02-06 22:06:50,深海生物,パクパクしてるノラ君かわいい
2022-02-06 22:06:52,あーりん,いや、楽しみよ？スペースとか良かった
2022-02-06 22:06:54,Mo oN,ヒエッ
2022-02-06 22:06:56,maz,やったぜ
2022-02-06 22:06:58,85 25,今日もスペースか！
2022-02-06 22:07:02,TT gedo,スペースのことだな。＞いっしょにねる
2022-02-06 22:07:02,ドムドム,寝落ちたのむ
2022-02-06 22:07:03,foxですよ,窓の外にいる視聴者
2022-02-06 22:07:06,林啓太,ノラ君といっしょに！？！
2022-02-06 22:07:09,カナガタ_セッサク中,くねくね:bug:
2022-02-06 22:07:12,zou3 elephant,もうシャワー浴びてきたから大丈夫:elephant:
2022-02-06 22:07:13,クマノコ,今日も添い寝か！？
2022-02-06 22:07:13,キチア,いいんすか！？
2022-02-06 22:07:21,アトモスフィア,今日もスペースやってくれるの！？
2022-02-06 22:07:28,灰色珊瑚,添い寝ノラくんたすかる
2022-02-06 22:07:28,はばな,文章力に結構ばらつきあるね
2022-02-06 22:07:39,seiichirou,夏前ごろか
2022-02-06 22:07:59,コイン表裏,きいたことあるー
2022-02-06 22:08:04,matyuu,くねくねダンス
2022-02-06 22:08:12,ドムドム,一反木綿かな
2022-02-06 22:08:26,わくせい,ダルシム
2022-02-06 22:08:34,foxですよ,くねくねは認識したら最後
2022-02-06 22:08:54,Mo oN,ロリ声うまいな
2022-02-06 22:09:00,Centrum,理解してしまったら終わりか
2022-02-06 22:09:08,タロウ,チビッ子の声ヤバイ
2022-02-06 22:09:24,ドムドム,え？
2022-02-06 22:09:25,maz,；；
2022-02-06 22:09:31,はこ,終わり？
2022-02-06 22:09:37,Gimu,ミルワーム:bug:くねくね
2022-02-06 22:09:37,アトモスフィア,短いな
2022-02-06 22:09:39,昼酒,こんのらー
2022-02-06 22:09:39,ハンニバル,くねくねの正体は自分自身という説がある
2022-02-06 22:09:40,キチア,oh…
2022-02-06 22:09:41,あーりん,短めじゃの
2022-02-06 22:09:47,名無し,お前は知りすぎた
2022-02-06 22:09:55,ドンブリ感情,らりるれろって事？
2022-02-06 22:09:57,くりのす,SAN値ピンチ
2022-02-06 22:09:59,ドムドム,ちょい前のアニメで見たかも
2022-02-06 22:10:00,はこ,へー
2022-02-06 22:10:01,あーりん,いくつかパターンがある
2022-02-06 22:10:03,foxですよ,精神攻撃
2022-02-06 22:10:04,TSUNA,邪視みたいな
2022-02-06 22:10:09,箱推し,ミーム汚染系の妖怪
2022-02-06 22:10:10,DuxRyK 【デューク】,なんか精神がおかしくなるらしいね
2022-02-06 22:10:12,たぬ,恥ずかしがりや
2022-02-06 22:10:14,Mo oN,サイコキネシス
2022-02-06 22:10:19,ジックリ,裏世界ピクニックに登場したわね
2022-02-06 22:10:28,名無し,SCP感ある
2022-02-06 22:10:31,ハンニバル,ｓｃｐだ！
2022-02-06 22:10:32,タロウ,東北多いな
2022-02-06 22:10:38,きまぐれ鉛筆,今のはチュートリアル？て感じじゃないかな
2022-02-06 22:10:49,クマノコ,おーしゃしゃしゃかわいい
2022-02-06 22:10:51,デビッ,怖すぎてウンチ漏らした
2022-02-06 22:10:53,seiichirou,SCPオブジェクトが近いね
2022-02-06 22:10:53,ジョン,超有名な怪異の中では一番ラヴクラフトっぽい
2022-02-06 22:10:53,bandomusha,おうしゃしゃしゃ
2022-02-06 22:10:55,foxですよ,ピクニックまたやらないかな～
2022-02-06 22:10:56,深海生物,やっぱ東北って魔境だわ
2022-02-06 22:11:01,Kaoru Koike,かわいい
2022-02-06 22:11:30,ドンブリ感情,何もなくて暇だからイマジナリーが加速しがちなのかな
2022-02-06 22:11:30,sibusibuyanyan,ただのカカシですな...
2022-02-06 22:11:41,foxですよ,:eyes:
2022-02-06 22:11:57,matyuu,田舎すぎて幻覚見える説やめろｗ
2022-02-06 22:12:00,てとりth,怖すぎで草
2022-02-06 22:12:03,あーりん,日照時間の関係か？
2022-02-06 22:12:03,foxですよ,田んぼやばいんよ・・・
2022-02-06 22:12:08,seiichirou,田んぼにまつわる何かかな
2022-02-06 22:12:37,ドムドム,ほう
2022-02-06 22:12:38,sibusibuyanyan,でもこの風 少し泣いています
2022-02-06 22:12:49,あーりん,まあ、基本は幽霊の正体見たり枯れ雄花だしな
2022-02-06 22:12:54,DLR瀬戸口,〈
2022-02-06 22:12:58,foxですよ,なんで今マロｗ
2022-02-06 22:13:02,きまぐれ鉛筆,やっぱり文章がいい感じ
2022-02-06 22:13:03,suguruization,俺はこっちのバージョンしか知らんな
2022-02-06 22:13:03,seiichirou,割と家に近いところの田んぼか
2022-02-06 22:13:07,Yui Sugar,中高生のとき3kmくらいの何もない田圃道を通学するの怖かったなぁ。特に帰りの夜は真っ暗で。
2022-02-06 22:13:34,Horatio7 ・。・,ノラくんのショタボイス助かる
2022-02-06 22:13:34,Gimu,双眼鏡はアカン
2022-02-06 22:13:40,pasutaruto1,色白のおっさんがニヤケ面でくねくね
2022-02-06 22:13:45,きまぐれ鉛筆,おお……文字でしか伝わらないのに表現なかなか
2022-02-06 22:14:15,あーりん,読み手として良い感じ
2022-02-06 22:14:25,seiichirou,見たんか！
2022-02-06 22:14:29,あるごん,ノラくんも後ろは見ない方がいい
2022-02-06 22:14:58,はこ,お兄ちゃん…
2022-02-06 22:15:02,キチア,見たら効果発動するやつか
2022-02-06 22:15:03,foxですよ,くねくね乱舞
2022-02-06 22:15:17,pasutaruto1,見いられてしまったか
2022-02-06 22:15:18,あるごん,お兄ちゃんメカブちゃんになっちゃった
2022-02-06 22:15:32,seiichirou,くねくねを再生産するな:double_exclamation_mark:
2022-02-06 22:15:37,アトモスフィア,lets dance！
2022-02-06 22:15:40,Horatio7 ・。・,田んぼに放す！？
2022-02-06 22:15:40,TT gedo,田んぼに離すって…
2022-02-06 22:15:45,クマノコ,兄さま…
2022-02-06 22:15:50,キチア,放すってなんだ
2022-02-06 22:15:50,たぬ,田んぼにはなす！？
2022-02-06 22:15:59,ドムドム,理解が追いつかん
2022-02-06 22:16:00,深海生物,役場「唐突に人いなくなったと聞いて」
2022-02-06 22:16:02,てとりth,野生に返すんかい
2022-02-06 22:16:13,おこげこんがり,　アカン...
2022-02-06 22:16:18,ジョン,黄金の回転でしょ
2022-02-06 22:16:21,八意ゆきの,かなしいたけ
2022-02-06 22:16:25,あーりん,コッチのバージョンがメジャーだわ
2022-02-06 22:16:27,matyuu,増殖するくねくねおじさん
2022-02-06 22:16:32,seiichirou,それがまたくねくねになる奴じゃん
2022-02-06 22:16:41,foxですよ,くねくね見るとニートになれる？
2022-02-06 22:16:49,きまぐれ鉛筆,このひたひたと侵食してくる狂気が良い……
2022-02-06 22:16:49,あるごん,見てしまったな
2022-02-06 22:16:53,V-MAX,怖い
2022-02-06 22:16:55,灰色珊瑚,こわすぎ
2022-02-06 22:17:01,ブシドローアロマー,初見殺しは勘弁
2022-02-06 22:17:03,アトモスフィア,怖い
2022-02-06 22:17:06,Mo oN,田舎コワイ
2022-02-06 22:17:10,タロウ,怖い
2022-02-06 22:17:11,TT gedo,クソ怖え。震えてるしなんなら泣いてる
2022-02-06 22:17:11,キチア,シンプルイズ怖い
2022-02-06 22:17:15,くりのす,農家のデストラップ
2022-02-06 22:17:19,クリアマインド,その漫画ってエロ漫画でしょ？w
2022-02-06 22:17:20,ドムドム,ベランダぐらいじゃね
2022-02-06 22:17:23,TT gedo,こっわ
2022-02-06 22:17:23,foxですよ,こわあああああああ
2022-02-06 22:17:23,あーりん,怖くは無いなぁ、あんまり怪談は怖く無い
2022-02-06 22:17:25,ブシドローアロマー,こっわ
2022-02-06 22:17:26,キチア,怖い怖い怖いかな
2022-02-06 22:17:26,クマノコ,それは自業自得なんよ
2022-02-06 22:17:26,DuxRyK 【デューク】,それはこわいね
2022-02-06 22:17:26,TSUNA,こっわ
2022-02-06 22:17:27,てとりth,田舎ってのがまた怖い
2022-02-06 22:17:27,おともあいる,こっわ
2022-02-06 22:17:27,DLR瀬戸口,こわいね
2022-02-06 22:17:27,ひらり,((((( ；ﾟДﾟ)))ｶﾞｸｶﾞｸﾌﾞﾙﾌﾞﾙ
2022-02-06 22:17:27,林啓太,こわ
2022-02-06 22:17:27,ドンブリ感情,こっわ
2022-02-06 22:17:28,maz,きゃあああああこわああああああ
2022-02-06 22:17:29,V-MAX,こわいいい
2022-02-06 22:17:29,名無し,こっわ
2022-02-06 22:17:31,あーりん,でも、好き
2022-02-06 22:17:31,TT gedo,ガチャに取りつかれてるんよ
2022-02-06 22:17:32,林啓太,原因はガチャ
2022-02-06 22:17:32,pasutaruto1,こえええええ
2022-02-06 22:17:32,灰色珊瑚,それ一番こわいやつ
2022-02-06 22:17:33,Alex,こっわ
2022-02-06 22:17:34,アトモスフィア,こっわ
2022-02-06 22:17:36,85 25,内定こわすぎる
2022-02-06 22:17:37,深海生物,それ全部ガチャ・・・
2022-02-06 22:17:37,キチア,普通に怖い
2022-02-06 22:17:37,foxですよ,こわすぎ
2022-02-06 22:17:38,ﾔｺｳ,深層組の日常
2022-02-06 22:17:38,ジョン,内定以外は自業自得なんだよな
2022-02-06 22:17:38,あるごん,こっわ
2022-02-06 22:17:39,箱推し,ホロライブだと思ったらボロライブだったこと
2022-02-06 22:17:40,たぬ,本当にあった怖い話
2022-02-06 22:17:40,V-MAX,全部ホラー！
2022-02-06 22:17:40,matyuu,差し押さえされてねければセーフ
2022-02-06 22:17:40,774,人間が一番怖い
2022-02-06 22:17:40,はこ,ひえ
2022-02-06 22:17:41,sibusibuyanyan,気付いたらガチャで爆死していたこと?
2022-02-06 22:17:43,くりのす,原神のガチャ画面見てると貯金減ってたこと？
2022-02-06 22:17:43,ラスカル山田,こっわ
2022-02-06 22:17:43,ドンブリ感情,こわすぎ
2022-02-06 22:17:43,クマノコ,内定…
2022-02-06 22:17:43,さいおうが旨っ,重いよ
2022-02-06 22:17:44,Yui Sugar,子供の頃、悪いことすると田んぼの向こうの雑木林から迎えがくると言われてましたw
2022-02-06 22:17:45,マグロ丼,怖すぎ
2022-02-06 22:17:46,Azu -あず-,深層組はいったの怖すぎ
2022-02-06 22:17:47,あるごん,生々しい
2022-02-06 22:17:47,ジックリ,身から出た錆ってゆうやぞ
2022-02-06 22:17:48,pasutaruto1,うっわ最悪w
2022-02-06 22:17:48,Gimu,ヒエェー
2022-02-06 22:17:49,坂東叡智,
2022-02-06 22:17:49,foxですよ,深層はいいやん
2022-02-06 22:17:49,微糖,こわすぎる...
2022-02-06 22:17:49,おともあいる,深層組に入っていたとかマジで怖い
2022-02-06 22:17:50,きまぐれ鉛筆,おおこわいこわい（失神）
2022-02-06 22:17:51,赤い雫,気づいたらガチャ石が溶けてたりねｗ
2022-02-06 22:17:54,名無し,結論 人間が一番こわい
2022-02-06 22:17:54,あーりん,深層組はええじゃろw
2022-02-06 22:17:54,seiichirou,あるんですね。そういう事って
2022-02-06 22:18:03,キチア,ほうほう
2022-02-06 22:18:03,Lemon,深層体験
2022-02-06 22:18:04,Pat Yel,気づいたら配信時間過ぎてたこと
2022-02-06 22:18:05,コイン表裏,こわいこわい
2022-02-06 22:18:06,芳乃シンヤ,怖い話し＝内定取り消し✕家賃滞納
2022-02-06 22:18:08,いすといすと,爆笑ネタかな？
2022-02-06 22:18:08,アトモスフィア,ヤクザハウスか
2022-02-06 22:18:21,ﾔｺｳ,や○ざハウス
2022-02-06 22:18:24,foxですよ,こわ
2022-02-06 22:18:28,林啓太,こわ
2022-02-06 22:18:28,クマノコ,うわぁぁぁぁぁぁぁ
2022-02-06 22:18:29,V-MAX,ひぃいいい
2022-02-06 22:18:29,灰色珊瑚,こわすぎでしょ
2022-02-06 22:18:29,ジックリ,おわー
2022-02-06 22:18:30,はこ,こわいこわい
2022-02-06 22:18:30,matyuu,這いずり回る蜘蛛
2022-02-06 22:18:30,きまぐれ鉛筆,うわあ
2022-02-06 22:18:30,八意ゆきの,うわぁ
2022-02-06 22:18:30,Azu -あず-,ひぃ
2022-02-06 22:18:30,名無し,アシダカグモだろw
2022-02-06 22:18:30,TT gedo,こっわ
2022-02-06 22:18:32,自称ねこ耳,おはノラです～…夕方以降の記憶が一切ない…怖…
2022-02-06 22:18:32,seiichirou,デカ！
2022-02-06 22:18:32,タロウ,こええ
2022-02-06 22:18:35,Gimu,アシダカグモかな
2022-02-06 22:18:35,Mo oN,アシダカ軍曹じゃん
2022-02-06 22:18:35,アトモスフィア,怖い
2022-02-06 22:18:36,キチア,こっっっわ
2022-02-06 22:18:38,てとりth,こわいで
2022-02-06 22:18:38,牛丼屋の常連,こわい
2022-02-06 22:18:38,あるごん,うへ
2022-02-06 22:18:39,アライラ,それはもう泣く
2022-02-06 22:18:39,微糖,アシダカ軍曹か
2022-02-06 22:18:40,O.J.I.,益虫だぞ
2022-02-06 22:18:40,マグロ丼,ヒエッ
2022-02-06 22:18:41,ドムドム,こええな
2022-02-06 22:18:41,Horatio7 ・。・,こっわ
2022-02-06 22:18:41,灰色珊瑚,小さい蜘蛛はかわいいけどデカイのは勘弁
2022-02-06 22:18:42,pasutaruto1,高足ぐもですね
2022-02-06 22:18:42,Kaoru Koike,いやすぎる
2022-02-06 22:18:43,85 25,クモはかわいい
2022-02-06 22:18:44,おともあいる,軍曹か
2022-02-06 22:18:44,774,アシダカ軍曹だ
2022-02-06 22:18:45,七騎士,あしだか軍曹さん！
2022-02-06 22:18:46,くりのす,うへぇ
2022-02-06 22:18:51,きまぐれ鉛筆,それはトラウマもの
2022-02-06 22:18:51,ドンブリ感情,田舎の蜘蛛はクソでかい
2022-02-06 22:18:52,優,泣くわ
2022-02-06 22:18:54,maz,卵産み付けられるとこでしたね
2022-02-06 22:18:56,はこ,リアルすぎる怪談
2022-02-06 22:19:01,foxですよ,お化けとかよりこわすぎだよ
2022-02-06 22:19:01,Gimu,Gを食べる勇者
2022-02-06 22:19:08,foxですよ,え？
2022-02-06 22:19:12,アイランド,えっど
2022-02-06 22:19:12,マグロ丼,Gを食ってくれるから
2022-02-06 22:19:12,名無し,寝起きにアシダカはビビるね
2022-02-06 22:19:13,suguruization,G食ってくれるしな
2022-02-06 22:19:13,キチア,子供からしたら益虫とかそんなん知らんしなw
2022-02-06 22:19:14,ジョン,めちゃめちゃえっちだ…
2022-02-06 22:19:19,ジックリ,Gを食べてくれる
2022-02-06 22:19:24,クマノコ,ノラくんトラウマ多くない？ｗ
2022-02-06 22:19:27,あーりん,虫は子供の頃は平気なのに今はキモく感じるな
2022-02-06 22:19:39,七騎士,数年もののデカムカデも恐怖やぞ
2022-02-06 22:19:40,サクラギカズマ,うごいたらやられる
2022-02-06 22:19:53,コイン表裏,それはREAL
2022-02-06 22:19:57,キチア,うんうん
2022-02-06 22:20:11,ドンブリ感情,３かいってすごいな
2022-02-06 22:20:28,アライラ,変態幽霊かな？
2022-02-06 22:20:32,あーりん,ふむ
2022-02-06 22:20:40,V-MAX,怖い！
2022-02-06 22:20:41,seiichirou,アシダカグモ関東以北居ないのか
2022-02-06 22:20:42,あーりん,ハッキング疑うわ
2022-02-06 22:20:42,O.J.I.,何もしてないのに尻が切れたり？
2022-02-06 22:20:45,foxですよ,やべ～
2022-02-06 22:20:47,灰色珊瑚,こわ
2022-02-06 22:20:49,七騎士,普通ないよねそれ
2022-02-06 22:20:51,ドムドム,俺もSiri起動しまくるから切った
2022-02-06 22:20:54,髄液,こわい
2022-02-06 22:20:59,キチア,ひぇ…
2022-02-06 22:20:59,maz,ｗｗ
2022-02-06 22:21:00,昼酒,ｗｗｗｗ
2022-02-06 22:21:05,クマノコ,それはこわい
2022-02-06 22:21:06,八意ゆきの,草
2022-02-06 22:21:07,matyuu,会話してんのかな
2022-02-06 22:21:13,ジックリ,怖い
2022-02-06 22:21:19,suguruization,Androidはgoogleアシスタントあるやん
2022-02-06 22:21:20,アトモスフィア,andoroidにすれば解決するな
2022-02-06 22:21:21,てとりth,＼(^o^)／ｵﾜﾀ
2022-02-06 22:21:25,芳乃シンヤ,尻が反応した！？「すみません、痔です」
2022-02-06 22:21:30,Horatio7 ・。・,うっさ
2022-02-06 22:21:31,DuxRyK 【デューク】,たまにYouTube見てたら反応する時あるからビビる
2022-02-06 22:21:31,名無し,こっわ
2022-02-06 22:21:32,foxですよ,siri声かえて話しかけても反応しないゾ
2022-02-06 22:21:34,あるごん,ナニが出ちゃったんでしょう
2022-02-06 22:21:35,キチア,うわ
2022-02-06 22:21:38,Mo oN,壁ドン
2022-02-06 22:21:41,ドンブリ感情,幽霊がヘイシリって言うんか？
2022-02-06 22:21:42,赤い雫,siri：コンセントに金属を突っ込め
2022-02-06 22:21:49,seiichirou,えっ
2022-02-06 22:21:53,レイヴン,Googleアシスタント誤起動するから嫌い
2022-02-06 22:21:54,kinakopan H,バブのiPhoneも、、、
2022-02-06 22:21:57,とりのそぼろ,こんのら
2022-02-06 22:22:06,あーりん,ストーカーのいたずらでは？
2022-02-06 22:22:11,V-MAX,あ・・・
2022-02-06 22:22:14,てとりth,わお
2022-02-06 22:22:15,85 25,それはこわいわ
2022-02-06 22:22:16,Alex,！？
2022-02-06 22:22:20,キチア,ええ…
2022-02-06 22:22:20,星狼seirou,泥棒説
2022-02-06 22:22:21,Azu -あず-,泥棒だ
2022-02-06 22:22:22,Mo oN,手形？血がついて他の？？
2022-02-06 22:22:24,七騎士,:pile_of_poo:よりましだな
2022-02-06 22:22:25,紅蝶伽,スパイダーマン！？
2022-02-06 22:22:27,seiichirou,ガラス掃除だよな！そうに決まってる
2022-02-06 22:22:27,suguruization,ペットシーツにちびったのか
2022-02-06 22:22:27,あるごん,変態おじさん説
2022-02-06 22:22:28,さいころ,つペットシーツ
2022-02-06 22:22:29,冥土,ひぇ…
2022-02-06 22:22:29,赤い雫,濡れた軍手でも投げたんだろ
2022-02-06 22:22:30,ドムドム,ベランダと大差ないやん
2022-02-06 22:22:30,灰色珊瑚,壁ドンしたやつ足長すぎひん？
2022-02-06 22:22:31,アトモスフィア,こわいなぁ
2022-02-06 22:22:31,matyuu,身の丈5Mの相撲取りだな
2022-02-06 22:22:32,ひらり,ペットシーツの出番
2022-02-06 22:22:33,ジックリ,ほわー!?
2022-02-06 22:22:35,foxですよ,よくある話だと霊の通り道かね
2022-02-06 22:22:38,85 25,女性だし、やってられんて
2022-02-06 22:22:40,名無し,ペットシーツが無ければやばかった
2022-02-06 22:22:52,とりのそぼろ,外側についてるならセーフ
2022-02-06 22:22:53,レイヴン,キッズの手形
2022-02-06 22:22:57,ュマ,ペットシーツ？
2022-02-06 22:22:57,昼酒,うわー
2022-02-06 22:22:58,ドムドム,写真とか見なかったの？
2022-02-06 22:22:59,星狼seirou,猿の可能性は？
2022-02-06 22:23:01,クマノコ,子供ってヤバ…
2022-02-06 22:23:03,あーりん,心霊現象より普通に現実的な方考えるしなぁ
2022-02-06 22:23:04,キチア,警察呼んで指紋判定すべ
2022-02-06 22:23:06,ふじしろけい,それアライグマだわ。
2022-02-06 22:23:08,てとりth,その人まだそこに住んでんの？
2022-02-06 22:23:08,八意ゆきの,子どもっぽい報告が一番怖かったわ
2022-02-06 22:23:14,優,こえぇ
2022-02-06 22:23:15,七騎士,ひさるき
2022-02-06 22:23:18,ひらり,ベランダに男立ってたあの話
2022-02-06 22:23:22,matyuu,不渡手形の怨霊かもしれない
2022-02-06 22:23:30,あーりん,ただ、子供の手だと不可解だなぁ
2022-02-06 22:23:31,V-MAX,子供は怖いなあ
2022-02-06 22:23:37,アライラ,でもさっきのクモの方がこわい
2022-02-06 22:23:37,クリアマインド,その子可愛い子？
2022-02-06 22:23:38,きまぐれ鉛筆,なるほど猿の可能性も……？
2022-02-06 22:23:38,紅蝶伽,ベランダおじさんの方が怖い
2022-02-06 22:23:43,てとりth,たいきょ
2022-02-06 22:23:43,ドンブリ感情,子どものスパイダーマンならマイルズか？
2022-02-06 22:23:45,foxですよ,きずいてない可能性も
2022-02-06 22:23:45,赤い雫,後ろに憑いてるやん･･･
2022-02-06 22:23:47,八意ゆきの,怪談してたら勝手にエコーが...
2022-02-06 22:24:06,クマノコ,ワンピースで習った
2022-02-06 22:24:06,foxですよ,三輪・・・
2022-02-06 22:24:06,あーりん,あー、聞いた事ある
2022-02-06 22:24:08,Mo oN,出ました。オーラの泉ですよ
2022-02-06 22:24:10,海乃,いつも後ろにいるのは誰なの？
2022-02-06 22:24:19,きまぐれ鉛筆,オーラは共感覚の一種かも
2022-02-06 22:24:19,牛丼屋の常連,オーラって勝手に見えちゃうもんなのかな
2022-02-06 22:24:21,Horatio7 ・。・,さっきから時々動画が止まるんですが霊ですか？
2022-02-06 22:24:21,85 25,自分の友達に見える人いるわ
2022-02-06 22:24:22,Azu -あず-,三輪さんがテレビでやってたやつか
2022-02-06 22:24:22,七騎士,夜手に違和感あって電気つけたらあしだかに手を噛みつかれてたって人いたなぁｗ
2022-02-06 22:24:24,櫻咲,共感覚かな？
2022-02-06 22:24:25,たぬ,ピンク
2022-02-06 22:24:26,レイヴン,ピンクだろ
2022-02-06 22:24:26,O.J.I.,黄土色？
2022-02-06 22:24:26,ドンブリ感情,黄色
2022-02-06 22:24:27,ひらり,ピンク
2022-02-06 22:24:27,foxですよ,ピンク
2022-02-06 22:24:27,あーりん,ピンク
2022-02-06 22:24:28,アトモスフィア,ピンク
2022-02-06 22:24:28,あるごん,水色！
2022-02-06 22:24:28,紅蝶伽,茶色
2022-02-06 22:24:28,Mo oN,あか
2022-02-06 22:24:28,ﾔｺｳ,ピンク
2022-02-06 22:24:28,TSUNA,茶色
2022-02-06 22:24:29,はこ,ピンク
2022-02-06 22:24:29,tumu,紫
2022-02-06 22:24:29,灰色珊瑚,黄色？
2022-02-06 22:24:29,†れおんちゃん†,ピンク
2022-02-06 22:24:30,牛丼屋の常連,黄金
2022-02-06 22:24:30,きまぐれ鉛筆,ピンク
2022-02-06 22:24:30,おともあいる,そりゃピンク
2022-02-06 22:24:31,アライラ,ピンク
2022-02-06 22:24:31,名無し,ピンク
2022-02-06 22:24:31,昼酒,ピンク！
2022-02-06 22:24:31,Azu -あず-,ピンク
2022-02-06 22:24:32,さいころ,虹！
2022-02-06 22:24:32,TT gedo,ぴんくかな？
2022-02-06 22:24:32,ドムドム,虹色
2022-02-06 22:24:32,八意ゆきの,黄色？
2022-02-06 22:24:32,ジョン,念能力？
2022-02-06 22:24:33,くりのす,茶色
2022-02-06 22:24:33,Pat Yel,黄色
2022-02-06 22:24:33,V-MAX,ピンク
2022-02-06 22:24:34,Centrum,ピンク
2022-02-06 22:24:34,マグロ丼,みどり！
2022-02-06 22:24:35,七騎士,板色
2022-02-06 22:24:35,優,黄色
2022-02-06 22:24:36,キチア,緑
2022-02-06 22:24:36,Gimu,ピンク
2022-02-06 22:24:36,星狼seirou,青
2022-02-06 22:24:38,ジックリ,ピンク
2022-02-06 22:24:38,foxですよ,ほんとは黄色
2022-02-06 22:24:39,Yui Sugar,黄色？
2022-02-06 22:24:41,灰色珊瑚,草
2022-02-06 22:24:42,さいおうが旨っ,ピンク
2022-02-06 22:24:42,Mo oN,あか
2022-02-06 22:24:44,seiichirou,は？
2022-02-06 22:24:45,いすといすと,黄色
2022-02-06 22:24:45,bandomusha,ピンク草
2022-02-06 22:24:45,七騎士,草
2022-02-06 22:24:46,牛丼屋の常連,頭がピンクｗｗ
2022-02-06 22:24:47,櫻咲,茶色
2022-02-06 22:24:48,O.J.I.,草
2022-02-06 22:24:48,きまぐれ鉛筆,圧倒的ピンク説で草
2022-02-06 22:24:49,foxですよ,えー
2022-02-06 22:24:52,海乃,ピンク寄りのオレンジ
2022-02-06 22:24:52,名無し,やっぱ陽キャじゃないか
2022-02-06 22:24:54,セラ,ミルワーム色
2022-02-06 22:24:54,ジョン,特質系
2022-02-06 22:24:54,foxですよ,陽キャだった
2022-02-06 22:24:54,あーりん,みんな同じ事考えてるw
2022-02-06 22:24:55,V-MAX,やはり陽キャ！
2022-02-06 22:24:55,優,やはり陽キャ？
2022-02-06 22:24:56,TT gedo,納得だわ＞オレンジ
2022-02-06 22:24:56,マグロ丼,金色！
2022-02-06 22:24:57,昼酒,ええやん
2022-02-06 22:24:58,キチア,やっぱ陽
2022-02-06 22:24:58,Horatio7 ・。・,やっぱ陽キャじゃん
2022-02-06 22:24:58,クマノコ,やっぱり陽キャじゃん
2022-02-06 22:24:59,櫻咲,陽じゃん
2022-02-06 22:25:00,紅蝶伽,陽キャかよ....こわ....
2022-02-06 22:25:01,ドンブリ感情,陽キャオレンジ
2022-02-06 22:25:03,さいころ,おじいちゃんは？
2022-02-06 22:25:05,灰色珊瑚,へー
2022-02-06 22:25:05,tumu,なんだただの陽キャかよ
2022-02-06 22:25:06,O.J.I.,俺か…
2022-02-06 22:25:07,V-MAX,怖い
2022-02-06 22:25:07,とりのそぼろ,まあ陽キャやしな
2022-02-06 22:25:10,はこ,…
2022-02-06 22:25:12,bandomusha,太陽みたいなオーラだな
2022-02-06 22:25:13,きまぐれ鉛筆,急にこわい
2022-02-06 22:25:14,昼酒,えっ。。。。
2022-02-06 22:25:17,Mo oN,赤紫はどういうこと？？
2022-02-06 22:25:18,くりのす,赤紫はどういう性質なの？
2022-02-06 22:25:20,85 25,死ぬ前の人は黒に近い色のオーラが見えるらしいよ
2022-02-06 22:25:22,牛丼屋の常連,見える子ちゃんじゃん
2022-02-06 22:25:24,たぬ,常連さん
2022-02-06 22:25:24,ドムドム,へー
2022-02-06 22:25:27,matyuu,オーラが黒いだけで差別しないでよ
2022-02-06 22:25:28,V-MAX,ストレートに怖い
2022-02-06 22:25:29,優,おっふ
2022-02-06 22:25:29,アトモスフィア,こわい
2022-02-06 22:25:31,八意ゆきの,急に怖くなるじゃん
2022-02-06 22:25:37,foxですよ,陰キャは黒・・・店入りたかったんよ‥‥
2022-02-06 22:25:39,レイヴン,自動ドア勝手に開いたりするのそれか
2022-02-06 22:25:41,いすといすと,オレンジ=ペットシーツに◯◯しそうな人?
2022-02-06 22:25:42,ジックリ,ずぶといな
2022-02-06 22:25:52,ドムドム,おれ赤紫だ
2022-02-06 22:25:59,くりのす,真面目なお母さん、苦労しただろうな
2022-02-06 22:26:04,タロウ,黒オーラへの風評被害
2022-02-06 22:26:04,V-MAX,０型なんだ
2022-02-06 22:26:04,灰色珊瑚,血液型納得
2022-02-06 22:26:06,Mo oN,えーー、一緒じゃん・・・
2022-02-06 22:26:09,アライラ,あ～っぽいわ～
2022-02-06 22:26:10,Azu -あず-,O型は解釈一致
2022-02-06 22:26:15,レイヴン,0型
2022-02-06 22:26:18,きまぐれ鉛筆,？？？「O型はおぅいええええいって言ってくれる」
2022-02-06 22:26:22,あーりん,まあ、うん、ネタとして楽しむ分には水はささない
2022-02-06 22:26:38,foxですよ,冝保さんはガチでしょ
2022-02-06 22:26:43,紅蝶伽,寺生まれのTさん
2022-02-06 22:26:44,V-MAX,チクチク言葉ｗ
2022-02-06 22:26:49,Azu -あず-,良くも悪くもよ
2022-02-06 22:26:50,ドンブリ感情,エハラマサヒロ
2022-02-06 22:26:52,七騎士,っぽいっぽい
2022-02-06 22:26:55,きまぐれ鉛筆,ぽいじゃんぽいじゃん～♪
2022-02-06 22:26:59,赤い雫,大らかで話を合わせるけど信じてないｗ
2022-02-06 22:27:01,キチア,あー…
2022-02-06 22:27:02,ひらり,ガチモンゲットだぜ！
2022-02-06 22:27:08,O.J.I.,ああ…
2022-02-06 22:27:09,foxですよ,みえちゃうんだな
2022-02-06 22:27:10,ジックリ,ぽいぽいー
2022-02-06 22:27:11,とりのそぼろ,そんなおるんかよｗｗ
2022-02-06 22:27:14,七騎士,こんなよのなかじゃ～♪
2022-02-06 22:27:16,V-MAX,えええ
2022-02-06 22:27:19,スマイル,ひぇ
2022-02-06 22:27:19,seiichirou,こわ
2022-02-06 22:27:22,牛丼屋の常連,見える弊害か
2022-02-06 22:27:22,クマノコ,えぇ
2022-02-06 22:27:24,きまぐれ鉛筆,こっっっわ
2022-02-06 22:27:27,とりのそぼろ,ぐう害悪
2022-02-06 22:27:27,あーりん,見えすぎる故に不便じゃの
2022-02-06 22:27:28,しゅう,ひぇぇ
2022-02-06 22:27:28,灰色珊瑚,こわすぎでしょ
2022-02-06 22:27:37,seiichirou,当たり屋の霊じゃん
2022-02-06 22:27:41,さいおうが旨っ,よく免許取れたな
2022-02-06 22:27:42,アトモスフィア,幽霊と人間の区別がつかないのか
2022-02-06 22:27:43,冥土,うぇ
2022-02-06 22:27:48,レイヴン,ペーパードライバー
2022-02-06 22:27:49,スマイル,さすがに免許センターには幽霊でないのか
2022-02-06 22:27:51,Horatio7 ・。・,全部霊だと思ってブレーキしなきゃおｋ
2022-02-06 22:27:52,灰色珊瑚,幽霊「ワイ無敵やん。閃いた」
2022-02-06 22:28:00,ひらり,みえるこちゃん
2022-02-06 22:28:01,Mo oN,見える子ちゃん
2022-02-06 22:28:02,とりのそぼろ,リアル見える子ちゃんやｂな
2022-02-06 22:28:04,matyuu,当たり屋の霊ってそもそも当たるのか
2022-02-06 22:28:05,ドンブリ感情,死んでも交通ルールは守ってクレメンス
2022-02-06 22:28:05,林啓太,うひゃあ
2022-02-06 22:28:07,V-MAX,見える子ちゃん
2022-02-06 22:28:07,名無し,見える子ちゃんw
2022-02-06 22:28:08,TT gedo,みえすぎちゃうのね
2022-02-06 22:28:08,ジックリ,免許返したほうがいいぞ
2022-02-06 22:28:09,星狼seirou,トンネルとかヤバそうですね
2022-02-06 22:28:12,774,監視カメラ見ると寄ってくタイプか
2022-02-06 22:28:13,O.J.I.,俺の姿も見えてしまうのか…
2022-02-06 22:28:13,sibusibuyanyan,みえるひと
2022-02-06 22:28:16,アトモスフィア,ガチで見える子ちゃんじゃん
2022-02-06 22:28:17,foxですよ,見えないことがしあわせ
2022-02-06 22:28:24,Mo oN,わい眼鏡だわーー
2022-02-06 22:28:25,あーりん,遠野
2022-02-06 22:28:27,sibusibuyanyan,魔眼殺しかよ
2022-02-06 22:28:29,85 25,月姫かな
2022-02-06 22:28:30,スマイル,直視の魔眼じゃん
2022-02-06 22:28:31,大加藤,幽霊だったら見える人間に近づきたいよね
2022-02-06 22:28:32,Yui Sugar,バイクに乗ってると、なんとなく後ろに座られた気がするときがありますね。
2022-02-06 22:28:33,TT gedo,光学的な事情なのは草
2022-02-06 22:28:33,seiichirou,車に除霊装置つけよう
2022-02-06 22:28:34,Azu -あず-,魔眼殺しみたいだ
2022-02-06 22:28:34,キチア,霊って分かってても多分ブレーキ踏んじゃうかも
2022-02-06 22:28:39,トカゲ,判別できないのは辛いかも
2022-02-06 22:28:43,さいおうが旨っ,眼鏡かけると見やすいって名取さんは言ってたけどなぁ（夏目の
2022-02-06 22:28:43,foxですよ,屈折とかなんか関係してるんかね
2022-02-06 22:28:45,赤い雫,それ危険予測と現実がゴッチャになっているだけ
2022-02-06 22:28:51,きまぐれ鉛筆,別に嘘つきじゃ無いと思う従姉妹が、運転中に見えるけど「自分に頼らないで」って振り払うらしい。理系だからよくわからない……
2022-02-06 22:28:53,seiichirou,チューニングが合っちゃうのか…
2022-02-06 22:28:55,Mo oN,心霊体験あります
2022-02-06 22:29:07,あーりん,うん
2022-02-06 22:29:14,ジックリ,波長が合うのかもしれん
2022-02-06 22:29:16,名無し,有名だね
2022-02-06 22:29:16,さいおうが旨っ,柏手な
2022-02-06 22:29:16,O.J.I.,もう分かった…
2022-02-06 22:29:17,クマノコ,:clapping_hands:
2022-02-06 22:29:17,774,:clapping_hands:
2022-02-06 22:29:19,牛丼屋の常連,:clapping_hands::clapping_hands::clapping_hands::clapping_hands::clapping_hands::clapping_hands::clapping_hands:
2022-02-06 22:29:19,あーりん,逆打ちの話？
2022-02-06 22:29:19,櫻咲,:clapping_hands:
2022-02-06 22:29:20,さいおうが旨っ,かしわで
2022-02-06 22:29:20,レイヴン,逆拍手
2022-02-06 22:29:20,ひらり,パンパン！？
2022-02-06 22:29:21,しゅん,:clapping_hands::clapping_hands::clapping_hands::clapping_hands::clapping_hands::clapping_hands::clapping_hands:
2022-02-06 22:29:22,maz,:clapping_hands::clapping_hands::clapping_hands::clapping_hands::clapping_hands:
2022-02-06 22:29:22,しゅう,:clapping_hands::clapping_hands::clapping_hands::clapping_hands:
2022-02-06 22:29:23,foxですよ,音の力
2022-02-06 22:29:24,cafe太郎,柏手ってやつ
2022-02-06 22:29:24,キチア,８８８８８８８
2022-02-06 22:29:24,スマイル,裏拍手しようぜ…
2022-02-06 22:29:24,海乃,裏拍手するね
2022-02-06 22:29:26,牛丼屋の常連,:clapping_hands::clapping_hands::clapping_hands::clapping_hands::clapping_hands::clapping_hands:
2022-02-06 22:29:27,tumu,:clapping_hands:
2022-02-06 22:29:27,ドンブリ感情,えっど
2022-02-06 22:29:27,くりのす,:clapping_hands:
2022-02-06 22:29:28,林啓太,カシワデね
2022-02-06 22:29:28,灰色珊瑚,拍手して音が響かない部屋は「いる」らしいで
2022-02-06 22:29:29,suguruization,太鼓とかもそうだよね
2022-02-06 22:29:30,アトモスフィア,:clapping_hands::clapping_hands::clapping_hands::clapping_hands::clapping_hands:
2022-02-06 22:29:31,ジョン,呪術廻戦で見た
2022-02-06 22:29:31,牛丼屋の常連,:clapping_hands::clapping_hands::clapping_hands::clapping_hands::clapping_hands:
2022-02-06 22:29:33,赤い雫,正確には柏手（かしわで）
2022-02-06 22:29:33,Gimu,:clapping_hands:
2022-02-06 22:29:34,トカゲ,:clapping_hands::clapping_hands::clapping_hands::clapping_hands::clapping_hands::clapping_hands:
2022-02-06 22:29:35,芳乃シンヤ,島○秀平さんが言ってましたね
2022-02-06 22:29:35,sibusibuyanyan,さすが御家柄 お詳しい
2022-02-06 22:29:36,微糖,:clapping_hands::clapping_hands::clapping_hands::clapping_hands::clapping_hands:
2022-02-06 22:29:37,あるごん,パンパンしたらいいんだね
2022-02-06 22:29:39,きまぐれ鉛筆,知らなかった
2022-02-06 22:29:41,ﾔｺｳ,手の甲と手の甲で拍手するといいらしい
2022-02-06 22:29:41,Pat Yel,ゖつたたくな
2022-02-06 22:29:42,ドンブリ感情,ほんこわ始まったな
2022-02-06 22:29:43,八意ゆきの,手の甲合わせるか
2022-02-06 22:29:43,セラ,パンパン？
2022-02-06 22:29:49,あーりん,うん
2022-02-06 22:29:49,レイヴン,逆拍手しようぜ
2022-02-06 22:29:50,星狼seirou,車にお札たくさん貼って、幽霊を轢き回しましょう！
2022-02-06 22:29:50,マグロ丼,:clapping_hands:
2022-02-06 22:29:50,おともあいる,パンパンしなきゃ
2022-02-06 22:29:51,とりのそぼろ,なんか聞いたことあるかも
2022-02-06 22:29:51,しゅう,へぇ
2022-02-06 22:29:53,foxですよ,肩が重いときは肩ぽんぽんするといいらしい
2022-02-06 22:29:53,Mo oN,へーー、なんで？？
2022-02-06 22:29:56,たぬ,なんで、ちょっとやってみて
2022-02-06 22:29:56,海乃,裏拍手したいー
2022-02-06 22:30:01,Azu -あず-,裏拍手しらなかった
2022-02-06 22:30:02,ジックリ,あれはだめ
2022-02-06 22:30:03,キチア,大塚愛で知った
2022-02-06 22:30:06,seiichirou,ぽんぽこがよくやってる奴じゃん
2022-02-06 22:30:09,matyuu,逆打ちはね、テレビのあれが
2022-02-06 22:30:10,ふじしろけい,高評価はなにを払うの？？
2022-02-06 22:30:10,昼酒,こっわ
2022-02-06 22:30:13,レイヴン,Mステにやってる人が映り込んでたってやつ
2022-02-06 22:30:15,スマイル,そういう系ならお憑かれ様ですが好き
2022-02-06 22:30:17,セラ,よくやってるけど何もないよ
2022-02-06 22:30:26,あーりん,何でじゃろうね？
2022-02-06 22:30:27,TT gedo,ふつうやらんやろ(震え声
2022-02-06 22:30:31,たんいモルモット,駄目と言われるとね・・・
2022-02-06 22:30:31,さいおうが旨っ,カシワデが響かないところはアカンってなんかで聞いた
2022-02-06 22:30:32,おこげこんがり,裏拍手しようとすると関節逝きそうになるから出来ない
2022-02-06 22:30:33,くりのす,自分死んでますってアピールになっちゃうのか
2022-02-06 22:30:34,Mo oN,みんなで邪気を払おう:clapping_hands:
2022-02-06 22:30:41,O.J.I.,お憑かれ様ですはマジで怖い
2022-02-06 22:30:46,Azu -あず-,そういう発想にならない
2022-02-06 22:30:47,ジョン,子供の頃からやりまくってたけど何もないよ
2022-02-06 22:30:57,ﾔｺｳ,え、人に除霊の方法としておそわったんやが。。。
2022-02-06 22:30:59,あーりん,ふんふん
2022-02-06 22:31:08,海乃,ノラくん怪談聞いてるの意外
2022-02-06 22:31:08,ジックリ,死に関係することは絶対にしてはならんよ
2022-02-06 22:31:20,foxですよ,いろんな解釈あってよくわからない
2022-02-06 22:31:45,matyuu,呪いかけられてるんじゃないか、教えられたって
2022-02-06 22:31:49,アトモスフィア,こっわ
2022-02-06 22:31:49,キチア,こっわ
2022-02-06 22:31:50,きまぐれ鉛筆,死者に対しては普段と逆のこと色々あるよね
2022-02-06 22:31:50,くりのす,こわ
2022-02-06 22:31:52,髄液,やべえ
2022-02-06 22:31:53,はこ,ええ
2022-02-06 22:31:53,TT gedo,ゾッとしちゃったじゃん
2022-02-06 22:31:54,たんいモルモット,こわ
2022-02-06 22:31:55,V-MAX,こっわ
2022-02-06 22:31:55,しゅう,こっわ
2022-02-06 22:31:56,牛丼屋の常連,こわ・・・
2022-02-06 22:31:57,あーりん,ん？
2022-02-06 22:31:57,微糖,あなたつかれるてのよ
2022-02-06 22:31:57,tumu,こわ
2022-02-06 22:31:58,八意ゆきの,こわ
2022-02-06 22:31:58,灰色珊瑚,こわ
2022-02-06 22:31:59,おともあいる,こっわ
2022-02-06 22:32:00,ドンブリ感情,こわ
2022-02-06 22:32:00,冥土,こわ
2022-02-06 22:32:01,O.J.I.,今ノラ漏らしてない
2022-02-06 22:32:01,海乃,水の音こわっ
2022-02-06 22:32:02,Centrum,狂いすぎてて怖い
2022-02-06 22:32:04,きまぐれ鉛筆,シンプルに怖い
2022-02-06 22:32:05,Gimu,こえぇー
2022-02-06 22:32:07,鈴木三郎,もらした？
2022-02-06 22:32:09,Mo oN,ん？それは島田さんが言ってたの？
2022-02-06 22:32:10,TT gedo,漏らしすぎて替えのパンツもうないんだけど
2022-02-06 22:32:12,綿雨くーりゃ,妄想膨らむわ
2022-02-06 22:32:16,ハンニバル,興奮してきた
2022-02-06 22:32:21,ジックリ,ハムちゃんか
2022-02-06 22:32:26,レイヴン,なにそれ島田さんへのドッキリ？
2022-02-06 22:32:26,matyuu,意識しないとできない動きだもんね
2022-02-06 22:32:30,さいおうが旨っ,島田の話は作り話って有吉が
2022-02-06 22:32:31,くりのす,島田さんもびっくりしちゃうよ
2022-02-06 22:32:33,マグロ丼,狂気じみてる
2022-02-06 22:32:38,あーりん,あー、すでに取り憑かれてるパターンね
2022-02-06 22:32:40,とりのそぼろ,島田さんの話こわいよね
2022-02-06 22:32:41,85 25,島田は有吉が脳裏に浮かぶんだよなぁｗ
2022-02-06 22:32:46,ジックリ,何がすご～いやねん
2022-02-06 22:33:01,あーりん,そうそう
2022-02-06 22:33:03,foxですよ,成立してればおｋ
2022-02-06 22:33:12,S E,リスナーからホラー募集してほしい
2022-02-06 22:33:18,さいおうが旨っ,島田ゲスト回のサンドリクッソ面白い
2022-02-06 22:33:23,ジックリ,気にしなくてもいい
2022-02-06 22:33:25,キチア,呪い系は現実味あるよね
2022-02-06 22:33:26,星狼seirou,呪術でありますね
2022-02-06 22:33:31,foxですよ,呪物はよくあるぞ
2022-02-06 22:33:34,クマノコ,いいね！
2022-02-06 22:33:38,V-MAX,いいね！
2022-02-06 22:33:38,Mo oN,夏じゃなくてもいいぞ
2022-02-06 22:33:39,灰色珊瑚,いいっすね～
2022-02-06 22:33:39,ジョン,特級呪物だ
2022-02-06 22:33:40,ジックリ,ありそうな感じするよね
2022-02-06 22:33:42,星狼seirou,え、良いの？
2022-02-06 22:33:43,しゅう,いいねぇー
2022-02-06 22:33:43,タロウ,シャンプーしてるときに後ろ向けなくなる
2022-02-06 22:33:44,牛丼屋の常連,リスナー募集はありそうだね
2022-02-06 22:33:44,おともあいる,いいやん
2022-02-06 22:33:44,foxですよ,いいね～
2022-02-06 22:33:44,アトモスフィア,いいね
2022-02-06 22:33:44,DuxRyK 【デューク】,いいね
2022-02-06 22:33:44,名無しめん,いいね
2022-02-06 22:33:44,Azu -あず-,いいですね
2022-02-06 22:33:45,キチア,ええねい〜
2022-02-06 22:33:46,スマイル,いいねぇ
2022-02-06 22:33:46,seiichirou,両面宿儺とかね
2022-02-06 22:33:46,たぬ,どっかのVが定期的にやってるね
2022-02-06 22:33:46,赤い雫,コケシもそんな創作できそう
2022-02-06 22:33:49,Gimu,いいね
2022-02-06 22:33:51,foxですよ,Ｄよぼうぜｗ
2022-02-06 22:33:53,G hunter,ナイスアイディア
2022-02-06 22:33:54,名無し,いいね
2022-02-06 22:33:54,八意ゆきの,おもろそう
2022-02-06 22:33:54,suguruization,いいね
2022-02-06 22:33:55,微糖,深層百物語
2022-02-06 22:33:57,あーりん,1人かくれんぼ的なのやる？
2022-02-06 22:33:57,きまぐれ鉛筆,貧乏神が強化されない？
2022-02-06 22:33:58,Azu -あず-,DWUお嬢よんだらリアクションいいよ
2022-02-06 22:33:59,冥土,面白そう
2022-02-06 22:34:00,O.J.I.,お嬢は絶対呼ぼう（怖がらせ枠として
2022-02-06 22:34:00,名無しめん,ホラー特番たのしみ
2022-02-06 22:34:02,キチア,あるにはある
2022-02-06 22:34:04,セラ,心霊写真も募集して！
2022-02-06 22:34:05,Mo oN,わい、あります。
2022-02-06 22:34:05,昼酒,やばい話が集まりそう
2022-02-06 22:34:06,352万の男　※カウントダウン11,いいっすね〜
2022-02-06 22:34:12,DAISUKE K,夏じゃなくてもやってほしい
2022-02-06 22:34:12,クマノコ,即帰りそうｗ
2022-02-06 22:34:14,おともあいる,お嬢よんだら泣きそうｗｗ
2022-02-06 22:34:15,灰色珊瑚,リアクション面白そう
2022-02-06 22:34:15,ふじしろけい,１個あるな
2022-02-06 22:34:17,スマイル,Dお姉さまリアクション最高そう
2022-02-06 22:34:17,Centrum,ノラ川淳二
2022-02-06 22:34:17,DLR瀬戸口,絶対拒否されそう
2022-02-06 22:34:18,TT gedo,お嬢はリアクション良さそうｗ
2022-02-06 22:34:19,85 25,Dには黙って呼ばないと来ないなｗ
2022-02-06 22:34:19,きまぐれ鉛筆,面白そうではある
2022-02-06 22:34:19,ドンブリ感情,DWUガチ泣きしそうだな
2022-02-06 22:34:20,名無しめん,DWUお嬢のリアクションはいいね
2022-02-06 22:34:23,あーりん,百物語？
2022-02-06 22:34:24,冥土,巻き込まれて草
2022-02-06 22:34:25,星狼seirou,生き人形とか呪い振り撒くのはやめてね
2022-02-06 22:34:28,アライラ,なんとなくみくるちゃんガチなのありそう
2022-02-06 22:34:30,おこげこんがり,零感だから全くそういう体験がない
2022-02-06 22:34:31,セラ,心霊写真
2022-02-06 22:34:33,Mizoreya,こっわ
2022-02-06 22:34:34,レイヴン,うちも引っ越しの時にいらないもの引き取ってもらった家の人みんな亡くなったってのがあったよあれが呪物ってやつだったのかな
2022-02-06 22:34:36,G hunter,ひとりかくれんぼはやばいやばい・・・・・・
2022-02-06 22:34:36,鈴木三郎,運営に止められているのにガチャ引く人の話とかでもいい
2022-02-06 22:34:37,foxですよ,それこわいよｗ
2022-02-06 22:34:37,O.J.I.,お嬢ファスモフォビアで動けなくなるくらいだから
2022-02-06 22:34:37,TT gedo,え？
2022-02-06 22:34:38,Mo oN,こわ
2022-02-06 22:34:39,seiichirou,百物語形式？
2022-02-06 22:34:39,大加藤,こわ
2022-02-06 22:34:40,海乃,嘘企画で騙して連れてこないと来ない
2022-02-06 22:34:41,V-MAX,あれ怖かった
2022-02-06 22:34:42,クマノコ,それはマジでこわいんよ
2022-02-06 22:34:44,S E,人間が怖い系もいいですね、、、
2022-02-06 22:34:46,matyuu,ほんとに怖い系ありか
2022-02-06 22:34:46,tumu,こっわw
2022-02-06 22:34:47,ジックリ,お嬢が絞め殺してきそう
2022-02-06 22:34:48,ヒャッハー小島,墓場で火の玉発見！！！と思ったら蛍だった位しかないw
2022-02-06 22:34:51,Gimu,なにそれコワい
2022-02-06 22:34:51,くりのす,百物語やろ
2022-02-06 22:34:53,名無しめん,ドッキリだね
2022-02-06 22:34:53,きまぐれ鉛筆,怖さの方向が予測つなかくていいね
2022-02-06 22:34:54,しゅう,こわw
2022-02-06 22:34:54,foxですよ,夏に向けて話つくるか・・・
2022-02-06 22:34:57,微糖,お嬢不憫かわいい
2022-02-06 22:34:59,冥土,ぜひやってw
2022-02-06 22:35:01,スマイル,ヤバい話（嘘はいってない）
2022-02-06 22:35:11,レイヴン,百物語やるか
2022-02-06 22:35:11,優,人間が一番怖いんだよなぁ
2022-02-06 22:35:13,あーりん,りょ
2022-02-06 22:35:15,赤い雫,かわいい子の家に行ったら祖父が893だったとかね
2022-02-06 22:35:25,foxですよ,１１月
2022-02-06 22:35:32,海乃,深層組ドッキリやって欲しい〜
2022-02-06 22:35:42,DuxRyK 【デューク】,多分話してないね
2022-02-06 22:35:43,大加藤,1番怖い
2022-02-06 22:35:46,自称ねこ耳,スタジオって場所はそういうの呼ぶってよく聞きますけど､お嬢ってそういう体験したことないのかな？
2022-02-06 22:35:46,きまぐれ鉛筆,配信でも聞いたよでも聞く
2022-02-06 22:35:50,ton ton,ノラ君が怖い！
2022-02-06 22:35:51,ドンブリ感情,引っ越してすぐ滞納したのこわすぎ
2022-02-06 22:35:58,優,あれ、そんな直近だったん！？
2022-02-06 22:35:59,くりのす,怪談よりも怖い
2022-02-06 22:36:00,さいおうが旨っ,え？引っ越して早々家賃滞納したの??それが怖いんだけど
2022-02-06 22:36:04,スマイル,４階はあかん
2022-02-06 22:36:04,名無しめん,こっちでもきいたかな
2022-02-06 22:36:05,Yui Sugar,セツさんの怖いもの話をしてるときに、立てかけてあった木材が倒れて怖かったです。
2022-02-06 22:36:12,櫻咲,11月頃だとは思ってなかった
2022-02-06 22:36:17,foxですよ,4階普通じゃ入れない家
2022-02-06 22:36:22,クマノコ,11月は新情報
2022-02-06 22:36:23,名無しめん,ＹｏｕＴｕｂｅだね、きいたの
2022-02-06 22:36:34,Azu -あず-,結構最近だったのね
2022-02-06 22:36:37,名無しめん,日付はきいてなかったかな
2022-02-06 22:36:40,灰色珊瑚,こわすぎる
2022-02-06 22:37:00,きまぐれ鉛筆,そんな深夜だったんだ
2022-02-06 22:37:02,ドンブリ感情,ｶﾀｯ
2022-02-06 22:37:03,zen echi,配信でも話してたで、この前の怪談
2022-02-06 22:37:16,スマイル,鉄板ネタきたな
2022-02-06 22:37:21,名無しめん,深夜こわいな
2022-02-06 22:37:22,ヤマ,言ってたやつか、怖いよね
2022-02-06 22:37:28,キチア,時期については初めて聞いたわ
2022-02-06 22:37:31,ドンブリ感情,APEXはじまったな
2022-02-06 22:37:42,優,うおおおおお
2022-02-06 22:37:47,Mizoreya,こわすぎ
2022-02-06 22:37:48,seiichirou,おいおい
2022-02-06 22:37:48,あーりん,は？
2022-02-06 22:37:49,DLR瀬戸口,日本？
2022-02-06 22:37:51,さいおうが旨っ,ええ
2022-02-06 22:37:52,TSUNA,こえええ
2022-02-06 22:37:52,-あずさ,こわっ
2022-02-06 22:37:53,名無し,ﾋｪｯ
2022-02-06 22:37:54,Centrum,ｶﾞﾁ強盗じゃねーかｗ
2022-02-06 22:37:55,V-MAX,これ本当に怖い
2022-02-06 22:37:56,TT gedo,こっわ
2022-02-06 22:37:56,おこげこんがり,！？
2022-02-06 22:37:57,774,にんげんこわすぎる
2022-02-06 22:37:58,たんいモルモット,怖すぎる…
2022-02-06 22:37:58,ヒャッハー小島,怖すぎる
2022-02-06 22:38:02,ジックリ,ほわー!?
2022-02-06 22:38:03,林啓太,この話ほんまこわい
2022-02-06 22:38:03,あーりん,即通報だわ
2022-02-06 22:38:09,名無しめん,窃盗っていうか、ストーカーじゃない
2022-02-06 22:38:10,灰色珊瑚,やばいやばい
2022-02-06 22:38:12,maz,４階だもんなあ
2022-02-06 22:38:13,DuxRyK 【デューク】,これまじで怖い
2022-02-06 22:38:15,tumu,怖いけどwwww
2022-02-06 22:38:16,たぬ,つよいwww
2022-02-06 22:38:17,さいおうが旨っ,ドアストッパー事件じゃん・・・こっわ
2022-02-06 22:38:18,スマイル,これの怖いところは叫んでても入ってこようとするとこ…
2022-02-06 22:38:19,けたろう,こわすぎ
2022-02-06 22:38:19,灰色珊瑚,犯罪者じゃねえか！
2022-02-06 22:38:21,しゅう,ヤバいやん
2022-02-06 22:38:22,きまぐれ鉛筆,ああ４階だから鍵かけてなかったのか……
2022-02-06 22:38:22,O.J.I.,怖い怖い
2022-02-06 22:38:23,マグロ丼,えぐw
2022-02-06 22:38:33,あーりん,先ず刃物:kitchen_knife:取りに行った方がいい
2022-02-06 22:38:36,V-MAX,ここ凄いリアル
2022-02-06 22:38:36,85 25,４階でも入ってこようのするのか…
2022-02-06 22:38:37,matyuu,そのおっさんどうやって帰ったんだろう
2022-02-06 22:38:37,ジックリ,すっごいな
2022-02-06 22:38:38,綿雨くーりゃ,リアル犯罪は笑えないやつ
2022-02-06 22:38:39,O.J.I.,手練れじゃないか
2022-02-06 22:38:40,とりのそぼろ,1人だったらどうなってたんだ
2022-02-06 22:38:41,TT gedo,目撃者が増えると手間が増えるからな。あっぶね
2022-02-06 22:38:43,クマノコ,怖いのもあるけど悲しくなる…
2022-02-06 22:38:46,seiichirou,110番案件
2022-02-06 22:38:46,Mizoreya,居なかったら押し入られてたやーつ
2022-02-06 22:38:47,Centrum,一人だけならそのまま口封じする予定だったのかな
2022-02-06 22:38:48,Mo oN,ん？通報した？？
2022-02-06 22:38:50,トカゲ,こわすぎるやろ
2022-02-06 22:38:51,ドンブリ感情,ものほしちゃんです
2022-02-06 22:38:51,タロウ,ストーカー？
2022-02-06 22:38:51,-あずさ,一人暮らしの女性は安すぎる場所に住むのはやはり危険だよなあ
2022-02-06 22:38:52,Gimu,
2022-02-06 22:38:55,名無しめん,手練れすぎる
2022-02-06 22:38:55,TSUNA,気をつけてもろて
2022-02-06 22:38:56,微糖,何回聞いてもこわすぎる
2022-02-06 22:39:05,灰色珊瑚,そういう強盗の手口あるらしいね
2022-02-06 22:39:06,Mo oN,普通に襲われそうだったじゃん
2022-02-06 22:39:10,ジックリ,通報はした?
2022-02-06 22:39:10,あーりん,ストーカーか物取りだな
2022-02-06 22:39:11,85 25,そういえば、うちの実家も鍵とか閉めないなぁ
2022-02-06 22:39:14,きまぐれ鉛筆,ノラくん両手両足使って粘ったの地味に凄い
2022-02-06 22:39:16,くりのす,動きが効率的すぎる
2022-02-06 22:39:16,foxですよ,最近あった事件みたいだな・・・下の住人が襲いに来たアレ・・・
2022-02-06 22:39:20,matyuu,プロの手口か
2022-02-06 22:39:28,ドンブリ感情,総当り式あるんだ
2022-02-06 22:39:43,名無しめん,最近配信者がなくなった事件があったからこわい
2022-02-06 22:39:49,seiichirou,指紋か
2022-02-06 22:39:49,あーりん,ベランダの時点で落とすわ、そんなん見たら
2022-02-06 22:39:53,Lemon,鑑識さん
2022-02-06 22:39:55,けぷる,今日イチ怖い話やん。
2022-02-06 22:39:57,Mizoreya,アルミ粉末な
2022-02-06 22:39:59,ジックリ,パルクールでもしてんのかよ
2022-02-06 22:40:04,suguruization,ひるまなかったのは一人くらいならなんとかなるってことだよね　こわ
2022-02-06 22:40:10,さいおうが旨っ,ドアストッパー事件ってのが最近あったから用心してくれ
2022-02-06 22:40:12,アライラ,犯人もアスリート並みの運動神経だな
2022-02-06 22:40:12,微糖,リアルファスモフォビア
2022-02-06 22:40:19,あーりん,いや、マジでな
2022-02-06 22:40:21,クマノコ,友達叫んでくれてありがとう
2022-02-06 22:40:25,しゅう,ほんとそれ
2022-02-06 22:40:26,八意ゆきの,運がいい
2022-02-06 22:40:30,bandomusha,凶悪犯だったらほんと無理やり押し入ってきそうで怖いな
2022-02-06 22:40:30,Mo oN,まじで用心してくれ
2022-02-06 22:40:31,TT gedo,事件は起きるときは一瞬だからな。こわあ
2022-02-06 22:40:37,芳乃シンヤ,ヒトコワ
2022-02-06 22:40:38,あるごん,怖いなあ
2022-02-06 22:40:39,foxですよ,人間が怖いってことですねこれは・・・
2022-02-06 22:40:39,・。・,一番怖いのは人間
2022-02-06 22:40:42,ヤス,この話怖いね
2022-02-06 22:40:43,Gimu,人間が一番コワい
2022-02-06 22:40:44,ジックリ,友達は大事にしなきゃね
2022-02-06 22:40:49,タロウ,４階だと油断しちゃうよね
2022-02-06 22:40:50,レイヴン,人間が一番こわい
2022-02-06 22:40:52,赤い雫,2～4階は気を付けて　やる気なら飛べる
2022-02-06 22:40:52,スマイル,友達も何か蟲の知らせあったのかもなぁｗ
2022-02-06 22:40:53,Mizoreya,その日にガチャ引いてたら当たってただろうな
2022-02-06 22:40:53,TSUNA,今配信してないかもな
2022-02-06 22:40:57,あーりん,身体か
2022-02-06 22:40:57,ドンブリ感情,家でだめなら気をつけようがないわ
2022-02-06 22:40:59,優,わーお
2022-02-06 22:40:59,灰色珊瑚,強盗とか泥棒とかは身体能力に自身ある人が多い（だからやる）から気をつけなきゃね
2022-02-06 22:41:01,774,不幸中の幸いだったな
2022-02-06 22:41:04,さいおうが旨っ,でしょうね・・
2022-02-06 22:41:04,名無しめん,からだか
2022-02-06 22:41:05,ヤス,！！！！
2022-02-06 22:41:11,とりのそぼろ,こえー
2022-02-06 22:41:12,foxですよ,体めあて！！！！
2022-02-06 22:41:12,しゅう,うわぁ…
2022-02-06 22:41:12,林啓太,危なかったね……
2022-02-06 22:41:16,大加藤,ひぇぇ
2022-02-06 22:41:16,seiichirou,登りやすい様な構造だったのか？
2022-02-06 22:41:19,クマノコ,犯人呪われろ
2022-02-06 22:41:21,bandomusha,見られてもすぐ逃げない時点でそういう事だよな…
2022-02-06 22:41:21,85 25,ノラ一人だったらマジで危なかったな…まず見てないし…
2022-02-06 22:41:24,ジックリ,ノラくんもお友達も生きててよかった
2022-02-06 22:41:24,六尺野郎,いきなりカーテン開けられないように気を付けないとな……
2022-02-06 22:41:25,Mo oN,男もヤラレル
2022-02-06 22:41:25,ナシロNashiro,こわい…
2022-02-06 22:41:28,おこげこんがり,うちのねぇちゃんが言ってた。男物の下着や服を干しとくとそれだけで防犯になるって
2022-02-06 22:41:28,名無しめん,金品だと4階までいかんよな
2022-02-06 22:41:30,ドンブリ感情,胸も金品もないわよ！！
2022-02-06 22:41:32,キチア,俺も身体狙われたらどうしよう
2022-02-06 22:41:32,foxですよ,学生は金ないのにな・・・
2022-02-06 22:41:35,鈴木三郎,体目当てならワンちゃん助かってたかもしれない
2022-02-06 22:41:35,ハンニバル,やっぱり女の子じゃないか！
2022-02-06 22:41:37,芳乃シンヤ,女好きな不審者が一番こえぇ
2022-02-06 22:41:38,maz,学校の近くの角部屋；；
2022-02-06 22:41:43,seiichirou,夏なんか怖いね
2022-02-06 22:41:44,tumu,確認したら窓鍵閉まってなかったこっわ
2022-02-06 22:41:45,Lemon,むかし、放送局員の連続犯がいたなあ
2022-02-06 22:41:46,あーりん,男はヘーキじゃろ
2022-02-06 22:41:48,灰色珊瑚,草
2022-02-06 22:41:48,きまぐれ鉛筆,あるんだよねって……勘弁してくれなくしてくれ……
2022-02-06 22:41:49,あるごん,男性の方が不用心だから被害多いらしい
2022-02-06 22:41:57,名無しめん,男すきもいるしな
2022-02-06 22:42:04,foxですよ,:male_sign:アーーーー
2022-02-06 22:42:05,ton ton,男でも・・・・！？
2022-02-06 22:42:07,海乃,お腹痛くなってきた
2022-02-06 22:42:09,TT gedo,男女問わずシンプル危険だからな
2022-02-06 22:42:11,クマノコ,そりゃトラウマなるよ…
2022-02-06 22:42:20,G hunter,亡くなった爺さんが守ってくれたのかも
2022-02-06 22:42:23,Mizoreya,穴さえあれば良い手合い
2022-02-06 22:42:27,Centrum,ノンケでも構わず…
2022-02-06 22:42:29,TSUNA,警察犬対応にもなるしな。雨
2022-02-06 22:42:30,あーりん,同じ状況の場合大抵の事は正当防衛じゃろ？
2022-02-06 22:42:31,星狼seirou,わりと昔、高層マンションの空き巣は流行っていましたね。(高層の階ではベランダから人が入らないと思い施錠しない人が多いから)
2022-02-06 22:42:31,たぬ,今見てみ？居るかもよ
2022-02-06 22:42:34,牛丼屋の常連,ヒェ
2022-02-06 22:42:42,六尺野郎,雨の日は濡れるから帰りに目立つんだよな
2022-02-06 22:42:44,レイヴン,ベランダに足跡…妙だな
2022-02-06 22:42:53,Mizoreya,窓の外が気にならないか？
2022-02-06 22:42:54,しゅう,今日１怖いやんw
2022-02-06 22:42:54,牛丼屋の常連,今もベランダからごきげんようしてるかもしれんよ？
2022-02-06 22:42:54,foxですよ,カーテンを開けると
2022-02-06 22:42:56,八意ゆきの,洒落になってない怖い話
2022-02-06 22:42:57,seiichirou,ベランダ伝いに来たのか
2022-02-06 22:43:03,S E,オートロックのマンションは防犯意識が薄れるから狙いやすいっていう
2022-02-06 22:43:04,ドンブリ感情,野生のスネーク
2022-02-06 22:43:07,あーりん,仮に相手が死んでも多分正当防衛かと？
2022-02-06 22:43:09,灰色珊瑚,ガチ怖い話やん
2022-02-06 22:43:16,ひらり,だからスペースで寝て・・・
2022-02-06 22:43:17,foxですよ,それで夜中スペースしてるんか
2022-02-06 22:43:18,matyuu,ベランダつながってるもんなぁ
2022-02-06 22:43:21,タロウ,そこにノラくんが住んでるの知ってたのかな
2022-02-06 22:43:22,クリアマインド,今確認してみよ
2022-02-06 22:43:24,スズキ雲,ミルワーム食べる女も怖くね？
2022-02-06 22:43:29,あーりん,その方がいい
2022-02-06 22:43:29,あるごん,外から音しない？
2022-02-06 22:43:30,海乃,人間がいっちゃん怖い
2022-02-06 22:43:30,微糖,だからスペースで寝落ちを...
2022-02-06 22:43:30,大加藤,4階まで登って来るのが怖い
2022-02-06 22:43:31,TT gedo,てぇてぇと言いたいところだが素直に怖い
2022-02-06 22:43:33,ジックリ,だからやけにスペースをするのか
2022-02-06 22:43:35,O.J.I.,スペースは防犯も兼ねてたのか！
2022-02-06 22:43:45,レイヴン,今日もスペースか
2022-02-06 22:43:54,foxですよ,スペースつけっぱなしで安心して寝て
2022-02-06 22:43:54,ドンブリ感情,自動小銃も設置しよう
2022-02-06 22:44:00,seiichirou,4階までどうやって来たんだろ
2022-02-06 22:44:01,スマイル,スペース防犯は草
2022-02-06 22:44:05,774,幽霊はある程度ルール守るけど人間ルール無用だから
2022-02-06 22:44:07,キチア,そりゃ不安にもなるわ…
2022-02-06 22:44:07,あーりん,頭おかしいのたまにいるからなぁ
2022-02-06 22:44:09,おこげこんがり,やっぱ実際の人間が一番怖い
2022-02-06 22:44:13,スズキ雲,玄関に代紋付ければ？
2022-02-06 22:44:13,クマノコ,しゃーないな今日も一緒に寝るか
2022-02-06 22:44:15,V-MAX,スペース防犯いいね
2022-02-06 22:44:17,灰色珊瑚,これで撒き菱でも撒いといてください
2022-02-06 22:44:17,赤い雫,ベッド横に長物置いといたいいね
2022-02-06 22:44:19,DuxRyK 【デューク】,一生もんのトラウマになりそう
2022-02-06 22:44:34,foxですよ,スペースやってて襲われても俺らなにもできなくね？
2022-02-06 22:44:39,タロウ,ノラくんが夜のひとりぼっちいやがる理由わかった気がするよ
2022-02-06 22:44:43,スズキ雲,ノラーラって、24歳ぐらい？
2022-02-06 22:44:46,maz,マキビシ草
2022-02-06 22:44:47,Horatio7 ・。・,まきびしｗ
2022-02-06 22:44:49,名無し,まきびし草
2022-02-06 22:44:51,Azu -あず-,マキビシ草
2022-02-06 22:44:52,海乃,にんにん
2022-02-06 22:44:52,もりそば,夜の猥談かとおもたら怪談だった
2022-02-06 22:44:54,TSUNA,イエスにんにん
2022-02-06 22:44:54,赤い雫,有刺鉄線も有効
2022-02-06 22:44:55,とりのそぼろ,じゃきんじゃきん
2022-02-06 22:44:59,星狼seirou,にんじゃりばんばん！
2022-02-06 22:45:01,TT gedo,かざまどの！？
2022-02-06 22:45:02,85 25,むしろよく克服したよ
2022-02-06 22:45:08,レイヴン,イエス忍者ノージャキンジャキン
2022-02-06 22:45:09,キチア,ノラ二人分じゃん
2022-02-06 22:45:10,Gimu,とめるのポスザーもよく考えるとコワい
2022-02-06 22:45:11,林啓太,そうだね？
2022-02-06 22:45:12,ドンブリ感情,かざまどの！？
2022-02-06 22:45:14,スマイル,１２歳…？はて…？
2022-02-06 22:45:14,クリアマインド,イエス、じゃきんじゃきん
2022-02-06 22:45:16,さいおうが旨っ,結局生きてる人間が一番怖いということでね
2022-02-06 22:45:16,優,草
2022-02-06 22:45:17,もりそば,12才ならおもらしも仕方ねぇな
2022-02-06 22:45:18,V-MAX,まきびし！
2022-02-06 22:45:23,アトモスフィア,ノラ×２
2022-02-06 22:45:28,ジックリ,まことに〜?
2022-02-06 22:45:28,Azu -あず-,12歳バリアー
2022-02-06 22:45:30,TT gedo,まきびしは便利かもな。この場合
2022-02-06 22:45:30,お町サガ,12歳はゲーセンバイトできない
2022-02-06 22:45:31,あーりん,罠って致死性がある場合ダメなんかな？
2022-02-06 22:45:31,セラ,アパート契約、、、、
2022-02-06 22:45:32,たぬ,ノラーラは霊来ないけど、ストーカーは引きつけるから
2022-02-06 22:45:39,スズキ雲,12歳で襲われたら怖いな
2022-02-06 22:45:40,ドンブリ感情,配信者がリスナーに刺された事件あったみたいだね
2022-02-06 22:45:41,きまぐれ鉛筆,護身用ロボ誰か早く開発してほしい
2022-02-06 22:45:44,さいおうが旨っ,ポスザーも開けてたら襲われてたんだろうね
2022-02-06 22:45:45,Mo oN,まぁ、普通にきをつけろよな
2022-02-06 22:45:46,牛丼屋の常連,実際に防犯カメラに写ってたらそれはそれで恐い
2022-02-06 22:45:47,そら,どうせお嬢様にバラされる
2022-02-06 22:45:48,キチア,なにそれ？
2022-02-06 22:45:48,たぬ,なにそれ
2022-02-06 22:45:48,V-MAX,知らない
2022-02-06 22:45:50,あーりん,知らない
2022-02-06 22:45:50,くりのす,なにそれ
2022-02-06 22:45:50,星狼seirou,しらん
2022-02-06 22:45:51,tumu,？
2022-02-06 22:45:51,foxですよ,カブトムシ事件？
2022-02-06 22:45:53,微糖,あーはいはい
2022-02-06 22:45:53,名無しめん,？
2022-02-06 22:45:54,もりそば,カブトムシで盗みに入られたヤツ？
2022-02-06 22:45:55,Mo oN,知らない
2022-02-06 22:45:56,matyuu,トラップだ
2022-02-06 22:45:56,八意ゆきの,特定のやつ？
2022-02-06 22:45:56,しゅう,知らない
2022-02-06 22:45:56,林啓太,あー
2022-02-06 22:45:57,冥土,しらない
2022-02-06 22:45:57,Mizoreya,かぶとむし美味しいですよね
2022-02-06 22:45:58,さいおうが旨っ,玄関のやつか
2022-02-06 22:45:59,クマノコ,4つ目の怪談として書いておこう
2022-02-06 22:45:59,林啓太,知ってる
2022-02-06 22:45:59,きまぐれ鉛筆,知らない
2022-02-06 22:46:00,海乃,知らない〜
2022-02-06 22:46:00,ton ton,遊戯王盗まれたあれ？
2022-02-06 22:46:00,マグロ丼,なにそれ？
2022-02-06 22:46:00,ArmoredGatto ,？
2022-02-06 22:46:00,レイヴン,カブトムシで特定されるやつな
2022-02-06 22:46:03,おともあいる,トラップだ
2022-02-06 22:46:03,たぬ,あー
2022-02-06 22:46:04,seiichirou,住所特定のやつか
2022-02-06 22:46:05,DAISUKE K,しってる
2022-02-06 22:46:07,Gimu,知らない
2022-02-06 22:46:08,Centrum,ああ、目印にするやつ
2022-02-06 22:46:08,灰色珊瑚,ネットトラップこわ
2022-02-06 22:46:08,セラ,しっとる
2022-02-06 22:46:10,海乃,あ！聞いたことある！！
2022-02-06 22:46:12,さいおうが旨っ,時間特定するやつだよね
2022-02-06 22:46:12,Horatio7 ・。・,あー特定するやつか
2022-02-06 22:46:12,ジックリ,?
2022-02-06 22:46:13,大加藤,住所特定目的のやつかな
2022-02-06 22:46:14,鈴木三郎,ツイッターの反応見て住所特定するやつ
2022-02-06 22:46:15,たぬ,Twitter報告したらアウトか
2022-02-06 22:46:15,無限胃袋,特定方法ね
2022-02-06 22:46:16,O.J.I.,あー住所特定されるやつ
2022-02-06 22:46:16,赤い雫,クワガタならしってるｗ
2022-02-06 22:46:17,774,特定する奴だ
2022-02-06 22:46:18,そら,よく使うテクニックやね
2022-02-06 22:46:19,くりのす,あー、なるほど
2022-02-06 22:46:19,Azu -あず-,あー、特定するやつか
2022-02-06 22:46:19,ブシドローアロマー,あー懐かしい
2022-02-06 22:46:20,とりのそぼろ,あーカニ落としてあるやつならみたなあ
2022-02-06 22:46:20,八意ゆきの,ツイッタラーの特性を利用した手口
2022-02-06 22:46:22,キチア,あーなるほどね
2022-02-06 22:46:23,85 25,あーね
2022-02-06 22:46:23,seiichirou,変なぬいぐるみとかね
2022-02-06 22:46:26,matyuu,窃盗団の手口だよな
2022-02-06 22:46:29,あーりん,あー、その手口有名だわ
2022-02-06 22:46:31,Mizoreya,あー住所特定するやつか
2022-02-06 22:46:32,名無し,特定する手法であるね
2022-02-06 22:46:33,名無しめん,特定するのか
2022-02-06 22:46:34,牛丼屋の常連,そういう特定かｗｗｗ
2022-02-06 22:46:35,ジョン,あっ…
2022-02-06 22:46:37,クマノコ,うわぁ…
2022-02-06 22:46:37,TT gedo,特定班だな
2022-02-06 22:46:42,灰色珊瑚,借金取りとか強盗とかがやるやつやん
2022-02-06 22:46:45,Centrum,反応した奴の家を特定する知能犯
2022-02-06 22:46:48,キチア,それで答え合わせするのね
2022-02-06 22:46:49,スズキ雲,aiko？？
2022-02-06 22:46:50,Mirror,コレクターが被害あってたやつ
2022-02-06 22:46:51,あるごん,へえかしこい
2022-02-06 22:46:52,名無しめん,悪いこと思いつくね
2022-02-06 22:46:53,tumu,プロじゃん
2022-02-06 22:46:54,冥土,こわw
2022-02-06 22:46:54,たんいモルモット,ずる賢い・・・
2022-02-06 22:46:58,タロウ,無駄に利口だな
2022-02-06 22:46:58,ひろ-,変なもの落としてツイッターを特定する手口
2022-02-06 22:47:01,レイヴン,キャバ嬢に食べかけドーナツ渡して特定したやつもいたぞ
2022-02-06 22:47:03,たぬ,やられてるのか？www
2022-02-06 22:47:03,さいおうが旨っ,遊戯王のカード数百万盗まれたんだっけ其
2022-02-06 22:47:05,ラスカル山田,部屋の中にクワガタがいた事あるけど
2022-02-06 22:47:05,Gimu,あくどい手口だな
2022-02-06 22:47:07,ジックリ,めっちゃ怖いじゃん
2022-02-06 22:47:08,海乃,悪知恵働きすぎでしょ
2022-02-06 22:47:09,あるごん,頭いいね
2022-02-06 22:47:09,アトモスフィア,発想はすごいな
2022-02-06 22:47:09,S E,え カブトムシ昔家前にいてtwitterにあげたよ...
2022-02-06 22:47:12,名無しめん,現在の手口だな
2022-02-06 22:47:12,Mo oN,まじかよ・・・
2022-02-06 22:47:19,あーりん,やられてた？
2022-02-06 22:47:19,もりそば,プラケースと識別番号ないと帰ってこないだろうなぁアレ
2022-02-06 22:47:20,海乃,！？
2022-02-06 22:47:20,maz,ひえ
2022-02-06 22:47:21,Horatio7 ・。・,あ
2022-02-06 22:47:21,キチア,ま？？
2022-02-06 22:47:21,アトモスフィア,まじ！？
2022-02-06 22:47:22,おこげこんがり,まさか
2022-02-06 22:47:22,ヤス,え！
2022-02-06 22:47:23,星狼seirou,！？
2022-02-06 22:47:23,名無しめん,部屋
2022-02-06 22:47:24,・。・,あ
2022-02-06 22:47:24,クマノコ,えええ…
2022-02-06 22:47:25,さいおうが旨っ,え！？
2022-02-06 22:47:25,林啓太,ええええええええええ
2022-02-06 22:47:25,O.J.I.,4月にカブトムシ？
2022-02-06 22:47:25,Mizoreya,あっ
2022-02-06 22:47:25,Lemon,ひぃ
2022-02-06 22:47:26,ton ton,？
2022-02-06 22:47:26,774,ｱｶﾝ
2022-02-06 22:47:26,八意ゆきの,おいw
2022-02-06 22:47:26,優,ダニィ！？
2022-02-06 22:47:27,トカゲ,中？
2022-02-06 22:47:27,たぬ,それ、部屋が汚いから
2022-02-06 22:47:27,【公認】息根とめるがす↑き↓なんです【切り抜き】,ゴキブリでは？
2022-02-06 22:47:28,林啓太,こわ
2022-02-06 22:47:28,きまぐれ鉛筆,え
2022-02-06 22:47:29,牛丼屋の常連,侵入されてんじゃんｗｗｗｗ
2022-02-06 22:47:29,matyuu,部屋の中にカブトムシが！
2022-02-06 22:47:29,けたろう,あ
2022-02-06 22:47:29,たんいモルモット,えぇ…
2022-02-06 22:47:30,あるごん,あ
2022-02-06 22:47:30,アライラ,ゴキブリじゃなくて？
2022-02-06 22:47:30,レイヴン,あ、
2022-02-06 22:47:30,大加藤,あー
2022-02-06 22:47:30,Mo oN,入られてる
2022-02-06 22:47:30,tumu,えぇ
2022-02-06 22:47:30,DLR瀬戸口,Gでは
2022-02-06 22:47:31,O.J.I.,あっ
2022-02-06 22:47:31,Azu -あず-,！？
2022-02-06 22:47:31,ラスカル山田,え？
2022-02-06 22:47:31,foxですよ,ミルワームが成長したんでは？
2022-02-06 22:47:32,さいおうが旨っ,侵入されとるやんけ
2022-02-06 22:47:33,灰色珊瑚,えっ
2022-02-06 22:47:34,よもぎやよもぎ,部屋の中にカブトムシ？ゴキブリじゃなく？
2022-02-06 22:47:34,微糖,うわああああああ
2022-02-06 22:47:35,しゅう,えぇぇ？
2022-02-06 22:47:35,ArmoredGatto ,へ
2022-02-06 22:47:36,もりそば,部屋の中なら許してやれよと
2022-02-06 22:47:36,名無しめん,はいられてるやん
2022-02-06 22:47:36,TT gedo,カブトムシ・・・忍び込む男・・・は！これは
2022-02-06 22:47:37,matyuu,ああGか
2022-02-06 22:47:37,ヤス,それじゃんw
2022-02-06 22:47:38,海乃,怖いって…
2022-02-06 22:47:40,TSUNA,それは窓あけっぱなだけなのでは
2022-02-06 22:47:41,seiichirou,aiko?
2022-02-06 22:47:41,わくせい,大丈夫か？Twitter投稿してたんなら特定されるぞ
2022-02-06 22:47:42,ﾆﾝｼﾞﾝ,桃鉄切り抜きから来ました初見です
2022-02-06 22:47:42,ヤマ,うわ
2022-02-06 22:47:44,あーりん,既に入ってた？
2022-02-06 22:47:44,ジックリ,アホー
2022-02-06 22:47:45,芳乃シンヤ,既に侵入されていたんでは？
2022-02-06 22:47:45,レイヴン,それGじゃないの
2022-02-06 22:47:45,くりのす,部屋で孵化した疑惑
2022-02-06 22:47:46,アトモスフィア,部屋の中ならもう入られとるやんけ
2022-02-06 22:47:46,赤い雫,当たりを付けられてるなｗ
2022-02-06 22:47:48,たぬ,部屋が汚いから、森かと思われた
2022-02-06 22:47:50,もりそば,換気扇から突っ込んでくるヤツいそう
2022-02-06 22:47:50,名無し,既に侵入されてんだろそれw
2022-02-06 22:47:50,Centrum,ツノが無いカサカサ動くカブトムシ？
2022-02-06 22:47:50,鈴木三郎,とめるの彼氏じゃね
2022-02-06 22:47:51,海乃,とめるちゃんの彼女じゃなくて？？？
2022-02-06 22:47:51,冥土,ミルワームの土の中に…
2022-02-06 22:47:52,名無しめん,下見されてるのか
2022-02-06 22:47:55,tumu,ゴキブリwww
2022-02-06 22:47:55,スズキ雲,メスだった？
2022-02-06 22:47:56,マグロ丼,！？
2022-02-06 22:47:57,おともあいる,あーもう入られてたのか
2022-02-06 22:47:57,ton ton,ノラ君、防犯ガバガバやんけｗ
2022-02-06 22:47:58,タロウ,おや紛れ込まないでしょ、人為的でしょ
2022-02-06 22:47:58,ﾔｺｳ,とめるの彼氏じゃなくて？
2022-02-06 22:47:58,星狼seirou,すでに空き巣に･････
2022-02-06 22:47:59,Gimu,マジ!?
2022-02-06 22:47:59,ドンブリ感情,スタンド攻撃だ
2022-02-06 22:47:59,ヤス,怖すぎる
2022-02-06 22:48:01,とりのそぼろ,カナブンならよく入ってくるよ
2022-02-06 22:48:03,灰色珊瑚,とめるの彼氏説は草
2022-02-06 22:48:04,おこげこんがり,前の部屋の話だよね？
2022-02-06 22:48:06,foxですよ,意外とありそうね
2022-02-06 22:48:09,O.J.I.,部屋の奥に誰かいない？気をつけて
2022-02-06 22:48:09,S E,ポストから入れたんじゃないよね
2022-02-06 22:48:11,ドンブリ感情,ゴールド・エクスペリエンスのしわざだな
2022-02-06 22:48:11,微糖,配信で言って大丈夫か？
2022-02-06 22:48:11,もりそば,ベッドシーツに染み付いた樹液を求めて・・・
2022-02-06 22:48:11,matyuu,妙に平べったくて触覚の長いカブトムシが
2022-02-06 22:48:12,名無しめん,空き巣じゃないな
2022-02-06 22:48:12,レイヴン,部屋の中ならもう入られて証拠残されてるやん
2022-02-06 22:48:15,クマノコ,この話こわすぎるよ
2022-02-06 22:48:16,seiichirou,網戸の隙間から？
2022-02-06 22:48:17,名無し,とめるの彼氏は草
2022-02-06 22:48:18,赤い雫,たこ足配線とか確認してみｗ
2022-02-06 22:48:19,しゅう,洗濯物についてた、とか？
2022-02-06 22:48:19,foxですよ,変化にきずかないとやばいよ
2022-02-06 22:48:21,あーりん,1人暮らしの女をきっちり狙ってんな
2022-02-06 22:48:21,そら,流石に日時立ち過ぎじゃ…?
2022-02-06 22:48:22,あるごん,もうときすでにお寿司
2022-02-06 22:48:24,Azu -あず-,引っ越してるなら安心だ
2022-02-06 22:48:25,優,これは下見されてたかな。。。
2022-02-06 22:48:26,たけなが,ドアポストとかから入れたんでは？
2022-02-06 22:48:26,はこ,蜘蛛いた部屋？
2022-02-06 22:48:26,V-MAX,この話は怖すぎる
2022-02-06 22:48:29,おこげこんがり,良かった良かった
2022-02-06 22:48:30,とりのそぼろ,ムシキングかもしれん
2022-02-06 22:48:32,sibusibuyanyan,最悪配信までみられている可能性もあるかも
2022-02-06 22:48:32,Mizoreya,入られてて女って分かったからついでに食うか的な
2022-02-06 22:48:33,774,引っ越してよかったほんと
2022-02-06 22:48:34,くりのす,部屋の中に犯人居た節
2022-02-06 22:48:35,V-MAX,引っ越してて良かったー
2022-02-06 22:48:37,ArmoredGatto ,4月にカブトムシは異常だな
2022-02-06 22:48:38,星狼seirou,田舎？
2022-02-06 22:48:39,matyuu,窓を開けてカブトムシを置いていく犯人
2022-02-06 22:48:40,もりそば,家の築年数にもよる
2022-02-06 22:48:41,きまぐれ鉛筆,くねくね以降ホラー展開が怖すぎる
2022-02-06 22:48:42,スズキ雲,洗濯物は、ミツバチ
2022-02-06 22:48:45,海乃,カブコワ
2022-02-06 22:48:46,牛丼屋の常連,洗濯物についてたが濃厚じゃない？
2022-02-06 22:48:48,Mo oN,定期的に引っ越さないとな
2022-02-06 22:48:49,アライラ,ポストから入れたとか
2022-02-06 22:48:49,さいおうが旨っ,4月はカブトムシ出てこないぞ
2022-02-06 22:48:49,レイヴン,4月なら飼育されたカブトムシですよ
2022-02-06 22:48:50,名無しめん,引っ越してよかったわ
2022-02-06 22:48:50,あるごん,郵便受けから入れられた説
2022-02-06 22:48:50,Lemon,天井裏に住んでいるひとが...
2022-02-06 22:48:50,ヤス,ストーカーされてるかもしれん…
2022-02-06 22:48:55,カナガタ_セッサク中,:bug:が成長したんじゃ・・・
2022-02-06 22:48:56,名無し,カメムシは服にくっついてるとかあるけど
2022-02-06 22:48:57,ドンブリ感情,都内に野生のカブトムシは間違いなくいないけどなぁ
2022-02-06 22:48:58,ひろ-,防犯しっかりしてもろて
2022-02-06 22:49:01,そら,ポスザーレベルで怖い
2022-02-06 22:49:01,灰色珊瑚,洒落怖より怖いわ・・・
2022-02-06 22:49:01,もりそば,4月はまだ蛹
2022-02-06 22:49:03,あーりん,確かにドアポスト辺りから入れられるな
2022-02-06 22:49:04,タロウ,中入られてたんなら盗聴とかだいじょぶだった？
2022-02-06 22:49:05,名無しめん,飼育された確信犯だな
2022-02-06 22:49:07,foxですよ,それ一回きり？ほかの変化は
2022-02-06 22:49:09,キチア,ツイッタラーの性を利用するなんて…
2022-02-06 22:49:11,seiichirou,犯人相川翔？
2022-02-06 22:49:14,大加藤,4月だと野生ではなさそう
2022-02-06 22:49:16,スズキ雲,その時、ニコ生主？
2022-02-06 22:49:18,くりのす,怪談話をリアルで上回ってるやんけ
2022-02-06 22:49:18,matyuu,カブトムシの履歴が
2022-02-06 22:49:19,あるごん,コウモリはたまに入ってくる
2022-02-06 22:49:20,アトモスフィア,見たい
2022-02-06 22:49:21,maz,どうせならオオクワガタならよかったのに
2022-02-06 22:49:24,スマイル,部屋の中にいるならもう住所もバレてるやん…
2022-02-06 22:49:25,ヤス,自然界で4月にカブトムシは居ない、だから明らかに怪しい
2022-02-06 22:49:26,ジックリ,よその家から逃げたカブトムシかも
2022-02-06 22:49:26,tumu,写真出さないほうがいいんじゃね
2022-02-06 22:49:29,bandomusha,もしかしたら狙われた可能性も有りか…
2022-02-06 22:49:33,きまぐれ鉛筆,情報とか気をつけてね？
2022-02-06 22:49:33,85 25,そっちの方がマジでこわい
2022-02-06 22:49:34,海乃,なんか寒くなってきたよ
2022-02-06 22:49:39,ArmoredGatto ,4月に地上へ出るなんて、人為的なものだろう
2022-02-06 22:49:41,おこげこんがり,人怖が一番やべぇ
2022-02-06 22:49:42,キチア,4月に野性のカブトムシいないやろ
2022-02-06 22:49:43,Mo oN,カナブンの可能性
2022-02-06 22:49:43,レイヴン,4月なら確信犯です
2022-02-06 22:49:43,もりそば,近くで飼ってたカブトムシが入った可能性はある
2022-02-06 22:49:44,Mizoreya,どっちも春には居ねえ
2022-02-06 22:49:44,matyuu,寒いと出てこないもんなカブトムシ
2022-02-06 22:49:45,ヤス,じゃあゴキブリじゃん
2022-02-06 22:49:46,スマイル,ゴキブリでは…？
2022-02-06 22:49:50,ラスカル山田,同じ状況の人がいたのに驚いている
2022-02-06 22:49:53,さいおうが旨っ,写真出したら中の人のツイッター特定されちゃうぞ？
2022-02-06 22:49:54,ドンブリ感情,aikoの仕業
2022-02-06 22:49:54,タロウ,深層組はヤバイ経験してるな
2022-02-06 22:49:55,あるごん,でかいGだったら笑う
2022-02-06 22:49:57,kinakopan H,自然発生のやつじゃないね
2022-02-06 22:50:02,Horatio7 ・。・,ミルワームの怨念だよ
2022-02-06 22:50:03,あーりん,いや、クワガタかカブトはわかるじゃろw
2022-02-06 22:50:05,foxですよ,ノラ君の状況次第じゃまじもんだしな～
2022-02-06 22:50:07,きまぐれ鉛筆,飼育されたってつまり人為的ってことか……
2022-02-06 22:50:08,海乃,ゴキブリ説すき
2022-02-06 22:50:11,星狼seirou,試されるリスナー
2022-02-06 22:50:11,G hunter,とめるの彼氏かもしれない・・・・
2022-02-06 22:50:19,ジックリ,とめるお嬢の彼氏かもしれんやろ
2022-02-06 22:50:19,もりそば,とめるの彼氏(ゴキブリ）は草
2022-02-06 22:50:20,Mizoreya,後ろに
2022-02-06 22:50:22,名無し,ゴキブリであって欲しいと感じる状況も珍しいな
2022-02-06 22:50:24,seiichirou,哀川翔近くに住んでない？
2022-02-06 22:50:26,そら,ホントストーカーは怖いからねぇ
2022-02-06 22:50:26,ヤス,4月とかまだサナギにすらなってない
2022-02-06 22:50:28,自称ねこ耳,実はカナブン…
2022-02-06 22:50:28,ドンブリ感情,そんな事出来るのジョルノ・ジョバーナぐらいだぞ
2022-02-06 22:50:32,Mo oN,じゃあ入られてるじゃん
2022-02-06 22:50:34,しゅう,こえぇやん…
2022-02-06 22:50:38,はこ,カブトムシ型の妖怪
2022-02-06 22:50:43,あーりん,ただ、犯人捕まってないならその情報は秘匿すべき
2022-02-06 22:50:43,牛丼屋の常連,哀川翔がご近所説
2022-02-06 22:50:45,foxですよ,かぶとの雌！（Ｇ　だったら草
2022-02-06 22:50:45,灰色珊瑚,たしかにゴキブリの方がマシ
2022-02-06 22:50:51,N W,メスのカブトムシ？
2022-02-06 22:50:53,85 25,こんなのまた緊急セバス会議だろ
2022-02-06 22:50:55,きまぐれ鉛筆,とめるの彼氏最初に知った時ほんと草だった
2022-02-06 22:50:56,あーりん,言わんでもええ
2022-02-06 22:50:56,さいおうが旨っ,黄金体験食らってたか
2022-02-06 22:50:56,suguruization,クワガタならワンチャン越冬してるけど
2022-02-06 22:50:56,おこげこんがり,それじゃあ、アウトの可能性高いっすね
2022-02-06 22:50:57,kinakopan H,カブトムシおじさん、、、
2022-02-06 22:50:58,赤い雫,ノラ君外出時に玄関ドアを内側から撮影してみ
2022-02-06 22:50:58,スズキ雲,猫が咥えてきた可能性
2022-02-06 22:51:05,foxですよ,特定情報につながるな
2022-02-06 22:51:06,たんいモルモット,生命を与えるスタンド・・・？
2022-02-06 22:51:09,Mo oN,哀川翔のご近所説が濃厚
2022-02-06 22:51:10,ton ton,夏なら売り物が逃げた可能性があるけど4月はどういうことよ
2022-02-06 22:51:10,もりそば,え？彼氏？
2022-02-06 22:51:10,COOL HAPPY,見せちゃいけないのでは？
2022-02-06 22:51:14,ドンブリ感情,グーグルフォトにバックアップしてないのか
2022-02-06 22:51:14,鈴木三郎,火星帰りだったとか
2022-02-06 22:51:16,アトモスフィア,:male_sign:なのか…
2022-02-06 22:51:16,八意ゆきの,オスおるの怪しすぎて草
2022-02-06 22:51:21,冥土,近所の家から逃げて来たやつとか？
2022-02-06 22:51:21,林啓太,:male_sign:
2022-02-06 22:51:24,G hunter,出さん方がいいんじゃない・・・・・
2022-02-06 22:51:28,海乃,ゴキブリ「カブトムシです」
2022-02-06 22:51:28,しゅう,哀川翔近所説は草
2022-02-06 22:51:29,seiichirou,野良猫とかよく居た？
2022-02-06 22:51:30,tumu,でも一応の可能性として都会の裏路地には昆虫各種が年中蠢いてるよ
2022-02-06 22:51:34,もりそば,:unicorn:
2022-02-06 22:51:36,さいおうが旨っ,写真出さないほうがいいと主よ
2022-02-06 22:51:36,大加藤,ここにきて人為的な可能性が強まるのもかなり怖い
2022-02-06 22:51:37,ヤマ,すみっこの壁に穴あったりして
2022-02-06 22:51:41,灰色珊瑚,出さない方がいいね
2022-02-06 22:51:41,キチア,:male_sign:ならゴキと見違えるわけないよな
2022-02-06 22:51:44,レイヴン,早くても5月下旬だぞ
2022-02-06 22:51:49,スマイル,そのカブトムシ幽霊説
2022-02-06 22:51:50,ジックリ,普段から整理しないからみつからないんだぞ
2022-02-06 22:51:52,Lemon,防犯カメラ早送りで確認したほうが...
2022-02-06 22:51:54,Centrum,暖かい汚部屋の中で生まれた可能性
2022-02-06 22:51:56,matyuu,生きるために角を生やしたGの可能性も
2022-02-06 22:52:02,Mo oN,まぁええよ
2022-02-06 22:52:06,・。・,探しとくからトークでつないでて
2022-02-06 22:52:17,名無し,何故怪談の後の雑談のほうがこわいのか
2022-02-06 22:52:21,海乃,新種のG説すき
2022-02-06 22:52:21,クマノコ,出さなくてええのよ
2022-02-06 22:52:22,あるごん,ミルワームに幼虫紛れてたんだよ
2022-02-06 22:52:22,matyuu,ネコいるとだいたい解体されたカブトムシがあるだあけだしな
2022-02-06 22:52:26,八意ゆきの,カブトムシ型のスタンド説好き
2022-02-06 22:52:26,O.J.I.,その記憶、実は偽の記憶とかない？
2022-02-06 22:52:31,seiichirou,飛んできたのかな？たまたま
2022-02-06 22:52:34,もりそば,ジョウジ・・・
2022-02-06 22:52:35,ドンブリ感情,カブトムシ双眼鏡でのぞくとカブトムシになるよ
2022-02-06 22:52:39,クリアマインド,ドアの投函口に入れられた説
2022-02-06 22:52:49,ジックリ,記憶違いかもね
2022-02-06 22:52:53,tumu,BGMが段々効いてきた
2022-02-06 22:52:53,あーりん,まあ良いじゃない？
2022-02-06 22:52:56,レイヴン,いつのことだか思い出してごらんあんなことこんなことあったでしょう
2022-02-06 22:53:00,きまぐれ鉛筆,田舎度合いにもよるなあ
2022-02-06 22:53:05,マーシーex,こんのら
2022-02-06 22:53:29,ジックリ,ノラくんの怪談話よりも怖いんだが?
2022-02-06 22:53:30,S E,こわすぎ
2022-02-06 22:53:30,灰色珊瑚,今日一こわいわ
2022-02-06 22:53:33,kinakopan H,ミルワーム進化説すき
2022-02-06 22:53:40,クマノコ,不思議っていうか…なんというか
2022-02-06 22:53:40,海乃,くねくねより面白かったよ:clapping_hands:
2022-02-06 22:53:42,しゅう,そういうことやね
2022-02-06 22:53:45,ラスカル山田,雑談が一番怖かった
2022-02-06 22:53:46,アライラ,ちがいない
2022-02-06 22:53:47,Mizoreya,ワンチャン56しに来るからな
2022-02-06 22:53:47,名無し,不思議ですまないんだよなあw
2022-02-06 22:53:47,774,洒落になってない怖い話
2022-02-06 22:53:50,赤い雫,君の場合は家の中に監視カメラ置いた方がいいｗ
2022-02-06 22:53:53,N W,怖いな…
2022-02-06 22:53:54,くりのす,遠い恐怖より身近な恐怖
2022-02-06 22:53:56,85 25,笑って話せるならいいか
2022-02-06 22:53:56,キチア,それな
2022-02-06 22:54:00,そら,ストーカーは何やっても近づいてくるからほんま迷惑だし怖い
2022-02-06 22:54:06,G hunter,ノラ君のチャンネル登録者の伸びもある意味怖い
2022-02-06 22:54:07,もりそば,事実は小説よりも奇なり
2022-02-06 22:54:08,クマノコ,雑談ｗ
2022-02-06 22:54:09,ヤス,ミルワームの成虫は草
2022-02-06 22:54:11,matyuu,室内にカブトムシの幼虫でもいんのか
2022-02-06 22:54:14,トゥトゥール,こんノラ―！　寝なくて大丈夫なのです？
2022-02-06 22:54:15,林啓太,雑談ｗ
2022-02-06 22:54:15,Mizoreya,ざ　つ　だ　ん
2022-02-06 22:54:17,あーりん,その手合いの人間粘着質でまた来るかも知れないからもういい、話さなくていい、相手が牢屋にいるなら別だが
2022-02-06 22:54:20,おともあいる,雑談おつのらーｗ
2022-02-06 22:54:22,あーりん,うん？
2022-02-06 22:54:22,V-MAX,雑談ｗ
2022-02-06 22:54:23,灰色珊瑚,きちゃー！！！！！
2022-02-06 22:54:24,海乃,いえーい！
2022-02-06 22:54:24,しゅう,おおおー！
2022-02-06 22:54:26,cafe太郎,給料日じゃないのか
2022-02-06 22:54:27,林啓太,いえええええええええええええい！
2022-02-06 22:54:27,クマノコ,ポケモンきちゃー！
2022-02-06 22:54:30,スマイル,おー
2022-02-06 22:54:30,Azu -あず-,よかったねー！！
2022-02-06 22:54:31,レイヴン,アルセウス並走
2022-02-06 22:54:31,DuxRyK 【デューク】,いえーーい！！
2022-02-06 22:54:33,tumu,いえーい
2022-02-06 22:54:34,アトモスフィア,いええええええええい
2022-02-06 22:54:35,Horatio7 ・。・,Fooooooooooo↑↑
2022-02-06 22:54:36,Gimu,ゲットだぜ!!
2022-02-06 22:54:37,キチア,楽しかった
2022-02-06 22:54:37,セラ,スペースするの？
2022-02-06 22:54:38,灰色珊瑚,ついにお小遣いもらえたのねｗ
2022-02-06 22:54:39,八意ゆきの,おめでとう
2022-02-06 22:54:39,冥土,いえーい
2022-02-06 22:54:40,とりのそぼろ,世代同じや
2022-02-06 22:54:42,ジックリ,やっちゃ〜!!
2022-02-06 22:54:44,V-MAX,いえーい！
2022-02-06 22:54:44,片手片手,いえーい
2022-02-06 22:54:44,FoxP,yess Pokemon!!!
2022-02-06 22:54:44,レイヴン,努力値？
2022-02-06 22:54:46,アライラ,世代バレるぞ...
2022-02-06 22:54:50,くりのす,たのしみ！
2022-02-06 22:54:50,はこ,:clapping_hands::clapping_hands::clapping_hands:
2022-02-06 22:54:52,もりそば,ポケモン（意味深）
2022-02-06 22:54:52,名無しめん,ポケモンたのしみ
2022-02-06 22:54:53,セラ,しないよねぇ
2022-02-06 22:54:53,あるごん,何年前で止まってるんだ.......
2022-02-06 22:54:54,あーりん,ポケモン知らない
2022-02-06 22:54:56,foxですよ,怪談と雑談面白怖かったです！おつのら！
2022-02-06 22:54:56,85 25,しいたけっ！
2022-02-06 22:54:56,灰色珊瑚,目がしいたけかわいい
2022-02-06 22:55:03,もりそば,ダイパってことはDS勢か
2022-02-06 22:55:04,cafe太郎,ノラ君ポケモンは151匹なんやで！
2022-02-06 22:55:05,片手片手,ノラさんおつのらです〜！
2022-02-06 22:55:06,さいおうが旨っ,ワイ金銀で止まってる・・・
2022-02-06 22:55:07,海乃,ミルワーム
2022-02-06 22:55:08,foxですよ,ポケモンで限界化はないですよね？？？
2022-02-06 22:55:13,matyuu,ちょっと異色なんだっけ今作
2022-02-06 22:55:16,レイヴン,ポケモン版ダクソ
2022-02-06 22:55:21,星狼seirou,怪談良かったです
2022-02-06 22:55:23,キチア,結構前で止まってるな
2022-02-06 22:55:25,ヤマ,ルビサファでとまってる
2022-02-06 22:55:26,あーりん,赤、青、緑
2022-02-06 22:55:30,そら,12歳なのにダイパ…?
2022-02-06 22:55:31,bandomusha,海外の評判も良い新作
2022-02-06 22:55:33,レイヴン,ジラーチ
2022-02-06 22:55:33,G hunter,ポケPON？
2022-02-06 22:55:35,foxですよ,ポッチャマ・・・
2022-02-06 22:55:37,灰色珊瑚,ビッパかな
2022-02-06 22:55:38,冥土,ライチュウ？
2022-02-06 22:55:38,tumu,ブーバー
2022-02-06 22:55:40,星狼seirou,ホシガリス
2022-02-06 22:55:40,牛丼屋の常連,メタモンでしょ？
2022-02-06 22:55:41,774,雑談洒落にならないくらい怖かったです防犯の足しにどうぞ
2022-02-06 22:55:41,Azu -あず-,ライチュウ
2022-02-06 22:55:41,Mo oN,今日は久々にゾッとしました。:face_screaming_in_fear:
2022-02-06 22:55:41,cafe太郎,サ　ー　ナ　イ　ト
2022-02-06 22:55:41,ヤス,サーナイト
2022-02-06 22:55:43,もりそば,ミミロップ
2022-02-06 22:55:43,ジョン,本当に12×2ぐらいだ…
2022-02-06 22:55:43,はこ,ライチュウ！
2022-02-06 22:55:44,あるごん,らいちゅう
2022-02-06 22:55:45,ジックリ,年齢がバレるぞよ
2022-02-06 22:55:46,大加藤,マッギョ？
2022-02-06 22:55:47,六尺野郎,ヌオーかな
2022-02-06 22:55:48,タロウ,ライチュウ
2022-02-06 22:55:49,Mirror,キャタピー
2022-02-06 22:55:49,あーりん,ういうい
2022-02-06 22:55:50,さいころ,そりゃデスカーンでしょ
2022-02-06 22:55:51,綿雨くーりゃ,ブイズあたりが好きだったら可愛い
2022-02-06 22:55:51,昼酒,年代ばれるぞ
2022-02-06 22:55:53,微糖,眠れなくなった件
2022-02-06 22:55:53,セラ,キャタピラー
2022-02-06 22:55:53,TT gedo,おぎゃみるく
2022-02-06 22:55:54,あるごん,ヤクチュウ
2022-02-06 22:55:54,灰色珊瑚,ばぶちゃんと同時プレイ楽しみ
2022-02-06 22:55:55,V-MAX,面白かったー
2022-02-06 22:55:56,ジックリ,ライチュウ
2022-02-06 22:55:57,もりそば,サーナイト(性的）
2022-02-06 22:55:58,レイヴン,並走だ
2022-02-06 22:56:03,V-MAX,草
2022-02-06 22:56:05,セラ,アルチュウ
2022-02-06 22:56:05,名無しめん,同時か
2022-02-06 22:56:05,おともあいる,ショタ×スリープですよねわかります
2022-02-06 22:56:06,林啓太,かわいい
2022-02-06 22:56:06,自称ねこ耳,キャタピー？ビードル？ケムッソ？
2022-02-06 22:56:08,レイヴン,ライチュウ
2022-02-06 22:56:14,foxですよ,やさしさｗ
2022-02-06 22:56:15,ひらり,意味の分からない
2022-02-06 22:56:15,名無しめん,消えたのか
2022-02-06 22:56:17,綿雨くーりゃ,ヤクチュウ
2022-02-06 22:56:21,もりそば,スリーパー（催眠）
2022-02-06 22:56:22,cafe太郎,メタモンでしょ
2022-02-06 22:56:22,海乃,カブトムシ
2022-02-06 22:56:23,Azu -あず-,スペース聞いてる人おおいなｗ
2022-02-06 22:56:29,林啓太,おつのらー
2022-02-06 22:56:30,Horatio7 ・。・,あれマジで消えたのか
2022-02-06 22:56:31,ラスカル山田,楽しみにしてます！
2022-02-06 22:56:33,85 25,おつのらー
2022-02-06 22:56:33,あーりん,乙ノラ
2022-02-06 22:56:33,星狼seirou,おつわーむ
2022-02-06 22:56:33,きょう,おつのらー
2022-02-06 22:56:35,牛丼屋の常連,おつのら～
2022-02-06 22:56:35,ヤス,おつのらー
2022-02-06 22:56:35,Mirror,おつのらー
2022-02-06 22:56:35,灰色珊瑚,おつのらー
2022-02-06 22:56:35,Azu -あず-,おつのらー
2022-02-06 22:56:36,しゅう,おつのらー！
2022-02-06 22:56:36,ジックリ,アローラライチュウもかわいいぞ
2022-02-06 22:56:36,レイヴン,おつのらー
2022-02-06 22:56:36,綿雨くーりゃ,おつのら〜
2022-02-06 22:56:36,さいおうが旨っ,おつのら
2022-02-06 22:56:37,くりのす,おつのらー
2022-02-06 22:56:37,うーあー,おつのらー
2022-02-06 22:56:37,tumu,おつのらl
2022-02-06 22:56:37,名無しめん,おつのらー
2022-02-06 22:56:37,八意ゆきの,おつのらー
2022-02-06 22:56:38,おともあいる,おつのらー
2022-02-06 22:56:38,とりのそぼろ,おつのらー
2022-02-06 22:56:38,cafe太郎,おつのら
2022-02-06 22:56:38,foxですよ,おつのら～
2022-02-06 22:56:38,おこげこんがり,おつのらー
2022-02-06 22:56:38,Horatio7 ・。・,おつのら～
2022-02-06 22:56:38,けたろう,おつのらー
2022-02-06 22:56:38,FoxP,otsunora
2022-02-06 22:56:39,クマノコ,おつのらー
2022-02-06 22:56:39,774,おつのらー
2022-02-06 22:56:39,maz,おつのら
2022-02-06 22:56:39,しゅん,おつのら～
2022-02-06 22:56:39,タロウ,おつのらー
2022-02-06 22:56:39,冥土,おつのらー
2022-02-06 22:56:39,Gimu,おつのらー
2022-02-06 22:56:39,Centrum,おつのらー
2022-02-06 22:56:39,きまぐれ鉛筆,おつのらー
2022-02-06 22:56:40,昼酒,おつのらー
2022-02-06 22:56:40,てんもず。,おつのらー
2022-02-06 22:56:40,てぃろ,おつのらー！
2022-02-06 22:56:40,O.J.I.,おつのら～
2022-02-06 22:56:40,カナガタ_セッサク中,おつのらー
2022-02-06 22:56:40,・。・,おつのら
2022-02-06 22:56:40,アライラ,おつのら～
2022-02-06 22:56:41,たんいモルモット,おつのらー
2022-02-06 22:56:41,自称ねこ耳,おつノラでした～
2022-02-06 22:56:41,やさい,おつのらー
2022-02-06 22:56:41,あるごん,おつのら
2022-02-06 22:56:43,名無し,おつのらー
2022-02-06 22:56:43,DuxRyK 【デューク】,おつのら〜
2022-02-06 22:56:43,Lemon,おつのらー
2022-02-06 22:56:44,TSUNA,おつのらー
2022-02-06 22:56:44,キチア,おつのらー
2022-02-06 22:56:48,ジックリ,おつのらー!!
2022-02-06 22:56:49,O.J.I.,ED草
2022-02-06 22:56:50,はこ,おつのら～
2022-02-06 22:56:50,微糖,おつのらー
2022-02-06 22:56:51,ArmoredGatto ,おつのらー
2022-02-06 22:56:53,とりのそぼろ,シャイニングやん
2022-02-06 22:56:54,海乃,ばいばーい
2022-02-06 22:56:55,Horatio7 ・。・,シャイニングノラくん
2022-02-06 22:56:55,N W,おつのらー
2022-02-06 22:56:56,灰色珊瑚,シャイニングで草
2022-02-06 22:56:56,foxですよ,そしてこのイラストですよｗ
2022-02-06 22:56:56,うーあー,シャイニングやん
2022-02-06 22:56:57,名無しめん,お客様か
2022-02-06 22:57:01,名無し,ファンアートで草
2022-02-06 22:57:01,kinakopan H,おつのらー
2022-02-06 22:57:02,クマノコ,シャイニングのらーら
2022-02-06 22:57:03,あーりん,お、終わりがちゃんとしてる
2022-02-06 22:57:04,牛丼屋の常連,Wow! Wild Nora!
2022-02-06 22:57:06,ArmoredGatto ,シャイニングで草
2022-02-06 22:57:08,マグロ丼,おつのらー
2022-02-06 22:57:13,Centrum,シャイニングの名シーンかｗ
2022-02-06 22:57:15,ふんがーまん,シャイニング草
2022-02-06 22:57:20,Gimu,シャイニングｗ
2022-02-06 22:57:21,ジックリ,寿司よこせー
2022-02-06 22:57:24,あーりん,シャイニングネタぢな
2022-02-06 22:57:24,灰色珊瑚,さっきの話からこの絵は怖すぎるんよ
2022-02-06 22:57:50,もりそば,もっとリアル目のシャイニングで書こう！
2022-02-06 22:57:53,あーりん,エンディング作ってて偉い
