2022-01-29 08:01:26,FoxP,Thank you for using my meme as the thumbnail! Pog
2022-01-29 08:14:56,FoxP,:virtualhug:
2022-01-29 08:54:56,valdy jack,:virtualhug:
2022-01-29 08:56:29,クマノコ,
2022-01-29 09:24:33,オアシス・ゲーリー,hi
2022-01-29 09:36:20,shion* *,起きたかよかった
2022-01-29 09:38:36,lalastarr,:star:nora samaa
2022-01-29 09:45:34,みえ,おはようgood morning
2022-01-29 09:49:07,hari,サムネ可愛いっすね
2022-01-29 09:50:25,Azu -あず-,たいき
2022-01-29 10:01:25,丁寧総監賞,おはのらさまです〜
2022-01-29 10:01:26,櫻咲,おはのらー
2022-01-29 10:01:26,つきみ,おはノラー
2022-01-29 10:01:32,かるぼな,寝癖ついとるで
2022-01-29 10:01:34,片手片手,おはのら〜
2022-01-29 10:01:34,自然水,おはのら
2022-01-29 10:01:34,しらす,こんのら
2022-01-29 10:01:38,FoxP,sleepy voice lets go
2022-01-29 10:01:44,はばな,guten morgen 
2022-01-29 10:01:45,名無しめん,おはのらー
2022-01-29 10:01:51,can't think of a name so I chose this one,sleepy nice
2022-01-29 10:02:06,FoxP,Guten Morgen ww
2022-01-29 10:02:12,ｽﾓﾓﾓﾓﾓﾓﾓﾓ,おはのらー
2022-01-29 10:02:13,サモエド,おはのらー
2022-01-29 10:02:15,タンタン,おはのら
2022-01-29 10:02:35,くるっくー,おはのら
2022-01-29 10:02:35,湯葉,午前中に起きれるだけでVtuberとしては優秀
2022-01-29 10:02:47,ヤマ,こんワーム
2022-01-29 10:02:55,FoxP,fooooooooooo
2022-01-29 10:02:56,戯言遣い,おはノラー
2022-01-29 10:03:03,はばな,go go
2022-01-29 10:03:10,shion* *,尻ミームかあ
2022-01-29 10:03:14,戯言遣い,こんな時間に起きてるとか偽物？
2022-01-29 10:03:27,ロレーナホクホク島麺,^_^
2022-01-29 10:03:35,バルカン300,おはのらー
2022-01-29 10:03:37,はばな,brand new nora memes!
2022-01-29 10:03:57,ka ta,ほう
2022-01-29 10:04:10,Sally Sally,おはのら
2022-01-29 10:04:18,綿雨くーりゃ,楽しみだ
2022-01-29 10:04:22,林啓太,こんのら
2022-01-29 10:04:34,テラニコフ,楽しみ
2022-01-29 10:04:46,FoxP,LOL
2022-01-29 10:04:48,ヤス,助かる
2022-01-29 10:04:48,Wendys Brink,たすかる
2022-01-29 10:04:49,辛口饅頭,助かる
2022-01-29 10:04:49,湯葉,はい
2022-01-29 10:04:49,FoxP,tskr!
2022-01-29 10:04:49,ひらり,ミュートできなかったぞ！！
2022-01-29 10:04:50,酢海su-mi,くしゃみたすかる
2022-01-29 10:04:51,てぃろ,たすかる
2022-01-29 10:04:52,はばな,くしゃもたすかる
2022-01-29 10:04:52,ほっけ,bless you
2022-01-29 10:04:53,valdy jack,たすかった
2022-01-29 10:04:53,丁寧総監賞,助かる
2022-01-29 10:04:53,DJむぎりー,助かる
2022-01-29 10:04:54,ton ton,たすかる
2022-01-29 10:04:54,冥土,くしゃみたすかる
2022-01-29 10:04:54,戯言遣い,くしゃみたすかる
2022-01-29 10:04:57,O.J.I.,助かる
2022-01-29 10:04:57,チョコレートロマンス,くしゃみ助かる
2022-01-29 10:05:00,こいちろ,くしゃたす
2022-01-29 10:05:01,セラ,汚くない
2022-01-29 10:05:02,やさい,たすかる
2022-01-29 10:05:02,スマイル,たすかる
2022-01-29 10:05:04,林啓太,たすかりぃ
2022-01-29 10:05:07,れんこん職人,bless you
2022-01-29 10:05:09,紅蝶伽,深層組としての自覚が芽生えてきたな
2022-01-29 10:05:12,名無し,たすかる
2022-01-29 10:05:15,綿雨くーりゃ,くしゃみ助かる
2022-01-29 10:05:17,ヤマ,ヨシ！
2022-01-29 10:05:23,テラニコフ,助かった
2022-01-29 10:05:33,valdy jack,助からなかった・・・
2022-01-29 10:05:34,はばな,No mute!!!!
2022-01-29 10:05:34,林啓太,助けて
2022-01-29 10:05:34,名無し,ミュートたすからない
2022-01-29 10:05:37,チョコレートロマンス,なにミュートしてんねん
2022-01-29 10:05:37,戯言遣い,ミュートたすからない
2022-01-29 10:05:37,ヤス,風邪？
2022-01-29 10:05:38,てぃろ,ミュートたすからない
2022-01-29 10:05:39,ひらり,また出そう！？
2022-01-29 10:05:39,冥土,ミュートたすからない
2022-01-29 10:05:39,酢海su-mi,なんでミュートするの！
2022-01-29 10:05:40,Azu -あず-,ミュート助からない
2022-01-29 10:05:41,やさい,ミュートはたすからない
2022-01-29 10:05:42,辛口饅頭,ミュート助からない
2022-01-29 10:05:43,こいちろ,ミュートたすからない
2022-01-29 10:05:46,綿雨くーりゃ,ミュート助からない
2022-01-29 10:05:46,FoxP,we need those sneezes!
2022-01-29 10:05:50,O.J.I.,たすけて
2022-01-29 10:05:50,くるみ団子,ミュートは甘え
2022-01-29 10:05:50,紅蝶伽,深層組失格だよ
2022-01-29 10:06:03,valdy jack,do not mute
2022-01-29 10:06:04,can't think of a name so I chose this one,give us your sneeze!
2022-01-29 10:06:08,Wendys Brink,あったかくしてね
2022-01-29 10:06:11,ka ta,おお
2022-01-29 10:06:11,FoxP,TSKR!!!!
2022-01-29 10:06:12,はばな,yeeeeeees
2022-01-29 10:06:13,辛口饅頭,たすかる
2022-01-29 10:06:14,櫻咲,たすかる
2022-01-29 10:06:15,名無し,くしゃみたすかる
2022-01-29 10:06:15,チョコレートロマンス,よし
2022-01-29 10:06:15,ひらり,いっしゅーい９
2022-01-29 10:06:17,綿雨くーりゃ,やったぜ
2022-01-29 10:06:19,セラ,風邪ひいた？
2022-01-29 10:06:19,酢海su-mi,たすかる
2022-01-29 10:06:19,くるみ団子,たすかる
2022-01-29 10:06:19,こいちろ,草
2022-01-29 10:06:20,テラニコフ,深層組はミュートしないだろ！
2022-01-29 10:06:20,Azu -あず-,たすかる
2022-01-29 10:06:20,shion* *,何回出んねんｗ
2022-01-29 10:06:20,やさい,大きなくしゃみ助かる
2022-01-29 10:06:20,百合くん,可愛くて草
2022-01-29 10:06:21,紅蝶伽,風邪ひいたの？
2022-01-29 10:06:23,valdy jack,救済された
2022-01-29 10:06:23,てぃろ,助かった
2022-01-29 10:06:23,O.J.I.,よし助かったぞえらい
2022-01-29 10:06:24,戯言遣い,たすかる
2022-01-29 10:06:24,Nyan,鼓膜破れた
2022-01-29 10:06:27,DJむぎりー,すごく助かった
2022-01-29 10:06:31,こいちろ,たすかる
2022-01-29 10:06:44,とろ,花粉症だね
2022-01-29 10:06:45,テラニコフ,くしゃみで救われました
2022-01-29 10:06:56,valdy jack,もう花粉症の季節か
2022-01-29 10:07:08,林啓太,ペロッ……これは天然モノ……！
2022-01-29 10:07:19,valdy jack,おはよう！朝4時になにしてるんだい？的な？
2022-01-29 10:07:20,深海生物,おはよー
2022-01-29 10:07:21,戯言遣い,ミームってスラングみたいな物だっけ？
2022-01-29 10:07:29,名無し,ハウスダスト?
2022-01-29 10:07:49,サモエド,ノラくんがスペースしてるときの俺かな？
2022-01-29 10:07:53,ドムドム,おはよー
2022-01-29 10:07:54,はばな,夜勤明けなので右側
2022-01-29 10:08:33,FoxP,"Timezones are evil, 2am here"
2022-01-29 10:08:48,ka ta,ほう
2022-01-29 10:09:17,FoxP,stayed up to watch :>
2022-01-29 10:09:19,cafe太郎,あさのら～
2022-01-29 10:09:34,こいちろ,日本が１４時間早い？
2022-01-29 10:10:08,cafe太郎,これワイらとノラスペースのことじゃん
2022-01-29 10:10:18,博多の拳王!,こんのら〜
2022-01-29 10:10:19,冥土,10時間ならDWUお嬢より早いな
2022-01-29 10:10:25,shion* *,そういうことかｗ
2022-01-29 10:10:35,valdy jack,お口のjob
2022-01-29 10:10:42,辛口饅頭,なるほどｗ
2022-01-29 10:10:44,博多の拳王!,草
2022-01-29 10:10:47,チョコレートロマンス,？？
2022-01-29 10:10:50,さいおうが旨っ,下ネタなの??
2022-01-29 10:10:52,櫻咲,わかんないなあ！！
2022-01-29 10:10:53,スプレム,わ、わからないな〜
2022-01-29 10:10:54,紅蝶伽,刀ってなんですか？
2022-01-29 10:10:56,ton ton,草
2022-01-29 10:10:56,むふー,いやーわかんねーわ
2022-01-29 10:10:58,冥土,草
2022-01-29 10:11:01,烏野加助_からすのかーすけ,僕ワカンにゃーい
2022-01-29 10:11:04,林啓太,:unicorn:
2022-01-29 10:11:07,「おふふとん」,草
2022-01-29 10:11:08,ヤス,草
2022-01-29 10:11:09,siden21,長くない？
2022-01-29 10:11:09,さいおうが旨っ,お、おう
2022-01-29 10:11:10,戯言遣い,ちょっと分かんないなー
2022-01-29 10:11:11,Wendys Brink,ノラくん・・・
2022-01-29 10:11:11,百合くん,全部言うやん
2022-01-29 10:11:11,つきみ,極まってる
2022-01-29 10:11:12,テラニコフ,酷すぎて草
2022-01-29 10:11:12,ka ta,？
2022-01-29 10:11:14,cafe太郎,ぼくチンってか
2022-01-29 10:11:16,FoxP,yabe
2022-01-29 10:11:18,こいちろ,深層やわー
2022-01-29 10:11:18,牛丼屋の常連,本当にカタナと呼べるサイズなのかなぁ
2022-01-29 10:11:24,セラ,わからんかった、、、
2022-01-29 10:11:25,ton ton,そのデザインナイフしまえよ
2022-01-29 10:11:34,あるごん,ナニを入れるのか分からないので詳しく説明してください
2022-01-29 10:11:36,DJむぎりー,草、
2022-01-29 10:11:36,チョコレートロマンス,Fザウルスがうまいっとこと？？
2022-01-29 10:11:39,ドムドム,は？
2022-01-29 10:11:41,cafe太郎,カタンはJPNのとっけんだぜ
2022-01-29 10:11:42,七宝,太刀
2022-01-29 10:11:42,Nyan,do u like babies?
2022-01-29 10:11:49,FoxP,I am 12 and what is this
2022-01-29 10:12:06,戯言遣い,ちょっとよく分からないから詳しく説明して
2022-01-29 10:12:20,valdy jack,LOL生える
2022-01-29 10:12:24,はばな,いぇｓ
2022-01-29 10:12:37,綿雨くーりゃ,なるほどw
2022-01-29 10:12:42,冥土,草
2022-01-29 10:12:45,さいおうが旨っ,あーわかる
2022-01-29 10:12:46,博多の拳王!,これはわかるw
2022-01-29 10:12:46,ヤマ,あるある
2022-01-29 10:12:47,ひがしまちじょう,lol
2022-01-29 10:12:47,Nyan,LMAO
2022-01-29 10:12:55,ドムドム,そうゆうこたね
2022-01-29 10:12:57,名無し,日本人あるある
2022-01-29 10:13:01,櫻咲,みんなこうだろねｗ
2022-01-29 10:13:02,FoxP,just never work
2022-01-29 10:13:03,大胆ちゃん,あるあるすぎるw
2022-01-29 10:13:03,歌月十夜,おはようございます(*ᴗˬᴗ)⁾⁾⁾　初見です
2022-01-29 10:13:05,博多の拳王!,過去の自分をしばきたい
2022-01-29 10:13:07,チョコレートロマンス,あー当日やる気なくなるってことか
2022-01-29 10:13:08,ひがしまちじょう,:grinning_squinting_face:
2022-01-29 10:13:18,牛丼屋の常連,草
2022-01-29 10:13:20,戯言遣い,シフト入れても稼げないから日本じゃ分からん感覚だね
2022-01-29 10:13:23,Arif Sanbaka,oh? english jouzu!?
2022-01-29 10:13:35,かるぼな,草
2022-01-29 10:13:38,退廃,友達と遊ぶときもこうなる
2022-01-29 10:13:43,紅蝶伽,バックラーの日常
2022-01-29 10:13:50,Azu -あず-,大学生の時によくやったなぁ
2022-01-29 10:14:08,ドムドム,シフト入れてる時は金で脳が麻痺ってしまうのか
2022-01-29 10:14:12,チョコレートロマンス,遊ぶ時もこうなるなー
2022-01-29 10:14:42,Arif Sanbaka,"play, no, sleep, yes"
2022-01-29 10:14:47,博多の拳王!,当日になったら嫌になることあるある
2022-01-29 10:14:50,酢海su-mi,家を出たら遊ぶ気が復活するまでがセット
2022-01-29 10:14:52,むふー,全部布団が悪い
2022-01-29 10:15:01,ドムドム,ノラちゃん英語以外も喋れるの？
2022-01-29 10:15:11,やさい,ノラちゃん今朝はどうだった？
2022-01-29 10:15:24,FoxP,BGM is a little loud btw :eyes:
2022-01-29 10:15:31,valdy jack,12yo :thinking_face:
2022-01-29 10:15:34,Arif Sanbaka,:yougotthis:
2022-01-29 10:15:52,can't think of a name so I chose this one,12 years old
2022-01-29 10:16:13,戯言遣い,起きな井ノラじゃなかったっけ？
2022-01-29 10:16:14,Nyan,グローバルがすぎる
2022-01-29 10:16:19,ドムドム,すげ〜
2022-01-29 10:16:23,FoxP,"much wow, very Nora"
2022-01-29 10:16:32,冥土,これはすごい
2022-01-29 10:16:58,百合くん,doggo
2022-01-29 10:17:13,valdy jack,みたことある
2022-01-29 10:17:16,博多の拳王!,圧
2022-01-29 10:17:21,shion* *,?-a-p-e
2022-01-29 10:17:53,Arif Sanbaka,w
2022-01-29 10:17:55,FoxP,maji Doge
2022-01-29 10:18:06,こいちろ,ｲｯﾇw
2022-01-29 10:18:11,ドムドム,触れるんじゃあーない！
2022-01-29 10:18:16,冥土,草
2022-01-29 10:18:35,FoxP,"maji Touch, very doge"
2022-01-29 10:18:38,ドムドム,爪切りしてるね
2022-01-29 10:18:48,valdy jack,こっちはかわいい
2022-01-29 10:18:49,博多の拳王!,同じ子やん
2022-01-29 10:18:56,綿雨くーりゃ,可愛い
2022-01-29 10:19:05,can't think of a name so I chose this one,cute!
2022-01-29 10:19:15,林啓太,かわいい
2022-01-29 10:19:25,冥土,かわいい
2022-01-29 10:19:31,Arif Sanbaka,cuteee
2022-01-29 10:19:47,ドムドム,ぺこーら？
2022-01-29 10:20:02,valdy jack,多頭飼い？
2022-01-29 10:20:13,博多の拳王!,めっちゃ飼ってるじゃん
2022-01-29 10:20:15,FoxP,my place is too small for pets
2022-01-29 10:20:15,Arif Sanbaka,"i have Neko, many Neko"
2022-01-29 10:20:22,can't think of a name so I chose this one,i have 1 dog!
2022-01-29 10:20:23,WaterTeaFan,doge
2022-01-29 10:20:26,ドムドム,犬のエサ食った話する？
2022-01-29 10:20:29,綿雨くーりゃ,凄い
2022-01-29 10:20:31,紅蝶伽,いいな
2022-01-29 10:20:39,John Doggett,おはノラ
2022-01-29 10:21:10,Arif Sanbaka,maji?w
2022-01-29 10:21:20,やさい,金魚の餌は食べたことある
2022-01-29 10:21:21,紅蝶伽,猫の餌はおいしいの？
2022-01-29 10:21:27,ヤス,ならないよw
2022-01-29 10:21:29,綿雨くーりゃ,いや、無いです
2022-01-29 10:21:33,大胆ちゃん,気になる
2022-01-29 10:21:34,valdy jack,MAJI?？
2022-01-29 10:21:35,博多の拳王!,猫の餌なら興味ある
2022-01-29 10:21:38,テラニコフ,カブトムシのゼリーなら食べた事ある
2022-01-29 10:21:38,チョコレートロマンス,ハムスターの餌けっこういけた
2022-01-29 10:21:45,FoxP,uh oh
2022-01-29 10:21:51,ヤス,金魚の餌はちょっと…
2022-01-29 10:21:51,さいおうが旨っ,チュールは旨いって聞いたことある
2022-01-29 10:21:55,Arif Sanbaka,i ate my cat food too w
2022-01-29 10:21:57,John Doggett,金魚の餌ってどんな味すんだ・・・
2022-01-29 10:22:09,John Doggett,ヒマワリのタネかな？
2022-01-29 10:22:10,ドムドム,線引きどこやねん
2022-01-29 10:22:14,FoxP,dog food tastes bad
2022-01-29 10:22:18,紅蝶伽,一袋食べるのは完全に異常者だけどな
2022-01-29 10:22:30,ヤマ,かわええ
2022-01-29 10:22:40,博多の拳王!,類は友を呼ぶ
2022-01-29 10:22:40,Arif Sanbaka,normal yes www
2022-01-29 10:22:40,FoxP,you eat worms!
2022-01-29 10:22:43,John Doggett,犬猫の餌食べた民多過ぎだろw
2022-01-29 10:22:43,木村トウセイ,チャオチュールとかならいける？、、
2022-01-29 10:22:56,さいおうが旨っ,食べたことある方結構多いんやなー
2022-01-29 10:23:34,FoxP,daily meal www
2022-01-29 10:23:34,can't think of a name so I chose this one,worms!?
2022-01-29 10:23:45,優,ヤベェな、、
2022-01-29 10:23:52,ヤス,嘘だ！
2022-01-29 10:23:56,こいちろ,noooo
2022-01-29 10:24:00,博多の拳王!,絵じゃん
2022-01-29 10:24:02,valdy jack,いるもん！画面の向こうにいるもん！
2022-01-29 10:24:03,ドムドム,土直球
2022-01-29 10:24:07,John Doggett,彼女は漫画であなたの嫁ではありません
2022-01-29 10:24:08,RYU,ダース・ベイダーに首絞められる奴や！
2022-01-29 10:24:11,ひらり,わいふ
2022-01-29 10:24:15,Arif Sanbaka,are you waifu?
2022-01-29 10:24:15,FoxP,Nora is not waifu? :pleading_face:
2022-01-29 10:24:19,Arif Sanbaka,w
2022-01-29 10:24:20,valdy jack,waifu2xとかね
2022-01-29 10:24:22,櫻咲,絵じゃん
2022-01-29 10:24:25,むふー,何をバカな…
2022-01-29 10:24:30,shion* *,草
2022-01-29 10:24:31,ドムドム,草
2022-01-29 10:24:32,チョコレートロマンス,そんなんいわんといて・・・
2022-01-29 10:24:33,戯言遣い,許さねえ！
2022-01-29 10:24:34,博多の拳王!,草
2022-01-29 10:24:37,Vおじ,FOOL!
2022-01-29 10:24:37,ツーバス技能士,草
2022-01-29 10:24:39,冥土,草
2022-01-29 10:24:40,櫻咲,フォースとともに
2022-01-29 10:24:41,ドムドム,万国共通や！
2022-01-29 10:24:43,ka ta,ええ
2022-01-29 10:24:44,むふー,草
2022-01-29 10:24:44,John Doggett,www
2022-01-29 10:24:47,博多の拳王!,ベイダー卿一生ついていきます！！！
2022-01-29 10:24:48,Arif Sanbaka,dark vader kusa
2022-01-29 10:24:48,さいおうが旨っ,ｗｗｗ
2022-01-29 10:24:50,綿雨くーりゃ,ベーダー卿は分かってる！
2022-01-29 10:24:52,ひらり,熱い
2022-01-29 10:24:53,shion* *,フォースと共にあらんことを()
2022-01-29 10:24:53,冥土,フォースと共にw
2022-01-29 10:24:59,チョコレートロマンス,よく言った:clapping_hands:
2022-01-29 10:25:02,ton ton,草
2022-01-29 10:25:06,酢海su-mi,2コマ目おもろすぎw
2022-01-29 10:25:06,RYU,暗黒面じゃなくて2次元に堕ちとるやん
2022-01-29 10:25:08,みえ,然り！然り！
2022-01-29 10:25:13,戯言遣い,さすがベイダー卿
2022-01-29 10:25:14,ツーバス技能士,さすがベイダー卿
2022-01-29 10:25:14,はばな,be waifu with you]
2022-01-29 10:25:15,さいおうが旨っ,ＦＯＯＬ！
2022-01-29 10:25:21,valdy jack,ダースベイダー変なこと言わされがち
2022-01-29 10:25:21,自称ねこ耳,これがダークサイド…あ､こんノラです。
2022-01-29 10:25:27,ひがしまちじょう,May the force be with you
2022-01-29 10:25:30,ほっけ,may the force be with you
2022-01-29 10:25:34,山本 重國 ,こうなりたいもんだ
2022-01-29 10:25:43,Arif Sanbaka,so so!
2022-01-29 10:25:44,FoxP,wakaru
2022-01-29 10:25:58,博多の拳王!,俺も暗黒面に落ちるか…
2022-01-29 10:26:01,戯言遣い,まさか、それがダークサイドに落ちた理由なのか？
2022-01-29 10:26:01,John Doggett,フォースと共にあらんことを
2022-01-29 10:26:03,shion* *,またこれｗ
2022-01-29 10:26:06,FoxP,Pepe!
2022-01-29 10:26:10,FoxP,:frog:
2022-01-29 10:26:11,チョコレートロマンス,なんか有名なカエルだ
2022-01-29 10:26:14,博多の拳王!,シンプルでいいw
2022-01-29 10:26:14,Vおじ,pepe！
2022-01-29 10:26:16,Arif Sanbaka,pepe
2022-01-29 10:26:19,さいおうが旨っ,よく見るやつだ
2022-01-29 10:26:22,can't think of a name so I chose this one,Pepe
2022-01-29 10:26:23,John Doggett,海外で良く見るこのキャラは何者なんだ
2022-01-29 10:26:30,FoxP,reeeeeeeeee
2022-01-29 10:26:36,ドムドム,ちょくちょくみるね
2022-01-29 10:26:37,Arif Sanbaka,wrrryyyyyyyy
2022-01-29 10:27:15,ドムドム,しょぼん的な？
2022-01-29 10:27:17,つきみ,怒り混じりの　ウェェ！！　なのね
2022-01-29 10:27:56,博多の拳王!,あ〜やる男ポジか！
2022-01-29 10:27:56,valdy jack,かわいい・・・？
2022-01-29 10:28:01,つきみ,ネットの代弁者(おもちゃ)
2022-01-29 10:28:05,ひらり,猫は液体
2022-01-29 10:28:06,valdy jack,super long cat
2022-01-29 10:28:08,k i,looooooooooong
2022-01-29 10:28:11,みえ,猫は液体
2022-01-29 10:28:11,ドムドム,伸びてるね
2022-01-29 10:28:13,John Doggett,long neko
2022-01-29 10:28:13,つきみ,伸び猫〜
2022-01-29 10:28:15,こいちろ,宇宙ﾈｺ
2022-01-29 10:28:15,Arif Sanbaka,cutee
2022-01-29 10:28:15,綿雨くーりゃ,かわいい
2022-01-29 10:28:16,can't think of a name so I chose this one,looooooooooooong cat
2022-01-29 10:28:19,はばな,looooooooooooooooooooooooooooog
2022-01-29 10:28:22,チョコレートロマンス,なっがｗｗ
2022-01-29 10:28:24,DelzaArmy,long cat!
2022-01-29 10:28:24,valdy jack,Twitterで見たねこれ
2022-01-29 10:28:32,ドムドム,そうね
2022-01-29 10:28:37,オアシス・ゲーリー,ロングネコ
2022-01-29 10:28:37,名無し,めっちゃ伸びてて草
2022-01-29 10:28:38,さいおうが旨っ,黒い長いのもいた気がする
2022-01-29 10:28:39,ひらり,パジェロミニ
2022-01-29 10:28:40,Arif Sanbaka,long shironeko
2022-01-29 10:28:44,John Doggett,車屋さんの猫なのかな？
2022-01-29 10:28:52,白黒,パジェロミニが気になる
2022-01-29 10:28:54,さいおうが旨っ,神々しい奴ね
2022-01-29 10:28:55,綿雨くーりゃ,コラ画像多いよねw
2022-01-29 10:28:58,こいちろ,思ったより長い、みたいなね
2022-01-29 10:29:24,Arif Sanbaka,:hydrate:
2022-01-29 10:29:42,ヤス,ミュートなってますよ
2022-01-29 10:29:44,博多の拳王!,TL上でみんな胴体だけの画像貼ってめっちゃ伸ばしてるやつ好き
2022-01-29 10:30:12,can't think of a name so I chose this one,unmute your sneezes!
2022-01-29 10:30:19,紅蝶伽,なぜミュートなんかした？
2022-01-29 10:30:47,Arif Sanbaka,sneeze tskr
2022-01-29 10:30:56,深海生物,でた
2022-01-29 10:30:56,ひらり,良い顔
2022-01-29 10:30:56,FoxP,lol
2022-01-29 10:30:58,みえ,草
2022-01-29 10:30:59,ka ta,いい顔しとる
2022-01-29 10:31:00,つきみ,かの有名な
2022-01-29 10:31:00,John Doggett,悪そうな顔してんなw
2022-01-29 10:31:01,FoxP,legendary figure
2022-01-29 10:31:03,牛丼屋の常連,lol
2022-01-29 10:31:05,名無し,顔w
2022-01-29 10:31:06,DelzaArmy,lol
2022-01-29 10:31:06,valdy jack,でたわね。
2022-01-29 10:31:06,ドムドム,むっつりウッディ
2022-01-29 10:31:07,Arif Sanbaka,lol
2022-01-29 10:31:11,チョコレートロマンス,ウッディよくネタにされてるなｗｗ
2022-01-29 10:31:11,ヤス,変態だ！
2022-01-29 10:31:12,綿雨くーりゃ,海外でもウッディは変態ポジなのかw
2022-01-29 10:31:13,冥土,www
2022-01-29 10:31:17,博多の拳王!,こんなウッディ見たくなかったｗ
2022-01-29 10:31:22,酢海su-mi,顔だけでおもろいw
2022-01-29 10:31:27,白黒,狂気だな～
2022-01-29 10:31:30,深海生物,買ったし投稿したことある
2022-01-29 10:31:39,豊臣秀吉,ひどい言われようで草
2022-01-29 10:31:52,ドムドム,昔ウッディウッドペッカーってあったよね
2022-01-29 10:31:54,木村トウセイ,ニチャー
2022-01-29 10:31:56,戯言遣い,普段ののらーらみたいな顔してるな
2022-01-29 10:31:59,みえ,トイストーリー知らなくてもウッディ知ってるまである
2022-01-29 10:32:01,ツーバス技能士,草
2022-01-29 10:32:16,チョコレートロマンス,むこうでもＨＥＮＴＡＩなんだｗｗ
2022-01-29 10:32:18,FoxP,when you see Nora R18
2022-01-29 10:32:20,Arif Sanbaka,so! ww
2022-01-29 10:32:23,ton ton,ディズニーは良くこの顔を許したなｗ
2022-01-29 10:32:31,ひらり,世界共通語
2022-01-29 10:32:45,ドムドム,いいね
2022-01-29 10:32:52,FoxP,lol
2022-01-29 10:32:52,チョコレートロマンス,これきのうの零やってるノラ君やん
2022-01-29 10:32:55,Arif Sanbaka,wwww
2022-01-29 10:32:56,博多の拳王!,またかよｗｗ
2022-01-29 10:32:58,shion* *,草
2022-01-29 10:32:59,綿雨くーりゃ,良い顔してんなぁw
2022-01-29 10:32:59,みえ,いい顔だw
2022-01-29 10:33:02,ドムドム,ウッディとバズ？
2022-01-29 10:33:05,とーる,草
2022-01-29 10:33:06,さいおうが旨っ,hentaiとbuxtukakeは世界共通語
2022-01-29 10:33:07,ヤス,ファミリーガイか
2022-01-29 10:33:19,Arif Sanbaka,ojisan kusa
2022-01-29 10:33:21,テラニコフ,いい笑顔で草
2022-01-29 10:33:25,豊臣秀吉,別のmeme混ざってる
2022-01-29 10:33:28,名無し,これゲームやってるときのノラ君じゃね?
2022-01-29 10:33:31,酢海su-mi,右誰だよw
2022-01-29 10:33:45,valdy jack,ahegaoもcommon languageよ
2022-01-29 10:33:46,櫻咲,草
2022-01-29 10:33:52,Vおじ,へへっ
2022-01-29 10:33:54,チョコレートロマンス,ノラ君ととめるちゃんかな？？
2022-01-29 10:34:02,ドムドム,まーね
2022-01-29 10:34:03,ton ton,昨日のノラ君に見せてやりたい顔してるよ
2022-01-29 10:34:03,Arif Sanbaka,:eyes:...no?(yes)
2022-01-29 10:34:04,RYU,ぶっかけうどんとか海外じゃ相当アレな扱いされそう
2022-01-29 10:34:05,冥土,これ昨日のノラちゃん…
2022-01-29 10:34:06,林啓太,いつものノラくんじゃん？
2022-01-29 10:34:07,k i,「誠市ね」も世界共通減と
2022-01-29 10:34:07,博多の拳王!,画面の前毛はこんな顔してます
2022-01-29 10:34:11,FoxP,yes!
2022-01-29 10:34:11,綿雨くーりゃ,それはノラくんもじゃないの？
2022-01-29 10:34:12,牛丼屋の常連,oh.yes
2022-01-29 10:34:12,たんいモルモット,ﾆﾁｬｧ
2022-01-29 10:34:13,John Doggett,健康器具を使ってる配信とかな
2022-01-29 10:34:14,RYU,そうだか？
2022-01-29 10:34:16,辛口饅頭,草
2022-01-29 10:34:18,櫻咲,零やってるときの誰か
2022-01-29 10:34:18,valdy jack,no.(yes)
2022-01-29 10:34:19,さいおうが旨っ,ぐぬぬ
2022-01-29 10:34:23,戯言遣い,零やってる時ののらーらじゃん
2022-01-29 10:34:24,Azu -あず-,ノラくんもだよね
2022-01-29 10:34:27,やさい,ノラちゃんの背中見たときのノラ組
2022-01-29 10:34:27,テラニコフ,こんな顔にさせる方が悪い！
2022-01-29 10:34:29,やなぎゆうた,its your style
2022-01-29 10:34:29,紅蝶伽,ノラくんはもっとひどい
2022-01-29 10:34:31,ましまし_,顔がいい
2022-01-29 10:34:33,k i,完全に一致
2022-01-29 10:34:36,cafe太郎,ノラそっくりう
2022-01-29 10:34:39,チョコレートロマンス,心がそんな顔してる
2022-01-29 10:34:42,ドムドム,貧乳は英語伝わるの？
2022-01-29 10:34:44,valdy jack,このフィギュアは誰だろ　けいおんかな
2022-01-29 10:34:55,深海生物,してるね
2022-01-29 10:34:57,FoxP,its how you look at Milk!
2022-01-29 10:34:59,John Doggett,画面の向こうではこんな顔してるでしょう？
2022-01-29 10:35:01,林啓太,昨日の配信見返しながら言える？
2022-01-29 10:35:01,アーバク,:eyes:
2022-01-29 10:35:01,酢海su-mi,ノラ君の追加表情差分の方向性が決まったな
2022-01-29 10:35:02,みえ,零ではカメラ構えてこんな顔してたのか・・
2022-01-29 10:35:02,garif Arif,halo saya dari indonesia
2022-01-29 10:35:03,紅蝶伽,心の顔はもっと邪悪
2022-01-29 10:35:04,Arif Sanbaka,zen zen chigau ww
2022-01-29 10:35:14,チョコレートロマンス,中からにじみ出てるね
2022-01-29 10:35:15,ましまし_,右の男は誰？
2022-01-29 10:35:21,冥土,草
2022-01-29 10:35:24,とーる,ほぼ同じ
2022-01-29 10:35:26,博多の拳王!,吸ってる時もこんな顔してる
2022-01-29 10:35:27,一眼レフ,よく見えない、もっと近づいて
2022-01-29 10:35:30,RYU,え？
2022-01-29 10:35:33,名無し,同じだよ
2022-01-29 10:35:39,戯言遣い,零やってる時絶対こんな顔してるだろw
2022-01-29 10:35:43,Azu -あず-,確かにみるくお嬢様でキメてる時だわ
2022-01-29 10:35:50,さいおうが旨っ,コラボで切断切れてた時この顔してたと思う
2022-01-29 10:36:13,O.J.I.,真面目とは（哲学
2022-01-29 10:36:14,深海生物,真面目要素お披露目でないなったよ
2022-01-29 10:36:16,FoxP,lets gooooo!
2022-01-29 10:36:26,FoxP,Sinso gummies!
2022-01-29 10:36:27,ひらり,しんそうぐみーむ
2022-01-29 10:36:29,綿雨くーりゃ,語呂良いw
2022-01-29 10:36:33,valdy jack,good
2022-01-29 10:36:33,Arif Sanbaka,yes!
2022-01-29 10:36:33,ましまし_,そうだね
2022-01-29 10:36:39,ドムドム,いいね
2022-01-29 10:36:39,みえ,Shinso-gumemes!
2022-01-29 10:36:40,はばな,ge
2022-01-29 10:36:43,牛丼屋の常連,ええな
2022-01-29 10:36:45,ツーバス技能士,Gooo!!
2022-01-29 10:36:49,スマイル,いいねぇ
2022-01-29 10:36:55,チョコレートロマンス,深層も箱らしくなってきたなー
2022-01-29 10:37:04,Arif Sanbaka,ikz
2022-01-29 10:37:14,辛口饅頭,いいね
2022-01-29 10:37:20,テラニコフ,いいね
2022-01-29 10:37:23,ka ta,たのしみ
2022-01-29 10:37:24,ドムドム,とめる多そうだな
2022-01-29 10:37:42,てぃあ,パンツ？
2022-01-29 10:37:45,Julian Phut,:virtualhug::virtualhug::virtualhug:
2022-01-29 10:37:52,Vおじ,yaaay
2022-01-29 10:38:07,博多の拳王!,ｗｗｗｗｗ
2022-01-29 10:38:12,ドムドム,草
2022-01-29 10:38:14,林啓太,ｗｗｗ
2022-01-29 10:38:18,冥土,草
2022-01-29 10:38:24,FoxP,I see ww
2022-01-29 10:38:45,Azu -あず-,草
2022-01-29 10:38:52,チョコレートロマンス,スペースジャンキー
2022-01-29 10:38:53,綿雨くーりゃ,なるほど
2022-01-29 10:38:54,ましまし_,月にはいってないｗ
2022-01-29 10:38:57,Arif Sanbaka,Nora space yes
2022-01-29 10:38:58,ドムドム,なるほどね
2022-01-29 10:39:01,ton ton,草
2022-01-29 10:39:03,John Doggett,スペースw
2022-01-29 10:39:04,名無し,草
2022-01-29 10:39:06,辛口饅頭,なるほど
2022-01-29 10:39:16,John Doggett,宇宙ステーション？
2022-01-29 10:39:17,博多の拳王!,スペースしながら答えてるの良いｗ
2022-01-29 10:39:18,林啓太,宇宙にはいったが月ではないｗ
2022-01-29 10:39:18,owlソダ,Twitter宇宙
2022-01-29 10:39:18,チョコレートロマンス,寝息スペース最高
2022-01-29 10:39:26,つきみ,衛星まで行った感じっす
2022-01-29 10:39:35,戯言遣い,え？のらーらに取ってスペースは寝るところでしょ？
2022-01-29 10:39:36,とーる,宇宙ステーションに滞在したんじゃなかった？
2022-01-29 10:39:38,優,草
2022-01-29 10:39:48,MoE,国際宇宙ステーション
2022-01-29 10:40:00,FoxP,www yay
2022-01-29 10:40:05,valdy jack,草
2022-01-29 10:40:08,むふー,草
2022-01-29 10:40:11,owlソダ,Lol
2022-01-29 10:40:12,名無し,草
2022-01-29 10:40:13,Vおじ,草
2022-01-29 10:40:14,冥土,草
2022-01-29 10:40:15,辛口饅頭,草
2022-01-29 10:40:15,can't think of a name so I chose this one,lol
2022-01-29 10:40:15,酢海su-mi,布団かけてるw
2022-01-29 10:40:17,Arif Sanbaka,ww
2022-01-29 10:40:18,林啓太,草
2022-01-29 10:40:18,あるごん,これやった
2022-01-29 10:40:19,綿雨くーりゃ,有効活用w
2022-01-29 10:40:19,チョコレートロマンス,添い寝気分ｗｗ
2022-01-29 10:40:20,深海生物,草
2022-01-29 10:40:21,ton ton,草
2022-01-29 10:40:22,櫻咲,その手があったか
2022-01-29 10:40:22,林啓太,添い寝じゃん
2022-01-29 10:40:23,くりのす,草
2022-01-29 10:40:23,ものらる猫,草
2022-01-29 10:40:23,アーバク,草
2022-01-29 10:40:23,ドムドム,いいやん
2022-01-29 10:40:24,MoE,添い寝捗る
2022-01-29 10:40:24,スマイル,草
2022-01-29 10:40:25,はばな,lol
2022-01-29 10:40:27,John Doggett,PCに布団かけるなw
2022-01-29 10:40:31,ヤマ,今の俺
2022-01-29 10:40:31,FoxP,I did it woooo
2022-01-29 10:40:32,紅蝶伽,また男達と寝たのか
2022-01-29 10:40:35,深海生物,よかったなkawaiiって言われてるぞ
2022-01-29 10:40:35,むふー,ミームっぽさ出すの上手いな
2022-01-29 10:40:36,空,草
2022-01-29 10:40:37,Arif Sanbaka,best solution w
2022-01-29 10:40:38,ヤス,www
2022-01-29 10:40:39,valdy jack,寝息も聞けるし寝言も聞ける
2022-01-29 10:40:40,サモエド,この時寝言言ってたよね
2022-01-29 10:40:40,戯言遣い,実質添い寝
2022-01-29 10:40:41,FoxP,"I fell asleep to your space, then you woke up wwww"
2022-01-29 10:40:42,ドムドム,寝落ちしたやつか
2022-01-29 10:40:44,みえ,天才の発想
2022-01-29 10:40:45,ton ton,これがホントの俺の隣で寝てるよかｗ
2022-01-29 10:40:49,博多の拳王!,俺の横で寝てるよを地で行くスタイル
2022-01-29 10:40:55,やさい,天才
2022-01-29 10:41:01,優,草
2022-01-29 10:41:09,チョコレートロマンス,リズナーと寝るＶがいると聞いて
2022-01-29 10:41:19,紅蝶伽,無意識で男と寝ちゃうのか
2022-01-29 10:41:35,プンたろ,しかも寝言が文字起こしされる
2022-01-29 10:41:41,名無し,:unicorn:
2022-01-29 10:41:50,ましまし_,110人と寝た女
2022-01-29 10:41:51,チョコレートロマンス,やり〇ンが過ぎるｗｗｗ
2022-01-29 10:41:53,ドムドム,また寝落ちスペースやろ
2022-01-29 10:41:55,Arif Sanbaka,listener also sleep with Nora! listener : yoshaa
2022-01-29 10:41:56,ましまし_,ｗｗｗｗｗｗｗ
2022-01-29 10:41:59,shion* *,最新情報で草
2022-01-29 10:41:59,綿雨くーりゃ,草
2022-01-29 10:42:00,FoxP,yabe!
2022-01-29 10:42:00,名無し,草
2022-01-29 10:42:00,戯言遣い,これ、一回目か二回目か、爆睡したのはタイトルおきただった気がするし
2022-01-29 10:42:01,RYU,草
2022-01-29 10:42:01,ドムドム,草
2022-01-29 10:42:01,John Doggett,オムツとペットシートw
2022-01-29 10:42:03,さいおうが旨っ,ｗｗ
2022-01-29 10:42:03,k i,ペットシーツｗ
2022-01-29 10:42:03,はばな,hidoi
2022-01-29 10:42:03,冥土,草
2022-01-29 10:42:04,チョコレートロマンス,でたｗｗｗ
2022-01-29 10:42:04,七宝,www
2022-01-29 10:42:05,戯言遣い,草
2022-01-29 10:42:05,あかんすこ,草
2022-01-29 10:42:05,ton ton,草
2022-01-29 10:42:07,Arif Sanbaka,wwww
2022-01-29 10:42:07,スマイル,草
2022-01-29 10:42:07,テラニコフ,草
2022-01-29 10:42:11,辛口饅頭,自分で蒔いた種
2022-01-29 10:42:13,林啓太,ペットシーツじゃ吸いきれないもんね
2022-01-29 10:42:17,FoxP,nice diaper
2022-01-29 10:42:19,Azu -あず-,草
2022-01-29 10:42:19,Taun,lol
2022-01-29 10:42:19,はばな,This is Shinso!!!!!!
2022-01-29 10:42:21,むふー,教科書に載せたい
2022-01-29 10:42:23,owlソダ,Doggo pee pads
2022-01-29 10:42:26,チョコレートロマンス,海外ニキに説明してやりｗｗ
2022-01-29 10:42:29,さいおうが旨っ,るるるちゃんは椅子かな？
2022-01-29 10:42:30,ドムドム,大正解
2022-01-29 10:42:30,紅蝶伽,出し過ぎてこぼれちゃうもんな
2022-01-29 10:42:31,can't think of a name so I chose this one,pee pad lol
2022-01-29 10:42:40,丁寧総監賞,実は私も実家がヤ○ザで……
2022-01-29 10:42:41,ひらり,とめるちゃんがかすむってのがすごい
2022-01-29 10:42:45,John Doggett,世界よこれが深層組だ
2022-01-29 10:42:46,ましまし_,吸水しきれなかった分はどうなったの
2022-01-29 10:42:48,RYU,これに関しては事実だから何も言えねぇ
2022-01-29 10:42:55,アーバク,大体あってる
2022-01-29 10:43:03,名無し,オムツがマシという恐怖
2022-01-29 10:43:03,FoxP,....
2022-01-29 10:43:23,木村トウセイ,大きい方はどうするんだｗ
2022-01-29 10:43:25,ましまし_,ドン引きされてて草
2022-01-29 10:43:27,チョコレートロマンス,とめるちゃんが霞むとは・・
2022-01-29 10:43:29,ton ton,enjoy pee!?
2022-01-29 10:43:37,ドムドム,かたや丸出しだもんな
2022-01-29 10:43:37,FoxP,actual dog....
2022-01-29 10:43:38,さいおうが旨っ,絶句してるやん
2022-01-29 10:43:41,valdy jack,知的好奇心ではなく痴的好奇心
2022-01-29 10:43:44,Arif Sanbaka,yabe meme?
2022-01-29 10:43:51,一眼レフ,とめるの方が文明人
2022-01-29 10:44:01,ドンブリ感情,enjoy peeは草
2022-01-29 10:44:03,チョコレートロマンス,ああ・・世界進出が遠のく・・
2022-01-29 10:44:06,櫻咲,yabe Nora
2022-01-29 10:44:13,つきみ,ペットになっても大丈V
2022-01-29 10:44:27,戯言遣い,あっ
2022-01-29 10:44:28,valdy jack,authorすき
2022-01-29 10:45:19,FoxP,0 breast
2022-01-29 10:45:20,Arif Sanbaka,kusa www
2022-01-29 10:45:29,てぃろ,本文ないのかｗ
2022-01-29 10:45:36,k i,ｗ
2022-01-29 10:45:48,綿雨くーりゃ,草
2022-01-29 10:46:11,冥土,草
2022-01-29 10:46:13,櫻咲,No body
2022-01-29 10:46:39,はばな,that nora
2022-01-29 10:46:45,櫻咲,乳の大きさについて分かったことは以下⇒（無）
2022-01-29 10:47:16,冥土,ガチャミームw
2022-01-29 10:47:18,FoxP,but now you cant afford Pokemon www
2022-01-29 10:47:25,名無し,壊れてるよ
2022-01-29 10:47:25,John Doggett,全キャラ出るまでガチャを回せw
2022-01-29 10:47:27,つきみ,All you need GATYA
2022-01-29 10:47:28,ましまし_,やられてる
2022-01-29 10:47:30,林啓太,やられてるじゃんｗ
2022-01-29 10:47:31,みえ,出すまでやれば100%
2022-01-29 10:47:31,むふー,なんか金言っぽくて笑う
2022-01-29 10:47:31,櫻咲,ガチャが回せればＯＫです:thumbs_up:
2022-01-29 10:47:31,ひらり,違うの？
2022-01-29 10:47:32,MoE,事実
2022-01-29 10:47:33,Azu -あず-,そうなのでは？
2022-01-29 10:47:35,O.J.I.,何を今更
2022-01-29 10:47:35,紅蝶伽,実際ガチャ狂人でしょ
2022-01-29 10:47:36,瀬名いずる,こんノラー！
2022-01-29 10:47:39,チョコレートロマンス,ガチャジャンキーｗ
2022-01-29 10:47:46,k i,ガチャ狂いｗ
2022-01-29 10:47:51,John Doggett,ガチャゲー禁止！
2022-01-29 10:47:57,空,そりゃああんだけ発狂してればね
2022-01-29 10:48:08,FoxP,www
2022-01-29 10:48:10,FoxP,this one
2022-01-29 10:48:13,冥土,きたw
2022-01-29 10:48:15,櫻咲,これすき
2022-01-29 10:48:15,Arif Sanbaka,www
2022-01-29 10:48:17,林啓太,ｗｗｗｗｗｗ
2022-01-29 10:48:20,Azu -あず-,これすきｗ
2022-01-29 10:48:21,ヤス,これ好き
2022-01-29 10:48:21,ドムドム,やっば
2022-01-29 10:48:22,林啓太,クロックワークオレンジ草
2022-01-29 10:48:25,John Doggett,これ時計仕掛けのオレンジかな？
2022-01-29 10:48:26,くりのす,いつもみるやつｗ
2022-01-29 10:48:27,辛口饅頭,でた
2022-01-29 10:48:27,あるごん,ｗｗ
2022-01-29 10:48:34,綿雨くーりゃ,草
2022-01-29 10:48:34,ましまし_,実際これ
2022-01-29 10:48:34,ひらり,年中無休
2022-01-29 10:48:34,FoxP,Nora space happens when you least expect it
2022-01-29 10:48:45,Arif Sanbaka,ikuzooooo noraspacee nanodaaa w
2022-01-29 10:48:49,テラニコフ,紹介されて草
2022-01-29 10:48:51,むふー,見る側も狂ってるのか…？
2022-01-29 10:48:54,サモエド,時計じかけのオレンジ？
2022-01-29 10:48:54,博多の拳王!,まごうことなきプロノラ組
2022-01-29 10:48:59,優,草
2022-01-29 10:49:06,Azu -あず-,寝ると言われても疑心暗鬼になるノラ組
2022-01-29 10:49:07,ヤス,時計じかけのオレンジだ
2022-01-29 10:49:08,林啓太,芸術作品やぞ。クロックワークオレンジ
2022-01-29 10:49:09,Chanwiich,:goodvibes:
2022-01-29 10:49:12,紅蝶伽,寝る奴は素人
2022-01-29 10:49:13,John Doggett,24時間スペースを待ち続けているのか
2022-01-29 10:49:30,FoxP,wwww yay!
2022-01-29 10:49:34,あるごん,朝五時とかにするから...
2022-01-29 10:49:43,ひらり,ガチャは生活費
2022-01-29 10:49:44,ka ta,ケタが違う
2022-01-29 10:49:57,John Doggett,ガチャwww
2022-01-29 10:50:01,ドムドム,ガチャw
2022-01-29 10:50:04,ましまし_,家族が死んでしまうｗ
2022-01-29 10:50:05,名無し,ガチャだけ桁が違くて草
2022-01-29 10:50:07,ヤス,www
2022-01-29 10:50:08,チョコレートロマンス,虫食ってガチャ回すやべー女・・
2022-01-29 10:50:11,Azu -あず-,ガチャだけ0が多いｗｗ
2022-01-29 10:50:12,k i,ガチャやめれｗ
2022-01-29 10:50:16,ton ton,ガチャｗｗｗ
2022-01-29 10:50:18,冥土,またガチャw
2022-01-29 10:50:23,FoxP,Gacha > Family
2022-01-29 10:50:24,綿雨くーりゃ,ひでぇw
2022-01-29 10:50:27,ドムドム,廃人じゃん
2022-01-29 10:50:30,むふー,ガチャへの投資を増やさなきゃ
2022-01-29 10:50:39,FoxP,LOL
2022-01-29 10:50:41,博多の拳王!,あっ
2022-01-29 10:50:42,k i,草
2022-01-29 10:50:43,チョコレートロマンス,パチンコばっかやってるシングルマザーみたいｗｗ
2022-01-29 10:50:46,名無し,草
2022-01-29 10:50:47,John Doggett,クッソw
2022-01-29 10:50:47,松,草
2022-01-29 10:50:48,Azu -あず-,草
2022-01-29 10:50:49,ドムドム,ドッグフードw
2022-01-29 10:50:49,紅蝶伽,犬でも食わねぇよ
2022-01-29 10:50:52,はばな,yabe
2022-01-29 10:50:52,冥土,ドッグフードw
2022-01-29 10:50:52,MoE,ダークマター
2022-01-29 10:50:53,むふー,草
2022-01-29 10:50:54,辛口饅頭,炭ｗ
2022-01-29 10:50:56,サモエド,消されたはずでは…？
2022-01-29 10:50:56,John Doggett,ドッグフードw
2022-01-29 10:50:57,櫻咲,memeっていうかReal
2022-01-29 10:50:59,林啓太,草
2022-01-29 10:50:59,Azu -あず-,ダークマター
2022-01-29 10:51:01,名無し,炭じゃん
2022-01-29 10:51:01,RYU,草
2022-01-29 10:51:02,チョコレートロマンス,ばぶちゃんすげーなー
2022-01-29 10:51:04,さいおうが旨っ,ｗｗ
2022-01-29 10:51:08,霜月こんX2,くさ
2022-01-29 10:51:14,John Doggett,焼き過ぎだよぅ
2022-01-29 10:51:15,FoxP,better than worms
2022-01-29 10:51:17,あるごん,写真のとりかたもきれい
2022-01-29 10:51:18,退廃,フードのスペルってhoodでもいいの？
2022-01-29 10:51:21,てぃろ,どっちも実際の写真だったよねｗ
2022-01-29 10:51:26,チョコレートロマンス,この執事クビだろｗｗ
2022-01-29 10:51:27,ton ton,ノラ君・・・実家出てからどうやって生きてきたの・・・？
2022-01-29 10:51:28,紅蝶伽,こんなの犬に食わせるとか虐待だろ
2022-01-29 10:51:28,John Doggett,ちなみに何ですこれ？
2022-01-29 10:51:35,博多の拳王!,どんな間違いしたらこうなるんよ
2022-01-29 10:51:39,ましまし_,汚名返上のために料理配信おねがいします
2022-01-29 10:51:41,むふー,なんでお皿に乗ってるのこれ？
2022-01-29 10:51:44,ドムドム,ていうか赤子すげーな
2022-01-29 10:51:47,RYU,ばぶちゃんマジで生活力高いと思う
2022-01-29 10:51:53,空,へぇ～
2022-01-29 10:52:05,退廃,はぇー
2022-01-29 10:52:09,ドムドム,トーストですか？
2022-01-29 10:52:15,綿雨くーりゃ,ばぶちゃんの優秀さが際立つ
2022-01-29 10:52:20,オアシス・ゲーリー,赤子とは思えないレベルの家事力
2022-01-29 10:52:25,林啓太,執事なのにね……
2022-01-29 10:52:28,RYU,草
2022-01-29 10:52:29,John Doggett,は？
2022-01-29 10:52:31,冥土,草
2022-01-29 10:52:33,霜月こんX2,メタルギアｗｗ
2022-01-29 10:52:33,てぃろ,いいやくざ
2022-01-29 10:52:34,名無し,赤子より料理できない執事はどうなんよ
2022-01-29 10:52:35,優,草
2022-01-29 10:52:35,酢海su-mi,わざと間違うって、すき→すこ みたいな感じなんかな
2022-01-29 10:52:37,オアシス・ゲーリー,スペースのやつか？
2022-01-29 10:52:37,空,直球ｗｗｗ
2022-01-29 10:52:40,林啓太,ｗｗｗ
2022-01-29 10:52:40,紅蝶伽,試用期間すぎたらクビ不可避
2022-01-29 10:52:41,酢海su-mi,草
2022-01-29 10:52:43,むふー,一瞬で切られたやつｗｗ
2022-01-29 10:52:45,名無し,草
2022-01-29 10:52:45,ましまし_,パワハラvsセクハラの回
2022-01-29 10:52:46,ドムドム,いいね
2022-01-29 10:52:47,FoxP,YABE
2022-01-29 10:52:50,博多の拳王!,無線で聞くことかよｗ
2022-01-29 10:52:52,Azu -あず-,１１８９３
2022-01-29 10:52:52,松,mad gear solid
2022-01-29 10:52:55,チョコレートロマンス,ＡＶのキャッチコピーみたいｗｗ
2022-01-29 10:52:58,優,ヤベェな
2022-01-29 10:53:00,John Doggett,流石のとめるちゃんもドン引き
2022-01-29 10:53:02,owlソダ,SNAKE
2022-01-29 10:53:04,辛口饅頭,地味に11893なのが細かい
2022-01-29 10:53:05,みえ,草
2022-01-29 10:53:07,RYU,ど真ん中ストレートやめろ
2022-01-29 10:53:08,名無し,11893で草
2022-01-29 10:53:17,綿雨くーりゃ,草
2022-01-29 10:53:18,優,これはドン引き
2022-01-29 10:53:40,チョコレートロマンス,周波数がいいヤクザになってるｗｗ
2022-01-29 10:53:42,酢海su-mi,11893言われて気づいたw
2022-01-29 10:53:44,Maz MiRO / まずみろ,説明も酷いな・・・
2022-01-29 10:53:50,owlソダ,LOL
2022-01-29 10:54:14,中華まん,サムネにいいじゃん
2022-01-29 10:54:23,ドムドム,いやなの？
2022-01-29 10:54:31,ひらり,もう下がるものがない
2022-01-29 10:54:32,霜月こんX2,ｗｗｗｗ
2022-01-29 10:54:35,綿雨くーりゃ,間違ってないし？
2022-01-29 10:54:36,冥土,最初から変わらなくね？
2022-01-29 10:54:37,紅蝶伽,もうこれ以上下がらないと思う
2022-01-29 10:54:38,プンたろ,事実なので
2022-01-29 10:54:38,名無し,これ以上は下がらないから安心して
2022-01-29 10:54:39,博多の拳王!,いつも自分で言ってるでしょ
2022-01-29 10:54:39,深海生物,やめてほしい(これを選ぶ)
2022-01-29 10:54:39,Azu -あず-,下がるというかそのままだよ
2022-01-29 10:54:40,チョコレートロマンス,深層組ではコラボのことを「セックス」と言います
2022-01-29 10:54:42,林啓太,自分の行動顧みて？ｗ
2022-01-29 10:54:47,John Doggett,www
2022-01-29 10:54:50,ましまし_,アンクルノラｗ
2022-01-29 10:54:51,k i,これは酷いｗ
2022-01-29 10:54:52,やさい,事実なのでしかたない
2022-01-29 10:54:57,ドムドム,2連続
2022-01-29 10:54:58,ヤス,www
2022-01-29 10:54:59,アーバク,草
2022-01-29 10:55:03,冥土,草
2022-01-29 10:55:03,John Doggett,アンクルノラw
2022-01-29 10:55:05,ton ton,デビュー前から安定してると思う
2022-01-29 10:55:06,川原ひ,関係壊れる
2022-01-29 10:55:07,名無し,草
2022-01-29 10:55:08,優,草
2022-01-29 10:55:09,オアシス・ゲーリー,身から出たサビやぞ
2022-01-29 10:55:13,Taun,:grinning_squinting_face:
2022-01-29 10:55:13,Azu -あず-,2ラウンド目かー
2022-01-29 10:55:14,林啓太,草
2022-01-29 10:55:19,綿雨くーりゃ,草
2022-01-29 10:55:21,owlソダ,Best game?
2022-01-29 10:55:27,冥土,これ好きw
2022-01-29 10:55:27,博多の拳王!,これすき
2022-01-29 10:55:41,Azu -あず-,これおもしろかった
2022-01-29 10:55:58,ドムドム,草
2022-01-29 10:55:59,綿雨くーりゃ,これ好き
2022-01-29 10:56:03,優,はあはあをもらうってなんや？？
2022-01-29 10:56:09,松,みるく
2022-01-29 10:56:35,チョコレートロマンス,”はぁはぁ”もらいたい
2022-01-29 10:56:36,紅蝶伽,みるくちゃん最強
2022-01-29 10:56:40,オアシス・ゲーリー,チャイルドフォームとか？
2022-01-29 10:56:51,ドムドム,893backup
2022-01-29 10:57:08,つきみ,部分的に抽出するとハッピーファミリーなのになぜ...:thinking_face:
2022-01-29 10:57:16,John Doggett,バブるは英訳が難しい
2022-01-29 10:57:23,オアシス・ゲーリー,バブるの意訳くそ難しそう
2022-01-29 10:57:25,優,みるくちゃん料理うまいとはびっくりしたね。
2022-01-29 10:57:30,どうも、工藤です。,バブるはbabubabuやぞ
2022-01-29 10:57:38,冥土,みるくちゃんの料理→ノラちゃんの料理
2022-01-29 10:57:39,名無しめん,サイアクではないな
2022-01-29 10:57:46,冥土,に修正されてたよ
2022-01-29 10:57:48,名無し,ノラ君の料理が最適解よな、とめーらも大概だけど
2022-01-29 10:57:57,チョコレートロマンス,料理はノラ君かとめるちゃんが最悪だよね
2022-01-29 10:58:22,John Doggett,ぐろう？
2022-01-29 10:58:24,名無しめん,ミルワーム料理か
2022-01-29 10:58:28,川原ひ,support wwwwww
2022-01-29 10:58:29,ひらり,ノラくん育てるのもやばい（生活費
2022-01-29 10:59:05,名無しめん,こわくない？
2022-01-29 10:59:10,七宝,あれか
2022-01-29 10:59:14,霜月こんX2,ｗｗｗｗ
2022-01-29 10:59:14,ましまし_,ｗ
2022-01-29 10:59:26,チョコレートロマンス,なんか聞いたことあるな
2022-01-29 10:59:32,John Doggett,飛び込めばジョニデが愛してくれる？
2022-01-29 10:59:40,霜月こんX2,ｗｗ
2022-01-29 10:59:41,ましまし_,せっちゃんまとも
2022-01-29 11:00:05,Azu -あず-,せっちゃんが救い
2022-01-29 11:00:17,チョコレートロマンス,色んな国民性を表したジョークだっけ
2022-01-29 11:00:21,霜月こんX2,とめるちゃんｗｗ
2022-01-29 11:00:22,優,草
2022-01-29 11:00:26,かるぼな,w
2022-01-29 11:00:27,名無しめん,有名なやつか
2022-01-29 11:00:30,綿雨くーりゃ,草
2022-01-29 11:00:55,Azu -あず-,さすなま
2022-01-29 11:00:56,冥土,空気を読むなまほしちゃんw
2022-01-29 11:00:58,つきみ,草
2022-01-29 11:00:59,櫻咲,なまほしちゃん～
2022-01-29 11:01:00,John Doggett,なまほしちゃん常識人だな
2022-01-29 11:01:01,博多の拳王!,さすなま
2022-01-29 11:01:04,名無しめん,さすなま
2022-01-29 11:01:05,紅蝶伽,飛び込めば、ガチャ代あげますよ？
2022-01-29 11:01:06,どうも、工藤です。,オチ要員なまほしちゃん
2022-01-29 11:01:10,ヤス,なまほしちゃん；；
2022-01-29 11:01:12,優,さすなま
2022-01-29 11:01:19,名無しめん,ガチャでもいいな
2022-01-29 11:01:21,名無し,さすなま
2022-01-29 11:01:22,酢海su-mi,草
2022-01-29 11:01:23,John Doggett,イタリア人にはさっき美女が飛び込みましたよだったかな？
2022-01-29 11:01:28,アーバク,なまほしちゃんｗ
2022-01-29 11:01:34,チョコレートロマンス,アメリカは飛び込めばヒーローになれますだっけ
2022-01-29 11:01:39,博多の拳王!,これすき
2022-01-29 11:01:40,MoE,これすき
2022-01-29 11:01:46,松,ボラギノール
2022-01-29 11:01:49,優,ボラギノールww
2022-01-29 11:01:51,霜月こんX2,ちょっとｗｗｗ
2022-01-29 11:01:51,Azu -あず-,これも笑ったｗｗ
2022-01-29 11:01:53,ドムドム,ギノーラじゃん
2022-01-29 11:02:05,オアシス・ゲーリー,ボラギノールけつに塗ってるアイドル執事
2022-01-29 11:02:05,林啓太,ﾃﾞｯ
2022-01-29 11:02:06,ましまし_,生なまほしちゃんｗ
2022-01-29 11:02:08,はばな,hidoi
2022-01-29 11:02:16,綿雨くーりゃ,これも好きw
2022-01-29 11:02:23,林啓太,ボラギノーラ好き
2022-01-29 11:02:36,名無し,ボラギノーラ
2022-01-29 11:02:37,優,なんかおかしいのいるなぁ！？
2022-01-29 11:02:37,ひらり,おしりよわいからしょうがない
2022-01-29 11:02:40,owlソダ,hemorrhoids
2022-01-29 11:02:45,オアシス・ゲーリー,けつの病とかでいんじゃね
2022-01-29 11:02:50,名無しめん,おしりか
2022-01-29 11:02:52,春日俊介,おはのら(*´∀｀)
2022-01-29 11:03:11,can't think of a name so I chose this one,"oh no, hemorrhoids"
2022-01-29 11:03:32,ドムドム,案件待ったなし
2022-01-29 11:03:35,FoxP,lol
2022-01-29 11:03:35,ましまし_,シンプル
2022-01-29 11:03:36,林啓太,ｗｗｗ
2022-01-29 11:03:39,優,草
2022-01-29 11:03:42,John Doggett,くんかくんかw
2022-01-29 11:03:43,冥土,草
2022-01-29 11:03:48,オアシス・ゲーリー,バブちゃんの頭のやつ美味そう
2022-01-29 11:03:49,O.J.I.,背中にボラギノール背負ってるじゃないか
2022-01-29 11:03:49,チョコレートロマンス,ノラマンガ日和ｗｗ
2022-01-29 11:03:51,スマイル,草
2022-01-29 11:03:51,博多の拳王!,ノラ吉くん....
2022-01-29 11:03:53,櫻咲,ノラ吉くん
2022-01-29 11:03:55,卯月,おはようございます
2022-01-29 11:03:55,名無しめん,やりすぎたのか
2022-01-29 11:03:57,深海生物,違うの？
2022-01-29 11:03:57,MoE,そうだよ
2022-01-29 11:03:58,Azu -あず-,変質者じゃん
2022-01-29 11:04:01,けつあご,違うんですか？？？？
2022-01-29 11:04:02,林啓太,不審者ちがうの？？？
2022-01-29 11:04:02,むふー,うまいわｗｗ
2022-01-29 11:04:02,ひがしまちじょう,信頼と実績があるから
2022-01-29 11:04:04,紅蝶伽,:man_pilot::woman_pilot:
2022-01-29 11:04:05,名無し,草
2022-01-29 11:04:09,アーバク,変態という名の紳士
2022-01-29 11:04:12,優,めっちゃ捕まるやんww
2022-01-29 11:04:14,can't think of a name so I chose this one,:police_officer:
2022-01-29 11:04:14,John Doggett,逮捕w
2022-01-29 11:04:18,ひらり,何を言っても捕まるノラシリーズ
2022-01-29 11:04:19,やさい,変質者でしょ？
2022-01-29 11:04:19,名無しめん,しゃーない
2022-01-29 11:04:32,博多の拳王!,これいいなｗ
2022-01-29 11:04:33,むふー,草
2022-01-29 11:04:33,John Doggett,巨乳に怒りを覚えた罪で
2022-01-29 11:04:38,名無し,草
2022-01-29 11:04:43,MoE,うっま
2022-01-29 11:04:44,ましまし_,容積埋まってるから・・・
2022-01-29 11:04:44,Dracroix,:buffering:
2022-01-29 11:04:47,林啓太,ｗｗｗ
2022-01-29 11:04:49,冥土,草
2022-01-29 11:04:53,酢海su-mi,スペースネタも多いなw
2022-01-29 11:04:54,まどま,うまい！
2022-01-29 11:04:55,オアシス・ゲーリー,ダブルミーニング？
2022-01-29 11:04:56,優,やばいな
2022-01-29 11:04:57,John Doggett,スペースとライブのダブルミーニングか
2022-01-29 11:04:59,櫻咲,るーちゃん側の背景自分ちかと思った
2022-01-29 11:05:04,名無しめん,うまいな
2022-01-29 11:05:39,退廃,これすき
2022-01-29 11:05:46,FoxP,you never end them properly lol
2022-01-29 11:05:47,冥土,いつものw
2022-01-29 11:05:50,ましまし_,これマジでよく表してる
2022-01-29 11:05:51,酢海su-mi,草
2022-01-29 11:05:51,John Doggett,どういうこと？
2022-01-29 11:05:54,辛口饅頭,いつも突然終わるからｗ
2022-01-29 11:05:55,はばな,Exactry!
2022-01-29 11:05:56,Azu -あず-,ぶつ切りｗ
2022-01-29 11:05:56,博多の拳王!,ｗｗｗ
2022-01-29 11:06:04,博多の拳王!,良い顔してるわ
2022-01-29 11:06:06,紅蝶伽,突然始まって突然終わる
2022-01-29 11:06:07,スプレム,合ってる
2022-01-29 11:06:08,ひらり,なんか言おうとして終わるやつ
2022-01-29 11:06:08,オアシス・ゲーリー,話してる最中に終わるからね
2022-01-29 11:06:09,アーバク,そういうことかｗｗ
2022-01-29 11:06:12,林啓太,いつも急に終わるｗ
2022-01-29 11:06:13,ましまし_,交通事故ならしゃーない
2022-01-29 11:06:14,優,突然終わるからなぁ
2022-01-29 11:06:17,名無しめん,きえるのか
2022-01-29 11:06:36,Azu -あず-,わかる
2022-01-29 11:06:37,冥土,草
2022-01-29 11:06:39,ドムドム,こうなるよ
2022-01-29 11:06:39,辛口饅頭,わかる
2022-01-29 11:06:44,霜月こんX2,これはわかる
2022-01-29 11:06:45,綿雨くーりゃ,これはそう
2022-01-29 11:06:45,ヤス,わかる
2022-01-29 11:06:47,てぃろ,朝起きたらスペースやってたかチェックするようになった
2022-01-29 11:06:52,チョコレートロマンス,やってたんかい！！ってなる
2022-01-29 11:06:53,優,わかるわ
2022-01-29 11:06:54,名無しめん,わかるわ
2022-01-29 11:06:55,くりのす,めっちゃわかる
2022-01-29 11:06:56,はばな,right
2022-01-29 11:06:58,Vおじ,＜I＞＜I＞
2022-01-29 11:07:02,Azu -あず-,朝に「スペースは終了しました」ってみた時ショックなんだよ
2022-01-29 11:07:04,ひらり,うつぶせになりながら枕を濡らしてます
2022-01-29 11:07:11,抹茶まよ,専用のmemeとは、流石ですね。
2022-01-29 11:07:18,FoxP,lol
2022-01-29 11:07:20,ましまし_,辞世の句も言えないｗ
2022-01-29 11:07:31,ドムドム,スペースアーカイブ残さない？
2022-01-29 11:07:34,博多の拳王!,切れてるやんｗ
2022-01-29 11:07:39,ましまし_,信長のセリフじゃないしｗｗｗｗ
2022-01-29 11:07:40,チョコレートロマンス,明智光秀じゃないのか？
2022-01-29 11:07:44,owlソダ,There was a time I joined your Space and I thought my phone's audio was broken. But you were just sleeping
2022-01-29 11:07:46,松,明智光秀…
2022-01-29 11:07:47,冥土,草
2022-01-29 11:07:47,Vおじ,草
2022-01-29 11:07:52,ヤス,www
2022-01-29 11:07:57,退廃,これもすき
2022-01-29 11:07:58,むふー,草
2022-01-29 11:08:08,Azu -あず-,光秀だねｗ
2022-01-29 11:08:12,紅蝶伽,僕ずっと喋ってられ...
2022-01-29 11:08:14,ドムドム,被害者が言ってるw
2022-01-29 11:08:18,オアシス・ゲーリー,信長は光秀だったか
2022-01-29 11:08:25,櫻咲,寝てるだけはあるある
2022-01-29 11:08:26,チョコレートロマンス,ノラ氏の最後の言葉・・
2022-01-29 11:08:26,ましまし_,みんな心配してるんだよ！ｗ
2022-01-29 11:08:41,冥土,それはそうw
2022-01-29 11:08:47,名無し,草
2022-01-29 11:08:48,カスの極み,普通に間違えました
2022-01-29 11:08:52,豊臣秀吉,草
2022-01-29 11:08:55,酢海su-mi,これすき
2022-01-29 11:08:55,FoxP,accurate
2022-01-29 11:09:02,むふー,入り直したりして確認するよね
2022-01-29 11:09:07,ひらり,ツイ廃
2022-01-29 11:09:15,Azu -あず-,これ上手
2022-01-29 11:09:15,霜月こんX2,とめるちゃん寝てない
2022-01-29 11:09:17,John Doggett,とめるちゃんそんなに配信してねえだろw
2022-01-29 11:09:21,ドムドム,Twitter大好きじゃん
2022-01-29 11:09:41,チョコレートロマンス,ＤＷが普通の人あつかいｗｗ
2022-01-29 11:09:51,しゅいーとじぇーぴー,パワポで作る強者
2022-01-29 11:09:52,Vおじ,ミルワーム
2022-01-29 11:09:52,FoxP,Nora schedule is crazy...
2022-01-29 11:09:55,MoE,つい廃
2022-01-29 11:09:55,ドムドム,極端すぎる
2022-01-29 11:09:57,John Doggett,カオティックw
2022-01-29 11:09:57,酢海su-mi,ミルワーム混ざってるの好きww
2022-01-29 11:09:58,ふじず,これうまいよなぁ
2022-01-29 11:10:01,冥土,ツイ廃人とミルワームw
2022-01-29 11:10:05,Ken,幼虫おって草
2022-01-29 11:10:07,綿雨くーりゃ,ツイ廃
2022-01-29 11:10:08,林啓太,大好きじゃん？
2022-01-29 11:10:20,John Doggett,ツイ廃じゃんw
2022-01-29 11:10:21,ドムドム,ミルワームちょくちょくいるんだw
2022-01-29 11:10:23,名無し,草
2022-01-29 11:10:34,名無しめん,せっちゃん
2022-01-29 11:10:36,Vおじ,草
2022-01-29 11:10:40,owlソダ,If you ate worms.. that's how you got hemorrhoids
2022-01-29 11:10:43,O.J.I.,草
2022-01-29 11:10:47,FoxP,two lolicons oh no
2022-01-29 11:10:50,酢海su-mi,草
2022-01-29 11:10:50,ヤス,草
2022-01-29 11:10:52,ドムドム,進撃のパロのやつだ
2022-01-29 11:11:07,チョコレートロマンス,ノラ君ロリは好物なのか？？
2022-01-29 11:11:15,どうも、工藤です。,せっちゃん欲に忠実やなw
2022-01-29 11:11:16,can't think of a name so I chose this one,cute girls are cute!
2022-01-29 11:11:16,ましまし_,ポケモンにすらなんだオスかよって言うの草
2022-01-29 11:11:19,ひらり,ビキニのおねえさん見てこんななってた
2022-01-29 11:11:21,紅蝶伽,逆にしたらノラ君に応用できそう
2022-01-29 11:11:45,ひらり,時空間
2022-01-29 11:11:50,ましまし_,？？？？？？
2022-01-29 11:11:58,博多の拳王!,？？？？
2022-01-29 11:11:59,名無しめん,？
2022-01-29 11:12:02,ましまし_,深層年齢だから・・・
2022-01-29 11:12:03,John Doggett,時空が歪んでいる
2022-01-29 11:12:14,名無しめん,？？
2022-01-29 11:12:16,チョコレートロマンス,時空が捻じ曲がってる
2022-01-29 11:12:16,スマイル,時空が歪む…
2022-01-29 11:12:20,霜月こんX2,？？？？？？
2022-01-29 11:12:24,FoxP,Sinsogumi ages are weird ww
2022-01-29 11:12:28,林啓太,せやでｗ
2022-01-29 11:12:37,Azu -あず-,ほら全員養女だから
2022-01-29 11:12:48,どうも、工藤です。,デーモン閣下かな
2022-01-29 11:12:50,名無しめん,時空を超越
2022-01-29 11:12:58,優,ガバガバ！
2022-01-29 11:13:23,FoxP,thank you Nora!!!
2022-01-29 11:13:23,冥土,面白かった
2022-01-29 11:13:25,FoxP,this was super fun
2022-01-29 11:13:28,綿雨くーりゃ,面白かった
2022-01-29 11:13:28,チョコレートロマンス,おつかれー　面白かった
2022-01-29 11:13:30,ひがしまちじょう,おもしろかった！
2022-01-29 11:13:31,owlソダ,:clapping_hands::clapping_hands::clapping_hands:
2022-01-29 11:13:32,ドムドム,面白かった
2022-01-29 11:13:33,Azu -あず-,おもしろかった
2022-01-29 11:13:34,さいおうが旨っ,おつー
2022-01-29 11:13:34,あるごん,おつのらー
2022-01-29 11:13:35,FoxP,thank you for showing my memes :red_heart: 
2022-01-29 11:13:35,丁寧総監賞,楽しかったです　またね
2022-01-29 11:13:37,博多の拳王!,笑った
2022-01-29 11:13:39,名無しめん,勉強になったわ
2022-01-29 11:13:39,霜月こんX2,面白かったよー
2022-01-29 11:13:39,深海生物,おつー
2022-01-29 11:13:44,名無しめん,おつのらー
2022-01-29 11:13:45,一眼レフ,すばらしい
2022-01-29 11:13:47,ドムドム,おつのらー
2022-01-29 11:13:48,しらす,
2022-01-29 11:13:50,名無しめん,楽しかった
2022-01-29 11:13:51,林啓太,おもろかった！
2022-01-29 11:13:52,ましまし_,おつのらー
2022-01-29 11:13:55,櫻咲,Thank you
2022-01-29 11:13:56,綿雨くーりゃ,みんなセンス良いねー
2022-01-29 11:13:57,can't think of a name so I chose this one,Thank you for the stream!
2022-01-29 11:13:59,くりのす,おつのらー
2022-01-29 11:14:00,酢海su-mi,おつのらー
2022-01-29 11:14:02,John Doggett,おつのらー
2022-01-29 11:14:04,林啓太,おつのらー
2022-01-29 11:14:04,一眼レフ,おつのらー
2022-01-29 11:14:05,スマイル,おつのら！
2022-01-29 11:14:08,冥土,おつのらー
2022-01-29 11:14:13,辛口饅頭,おつのらー
2022-01-29 11:14:13,FoxP,Like like like!
2022-01-29 11:14:17,アーバク,おつのらー
2022-01-29 11:14:23,ふじず,おつのらー
2022-01-29 11:14:24,名無しめん,3920くらいか
2022-01-29 11:14:26,FoxP,4k??
2022-01-29 11:14:28,Azu -あず-,あと80人で4000
2022-01-29 11:14:29,冥土,みるくちゃん超えたよ
2022-01-29 11:14:29,深海生物,あと100人！
2022-01-29 11:14:30,チョコレートロマンス,4000人もうすぐじゃん
2022-01-29 11:14:31,Hoon,おつのらー
2022-01-29 11:14:31,ka ta,おー
2022-01-29 11:14:32,名無し,みるくちゃん越えてる
2022-01-29 11:14:35,しらす,おつのら
2022-01-29 11:14:35,owlソダ,おつのら
2022-01-29 11:14:36,ましまし_,3920人！！！！
2022-01-29 11:14:38,名無しめん,4000耐久しよう
2022-01-29 11:14:40,さっちー,おつのら〜
2022-01-29 11:14:43,博多の拳王!,おめ～
2022-01-29 11:14:43,FoxP,YATTA
2022-01-29 11:14:47,ヤス,おお！
2022-01-29 11:14:48,Azu -あず-,耐久しよ
2022-01-29 11:14:49,owlソダ,Nice!
2022-01-29 11:14:49,名無し,4000人歌枠やる?
2022-01-29 11:14:49,O.J.I.,4000人耐久で何かやろう
2022-01-29 11:14:51,John Doggett,３９００いってるな
2022-01-29 11:14:51,しゅいーとじぇーぴー,すご
2022-01-29 11:14:53,くりのす,4000人目前だ
2022-01-29 11:15:01,林啓太,おおおおお
2022-01-29 11:15:07,ヤス,今から耐久だ！
2022-01-29 11:15:11,てぃろ,楽しかったよ！
2022-01-29 11:15:16,サモエド,さすがノラくん！
2022-01-29 11:15:17,豊臣秀吉,すごいペースだ
2022-01-29 11:15:20,あるごん,4000耐久！！！！
2022-01-29 11:15:23,FoxP,yaaaaaaaa
2022-01-29 11:15:26,名無しめん,新メンバー
2022-01-29 11:15:26,Taun,WOOOOOO
2022-01-29 11:15:32,さいおうが旨っ,YESYESYES！！
2022-01-29 11:15:32,しゅいーとじぇーぴー,もう先輩か
2022-01-29 11:15:36,John Doggett,新メンバーか
2022-01-29 11:15:38,冥土,楽しみ
2022-01-29 11:15:41,けつあご,ね…〇子さん
2022-01-29 11:15:41,綿雨くーりゃ,新人はどんな方ですかねー
2022-01-29 11:15:42,博多の拳王!,そうだ今日か！
2022-01-29 11:15:42,名無しめん,:white_circle:丸？
2022-01-29 11:15:44,ヤス,まる子
2022-01-29 11:15:45,ka ta,へー
2022-01-29 11:15:45,林啓太,楽しみだ
2022-01-29 11:15:49,Misterkle「みすたくる」,受け子だっけ？
2022-01-29 11:15:49,なー＊,たのしみ！
2022-01-29 11:15:49,冥土,草
2022-01-29 11:15:50,優,Hoooo
2022-01-29 11:15:53,John Doggett,いったいどんな強烈なキャラなのか・・・
2022-01-29 11:15:54,サモエド,いったい何子なんだ？
2022-01-29 11:15:54,ヤマ,ﾀﾞﾚﾅﾝﾀﾞｰ
2022-01-29 11:15:54,さいおうが旨っ,ポンコツじゃない人がいいなー
2022-01-29 11:15:56,やさい,○子！
2022-01-29 11:15:56,パルック光る,卵子か精子？
2022-01-29 11:15:59,さっちー,楽しみー！
2022-01-29 11:16:02,櫻咲,先輩になれるかなー
2022-01-29 11:16:07,Azu -あず-,〇の子？
2022-01-29 11:16:08,サモエド,王子？
2022-01-29 11:16:08,あるごん,鱈子？
2022-01-29 11:16:10,辛口饅頭,餃子って言われてた
2022-01-29 11:16:14,FoxP,Kouhai for Nora!
2022-01-29 11:16:21,名無しめん,陽か陰か
2022-01-29 11:16:23,冥土,双子
2022-01-29 11:16:39,つきみ,背中で語る先輩
2022-01-29 11:16:40,owlソダ,Nora Senpai
2022-01-29 11:17:00,Azu -あず-,おつのらー
2022-01-29 11:17:01,FoxP,Thank you Nora
2022-01-29 11:17:01,霜月こんX2,おつのらー
2022-01-29 11:17:01,辛口饅頭,おつのらー
2022-01-29 11:17:02,「おふふとん」,おつのら
2022-01-29 11:17:02,ka ta,おつのらー
2022-01-29 11:17:03,FoxP,Otsunora!
2022-01-29 11:17:03,冥土,おつのらー
2022-01-29 11:17:04,てぃろ,おつのらー！
2022-01-29 11:17:04,ヤス,おつのらー
2022-01-29 11:17:04,ヤマ,おつワーム
2022-01-29 11:17:05,Taun,Bye Bye
2022-01-29 11:17:05,チョコレートロマンス,ばいばーい
2022-01-29 11:17:05,ましまし_,おつのらー
2022-01-29 11:17:07,アーバク,おつのらー
2022-01-29 11:17:07,サモエド,おつのらー
2022-01-29 11:17:07,博多の拳王!,おつのら～
2022-01-29 11:17:07,つきみ,Otunora—-
2022-01-29 11:17:08,酢海su-mi,おつのらー
2022-01-29 11:17:09,Taun,Thanks for the stream
2022-01-29 11:17:09,林啓太,おつのらー
2022-01-29 11:17:10,ton ton,おつのらー
2022-01-29 11:17:11,綿雨くーりゃ,おつのらー
2022-01-29 11:17:12,櫻咲,おつのらー
2022-01-29 11:17:12,John Doggett,おつのらー
2022-01-29 11:17:13,owlソダ,おつのら
2022-01-29 11:17:14,なー＊,おつのらー！！
2022-01-29 11:17:17,深海生物,おつのらー
2022-01-29 11:17:17,樺沢郁也,おつのら
2022-01-29 11:17:19,ふじず,のらー
2022-01-29 11:17:19,やさい,おつのらー
2022-01-29 11:17:21,名無しめん,イラストなしか
2022-01-29 11:17:21,スプレム,おつのら
2022-01-29 11:17:29,MoE,おつのら
2022-01-29 11:17:36,半分芯でいる。,おつのら～
2022-01-29 11:18:01,ものらる猫,おつのらー
