2022-03-13 13:40:13,かりんとう,左のおみ足が好きです
2022-03-13 13:40:14,ヒノモトきょう,待機
2022-03-13 13:41:51,たぬ,待機
2022-03-13 13:42:00,かわいいべるちゃん,ちょうど暇してたから助かる:rolling_on_the_floor_laughing::rolling_on_the_floor_laughing::rolling_on_the_floor_laughing:
2022-03-13 13:42:54,ジョン,待機
2022-03-13 13:43:00,DuxRyK 【デューク】,待機
2022-03-13 13:43:12,じんすけ,待機
2022-03-13 13:44:36,名無し,こんだうー
2022-03-13 13:44:37,DuxRyK 【デューク】,こんだう〜
2022-03-13 13:44:44,櫻咲,こんだうー
2022-03-13 13:44:47,ヒノモトきょう,こんだうー
2022-03-13 13:44:49,じんすけ,こんだうー
2022-03-13 13:44:49,スマイル,こんだうー
2022-03-13 13:44:56,たぬ,こんだう
2022-03-13 13:45:02,えんぺら,こんだうー
2022-03-13 13:45:07,半分芯でいる。,こんだう～
2022-03-13 13:45:22,テラニコフ,こんだうー
2022-03-13 13:45:44,山本 重國 ,こんだうー
2022-03-13 13:45:45,かわいいべるちゃん,こんだう０
2022-03-13 13:45:47,いすといすと,こんだう
2022-03-13 13:45:53,櫻咲,通知botフォローしとこう
2022-03-13 13:46:04,じんすけ,こんだうー
2022-03-13 13:46:05,かわいいべるちゃん,いまのあっ　エロかった
2022-03-13 13:46:06,ドンブリ感情,こんだう～
2022-03-13 13:46:26,たぬ,:clapping_hands::clapping_hands::clapping_hands:
2022-03-13 13:46:27,冥土,こんだうー
2022-03-13 13:46:28,スマイル,すごかったねー
2022-03-13 13:46:29,かわいいべるちゃん,パンツ見えてとめしこしまくったわ
2022-03-13 13:46:29,しーちきん,こんだう～
2022-03-13 13:46:29,じんすけ,素晴らしかった…
2022-03-13 13:46:31,櫻咲,かわいかったねえ
2022-03-13 13:46:31,にゃっき,こんだうーとめるよかった
2022-03-13 13:46:33,かりんとう,こんだう
2022-03-13 13:46:43,DuxRyK 【デューク】,よかったね～
2022-03-13 13:46:56,にゃっき,とめしこ増やそうとしてた
2022-03-13 13:47:00,ドンブリ感情,えんこうカメラよかった
2022-03-13 13:47:02,なー＊,こんだうー！！
2022-03-13 13:47:02,ああああ,こんだうー　とめーら破壊力半端なかった
2022-03-13 13:47:04,山本 重國 ,チラ見えというよりモロ出しだったなw
2022-03-13 13:47:06,じんすけ,コンギョもよかた
2022-03-13 13:47:07,いすといすと,大成功
2022-03-13 13:47:09,たぬ,初見だったんだ
2022-03-13 13:47:14,いすといすと,草
2022-03-13 13:47:16,微糖,こんだうー
2022-03-13 13:47:27,じんすけ,円光セバスＧＪ
2022-03-13 13:47:37,山本 重國 ,何気に援交セバスも結構凄かったよね
2022-03-13 13:47:58,ヒノモトきょう,あのあとセバス逮捕されたってマ？
2022-03-13 13:48:11,にゃっき,w
2022-03-13 13:48:13,なー＊,w
2022-03-13 13:48:14,にゃっき,誘拐
2022-03-13 13:48:24,じんすけ,闇w
2022-03-13 13:48:43,ああああ,スクショに夢中になるのわかる
2022-03-13 13:48:47,ドンブリ感情,動きがちゃんと女の子なのがギャップかわいいだった
2022-03-13 13:48:47,メカラウロコ,メスガキ感が最高だった
2022-03-13 13:49:09,山本 重國 ,あの切り抜きねw
2022-03-13 13:49:18,冥土,やっかいオタクだな
2022-03-13 13:49:19,にゃっき,とめるの乳吸う権利があるのになんで使わないんだ？
2022-03-13 13:49:21,ほあでりあ,こんだう
2022-03-13 13:49:25,櫻咲,Oh...
2022-03-13 13:49:33,かりんとう,行動起こしたかどうかやろ
2022-03-13 13:49:38,ドンブリ感情,とめらーは一部過激なのいるもんな
2022-03-13 13:49:41,たぬ,憧れの好きでしょ？良いやん
2022-03-13 13:49:44,いすといすと,とめらーで草
2022-03-13 13:49:45,K K,ガチ恋さん！？
2022-03-13 13:49:46,ヒノモトきょう,公私混同すな！ってこと？
2022-03-13 13:49:50,櫻咲,昨日本人が許可くれたからね！！
2022-03-13 13:49:54,ジョン,してくれ
2022-03-13 13:50:04,冥土,とめらー煽って行こうw
2022-03-13 13:50:12,にゃっき,w
2022-03-13 13:50:14,キムチ,バブとめもっと流行らせて
2022-03-13 13:50:16,微糖,どんどん乱用していこ
2022-03-13 13:50:17,山本 重國 ,乳吸い第一号はおぎゃちゃんでええやろw
2022-03-13 13:50:20,メカラウロコ,ええやん、もっとコラボもしようや
2022-03-13 13:50:21,クリアマインド,バブってけ
2022-03-13 13:50:22,スマイル,例えそうだとしても実力で入ったんだから気にしないでもろて
2022-03-13 13:50:34,たろう,早口オタク
2022-03-13 13:50:35,たぬ,コラボして欲しい
2022-03-13 13:50:36,ツター,こんにちは
2022-03-13 13:50:41,にゃっき,何しても反対派は出るから仕方ない
2022-03-13 13:50:41,名無し,負け犬乙って煽ってけ
2022-03-13 13:50:46,ツター,これはなんのゲームかな
2022-03-13 13:50:49,ドンブリ感情,喜んでるときに手合わせて腰振ってたのが女児だった
2022-03-13 13:50:54,たぬ,:clapping_hands::clapping_hands::clapping_hands:
2022-03-13 13:50:57,K K,純！？
2022-03-13 13:50:59,ジョン,あの3Dマジで可愛すぎて逆に怒りが湧いてきた
2022-03-13 13:51:02,いすといすと,オタクは早口
2022-03-13 13:51:05,niku niko,加藤純一最強！
2022-03-13 13:51:06,じんすけ,うんこちゃんおめとー
2022-03-13 13:51:06,ドンブリ感情,純；；
2022-03-13 13:51:06,にゃっき,バブ結婚おめでとう
2022-03-13 13:51:10,山本 重國 ,2億の夫婦はおったまげたな
2022-03-13 13:51:23,valdy jack,やば
2022-03-13 13:51:26,ハンニバル,食器洗う赤ちゃんえらい
2022-03-13 13:51:28,ほあでりあ,昨日は盛りだくさんだったねえ
2022-03-13 13:51:29,たぬ,ダルビッシュもやばかった豪華すぎる
2022-03-13 13:51:36,にゃっき,ダルビッシュもいたな
2022-03-13 13:51:41,ドンブリ感情,ああソムニアで音ゲーできる神ゲー
2022-03-13 13:51:41,山本 重國 ,今のところ問題なさそう
2022-03-13 13:51:42,いすといすと,こんなもので大丈夫
2022-03-13 13:51:45,DuxRyK 【デューク】,ほんと人脈えぐいよね
2022-03-13 13:51:46,ジョン,本当に最強のやつが言うと説得力がある
2022-03-13 13:51:47,微糖,音量ok
2022-03-13 13:51:54,ああああ,ダルビッシュで目ん玉無いなった
2022-03-13 13:51:57,じんすけ,おk
2022-03-13 13:52:02,なー＊,大丈夫そう
2022-03-13 13:52:16,キチア,こんだう〜
2022-03-13 13:52:32,4161きんた,こんだうー
2022-03-13 13:52:32,名無しめん,こんだうー
2022-03-13 13:52:32,たぬ,大丈夫かな
2022-03-13 13:52:34,冥土,こっちでは音量普通
2022-03-13 13:52:47,ほあでりあ,あのそうそうたるメンツの中で口笛吹いたもこうすげーよ
2022-03-13 13:52:50,MOKKA,こんだうー
2022-03-13 13:52:58,デビッ,こんだうー
2022-03-13 13:53:20,デビッ,カスタネットかな
2022-03-13 13:53:21,ああああ,ぷないぷないあるゲームか
2022-03-13 13:53:37,エビがエビフライ,こんだう～
2022-03-13 13:53:48,ジョン,これ昔結月ゆかりの未確認ゲーム日和で観たな
2022-03-13 13:53:50,C Y,こんだうー
2022-03-13 13:53:50,じんすけ,ぷないぷない聞けるんかー
2022-03-13 13:54:00,綿雨くーりゃ,こんだう
2022-03-13 13:54:04,ジョン,ツイートしてた
2022-03-13 13:54:12,ああああ,上手い
2022-03-13 13:54:14,冥土,ツイートはしてるね
2022-03-13 13:54:16,MOKKA,Twitterから
2022-03-13 13:54:23,なー＊,これかわいい
2022-03-13 13:54:34,にんげん,こんだう、配信あってびびった
2022-03-13 13:54:40,いちくに,MushDashはいい曲多すぎる
2022-03-13 13:54:51,ぐりを / guriwo,むかーしやった時この子かわいいなあと思った思い出
2022-03-13 13:54:54,cafe太郎,あらかわ
2022-03-13 13:55:01,思想,こんだうー
2022-03-13 13:55:16,ジョン,今日なぜかコメントの遅延が全然ない
2022-03-13 13:55:38,もーみん,こんだふ
2022-03-13 13:55:40,ヒノモトきょう,これノーツ追うと目がめちゃ疲れるねぇ
2022-03-13 13:55:40,エビがエビフライ,楽しそう
2022-03-13 13:55:42,にゃっき,w
2022-03-13 13:55:56,なー＊,ないすー
2022-03-13 13:56:00,まゆげ,面白そうなので今買いました
2022-03-13 13:56:03,K K,動体視力が追いつかなかった
2022-03-13 13:56:03,じんすけ,てーてーててて
2022-03-13 13:56:12,名無しめん,ひら
2022-03-13 13:56:23,ああああ,わい遅延あるで。原因わからんけど
2022-03-13 13:56:25,おすしやすし,足のひらっ？ww
2022-03-13 13:56:29,Hell Saturday,出ためちゃくちゃはまった
2022-03-13 13:56:31,微糖,キーボードが汗かいとるのかも
2022-03-13 13:56:32,いちくに,赤ちゃん特有の潤い
2022-03-13 13:56:32,綿雨くーりゃ,足でしてるのかと思った
2022-03-13 13:56:33,ジョン,前立腺とうんちの話のときは結構遅延あった
2022-03-13 13:56:33,たんいモルモット,こんだうー
2022-03-13 13:56:34,じんすけ,バブちゃんはしっとりしやすい…と
2022-03-13 13:56:41,valdy jack,かわよ
2022-03-13 13:56:43,たぬ,キャラ可愛いね
2022-03-13 13:56:46,冥土,メイドよき
2022-03-13 13:56:46,なー＊,かわいい
2022-03-13 13:56:55,ドンブリ感情,needyの曲追加されたよね
2022-03-13 13:57:06,たんいモルモット,キャラかわよ
2022-03-13 13:57:19,ヒノモトきょう,絵が良すぎる
2022-03-13 13:57:22,ジョン,キャラいいな
2022-03-13 13:57:22,K K,多汗症かな
2022-03-13 13:57:23,微糖,キャラかわいい
2022-03-13 13:57:23,にんげん,絵柄いいね
2022-03-13 13:57:24,とーふちゃん!,知らないキャラめっちゃ増えてる！
2022-03-13 13:57:24,valdy jack,霊夢おるやん
2022-03-13 13:57:26,ぐりを / guriwo,いくら？
2022-03-13 13:57:31,名無し,キャラかわいい
2022-03-13 13:57:39,なー＊,キャラめっちゃかわいい
2022-03-13 13:57:44,ドンブリ感情,コラボのとこ
2022-03-13 13:57:45,Hell Saturday,今からやろ俺も
2022-03-13 13:57:46,テラニコフ,霊夢いるんだ！？
2022-03-13 13:57:48,もさぎ。,ガチィ！？
2022-03-13 13:58:00,valdy jack,milkあるやん！
2022-03-13 13:58:00,ああああ,もぺもぺwww
2022-03-13 13:58:06,エビがエビフライ,この曲好き
2022-03-13 13:58:07,いすといすと,:baby_bottle:
2022-03-13 13:58:10,K K,やっす
2022-03-13 13:58:14,にゃっき,突然のみるく
2022-03-13 13:58:21,なー＊,:baby_bottle:
2022-03-13 13:58:27,valdy jack,この曲好き　MVもっとすき
2022-03-13 13:58:28,にんげん,にゃーん
2022-03-13 13:58:34,ドンブリ感情,DLCパック一回買えばずっとアプデで追加されるからお得
2022-03-13 13:58:35,ヤス,こんだうー
2022-03-13 13:59:05,山吹秋風,こんだう～
2022-03-13 13:59:07,キル,こんだう
2022-03-13 13:59:09,もさぎ。,カチカチ音きもちいい
2022-03-13 13:59:14,いちくに,ゴーストがやらしい
2022-03-13 13:59:30,ああああ,16分音符押しにくそうだな
2022-03-13 13:59:33,じんすけ,ノリノリ赤子:baby:
2022-03-13 13:59:46,微糖,タイピングASMR
2022-03-13 13:59:53,C Y,見ててきもちい
2022-03-13 14:00:00,DuxRyK 【デューク】,連打難しそう..
2022-03-13 14:00:00,櫻咲,自分でやったら歯車に騙されそう
2022-03-13 14:00:15,たぬ,いってら
2022-03-13 14:00:20,ドンブリ感情,猫ちゃんの毛
2022-03-13 14:00:21,ああああ,おけ
2022-03-13 14:00:22,じんすけ,いてらー
2022-03-13 14:00:25,いすといすと,お大事に
2022-03-13 14:00:43,天キノ,こんだう～お、MUSEdashで初めてソフランが出た曲やん
2022-03-13 14:00:47,エビがエビフライ,おかえり
2022-03-13 14:01:05,いすといすと,ジャバジャバ洗おう
2022-03-13 14:01:06,山吹秋風,おか
2022-03-13 14:01:07,ドンブリ感情,目の裏に行ってるパターン
2022-03-13 14:01:12,ウルトラアル中マン,こんだう～！
2022-03-13 14:01:17,スマイル,目にいっぱい入るとか怖い
2022-03-13 14:01:27,肴屋うおろく,お上手。　(通りすがりのリズム感覚ゼロ人A
2022-03-13 14:01:29,じんすけ,もぺもぺ
2022-03-13 14:01:46,ウルトラアル中マン,真ん中のお姉さんバブちゃん15歳バージョンてマジ？
2022-03-13 14:02:03,なー＊,かっこいい
2022-03-13 14:02:04,valdy jack,異議あり！の顔
2022-03-13 14:02:15,じんすけ,もぺもぺキター
2022-03-13 14:02:28,岩井孝太,ばぶばぶばぶう
2022-03-13 14:02:28,名無し,もぺもぺ
2022-03-13 14:02:38,かわいいべるちゃん,これプナイプナイ体操あるゲーム？
2022-03-13 14:02:44,いちくに,かわいい曲だなあ
2022-03-13 14:02:48,エビがエビフライ,もぺもぺ
2022-03-13 14:02:51,にゃっき,あ
2022-03-13 14:02:58,じんすけ,序盤でw
2022-03-13 14:03:01,いすといすと,草
2022-03-13 14:03:02,ウルトラアル中マン,:goblin:判断が早いっ！
2022-03-13 14:03:02,にんげん,DivaFTのSteam版ほしい個人的には
2022-03-13 14:03:16,むうん,体が追いつかないことある
2022-03-13 14:03:16,ドンブリ感情,アクチュエーションポイントが深いのかもしれない
2022-03-13 14:03:16,DuxRyK 【デューク】,アレンジｗ
2022-03-13 14:03:17,なー＊,コッ☆
2022-03-13 14:03:49,じんすけ,きゃー
2022-03-13 14:03:59,なー＊,ふえぇ…
2022-03-13 14:04:07,エビがエビフライ,うまい
2022-03-13 14:04:19,じんすけ,いいねぇ:thumbs_up:
2022-03-13 14:04:34,ドンブリ感情,これむっず
2022-03-13 14:04:38,にゃっき,むず
2022-03-13 14:04:46,完全剛体リジッド,連打の音が気持ち良いですねぇ
2022-03-13 14:04:47,にんげん,音ゲーってブランクあると初心者に戻っちゃうの悲しい
2022-03-13 14:04:48,ああああ,達人どんななんだ…
2022-03-13 14:04:50,DuxRyK 【デューク】,うまい
2022-03-13 14:04:51,どすこいツナマヨおにぎり,難しいんだなバブちゃんすごい
2022-03-13 14:04:52,おうえあうい,すご
2022-03-13 14:04:53,孫,みえていたのか。
2022-03-13 14:04:55,ウルトラアル中マン,来ると分かってる連打好き
2022-03-13 14:05:03,思想,ぷないぷないやって
2022-03-13 14:05:20,かわいいべるちゃん,プナイプナイきぼんぬ
2022-03-13 14:05:25,ドンブリ感情,インターネットオーバードーズはコラボタブにあるど
2022-03-13 14:05:35,じんすけ,かわいい
2022-03-13 14:05:58,おすしやすし,ぷないぷな〜い
2022-03-13 14:06:03,にんげん,結構ちゃんと曲あるんだな
2022-03-13 14:06:05,エビがエビフライ,きたあ
2022-03-13 14:06:08,たぬ,ぷないぷないきた
2022-03-13 14:06:07,ウルトラアル中マン,オーバードーズコラボってこれマジ？みたい
2022-03-13 14:06:08,じんすけ,ぷ ぷ ぷ
2022-03-13 14:06:16,とりさし,ぷないぷないって何ですか？
2022-03-13 14:06:17,アーモンドアライさん,ぷないぷ～ない
2022-03-13 14:06:20,ああああ,ぷないぷな～い
2022-03-13 14:06:21,かわいいべるちゃん,う〜プナイプナーイ
2022-03-13 14:06:30,かわいいべるちゃん,ぷぷぷぷぷぷぷぷぷぷぷ
2022-03-13 14:06:35,じんすけ,ぷないぷなーい
2022-03-13 14:06:37,思想,かわいいね
2022-03-13 14:06:40,なー＊,ぷないぷな〜い
2022-03-13 14:06:46,じんすけ,ぷ ぷ ぷ
2022-03-13 14:06:46,エビがエビフライ,ぷないぷなーい
2022-03-13 14:07:00,かわいいべるちゃん,ぷないぷな〜い
2022-03-13 14:07:01,ドンブリ感情,ホロの赤ちゃんがこれやりながら歌ってる切り抜き脳みそが溶ける
2022-03-13 14:07:14,ああああ,隠しノーツかと思ったら幽霊か
2022-03-13 14:07:19,li nva,たゃ^う
2022-03-13 14:07:30,アーモンドアライさん,しゅごい
2022-03-13 14:07:32,shion* *,こんだうー
2022-03-13 14:07:41,微糖,忙しい
2022-03-13 14:07:52,にんげん,ノーツのリズム初見はムリよね
2022-03-13 14:08:00,かわいいべるちゃん,うーぷないぷなーい
2022-03-13 14:08:01,shion* *,ぷないぷなーい
2022-03-13 14:08:10,なー＊,:clapping_hands::clapping_hands::clapping_hands::clapping_hands::clapping_hands::clapping_hands:
2022-03-13 14:08:10,じんすけ,:clapping_hands::clapping_hands::clapping_hands::clapping_hands:
2022-03-13 14:08:10,ウルトラアル中マン,音ゲーあるあるやねパ二くる
2022-03-13 14:08:24,名無し,ぷないぷなーい
2022-03-13 14:08:26,とりさし,ボタン２個だけだけだし～とか思ってたら泣いたよね
2022-03-13 14:08:27,ポート,たのちいね
2022-03-13 14:08:27,シノ,こんだうー
2022-03-13 14:08:28,エビがエビフライ,ナイス
2022-03-13 14:08:30,むうん,ぷないぷなーい
2022-03-13 14:08:40,シノ,ぷないぷなーい
2022-03-13 14:09:11,ウルトラアル中マン,バブちゃんとぷないぷないのシナジーすごいすね
2022-03-13 14:09:13,valdy jack,いい曲ばっかじゃーん
2022-03-13 14:09:17,おた,ドーナドーナすこ
2022-03-13 14:09:19,なー＊,ドーナドーナ！
2022-03-13 14:09:34,shion* *,び、すこ
2022-03-13 14:09:44,ウルトラマン81,
2022-03-13 14:10:01,微糖,ドーナドーナだ
2022-03-13 14:10:11,ドンブリ感情,インターネットオーバードーズはデフォルト曲でした
2022-03-13 14:10:12,名無し,無言赤スパw
2022-03-13 14:10:13,DuxRyK 【デューク】,ないすぱ
2022-03-13 14:10:13,Hell Saturday,ドーナドーナすこ
2022-03-13 14:10:15,とりさし,唐突な赤スパ
2022-03-13 14:10:17,ウルトラアル中マン,無言赤スパ
2022-03-13 14:10:18,シノ,草
2022-03-13 14:10:19,じんすけ,ないすぱ
2022-03-13 14:10:26,冥土,いきなりきたなw
2022-03-13 14:10:27,エビがエビフライ,無言赤スパｗ
2022-03-13 14:10:28,valdy jack,精神攻撃だ
2022-03-13 14:10:31,微糖,赤子、動揺
2022-03-13 14:10:31,ヤス,赤紙
2022-03-13 14:10:32,いちくに,ありがとうウルトラマン
2022-03-13 14:10:36,ポート,これはもはや「攻撃」に近い
2022-03-13 14:10:37,ドンブリ感情,ジュワ！
2022-03-13 14:10:39,ぴかてゆう,饅頭来たな
2022-03-13 14:10:47,ひろ-,こんだうー
2022-03-13 14:10:50,KAL,こんだうー
2022-03-13 14:10:57,ああああ,外部攻撃
2022-03-13 14:11:01,じんすけ,通り魔赤スパ
2022-03-13 14:11:05,名無し,タイミングによっては悪意すら感じる無言赤スパ
2022-03-13 14:11:24,ドンブリ感情,あった
2022-03-13 14:11:27,FMMオリバー,初見ですよろしくお願いします
2022-03-13 14:11:28,じんすけ,こうめモフモフの歌かわいい
2022-03-13 14:11:38,ドンブリ感情,スライドバー右端にするとあるど
2022-03-13 14:11:43,寧々丸,こんだうー！
2022-03-13 14:12:00,にんげん,さるのやっぱ定番
2022-03-13 14:12:01,ウルトラアル中マン,:baby:でっででデフォルト？！
2022-03-13 14:12:07,シノ,かわいい
2022-03-13 14:12:13,valdy jack,あった
2022-03-13 14:12:15,じんすけ,寧々丸様ー
2022-03-13 14:12:15,エビがエビフライ,ほう
2022-03-13 14:12:35,とりさし,糖質オーバードーズ
2022-03-13 14:12:43,ドンブリ感情,ここのステージの曲だいたい好き
2022-03-13 14:12:46,なー＊,めっちゃいい
2022-03-13 14:12:57,ああああ,おおこれか。ちょっと感激
2022-03-13 14:13:01,むうん,この曲収録されてるのねぇ～
2022-03-13 14:13:35,じんすけ,がんばえー
2022-03-13 14:14:03,ウルトラアル中マン,お薬飛ばしてくるやん
2022-03-13 14:14:08,なー＊,ハートとおくすりだ
2022-03-13 14:14:15,ドンブリ感情,ロングノーツ盛り盛りでむずくなりそう
2022-03-13 14:14:22,ウルトラアル中マン,８８８８８８
2022-03-13 14:14:27,とりさし,メンヘラ玄人になろう
2022-03-13 14:14:27,なー＊,:clapping_hands::clapping_hands::clapping_hands::clapping_hands::clapping_hands::clapping_hands:
2022-03-13 14:14:33,じんすけ,:clapping_hands::clapping_hands::clapping_hands:
2022-03-13 14:14:35,FMMオリバー,88888
2022-03-13 14:14:38,エビがエビフライ,８８８８８
2022-03-13 14:14:46,冥土,:clapping_hands::clapping_hands::clapping_hands::clapping_hands:
2022-03-13 14:14:53,KAL,:clapping_hands::clapping_hands::clapping_hands:
2022-03-13 14:15:00,なー＊,メン達
2022-03-13 14:15:19,とりさし,まだ死んでない時点で十分すごい
2022-03-13 14:15:30,ドンブリ感情,これは4ボタンつかわないと無理
2022-03-13 14:15:30,かわいいべるちゃん,じぇるばんわー
2022-03-13 14:15:37,かわいいべるちゃん,インターネットインターネットインターネットインターネット
2022-03-13 14:15:38,ひろ-,ばぶちゃんってリズム感ええよね
2022-03-13 14:15:42,なー＊,ダーリン ダーリン
2022-03-13 14:15:47,じんすけ,すごwww
2022-03-13 14:15:52,鱗珠船貝,ぷないぷなーい
2022-03-13 14:16:14,シノ,むに！
2022-03-13 14:16:21,DuxRyK 【デューク】,むずｗ
2022-03-13 14:16:21,なー＊,がんばえー
2022-03-13 14:16:25,冥土,寝不足だから画面酔いしそう…
2022-03-13 14:16:56,太田幼女,こんだうです！
2022-03-13 14:16:56,なー＊,ないすー！:clapping_hands::clapping_hands::clapping_hands:
2022-03-13 14:16:57,じんすけ,青い薬と赤い薬 マトリックスかなぁ:thinking_face:
2022-03-13 14:17:00,ああああ,スゴい
2022-03-13 14:17:03,じんすけ,:clapping_hands::clapping_hands::clapping_hands:
2022-03-13 14:17:04,夕夜yuuya,リアタイ初見です
2022-03-13 14:17:29,ドンブリ感情,ソムニア～～～～～
2022-03-13 14:17:50,cafe太郎,ソ氏～～～
2022-03-13 14:17:57,ドンブリ感情,ソムニアもいいけど曲作ってるヤカさんも最高
2022-03-13 14:18:18,FMMオリバー,この曲ええなぁ
2022-03-13 14:18:33,じんすけ,オ、オタクじゃねーし
2022-03-13 14:19:00,rgmrnda,バブちゃんうまいな
2022-03-13 14:19:27,ぅなご,こんだう
2022-03-13 14:19:51,ドンブリ感情,こないだソムニアが生放送してて笑い声がクスクスクスって感じでかわいかった
2022-03-13 14:19:55,FMMオリバー,DLCどれだけ買ったの？
2022-03-13 14:19:56,たぬ,確かに動いてない
2022-03-13 14:19:57,じんすけ,:clapping_hands::clapping_hands::clapping_hands:
2022-03-13 14:19:58,K K,フリーズバブ
2022-03-13 14:19:59,ウルトラアル中マン,バブちゃん魂抜けちゃった・・・
2022-03-13 14:20:00,まゆげ,ゲームやってると配信見れない事に気づいたぜ
2022-03-13 14:20:10,博多の拳王!,こんだう
2022-03-13 14:20:14,かわいいべるちゃん,:clapping_hands::clapping_hands::clapping_hands:
2022-03-13 14:21:01,じんすけ,かわいい:loudly_crying_face:
2022-03-13 14:21:15,とーふちゃん!,この曲好きでよくやってた
2022-03-13 14:21:20,博多の拳王!,ミューズダッシュの曲かわいくてほんと良いわ
2022-03-13 14:22:16,なー＊,かわいい
2022-03-13 14:22:16,ウルトラアル中マン,フルコンないすう！
2022-03-13 14:22:19,博多の拳王!,うま
2022-03-13 14:22:19,ああああ,ナイスゥ
2022-03-13 14:22:22,じんすけ,:clapping_hands::clapping_hands::clapping_hands:
2022-03-13 14:22:22,なー＊,:clapping_hands::clapping_hands::clapping_hands::clapping_hands::clapping_hands:
2022-03-13 14:22:25,名無し,:clapping_hands::clapping_hands::clapping_hands:
2022-03-13 14:22:28,鶴橋。,理論値やんけ
2022-03-13 14:22:28,エビがエビフライ,ナイス
2022-03-13 14:22:34,いちくに,理論値１？
2022-03-13 14:23:00,ウルトラアル中マン,達人むずそう(エアプ並感)
2022-03-13 14:23:06,博多の拳王!,ｗｗｗｗ
2022-03-13 14:23:27,FMMオリバー,理論値はその曲で理論上1番高い点数のことやで
2022-03-13 14:23:42,じんすけ,赤ちゃん手がちっちゃいから しょうがない
2022-03-13 14:23:46,博多の拳王!,スマホとかよりPCが一番ムスカしいと思う
2022-03-13 14:23:56,鶴橋。,要するにパーフェクト
2022-03-13 14:24:01,なー＊,ちゅーちゅー:baby_bottle:
2022-03-13 14:24:02,まゆげ,むずいなー
2022-03-13 14:24:03,ウルトラアル中マン,パニック赤子
2022-03-13 14:24:13,ドンブリ感情,ロングノーツ混ざってくると頭バグる
2022-03-13 14:24:20,博多の拳王!,理解ったか
2022-03-13 14:24:42,ポート,ガチャプレイは車輪に足ズタズタにされる
2022-03-13 14:25:00,ウルトラアル中マン,戦いの中で学習しただと…？！
2022-03-13 14:25:01,ああああ,掴むの早いね
2022-03-13 14:25:03,いちくに,同時押し賢い
2022-03-13 14:25:10,ウルトラアル中マン,８８８８８
2022-03-13 14:25:11,博多の拳王!,赤子とは思えない力強い連打音で笑っちゃう
2022-03-13 14:25:12,じんすけ,:clapping_hands::clapping_hands::clapping_hands:
2022-03-13 14:25:19,冥土,:clapping_hands::clapping_hands::clapping_hands::clapping_hands::clapping_hands:
2022-03-13 14:25:24,ドンブリ感情,まぁまぁできてるな
2022-03-13 14:25:24,C Y,:clapping_hands::clapping_hands::clapping_hands:
2022-03-13 14:25:27,シノ,草
2022-03-13 14:25:28,じんすけ,草
2022-03-13 14:25:28,なー＊,草
2022-03-13 14:25:33,DuxRyK 【デューク】,:clapping_hands::clapping_hands::clapping_hands::clapping_hands::clapping_hands:
2022-03-13 14:25:51,ああああ,最高レベル10？
2022-03-13 14:26:03,とりさし,赤子の握る強さで安心する親のように、力強い叩く音で感動してるよ
2022-03-13 14:26:29,ウルトラアル中マン,そのうち指もげそう
2022-03-13 14:26:48,なー＊,ｗ
2022-03-13 14:27:02,じんすけ,くぅー
2022-03-13 14:27:05,博多の拳王!,ﾀﾞﾝｯ!ﾀﾞﾝｯ!
2022-03-13 14:27:06,ドンブリ感情,ソ氏の曲増やしてくれ～
2022-03-13 14:27:16,じんすけ,キーボードクラッシャーバブ
2022-03-13 14:27:24,ぴかてゆう,ターン！
2022-03-13 14:27:48,ポート,実際キーボードはスマホの親指よりもリズム取りずらい
2022-03-13 14:27:55,博多の拳王!,歯車がやらしい
2022-03-13 14:28:16,なー＊,:clapping_hands::clapping_hands::clapping_hands:
2022-03-13 14:28:29,じんすけ,:clapping_hands::clapping_hands::clapping_hands:
2022-03-13 14:28:44,鶴橋。,同時のリズムに慣れたい
2022-03-13 14:28:51,博多の拳王!,うごいてるよ
2022-03-13 14:29:00,にんげん,さるのやるんじゃなかったっけ
2022-03-13 14:29:07,博多の拳王!,DLC持ってないんだよなあ
2022-03-13 14:29:09,ドンブリ感情,moeshopとかPSYQUIの曲すき
2022-03-13 14:29:16,鶴橋。,Pixel　Galaxyあるじゃん
2022-03-13 14:29:18,DuxRyK 【デューク】,いいね
2022-03-13 14:29:19,じんすけ,ナイスチョイス:thumbs_up:
2022-03-13 14:29:24,博多の拳王!,おおお
2022-03-13 14:29:26,にんげん,ちるの、のこと
2022-03-13 14:29:26,ほあでりあ,すげえ
2022-03-13 14:29:29,いちくに,すご
2022-03-13 14:29:30,エビがエビフライ,おお
2022-03-13 14:29:30,にんげん,かっけえな
2022-03-13 14:29:31,cheruno,こんな演出なんだ、すげぇ
2022-03-13 14:29:31,じんすけ,おー シルエットなんや
2022-03-13 14:29:32,ドンブリ感情,バッドアップルあったのか
2022-03-13 14:29:33,ああああ,凝ってんな
2022-03-13 14:29:34,なー＊,おお
2022-03-13 14:29:34,ヒノモトきょう,芸が細かい
2022-03-13 14:29:34,微糖,うおおおおMVリスペクトだ
2022-03-13 14:29:40,ウルトラアル中マン,バッドアップル仕様とかあるんやな
2022-03-13 14:29:42,虚 / Utsuro,こんだうー
2022-03-13 14:29:48,とりさし,ゆっくりだとむずいの分かる
2022-03-13 14:29:50,cheruno,パーペクト教室
2022-03-13 14:29:50,ぐりを / guriwo,低レベルのほうがやりにくいのあるある
2022-03-13 14:29:58,なー＊,ぱーぺくと
2022-03-13 14:30:02,櫻咲,懐かしすぎる
2022-03-13 14:30:05,シノ,おお、かっこいい
2022-03-13 14:30:06,valdy jack,すげー
2022-03-13 14:30:11,博多の拳王!,こういう曲に合わせた演出されると運営大好きになっちゃう
2022-03-13 14:30:11,にんげん,低レベルはリズムがつかみにくい
2022-03-13 14:30:13,じんすけ,確かに
2022-03-13 14:30:20,ウルトラアル中マン,確:crab:
2022-03-13 14:30:26,夕夜yuuya,ゆかり
2022-03-13 14:30:28,鶴橋。,歯抜けのリズムとか逆につらい
2022-03-13 14:30:29,ウルトラアル中マン,八雲やん
2022-03-13 14:30:31,微糖,ゆかりんだ
2022-03-13 14:30:39,とーふちゃん!,すげぇ紫だ・・・
2022-03-13 14:30:41,シノ,原作再現むちゃいい
2022-03-13 14:30:46,valdy jack,ゆかりさん普通に出てくるやん
2022-03-13 14:30:51,じんすけ,初めてあの動画見た時はかっこよさに痺れまくったなぁ
2022-03-13 14:30:51,にんげん,めっちゃ力はいってるな
2022-03-13 14:30:59,C Y,コメ読めながらできるのすごい
2022-03-13 14:31:11,ドンブリ感情,アンチエイリアスがボケすぎてるのかも
2022-03-13 14:31:17,なー＊,かっこいい
2022-03-13 14:31:25,じんすけ,:clapping_hands::clapping_hands::clapping_hands:
2022-03-13 14:31:27,なー＊,:clapping_hands::clapping_hands::clapping_hands::clapping_hands::clapping_hands:
2022-03-13 14:31:27,ウルトラアル中マン,フルコンいいねえ！
2022-03-13 14:31:32,DuxRyK 【デューク】,:clapping_hands::clapping_hands::clapping_hands::clapping_hands:
2022-03-13 14:31:32,シノ,88888
2022-03-13 14:31:51,valdy jack,これ踊ったの懐かしいなあ
2022-03-13 14:32:01,微糖,懐かしい
2022-03-13 14:32:04,ドンブリ感情,わしも東方全く知らん
2022-03-13 14:32:10,博多の拳王!,ノーツの形東方に合わせてるのか？これ
2022-03-13 14:32:21,ウルトラアル中マン,最近の若いオタクで東方知らんのも多いからなあ…時代やあ…
2022-03-13 14:32:31,ヒノモトきょう,⑨
2022-03-13 14:32:58,鶴橋。,ゆっくりの方が知名度高そう
2022-03-13 14:33:15,いーりぃ⚰️,⑨
2022-03-13 14:33:22,なー＊,みてるのもたのしいよ
2022-03-13 14:33:38,シノ,ばーかばーか
2022-03-13 14:33:55,じんすけ,懐かしw
2022-03-13 14:34:07,博多の拳王!,赤子にやさしいノーツにしろ！
2022-03-13 14:34:17,ウルトラアル中マン,紅魔館組はやっぱ知名度あるな
2022-03-13 14:34:20,ドンブリ感情,モニター144hlzだと見やすくなるぞ
2022-03-13 14:34:21,SEEK,Bad Appleの「達人」ボタン10回くらい連打すると裏譜面が出る
2022-03-13 14:34:25,ああああ,咲夜さんは？
2022-03-13 14:34:25,にんげん,Osuの4Kやりまくってたな
2022-03-13 14:34:27,博多の拳王!,OSUむずくね
2022-03-13 14:34:29,valdy jack,今でもキャラ増え続けとるからねえ＞東方
2022-03-13 14:34:42,鶴橋。,うさぎって4、5人くらいいたよな
2022-03-13 14:34:51,もさぎ。,りんごちゃん知ってるのはだいぶマニアックだよ（違）
2022-03-13 14:35:08,cheruno,即　決
2022-03-13 14:35:15,なー＊,いいね
2022-03-13 14:35:21,冥土,なついな
2022-03-13 14:35:33,とーふちゃん!,懐かしいなぁ・・・
2022-03-13 14:35:33,博多の拳王!,キャラまだ増えてるの知らなかった～
2022-03-13 14:35:37,ウルトラアル中マン,なついなあ…
2022-03-13 14:35:52,よしを,おっさん歓喜
2022-03-13 14:35:54,博多の拳王!,この曲こんな早かったっけｗ
2022-03-13 14:35:56,じんすけ,BMIが早い:thinking_face:?
2022-03-13 14:35:59,valdy jack,キー音すご
2022-03-13 14:36:01,ウルトラアル中マン,これと最終鬼畜から東方入ったオタクは数知れず
2022-03-13 14:36:04,cheruno,今一週回ってしっかり新規がいる東方さん……
2022-03-13 14:36:12,valdy jack,BMI135
2022-03-13 14:36:21,冥土,もうちょい遅かった気がする
2022-03-13 14:36:21,cafe太郎,この曲のアレンジ流行ったな
2022-03-13 14:36:29,じんすけ,確かに最近東方キャラはゆっくりしか見てないな…
2022-03-13 14:36:41,博多の拳王!,どこかのお父さんが弾いてみたしてて知ったなあ
2022-03-13 14:36:46,鶴橋。,いまだに新作出してるからねえ
2022-03-13 14:36:59,チロ,超絶懐かしい……
2022-03-13 14:37:06,なー＊,あーめちゃくちゃだよーｗ
2022-03-13 14:37:08,ああああ,もうめちゃくちゃだよ！
2022-03-13 14:37:10,博多の拳王!,休憩パート
2022-03-13 14:37:17,じんすけ,草
2022-03-13 14:37:16,なー＊,:clapping_hands::clapping_hands::clapping_hands::clapping_hands::clapping_hands:
2022-03-13 14:37:33,じんすけ,:clapping_hands::clapping_hands::clapping_hands:
2022-03-13 14:37:41,博多の拳王!,軸ってそんな変わるのか
2022-03-13 14:37:46,cheruno,宗教戦争始まる
2022-03-13 14:37:52,ドンブリ感情,レイザーの軸って特殊だから一般的には青軸かな
2022-03-13 14:37:56,とーふちゃん!,ZUNさんすごいなぁ
2022-03-13 14:37:58,にんげん,ななひー！
2022-03-13 14:38:08,valdy jack,色々あったと思う
2022-03-13 14:38:10,ウルトラアル中マン,東方現行キャラの名前全部言えないと出られない部屋
2022-03-13 14:38:11,鶴橋。,書籍とかまでいくと本当になに見ればいいやら…
2022-03-13 14:38:13,にんげん,ななひーはじゅーじゅー焼肉すき
2022-03-13 14:38:19,もさぎ。,ものすごいフランちゃんがなんとかかんとか
2022-03-13 14:38:36,cafe太郎,もの凄い系だっけか
2022-03-13 14:38:37,valdy jack,フランちゃんがものすごいやつってななひーだっけ
2022-03-13 14:38:47,なー＊,わかる
2022-03-13 14:38:53,ドンブリ感情,ななひらカバーのインターネットオーバードーズ一番好き
2022-03-13 14:39:13,じんすけ,急に唸るじゃんw
2022-03-13 14:39:14,ウルトラアル中マン,オリ曲良いねえ
2022-03-13 14:39:18,なー＊,ききたい
2022-03-13 14:39:21,とーふちゃん!,楽しみにしてる！
2022-03-13 14:39:25,博多の拳王!,いいやん
2022-03-13 14:39:38,鶴橋。,アキシブ系的な？
2022-03-13 14:39:40,じんすけ,オリ曲期待ちゃうな
2022-03-13 14:39:42,なー＊,コッ☆
2022-03-13 14:39:43,ウルトラアル中マン,凡ミス赤子
2022-03-13 14:39:45,櫻咲,すんごい聴きたい
2022-03-13 14:39:50,ああああ,超笑われてんで
2022-03-13 14:40:30,cheruno,ばぶに厳しいばぶ
2022-03-13 14:40:46,ドンブリ感情,ちのいさんめっちゃいいな
2022-03-13 14:41:02,Sally Sally,こんだーう
2022-03-13 14:41:09,cheruno,作品展開がすごすぎてなぁ
2022-03-13 14:41:35,博多の拳王!,経費が燃やされていく？深層組か？
2022-03-13 14:41:57,ウルトラアル中マン,選別赤子
2022-03-13 14:42:01,DuxRyK 【デューク】,ｗｗｗ
2022-03-13 14:42:03,とりさし,下位チャットは見る価値無いもんね
2022-03-13 14:42:05,冥土,庶民ズラしとくわ
2022-03-13 14:42:13,cafe太郎,差別でわよ！
2022-03-13 14:42:14,ああああ,ミスって歯車(？)に当たった後の曲の笑い声に合わせた＞笑われてんで
2022-03-13 14:42:14,よしを,ぷりうすでコメントしないと
2022-03-13 14:42:16,Sally Sally,上級国民である
2022-03-13 14:42:16,博多の拳王!,上位しか読みません
2022-03-13 14:42:18,たぬ,庶民のみなさーん
2022-03-13 14:42:19,cheruno,草
2022-03-13 14:42:19,にんげん,俺下位じゃん
2022-03-13 14:42:24,シノ,草
2022-03-13 14:42:25,なー＊,ｗｗ
2022-03-13 14:42:26,ねぎたま,庶民ですこんにちは！
2022-03-13 14:42:29,C Y,草
2022-03-13 14:42:32,じんすけ,庶民ですまん…
2022-03-13 14:42:33,エビがエビフライ,草
2022-03-13 14:42:35,Sally Sally,庶民は焼き払いますねぇ
2022-03-13 14:42:36,博多の拳王!,選民赤子
2022-03-13 14:42:37,たんいモルモット,草
2022-03-13 14:42:37,ウルトラアル中マン,庶民さんチームのみなさ～ん！
2022-03-13 14:42:39,とりさし,その内スパチャ以外読まなくなる
2022-03-13 14:42:47,cafe太郎,選民意識が高い系女子
2022-03-13 14:42:59,冥土,愚民のみんな〜
2022-03-13 14:43:00,たぬ,なんで弾かれるんだろね。庶民だからか
2022-03-13 14:43:05,ほあでりあ,立ち見のコメ読むな！
2022-03-13 14:43:09,じんすけ,草
2022-03-13 14:43:10,cheruno,アリィナァァァ
2022-03-13 14:43:19,cafe太郎,はいは～い
2022-03-13 14:43:31,じんすけ,階級闘争しかねぇな:smiling_face_with_smiling_eyes:
2022-03-13 14:43:53,cheruno,声がいい配信しかみれない
2022-03-13 14:43:56,博多の拳王!,かっこいいとか渋いのは受け付けないのか？
2022-03-13 14:44:20,とーふちゃん!,可愛い声に生まれたかった
2022-03-13 14:44:25,オアシス・ゲーリー,ぷないぷなーい
2022-03-13 14:44:27,ドンブリ感情,猫○おかゆみたいなイケボもやなぎなぎみたいな透明感あるのも好きだぜ
2022-03-13 14:44:29,かわいいべるちゃん,忙しいゲームやな
2022-03-13 14:44:29,たぬ,その気持ちわかる。声可愛いバブに釣られてます
2022-03-13 14:44:49,ドンブリ感情,ゴム飛んでない？
2022-03-13 14:44:53,鶴橋。,最近声入ってない曲ばっか聞いててのう…
2022-03-13 14:45:03,じんすけ,俺もおっさんになりたくてなった訳じゃ:loudly_crying_face:
2022-03-13 14:45:15,C Y,可愛い声しか受け付けないけどバブちゃんのイケボは好き
2022-03-13 14:45:15,博多の拳王!,クセつええ
2022-03-13 14:45:29,Sally Sally,深層組中々音ゲーやる子いないからばぶがとても新鮮そして音ゲーリスナーは独占やね
2022-03-13 14:45:34,なー＊,ちのいさんよかった　あとでもっときいてこよ
2022-03-13 14:45:35,博多の拳王!,marplirあるんか
2022-03-13 14:45:45,ウルトラアル中マン,可愛い声は自前のがあるもんね
2022-03-13 14:45:57,cafe太郎,maprilあるんか
2022-03-13 14:45:58,にんげん,萌え声ガチ勢だからな
2022-03-13 14:45:58,博多の拳王!,まずい
2022-03-13 14:46:02,cheruno,ぴかゆさん！？
2022-03-13 14:46:02,なー＊,ぴかゆｗ
2022-03-13 14:46:07,ほあでりあ,草
2022-03-13 14:46:08,じんすけ,けどバブちゃんのイケボいいゾー
2022-03-13 14:46:12,たぬ,イケボも出せるは見るけど、イケボ専門は見ないかな
2022-03-13 14:46:13,たんいモルモット,ぴかゆ
2022-03-13 14:46:15,なー＊,あれほんとう名曲
2022-03-13 14:46:17,じんすけ,ぴかゆw
2022-03-13 14:46:27,シノ,かわいいよね
2022-03-13 14:46:30,博多の拳王!,ブギボもあるんかい
2022-03-13 14:46:30,ジョン,ピノキオPのタイアップ曲滅茶滅茶良いんだよな
2022-03-13 14:46:35,夕夜yuuya,ばぶちゃんイケボだして
2022-03-13 14:46:35,鶴橋。,開拓するんだよ
2022-03-13 14:46:37,ウルトラアル中マン,カッコいい曲とかある？
2022-03-13 14:46:40,ほあでりあ,元々は低めの声の方がすきだけどばぶちゃんは例外で好き
2022-03-13 14:46:42,Sally Sally,某おかよもばぶのクソが代には勝てないよ
2022-03-13 14:46:47,かわいいべるちゃん,にわかだからプナイプナイしかわからぬ:cold_face:
2022-03-13 14:47:11,博多の拳王!,マープリルって読む
2022-03-13 14:47:22,かわいいべるちゃん,もぐもぐもぐもぐも〜ぐもぐ
2022-03-13 14:47:32,とりさし,猫又おかゆの中身！？
2022-03-13 14:47:37,なー＊,わかるぴかゆさん毎日聞いてる
2022-03-13 14:47:52,博多の拳王!,歌詞すげえなｗ
2022-03-13 14:48:05,とりさし,逃げろ逃げろ家賃滞納から逃げろ
2022-03-13 14:48:19,無名無名,とめーら！？
2022-03-13 14:48:38,ジョン,物凄い○○が物凄い○○シリーズかと思った
2022-03-13 14:48:48,ウルトラアル中マン,無意識からの攻撃…
2022-03-13 14:49:00,Hell Saturday,ミューズダッシュしてたら腕ムキムキなるで
2022-03-13 14:49:21,博多の拳王!,下しかこねえ
2022-03-13 14:49:46,とりさし,やば
2022-03-13 14:49:47,エビがエビフライ,ナイス！
2022-03-13 14:49:47,たぬ,:clapping_hands::clapping_hands::clapping_hands:
2022-03-13 14:49:48,ウルトラアル中マン,フルコンやるう！
2022-03-13 14:49:48,オアシス・ゲーリー,フルコンないす
2022-03-13 14:49:55,じんすけ,:clapping_hands::clapping_hands::clapping_hands:
2022-03-13 14:49:59,博多の拳王!,かっこよ
2022-03-13 14:50:00,なー＊,:clapping_hands::clapping_hands::clapping_hands::clapping_hands::clapping_hands:
2022-03-13 14:50:04,ああああ,これの達人絶対くそムズいやん
2022-03-13 14:50:13,冥土,:clapping_hands::clapping_hands::clapping_hands::clapping_hands::clapping_hands:
2022-03-13 14:50:24,cheruno,腱鞘炎なるで
2022-03-13 14:50:27,ウルトラアル中マン,疲労骨折の気配・・・
2022-03-13 14:50:30,ドンブリ感情,OSUガチ勢ペンタブでやってたな
2022-03-13 14:50:57,エビがエビフライ,コラボのNightmare見たい！
2022-03-13 14:51:12,オアシス・ゲーリー,腕マッチョになるで
2022-03-13 14:51:28,かぷちー,これすこ
2022-03-13 14:52:06,にんげん,Osuは楽曲グレーゾーンだからな
2022-03-13 14:52:06,博多の拳王!,やば
2022-03-13 14:52:11,DuxRyK 【デューク】,難しそうｗ
2022-03-13 14:52:12,エビがエビフライ,お！
2022-03-13 14:52:19,エビがエビフライ,やばそう
2022-03-13 14:52:32,博多の拳王!,雰囲気いいね
2022-03-13 14:52:32,かぷちー,DJMAX
2022-03-13 14:52:33,ウルトラアル中マン,墓場背景いいね
2022-03-13 14:52:35,鶴橋。,最大尊敬かな
2022-03-13 14:52:55,ドンブリ感情,このステージはじめてみた
2022-03-13 14:53:04,ほあでりあ,OSU〇ロENの子が昔やっててちょっと炎上してたね
2022-03-13 14:53:07,博多の拳王!,かわいい
2022-03-13 14:53:08,e R,タイピングASMR
2022-03-13 14:53:18,じんすけ,好き
2022-03-13 14:53:23,名無し,かわいい
2022-03-13 14:53:24,DuxRyK 【デューク】,かわいい
2022-03-13 14:53:33,なー＊,かわいいｗ
2022-03-13 14:53:37,博多の拳王!,めっちゃかわいいな
2022-03-13 14:54:15,博多の拳王!,あ＾ぁ～
2022-03-13 14:54:24,ウルトラアル中マン,敵幹部として登場するけど味方になってくれそう
2022-03-13 14:54:28,エビがエビフライ,８８８８８
2022-03-13 14:54:40,微糖,おおー
2022-03-13 14:54:42,とりさし,そんなランクあったんか
2022-03-13 14:54:42,なー＊,:clapping_hands::clapping_hands::clapping_hands::clapping_hands::clapping_hands:
2022-03-13 14:54:54,なー＊,Oblivionすき
2022-03-13 14:55:02,ウルトラアル中マン,ぷいきゅあ二話分ぐらい溜まったかな？
2022-03-13 14:55:02,とりさし,東映がハッキング食らったからしばらく再開しないね…
2022-03-13 14:55:05,ほあでりあ,デリパ4週お休みするらしいからおいつくチャンスやで
2022-03-13 14:55:12,いちくに,onokenすき
2022-03-13 14:55:21,微糖,プリキュア不正アクセスでちょっと更新止まりそう
2022-03-13 14:55:28,鶴橋。,ゲーセンのやつ
2022-03-13 14:55:37,かぷちー,Memory of beach すき
2022-03-13 14:55:59,たぬ,許せねぇな
2022-03-13 14:56:05,なー＊,ゆるせねえよ…
2022-03-13 14:56:08,じんすけ,許せねぇよ
2022-03-13 14:56:10,cafe太郎,ロの影響っぽい奴か
2022-03-13 14:56:13,博多の拳王!,大きいお友達怒っちゃうよ
2022-03-13 14:56:19,とーふちゃん!,よく音ゲーしながらコメント見れるな・・・
2022-03-13 14:56:21,ウルトラアル中マン,某国からやろなあ…許せねえよ…
2022-03-13 14:56:39,エビがエビフライ,あるある
2022-03-13 14:56:42,なー＊,ちょっとわかるｗ
2022-03-13 14:56:48,博多の拳王!,わかる、それでしょうもないとこでミスする
2022-03-13 14:57:00,鶴橋。,あるある
2022-03-13 14:57:01,よしを,プロ赤子
2022-03-13 14:57:35,いちくに,逆に意識するとミスるやつ
2022-03-13 14:57:38,なー＊,:clapping_hands::clapping_hands::clapping_hands::clapping_hands::clapping_hands:
2022-03-13 14:57:51,じんすけ,:star_struck::clapping_hands::clapping_hands:
2022-03-13 14:58:06,ドンブリ感情,suger＆Coの曲だいたい好き
2022-03-13 14:58:12,スマイル,おお、DJMAXだなつかしー
2022-03-13 14:58:29,冥土,DJMAXはビーマニでも居たひとかな？
2022-03-13 14:58:37,博多の拳王!,詳しいねえ
2022-03-13 14:58:42,フェレお(フィニッシュ!),こんだうー
2022-03-13 14:58:52,ドンブリ感情,別タブ
2022-03-13 14:58:53,Hell Saturday,やってると汗やばい
2022-03-13 14:59:05,なー＊,ｗ
2022-03-13 14:59:21,エビがエビフライ,草
2022-03-13 14:59:26,博多の拳王!,ビーストｗｗ
2022-03-13 14:59:27,Hell Saturday,ビートマニア？
2022-03-13 14:59:33,ヤス,野獣マニア！？
2022-03-13 14:59:40,博多の拳王!,むつごろうかよ
2022-03-13 14:59:40,ほあでりあ,ビーストはもう・・・
2022-03-13 14:59:46,とーふちゃん!,アーケードやるのこわい
2022-03-13 14:59:54,ウルトラアル中マン,赤子が音ゲーしてたらそら見ちゃうわ
2022-03-13 14:59:55,スマイル,DJMAXはPSPじゃなかったっけ？
2022-03-13 15:00:00,なー＊,はずかしいよね
2022-03-13 15:00:03,みょんみ,気にならなくなるよ
2022-03-13 15:00:03,ヒノモトきょう,プロは弐寺って言うよね
2022-03-13 15:00:06,鶴橋。,アケゲーはたのしいぞ
2022-03-13 15:00:08,博多の拳王!,アーケードはなあ
2022-03-13 15:00:16,おともあいる,こんだうー
2022-03-13 15:00:19,佐藤太郎,ガチ勢ばぶ
2022-03-13 15:00:33,鶴橋。,でもビーマニ系は最近おうちでできるのが増えてきた
2022-03-13 15:00:44,エビがエビフライ,DJMAX新作の曲もちゃんとある
2022-03-13 15:01:04,ほあでりあ,アーケードの音ゲーはカプコンが出してたやつめっちゃハマってたけどサ終しちゃった・・・
2022-03-13 15:01:08,ドンブリ感情,ゲーセンの女音ゲーマー姫カットで萌え声のイメージある
2022-03-13 15:01:15,なー＊,ｗｗ
2022-03-13 15:01:18,たんいモルモット,逆に目立つwww
2022-03-13 15:01:21,博多の拳王!,家に筐体欲しいわ
2022-03-13 15:01:23,にんげん,ダンエボとかやってるひとすごいわ
2022-03-13 15:01:25,ウルトラアル中マン,自分で筐体買う強いオタクもいるよね
2022-03-13 15:01:25,スマイル,筐体買うしかねぇ！
2022-03-13 15:01:26,ゆのみ,ゲーセン音ゲーはいいぞ。
2022-03-13 15:01:32,たぬ,プリクラみたいにするかw
2022-03-13 15:01:34,佐藤太郎,ママーっ！
2022-03-13 15:01:37,みょんみ,ハニーサンライズすこ
2022-03-13 15:01:37,じんすけ,ママーーーー
2022-03-13 15:01:40,シノ,草
2022-03-13 15:01:40,微糖,ママー！
2022-03-13 15:01:40,いちくに,音ゲー部屋欲しい
2022-03-13 15:01:48,冥土,:clapping_hands::clapping_hands::clapping_hands::clapping_hands:
2022-03-13 15:01:53,なー＊,弐寺のアケコンかったなー
2022-03-13 15:02:01,鶴橋。,クロスビーツやね
2022-03-13 15:02:05,ほあでりあ,クロスビーツってやつカプコンが出してたやつ
2022-03-13 15:02:14,なー＊,:clapping_hands::clapping_hands::clapping_hands:
2022-03-13 15:02:20,ジョン,幽閉サテライト…
2022-03-13 15:02:26,とりさし,乳キチキチのシャツ着てるイメージある
2022-03-13 15:02:28,戯言遣い,こんだうー
2022-03-13 15:02:35,ドンブリ感情,次女？！
2022-03-13 15:02:39,博多の拳王!,かにかまさん絵わかりやっす
2022-03-13 15:02:41,ウルトラアル中マン,流れるようなフリーメイソン、俺じゃなきゃ見逃しちゃうね。
2022-03-13 15:02:41,微糖,かにかま先生だね
2022-03-13 15:02:44,なー＊,かにかま先生かわいい
2022-03-13 15:02:44,とりさし,かにかま先生
2022-03-13 15:02:46,ジョン,ドーナドーナの曲良いよね
2022-03-13 15:02:50,スマイル,can we talkとか古き良き音ゲーっぽくていいぞぉ
2022-03-13 15:02:51,たぬ,100で買えたとしても別途曲代取られそう
2022-03-13 15:02:55,ほあでりあ,深層組とも関わりがあったりなかったりするかにかま先生
2022-03-13 15:02:56,ヒノモトきょう,ボルテのコントローラーなら持っとるくらいに好きだったなぁ
2022-03-13 15:04:48,なー＊,イラストかいてたね
2022-03-13 15:04:54,とりさし,欠番次女抜いてもグッズとか作ってるしね
2022-03-13 15:05:00,ドンブリ感情,ぺこらのグッツもデザインしたことがあるかにかま先生
2022-03-13 15:05:02,ジョン,音は大丈夫
2022-03-13 15:05:04,ウルトラアル中マン,こっちは音丁度ええな
2022-03-13 15:05:04,ほあでりあ,Dとたみーさんかにかま先生描いてくれてたね
2022-03-13 15:05:04,じんすけ,tweetで見かけたやつかな？
2022-03-13 15:05:06,冥土,音は普通に聞こえる
2022-03-13 15:05:06,C Y,音デカくはない
2022-03-13 15:05:08,たぬ,大きくは感じないかな
2022-03-13 15:05:13,博多の拳王!,わたくし助かる
2022-03-13 15:05:19,じんすけ,大きくはないよ
2022-03-13 15:05:26,ほあでりあ,配信で聞く分には普通ぐらい
2022-03-13 15:05:29,鶴橋。,カタカタ音の方が大きいくらい
2022-03-13 15:05:43,じんすけ,ぷい
2022-03-13 15:05:44,戯言遣い,ナイスフルコン
2022-03-13 15:05:52,博多の拳王!,声、音量ともに問題ないです
2022-03-13 15:05:53,おにぎり握郎,こんにちわ
2022-03-13 15:05:58,ウルトラアル中マン,フルコンナイスゥ
2022-03-13 15:06:18,ウルトラアル中マン,今晩コラボ何時からだっけ？
2022-03-13 15:06:23,エビがエビフライ,草
2022-03-13 15:06:24,博多の拳王!,まーたやってんのか
2022-03-13 15:06:25,じんすけ,草
2022-03-13 15:06:27,ほあでりあ,いつものことじゃん
2022-03-13 15:06:27,微糖,平常運転
2022-03-13 15:06:28,なー＊,今日も今日とてｗｗ
2022-03-13 15:06:29,冥土,いつもどおりw
2022-03-13 15:06:35,野風平蔵重親,平常運転
2022-03-13 15:06:37,ウルトラアル中マン,19時おｋ
2022-03-13 15:06:38,とりさし,箱内セクハラとか実質ホロライブ
2022-03-13 15:06:38,戯言遣い,だって従井ノラだし・・・
2022-03-13 15:06:43,鶴橋。,ノルマ達成
2022-03-13 15:06:56,なー＊,かっこいい
2022-03-13 15:07:01,じんすけ,ノラくんはそれでええんや
2022-03-13 15:07:11,キル,目が追いつかない
2022-03-13 15:07:14,博多の拳王!,ボロライブの夏〇まつり枠
2022-03-13 15:07:43,おじじさん,うまい
2022-03-13 15:07:52,博多の拳王!,サビだけきっつい
2022-03-13 15:08:27,ゆのみ,うっま
2022-03-13 15:08:33,Nora Shitagai Channel,ノーツになって蹴り飛ばされてぇ・・・
2022-03-13 15:08:43,なー＊,いい曲:clapping_hands::clapping_hands::clapping_hands::clapping_hands:
2022-03-13 15:08:47,じんすけ,うわ きた
2022-03-13 15:08:54,じんすけ,:clapping_hands::clapping_hands::clapping_hands:
2022-03-13 15:08:56,ほあでりあ,でたわね
2022-03-13 15:08:56,なー＊,草
2022-03-13 15:08:57,ヒノモトきょう,うわ、でた
2022-03-13 15:09:00,ビーダマン,バケモン居る
2022-03-13 15:09:00,冥土,出たわね
2022-03-13 15:09:01,ウルトラアル中マン,出たわね
2022-03-13 15:09:04,微糖,こわいねぇ
2022-03-13 15:09:04,まゆげ,うわぁ
2022-03-13 15:09:04,ゆのみ,うわ
2022-03-13 15:09:04,とりさし,これ通報した方が良い？
2022-03-13 15:09:05,戯言遣い,うわ、きた
2022-03-13 15:09:08,博多の拳王!,きちゃあ
2022-03-13 15:09:09,鶴橋。,110番
2022-03-13 15:09:13,シノ,でた
2022-03-13 15:09:29,博多の拳王!,相手の思うつぼ
2022-03-13 15:09:37,戯言遣い,もしもし、セバスチャン？
2022-03-13 15:09:45,よしを,みんなねずさんに当たりつよいなー
2022-03-13 15:09:59,ドンブリ感情,片手片手！？
2022-03-13 15:10:14,博多の拳王!,ずっと浮いてんなあ
2022-03-13 15:10:23,ゆのみ,うますぎ
2022-03-13 15:10:24,なー＊,Jガイルかな
2022-03-13 15:10:25,猫揉み師きどりん,クレラップの曲はありますか？
2022-03-13 15:10:33,ウルトラアル中マン,赤子に空中戦は分が悪い…
2022-03-13 15:10:35,ほあでりあ,左手集中トレーニング曲
2022-03-13 15:11:01,じんすけ,ママーー！！！
2022-03-13 15:11:09,博多の拳王!,スプーン持って食べさせてあげなきゃ
2022-03-13 15:11:29,ウルトラアル中マン,赤子の左手がもげちゃう！
2022-03-13 15:11:37,じんすけ,:clapping_hands::clapping_hands::clapping_hands:
2022-03-13 15:11:38,牛丼屋の常連,うっま
2022-03-13 15:11:39,なー＊,:clapping_hands::clapping_hands::clapping_hands::clapping_hands::clapping_hands:
2022-03-13 15:11:39,冥土,:clapping_hands::clapping_hands::clapping_hands::clapping_hands:
2022-03-13 15:11:44,たぬ,左手壊死しちゃった…
2022-03-13 15:11:46,DuxRyK 【デューク】,うっまいなあ
2022-03-13 15:11:50,DuxRyK 【デューク】,:clapping_hands::clapping_hands::clapping_hands::clapping_hands:
2022-03-13 15:11:50,ラスカル山田,:clapping_hands::clapping_hands::clapping_hands:
2022-03-13 15:11:56,おじじさん,この赤子上手だなぁ
2022-03-13 15:12:12,Cles Ehs,激しいのが見たい
2022-03-13 15:12:14,鶴橋。,上下２つずつで分けるといいで
2022-03-13 15:12:31,ウルトラアル中マン,唐突に始まる耐久枠
2022-03-13 15:12:31,博多の拳王!,ふるこんまじ？
2022-03-13 15:12:32,なー＊,耐久はじまったｗ
2022-03-13 15:12:39,じんすけ,フルコン耐久!?
2022-03-13 15:12:58,エビがエビフライ,うまい
2022-03-13 15:13:01,じんすけ,しりとりでもするか…
2022-03-13 15:13:05,かわいいべるちゃん,バブアイシテル:smiling_face_with_hearts:
2022-03-13 15:13:09,なー＊,うますぎ
2022-03-13 15:13:10,ウルトラアル中マン,コメント認知してよ！バブの子よ！
2022-03-13 15:13:11,とりさし,コメント見られないならなんでも言い放題…！
2022-03-13 15:13:18,牛丼屋の常連,タイプ音がまたリズミカルで聞いてて心地いいね
2022-03-13 15:13:24,ほあでりあ,うまい
2022-03-13 15:13:28,鶴橋。,エイプリルフール枠　ドンカマする譜面
2022-03-13 15:13:38,たぬ,うま
2022-03-13 15:14:04,じんすけ,アレ行けそう?
2022-03-13 15:14:09,にんげん,PUCとれそうなときって大体最後でミスる
2022-03-13 15:14:11,ほあでりあ,草
2022-03-13 15:14:16,なー＊,はにゃ？
2022-03-13 15:14:17,おじじさん,はにゃ？
2022-03-13 15:14:23,ウルトラアル中マン,はにゃにゃあざといすき
2022-03-13 15:14:27,じんすけ,はにゃ:red_question_mark:
2022-03-13 15:14:28,ほあでりあ,うおおおおおおおおおおおおおおお
2022-03-13 15:14:31,スマイル,すげぇ
2022-03-13 15:14:31,牛丼屋の常連,すげぇぇぇ！！！！！
2022-03-13 15:14:32,みょんみ,すご
2022-03-13 15:14:35,ウルトラアル中マン,耐久終わったｗｗｗ
2022-03-13 15:14:35,Nora Shitagai Channel,すっご
2022-03-13 15:14:36,鶴橋。,うっま
2022-03-13 15:14:37,ゆのみ,ナイス！！！
2022-03-13 15:14:38,まゆげ,一発やんけ
2022-03-13 15:14:38,たんいモルモット,:clapping_hands::clapping_hands::clapping_hands::clapping_hands::clapping_hands:
2022-03-13 15:14:38,たぬ,耐久余裕
2022-03-13 15:14:39,むうん,:clapping_hands::clapping_hands::clapping_hands::clapping_hands::clapping_hands::clapping_hands:
2022-03-13 15:14:39,なー＊,耐久おわったｗ
2022-03-13 15:14:39,ほあでりあ,うますぎ
2022-03-13 15:14:39,冥土,おめでとう:party_popper::party_popper::party_popper:
2022-03-13 15:14:40,cheruno,すっご
2022-03-13 15:14:41,とーふちゃん!,耐久一回でおわったｗ
2022-03-13 15:14:41,じんすけ,すごいwww
2022-03-13 15:14:42,かわいいべるちゃん,:clapping_hands::clapping_hands::clapping_hands::clapping_hands::clapping_hands::clapping_hands:
2022-03-13 15:14:42,エビがエビフライ,ナイス
2022-03-13 15:14:42,おじじさん,すげぇぇぇぇぇぇ
2022-03-13 15:14:44,とりさし,実力がありすぎる
2022-03-13 15:14:44,アライラ,すげー－ｗｗｗ
2022-03-13 15:14:44,ドンブリ感情,はにゃ？でイラッとしなかったのはじめて
2022-03-13 15:14:44,ヒノモトきょう,ないすぅ
2022-03-13 15:14:45,エビがエビフライ,８８８８８８
2022-03-13 15:14:46,じんすけ,:clapping_hands::clapping_hands::clapping_hands::clapping_hands:
2022-03-13 15:14:47,完全剛体リジッド,すっごーい！
2022-03-13 15:14:48,ほあでりあ,おつだう～
2022-03-13 15:14:49,かわいいべるちゃん,耐久とは？:thinking_face:
2022-03-13 15:14:51,よしを,おおふるこん！　:clapping_hands::clapping_hands::clapping_hands::clapping_hands:
2022-03-13 15:14:52,かぷちー,:clapping_hands:
2022-03-13 15:14:53,ラスカル山田,:clapping_hands::clapping_hands::clapping_hands:
2022-03-13 15:14:53,にんげん,オールパーフェクト耐久いくか
2022-03-13 15:14:55,名無し,:clapping_hands::clapping_hands::clapping_hands:
2022-03-13 15:14:55,むうん,耐久とは
2022-03-13 15:14:57,スマイル,しかも新記録で草
2022-03-13 15:14:58,なー＊,
2022-03-13 15:14:58,いちくに,天才
2022-03-13 15:14:58,MOKKA,:clapping_hands::clapping_hands::clapping_hands::clapping_hands::clapping_hands::clapping_hands::clapping_hands::clapping_hands::clapping_hands:
2022-03-13 15:14:59,虚 / Utsuro,すごぉ
2022-03-13 15:15:00,cheruno,つよつよ赤子
2022-03-13 15:15:03,シノ,小城夜みるく最強小城夜みるく最強小城夜みるく最強小城夜みるく最強小城夜みるく最強
2022-03-13 15:15:04,じんすけ,耐久ってなんだっけ?
2022-03-13 15:15:04,名無し,耐久(1回)
2022-03-13 15:15:06,鶴橋。,なんか繋がるのは音ゲーマーにありがち
2022-03-13 15:15:06,牛丼屋の常連,
2022-03-13 15:15:10,ウルトラアル中マン,おつだう～ｗ！
2022-03-13 15:15:10,DuxRyK 【デューク】,:clapping_hands::clapping_hands::clapping_hands::clapping_hands:
2022-03-13 15:15:13,cheruno,あれぇ？あかご、またなんかやっちゃいましたぁ？
2022-03-13 15:15:15,完全剛体リジッド,その時不思議な事が起こった！？
2022-03-13 15:15:16,ドンブリ感情,フルコンボだドン！
2022-03-13 15:15:18,おじじさん,1発OKはダメ
2022-03-13 15:15:18,とりさし,耐久おめでとう！感動した！
2022-03-13 15:15:24,おともあいる,:clapping_hands::clapping_hands::clapping_hands:
2022-03-13 15:15:25,にんげん,おつだう
2022-03-13 15:15:26,エビがエビフライ,おつだう
2022-03-13 15:15:26,たぬ,おつだう
2022-03-13 15:15:32,博多の拳王!,草
2022-03-13 15:15:36,なー＊,ｗｗｗ
2022-03-13 15:15:39,牛丼屋の常連,感動した！w
2022-03-13 15:15:41,冥土,草
2022-03-13 15:15:41,cheruno,おつだう
2022-03-13 15:15:42,cafe太郎,おつだう
2022-03-13 15:15:42,櫻咲,耐久おつかれ！！！感動した！！
2022-03-13 15:15:43,とーふちゃん!,観てたらMuse Dashやりたくなってきた！
2022-03-13 15:15:45,おともあいる,おつだうーｗｗ
2022-03-13 15:15:55,博多の拳王!,長く苦しい戦いだった
2022-03-13 15:16:40,博多の拳王!,！？
2022-03-13 15:16:48,鶴橋。,※PVを見るときは注意しましょう
2022-03-13 15:16:52,なー＊,ひぃ
2022-03-13 15:17:10,じんすけ,うはw
2022-03-13 15:17:11,博多の拳王!,えっこわ
2022-03-13 15:17:28,ほあでりあ,ノーツが多すぎる
2022-03-13 15:17:32,ドンブリ感情,むっず
2022-03-13 15:17:37,エビがエビフライ,すげえ
2022-03-13 15:17:44,牛丼屋の常連,草
2022-03-13 15:17:50,博多の拳王!,つよつよ
2022-03-13 15:17:51,なー＊,:clapping_hands::clapping_hands::clapping_hands:
2022-03-13 15:17:54,じんすけ,:clapping_hands::clapping_hands::clapping_hands:
2022-03-13 15:17:58,名無し,つよつよ
2022-03-13 15:18:01,冥土,:clapping_hands::clapping_hands::clapping_hands::clapping_hands:
2022-03-13 15:18:05,じんすけ,フルコン自信赤子:baby:
2022-03-13 15:18:15,ほあでりあ,小城夜みるく最強！小城夜みるく最強！小城夜みるく最強！小城夜みるく最強！小城夜みるく最強！小城夜みるく最強！小城夜みるく最強！小城夜みるく最強！小城夜みるく最強！小城夜みるく最強！
2022-03-13 15:18:21,フェレお(フィニッシュ!),
2022-03-13 15:18:24,とりさし,すっげぇ揺れてる
2022-03-13 15:18:24,DuxRyK 【デューク】,:clapping_hands::clapping_hands::clapping_hands:
2022-03-13 15:18:24,ウルトラアル中マン,この機能良いな
2022-03-13 15:18:27,cheruno,ほえー
2022-03-13 15:18:30,ウルトラアル中マン,えっど
2022-03-13 15:18:31,博多の拳王!,えｒｒｒｒｒ
2022-03-13 15:18:32,cheruno,かわいい
2022-03-13 15:18:34,ほあでりあ,えっろ！
2022-03-13 15:18:36,じんすけ,えちちやん
2022-03-13 15:18:37,DuxRyK 【デューク】,えっ
2022-03-13 15:18:41,おともあいる,えっど
2022-03-13 15:18:41,鶴橋。,アーケアのひと
2022-03-13 15:18:42,cafe太郎,暴太郎みたいだな
2022-03-13 15:18:42,Sally Sally,えっど
2022-03-13 15:18:43,valdy jack,えｔｔ
2022-03-13 15:18:44,なー＊,かわいい
2022-03-13 15:18:51,Sally Sally,ゆっさゆっさ
2022-03-13 15:18:59,valdy jack,アーケアもコラボしたのか
2022-03-13 15:19:03,ウルトラアル中マン,れいまりてえてえ♡
2022-03-13 15:19:05,DuxRyK 【デューク】,かわいい
2022-03-13 15:19:10,なー＊,かわいいｗ
2022-03-13 15:19:19,鶴橋。,わかる
2022-03-13 15:19:19,なー＊,いいね
2022-03-13 15:19:21,エビがエビフライ,わかる
2022-03-13 15:19:22,cheruno,でーえすだ
2022-03-13 15:19:31,エビがエビフライ,くさ
2022-03-13 15:19:32,冥土,草
2022-03-13 15:19:34,Sally Sally,ブラウン管TVでゲームした事ある？
2022-03-13 15:19:36,たぬ,ショート作って:loudly_crying_face:
2022-03-13 15:19:39,完全剛体リジッド,草ぁ！
2022-03-13 15:19:40,じんすけ,草
2022-03-13 15:19:41,valdy jack,草
2022-03-13 15:19:43,牛丼屋の常連,草
2022-03-13 15:19:43,なー＊,ｗｗｗ
2022-03-13 15:19:44,シノ,なにこれww
2022-03-13 15:19:53,天キノ,エイプリルフールのやつかな
2022-03-13 15:19:55,牛丼屋の常連,ノリノリやんw
2022-03-13 15:19:59,valdy jack,こんなミームあったな
2022-03-13 15:19:59,なー＊,ええｗｗ
2022-03-13 15:20:00,ウルトラアル中マン,キマッてんええ！
2022-03-13 15:20:01,じんすけ,上下運動はいかんw
2022-03-13 15:20:12,フェレお(フィニッシュ!),ミューズダッシュ面白そう
2022-03-13 15:20:20,鶴橋。,これはCytusやな
2022-03-13 15:20:27,牛丼屋の常連,ブラウン管でTV見た事ない世代か〜
2022-03-13 15:20:27,cafe太郎,限界賃貸ならまだブラウン管あるかな
2022-03-13 15:20:28,ウルトラアル中マン,もしかしてこのゲームってえっち？？？
2022-03-13 15:20:33,エビがエビフライ,お？
2022-03-13 15:20:55,博多の拳王!,レア演出？
2022-03-13 15:21:06,なー＊,ｗ
2022-03-13 15:21:24,じんすけ,かわいい
2022-03-13 15:21:30,博多の拳王!,寺田せんせいだ
2022-03-13 15:21:32,鶴橋。,ちょっと待つとか？
2022-03-13 15:21:33,ドンブリ感情,隠し曲知らなかった
2022-03-13 15:21:47,ウルトラアル中マン,NATO？
2022-03-13 15:21:49,cafe太郎,足くじきそう
2022-03-13 15:21:52,なー＊,足技みたいｗ
2022-03-13 15:21:52,博多の拳王!,ばぶちゃんのあんよでできるのか
2022-03-13 15:22:10,cheruno,若いからな
2022-03-13 15:22:21,牛丼屋の常連,体力さえあれば...
2022-03-13 15:22:31,ウルトラアル中マン,EDMっぽくてええな
2022-03-13 15:22:32,じんすけ,でも赤ちゃんでしょ?
2022-03-13 15:22:58,junk,喋りながらできるのつよいな…
2022-03-13 15:23:02,ほあでりあ,わかる
2022-03-13 15:23:03,とりさし,バブちゃんの足技って超信地旋回とか？
2022-03-13 15:23:03,とーふちゃん!,わかる
2022-03-13 15:23:04,博多の拳王!,ヘビロテ最高だから
2022-03-13 15:23:09,ラスカル山田,わかる
2022-03-13 15:23:12,じんすけ,わかる
2022-03-13 15:23:15,Cles Ehs,完全に飽きるまで繰り返しちゃう
2022-03-13 15:23:23,なー＊,めっちゃわかる
2022-03-13 15:23:42,とりさし,気に入った曲延々繰り返すのADSLの特徴とか言われて泣いたことある
2022-03-13 15:23:52,よしを,だぶすて？っぽい
2022-03-13 15:23:53,博多の拳王!,たまには新しいのに触れないとね
2022-03-13 15:23:59,完全剛体リジッド,ヘビロテ新たな発見があって楽しい
2022-03-13 15:24:18,じんすけ,週5でハマった唐揚げ弁当食ってたわ
2022-03-13 15:24:39,博多の拳王!,草
2022-03-13 15:24:57,天キノ,エイプリルフールキャラだな
2022-03-13 15:25:00,じんすけ,草
2022-03-13 15:25:09,ドンブリ感情,そういえばクレラップのショート待ってます
2022-03-13 15:25:08,valdy jack,HDMI？
2022-03-13 15:25:10,博多の拳王!,HDMIは端子や
2022-03-13 15:25:11,cafe太郎,音楽は同じ曲1日聞くやろ！
2022-03-13 15:25:15,鶴橋。,端子なんよ
2022-03-13 15:25:35,エビがエビフライ,草
2022-03-13 15:25:40,Cles Ehs,草
2022-03-13 15:25:41,とりさし,直接言うと怒られるかもしれないから…
2022-03-13 15:25:44,博多の拳王!,ぷりっ
2022-03-13 15:25:58,ウルトラアル中マン,赤子もようだしとる
2022-03-13 15:26:21,なー＊,いい曲だね
2022-03-13 15:27:00,エビがエビフライ,
2022-03-13 15:27:10,ドンブリ感情,さっきのイラストの隠し曲出し方わかりました
2022-03-13 15:27:39,博多の拳王!,何がダメだったの！？教えてよ！？
2022-03-13 15:27:48,なー＊,:clapping_hands::clapping_hands::clapping_hands::clapping_hands::clapping_hands:
2022-03-13 15:28:05,エビがエビフライ,苦手なんだ．．．
2022-03-13 15:28:10,ウルトラアル中マン,エビフライ嫌いのエビ好き・・・？
2022-03-13 15:28:37,博多の拳王!,後ろのねこ交尾してんな
2022-03-13 15:28:41,ほあでりあ,草
2022-03-13 15:28:44,なー＊,ｗｗ
2022-03-13 15:28:45,valdy jack,草
2022-03-13 15:28:48,冥土,エビフライ苦手なのにエビ好きってなんだw
2022-03-13 15:28:48,Cles Ehs,草
2022-03-13 15:28:51,たんいモルモット,！？！？
2022-03-13 15:28:53,じんすけ,草
2022-03-13 15:28:57,たぬ,マジでしてるやん
2022-03-13 15:28:59,ドンブリ感情,にゃ～ん
2022-03-13 15:29:00,junk,言い方逆にえっちくない？
2022-03-13 15:29:02,冥土,草
2022-03-13 15:29:09,エビがエビフライ,本当だ
2022-03-13 15:29:11,シノ,草
2022-03-13 15:29:15,なー＊,バックで？
2022-03-13 15:29:16,ウルトラアル中マン,寄り添ってるだけかもしれない
2022-03-13 15:29:23,おじじさん,猫も子孫残すのに必死なんやな
2022-03-13 15:29:30,TT gedo,草
2022-03-13 15:29:31,スマイル,草
2022-03-13 15:29:34,博多の拳王!,草
2022-03-13 15:29:35,太田幼女,ｗｗｗ
2022-03-13 15:29:37,よしを,W
2022-03-13 15:29:39,じんすけ,やはりNATO…
2022-03-13 15:29:46,なー＊,ｗｗ
2022-03-13 15:30:01,ウルトラアル中マン,同キャラ対決
2022-03-13 15:30:08,よしを,納豆はたしょうかピかピになっても食える！　たぶん
2022-03-13 15:30:28,博多の拳王!,死ぬってのは聞いたことあるな
2022-03-13 15:30:32,なー＊,こわい
2022-03-13 15:30:32,TT gedo,クソ怖いやつじゃん
2022-03-13 15:30:34,スマイル,ムラサキカガミとか不安でした…
2022-03-13 15:30:50,ウルトラアル中マン,からかわれてたんじゃね？
2022-03-13 15:31:00,ほあでりあ,眼鏡・・・？
2022-03-13 15:31:00,博多の拳王!,メガネかけとるんか
2022-03-13 15:31:08,とりさし,眼鏡支えに行くから住所教えて
2022-03-13 15:31:12,じんすけ,メガネ赤子いいゾー
2022-03-13 15:31:15,なー＊,:clapping_hands::clapping_hands::clapping_hands::clapping_hands::clapping_hands:
2022-03-13 15:31:25,たぬ,年齢バレしそうや
2022-03-13 15:31:26,天キノ,Brain powerやって欲しいな
2022-03-13 15:31:27,博多の拳王!,RP!RP!
2022-03-13 15:31:35,enonco,15歳の赤子…？
2022-03-13 15:31:41,よしを,RP！RP！
2022-03-13 15:31:44,櫻咲,ムラサキ鏡一生覚えとるよね笑
2022-03-13 15:31:57,ドンブリ感情,オススメ曲はあるけど探すの大変よな
2022-03-13 15:32:01,スマイル,イルカの足とかなｗ
2022-03-13 15:32:03,junk,御社？
2022-03-13 15:32:05,valdy jack,90s decisionすき
2022-03-13 15:32:16,天キノ,音ゲー依存症ってところ
2022-03-13 15:32:22,ドンブリ感情,さっきのイラストは数秒放置すると机上のスマホが鳴るからそこをクリック
2022-03-13 15:32:34,ウルトラアル中マン,いいねしたことも忘れてそう
2022-03-13 15:32:43,博多の拳王!,検索機能あればなあ
2022-03-13 15:33:09,なー＊,あった！
2022-03-13 15:33:14,いちくに,MADでよく聞くやつ
2022-03-13 15:33:57,博多の拳王!,:unicorn:！？
2022-03-13 15:33:59,浅生なつめ,誰よその男！
2022-03-13 15:34:01,ほあでりあ,:unicorn:！？
2022-03-13 15:34:03,なー＊,オスの声ｗ
2022-03-13 15:34:09,ウルトラアル中マン,:unicorn:…
2022-03-13 15:34:15,とりさし,:unicorn::anger_symbol:
2022-03-13 15:34:16,じんすけ,男の声がする…:unicorn:
2022-03-13 15:34:22,ヒノモトきょう,動揺してるな……
2022-03-13 15:34:30,shion* *,ばぶこーん大量発生
2022-03-13 15:34:32,天キノ,O-oooooooooo AAAAE-A-A-I-A-U- JO-oooooooooooo AAE-O-A-A-U-U-
2022-03-13 15:34:38,junk,配置がえげつねえ
2022-03-13 15:34:44,博多の拳王!,:unicorn::unicorn::unicorn::unicorn:
2022-03-13 15:35:00,なー＊,むずかしそうｗ
2022-03-13 15:35:14,なー＊,:clapping_hands::clapping_hands::clapping_hands::clapping_hands:
2022-03-13 15:35:14,ひろ-,よう生きとる
2022-03-13 15:35:18,ドンブリ感情,百合子！？
2022-03-13 15:35:20,じんすけ,思わず ふふふって笑う赤子かわいい
2022-03-13 15:35:22,にんげん,音ゲーの定番曲やね
2022-03-13 15:35:22,博多の拳王!,男と蜜！？
2022-03-13 15:35:31,じんすけ,:clapping_hands::clapping_hands::clapping_hands:
2022-03-13 15:35:36,フェレお(フィニッシュ!),バブちゃんBGMにドライブしてくるー
2022-03-13 15:35:54,なー＊,おおお
2022-03-13 15:36:12,enonco,恋のムーンライトやってみて
2022-03-13 15:36:37,ほあでりあ,眼鏡クイ音ゲーマン
2022-03-13 15:36:37,博多の拳王!,良い雰囲気
2022-03-13 15:36:58,ドンブリ感情,これは良ノーツ
2022-03-13 15:37:00,なー＊,きもちいい
2022-03-13 15:37:01,Cles Ehs,曲良い
2022-03-13 15:37:44,じんすけ,フルコン:clapping_hands::clapping_hands:
2022-03-13 15:37:44,ドンブリ感情,グリッチ
2022-03-13 15:37:47,てぃろ,FC:clapping_hands::clapping_hands::clapping_hands::clapping_hands::clapping_hands:
2022-03-13 15:37:47,なー＊,ないすー！:clapping_hands::clapping_hands::clapping_hands::clapping_hands::clapping_hands:
2022-03-13 15:37:51,valdy jack,グリッチ（バグのこと）
2022-03-13 15:37:51,ひろ-,フルコンすごい
2022-03-13 15:38:05,天キノ,そういえば弾幕モードやった？
2022-03-13 15:38:36,キチア,恋のムーンライトすき
2022-03-13 15:38:43,junk,DJMAXで見た曲がちらほらあるな
2022-03-13 15:38:46,ドンブリ感情,ミューズラジオFM102の曲はどれもいい
2022-03-13 15:38:50,valdy jack,セーラームーン？
2022-03-13 15:39:59,ジョン,ななひら？
2022-03-13 15:40:00,天キノ,キャラで霊夢選択して陰陽玉を数回クリックすればいい
2022-03-13 15:40:04,ドンブリ感情,検索を実装してくれミューズダッシュ
2022-03-13 15:40:15,博多の拳王!,ままー！
2022-03-13 15:40:56,ドンブリ感情,テーマパックかかわいいは正義の中のサブカテゴリ
2022-03-13 15:40:58,にんげん,曲探すのむずそう
2022-03-13 15:42:00,なー＊,かわいい
2022-03-13 15:42:08,junk,あ恋のムーンライトって犬山か
2022-03-13 15:43:38,junk,歌ってる人が犬山たまきってはなし
2022-03-13 15:43:40,なー＊,ないすー！:clapping_hands::clapping_hands::clapping_hands::clapping_hands:
2022-03-13 15:43:41,のの,ばぶちゃんのキーボードって何軸なのー？音好き
2022-03-13 15:43:59,ドンブリ感情,恋のムーンライトは「コラボ」タブでシークバー左端にするとあるぞ
2022-03-13 15:44:19,Sally Sally,同じくばぶのキーボードの音最高
2022-03-13 15:44:25,ドンブリ感情,右端だった
2022-03-13 15:44:32,天キノ,で東方曲が弾幕モードになる
2022-03-13 15:44:42,のの,教えてくれてありがとー！razerかな？
2022-03-13 15:44:48,ひろ-,キーボードの打鍵音好き
2022-03-13 15:45:39,にんげん,きゃわわ
2022-03-13 15:45:42,おじじさん,かわいい
2022-03-13 15:45:51,博多の拳王!,おおお
2022-03-13 15:45:57,なー＊,できた！
2022-03-13 15:46:13,とーふちゃん!,こんなモードあるのか良いな！
2022-03-13 15:46:26,なー＊,すごい
2022-03-13 15:46:30,にんげん,弾幕シューティングリスペクトか？
2022-03-13 15:46:30,博多の拳王!,むっずｗｗ
2022-03-13 15:46:33,cafe太郎,くっそ難しいｗ
2022-03-13 15:46:33,スマイル,弾幕だから避けないとダメなのか
2022-03-13 15:46:36,なー＊,やられたｗ
2022-03-13 15:46:37,おじじさん,wwwむっずw
2022-03-13 15:46:40,櫻咲,逆パターンおもしろい
2022-03-13 15:46:40,冥土,弾幕譜面w
2022-03-13 15:46:42,じんすけ,へぇー
2022-03-13 15:46:52,博多の拳王!,Pは拾っていい感じか
2022-03-13 15:46:57,cafe太郎,笑うくらい難しいな
2022-03-13 15:47:15,ジョン,霊夢の声ってアプリ準拠なのかな
2022-03-13 15:47:15,shion* *,どっかで白黒反転するんかな
2022-03-13 15:47:17,ひろ-,弾幕ゲー始まった
2022-03-13 15:47:38,おじじさん,ほうほう
2022-03-13 15:48:15,キル,白黒カッコいい
2022-03-13 15:48:39,完全剛体リジッド,Bad Apple良いっすね～
2022-03-13 15:49:14,なー＊,:clapping_hands::clapping_hands::clapping_hands::clapping_hands::clapping_hands:
2022-03-13 15:49:23,じんすけ,:clapping_hands::clapping_hands::clapping_hands:
2022-03-13 15:49:24,なー＊,おへそ
2022-03-13 15:49:35,キチア,うっま
2022-03-13 15:49:40,オーレリア・ウェルギウス,こんだうー！神ゲーだ！
2022-03-13 15:50:00,とりさし,東方は女が催眠に弱い事しか知らない
2022-03-13 15:50:12,博多の拳王!,ノリノリ赤子いいぞ～
2022-03-13 15:50:15,ドンブリ感情,犬山はコラボタブで右端にあるど
2022-03-13 15:50:25,LIM,ミューズラジオならPixel Galaxyやってほしい
2022-03-13 15:50:36,博多の拳王!,ノーティス好き
2022-03-13 15:50:43,ドンブリ感情,moeshop最高～
2022-03-13 15:50:56,なー＊,ぜんぶｗ
2022-03-13 15:51:00,junk,おブギボもいるのか
2022-03-13 15:51:17,なー＊,あった！
2022-03-13 15:51:20,キチア,たまきくんか
2022-03-13 15:51:33,junk,親の声よりきいた声
2022-03-13 15:51:45,のの,ばぶちゃんのMuse Dash見て、楽しそうだからsteamで買っちゃったー
2022-03-13 15:51:56,とーふちゃん!,犬山さんってこの犬山さんか
2022-03-13 15:51:58,じんすけ,避けたw
2022-03-13 15:52:23,ウルトラアル中マン,:baby:うんちょうんちょ！
2022-03-13 15:52:35,とりさし,佃煮のりお 歌上手いな
2022-03-13 15:52:55,junk,刻み方がえぐい
2022-03-13 15:53:05,てぃろ,バブちゃんもオリ曲出して収録目指そう
2022-03-13 15:53:05,じんすけ,ガチャガチャw
2022-03-13 15:53:09,タカハシ,ｶﾀｶﾀｶﾀｶﾀ
2022-03-13 15:53:22,ウルトラアル中マン,真理を見抜いた赤子
2022-03-13 15:53:30,おじじさん,たまにでる「ママっ」がかわいい
2022-03-13 15:53:52,シノ,日差しを防ぐおぎゃり隊に続き、メガネを直すおぎゃり隊も急募
2022-03-13 15:53:52,博多の拳王!,moeshop notice やって欲しい
2022-03-13 15:54:41,博多の拳王!,いまあったね
2022-03-13 15:54:46,にんげん,今から窓の前にいきます
2022-03-13 15:54:51,ドンブリ感情,通過してたよ
2022-03-13 15:55:15,じんけうろ,バイトの面接してると聞いて来ました
2022-03-13 15:55:18,じんすけ,その仕事志願します
2022-03-13 15:55:22,ドンブリ感情,Pixelギャラクシーは曲自体が有名だと思う
2022-03-13 15:55:26,博多の拳王!,ありがと
2022-03-13 15:55:28,ジョン,moeshop、マジで凄いDJ
2022-03-13 15:56:19,博多の拳王!,こんなむずかしいんかｗ
2022-03-13 15:56:58,ドンブリ感情,トリエナはクラブイベントで見たことある
2022-03-13 15:57:00,じんすけ,（・~・）難しい
2022-03-13 15:57:09,junk,この難易度初見クリアしてるんだからすごい
2022-03-13 15:57:23,にんげん,いったらやばいことになりそう
2022-03-13 15:57:32,ドンブリ感情,昼イベならいきやすいよ
2022-03-13 15:57:33,博多の拳王!,お嬢とか知らないんかな
2022-03-13 15:57:38,じんすけ,ノラくんと行く:red_question_mark:
2022-03-13 15:57:41,Vおじ,ﾋﾟｺﾋﾟｺ
2022-03-13 15:57:41,じんけうろ,おぎゃり隊を引き連れて・・・
2022-03-13 15:57:47,ウルトラアル中マン,常に３ｍ後ろから見守る係したい
2022-03-13 15:57:58,よしを,ちゅーねさんをお供に
2022-03-13 15:58:49,じんけうろ,5m前でオスに威嚇する係で
2022-03-13 15:58:58,博多の拳王!,ばぶちゃんが出してるオリジナルは既存のトラックなの？
2022-03-13 15:59:36,タカハシ,一瞬カービィかと思ったw
2022-03-13 15:59:43,のの,おぎゃPの作った曲でミクちゃん歌わせてあげよ！
2022-03-13 15:59:57,ウルトラアル中マン,スライド赤子
2022-03-13 16:00:00,じんすけ,じゃあ俺バブちゃんのあしもとqに花びらまくわ
2022-03-13 16:00:03,なー＊,:clapping_hands::clapping_hands::clapping_hands::clapping_hands::clapping_hands:
2022-03-13 16:00:26,ウルトラアル中マン,唐突のエアライド
2022-03-13 16:00:46,にんげん,ばぶちゃんオリ曲おぎゃり隊コーラスあるじゃん
2022-03-13 16:00:46,じんすけ,時間経つの早いな
2022-03-13 16:00:51,てぃろ,:baby_bottle:
2022-03-13 16:01:07,じんすけ,草
2022-03-13 16:01:07,なー＊,たのしくてあっというまだった
2022-03-13 16:01:07,おじじさん,今日は2回行動だしね
2022-03-13 16:01:14,博多の拳王!,あれ一発目のおり曲かよ
2022-03-13 16:01:22,とりさし,成人男性おぎゃりボイスDMで送るね
2022-03-13 16:02:01,博多の拳王!,おぎゃりボイスロイドってこと？
2022-03-13 16:02:02,ドンブリ感情,おぎゃり隊コーラスを素材にして人力ボーカロイドにしよう
2022-03-13 16:02:09,じんけうろ,歌わせる？
2022-03-13 16:03:13,てぃろ,:clapping_hands::clapping_hands::clapping_hands::clapping_hands::clapping_hands:
2022-03-13 16:03:16,博多の拳王!,うまｗ
2022-03-13 16:03:17,ドンブリ感情,すっご
2022-03-13 16:03:19,じんすけ,:clapping_hands::clapping_hands::clapping_hands:
2022-03-13 16:03:26,なー＊,:clapping_hands::clapping_hands::clapping_hands::clapping_hands::clapping_hands:
2022-03-13 16:03:26,じんすけ,上手い:clapping_hands:
2022-03-13 16:03:27,ひろ-,フルコン上手い
2022-03-13 16:03:27,よしを,うま赤子
2022-03-13 16:03:27,ウルトラアル中マン,ナイスゥ！
2022-03-13 16:03:28,とりさし,ねぇねぇねぇねぇねぇどっち？どうせ男が居るんでしょ？:unicorn:
2022-03-13 16:03:28,じんけうろ,すご
2022-03-13 16:03:48,shion* *,え、まだ素材増えてるんか……？
2022-03-13 16:03:50,サクラギカズマ,すげええええ
2022-03-13 16:03:54,ウルトラアル中マン,やろうとしてんの草
2022-03-13 16:03:59,のの,それありがとうって言うの全世界で見てもばぶちゃんだけやで…
2022-03-13 16:04:18,ドンブリ感情,バーバパパならうまく料理できるかもしれん
2022-03-13 16:04:26,じんけうろ,贈るか！
2022-03-13 16:04:37,じんすけ,やるか！
2022-03-13 16:04:55,櫻咲,それじゃあおぎゃるかぁ
2022-03-13 16:04:56,にんげん,あれ送るべきかかなり迷って送らなかった、地味に後悔
2022-03-13 16:05:01,ウルトラアル中マン,リテラシー高めの赤子
2022-03-13 16:05:05,cafe太郎,DMが地獄になる
2022-03-13 16:05:35,博多の拳王!,常設は草
2022-03-13 16:05:42,なー＊,常設募集ｗ
2022-03-13 16:05:49,shion* *,普段こない人ｗ
2022-03-13 16:05:50,ヒノモトきょう,地獄に薪をくべるな
2022-03-13 16:06:00,ウルトラアル中マン,おぎゃ声の新陳代謝か
2022-03-13 16:06:00,ドンブリ感情,そのうち新しいSCPが生まれそう
2022-03-13 16:06:01,博多の拳王!,ばぶ輪廻転生
2022-03-13 16:06:03,たんいモルモット,草
2022-03-13 16:06:04,cafe太郎,やっぱり選民試走じゃないか
2022-03-13 16:06:04,冥土,おぎゃり声の世代交代は草
2022-03-13 16:06:06,じんすけ,常時募集www
2022-03-13 16:06:06,櫻咲,世代交代www
2022-03-13 16:06:06,shion* *,ROM専もおるからわからんけどね
2022-03-13 16:06:09,微糖,世代交代ｗ
2022-03-13 16:06:34,cheruno,草
2022-03-13 16:06:38,とりさし,おぎゃ専じゃｎ
2022-03-13 16:06:47,冥土,草
2022-03-13 16:06:50,shion* *,なるほど……ｗ
2022-03-13 16:06:52,Vおじ,ﾌﾟﾝﾌﾟﾝ
2022-03-13 16:06:54,おじじさん,見られてるのきっつw
2022-03-13 16:06:56,ウルトラアル中マン,おもろいから便乗で送ろって勢やね？
2022-03-13 16:07:02,じんすけ,プンプン:angry_face:
2022-03-13 16:07:10,なー＊,コラボたのしみ！！
2022-03-13 16:07:19,ドンブリ感情,アンレールド
2022-03-13 16:07:21,なー＊,アンレールド
2022-03-13 16:07:32,冥土,線路繋いでいくマイクラだっけ？
2022-03-13 16:07:32,おじじさん,楽しそうな3人だ
2022-03-13 16:07:42,エビがエビフライ,楽しみ
2022-03-13 16:07:45,じんすけ,あーあれか
2022-03-13 16:07:48,ウルトラアル中マン,線路は続くよどこまでもってか
2022-03-13 16:07:48,ドンブリ感情,タスク管理ゲー
2022-03-13 16:08:01,よしを,
2022-03-13 16:08:12,じんすけ,配信向けのゲームだよね
2022-03-13 16:08:16,なー＊,パニクりそうｗ
2022-03-13 16:08:40,冥土,おじょるるでやって、即おもんね…って言ってゲームやめたやつだった気がするw
2022-03-13 16:08:47,にんげん,ASD発動します！
2022-03-13 16:08:54,じんすけ,パニックを眺めるの好き
2022-03-13 16:08:55,ウルトラアル中マン,うろ覚え赤子
2022-03-13 16:09:09,ドンブリ感情,オーバークックも苦手そう
2022-03-13 16:09:13,よしを,くそげーなのかWW
2022-03-13 16:09:51,ヒノモトきょう,おつだうー
2022-03-13 16:09:52,ウルトラアル中マン,おつだう～！また夜に！
2022-03-13 16:09:56,エビがエビフライ,おつだう～！
2022-03-13 16:09:59,じんけうろ,おつだう〜
2022-03-13 16:09:59,とーふちゃん!,楽しかった、おつだうー！
2022-03-13 16:10:00,よしを,おつだうー
2022-03-13 16:10:01,冥土,おつだうー
2022-03-13 16:10:01,なー＊,たのしかった！おつだうー！
2022-03-13 16:10:03,てぃろ,おつだうー
2022-03-13 16:10:04,微糖,おつだうー
2022-03-13 16:10:04,ひろ-,おつだうー
2022-03-13 16:10:04,DuxRyK 【デューク】,おつだう～
2022-03-13 16:10:05,たんいモルモット,おつだう～
2022-03-13 16:10:05,うーあー,おつだう～
2022-03-13 16:10:06,じんすけ,おつだうー
2022-03-13 16:10:07,にんげん,おつだう
2022-03-13 16:10:07,完全剛体リジッド,おつだうです～
2022-03-13 16:10:08,ドンブリ感情,おつだう～
2022-03-13 16:10:11,博多の拳王!,おつだう
2022-03-13 16:10:12,昼酒,おつだうー
2022-03-13 16:10:14,浅生なつめ,おつだうー
2022-03-13 16:10:15,じんすけ,コラボ楽しみー
2022-03-13 16:10:15,Vおじ,おつだう！
2022-03-13 16:10:17,shion* *,おつだうー
2022-03-13 16:10:17,ほあでりあ,おつだう
2022-03-13 16:10:18,cheruno,おつだうー
2022-03-13 16:10:19,権兵衛,おつだう〜
2022-03-13 16:10:19,シノ,お上手だったねーおつだうー
2022-03-13 16:10:19,じんすけ,おつだうー
2022-03-13 16:10:23,冷やっこ,おつだうー
2022-03-13 16:10:26,MOKKA,おつだうー
2022-03-13 16:10:27,スマイル,おつだうー
2022-03-13 16:10:27,アライラ,おつだうー
2022-03-13 16:10:28,櫻咲,おつだうー
2022-03-13 16:10:38,Alex,おつだう
