2022-03-15 18:05:34,名無し,待機バブ
2022-03-15 18:49:43,foxですよ,待機
2022-03-15 18:51:14,foxですよ,てーきゅう歌枠はよ
2022-03-15 18:59:20,うん、小判,待機
2022-03-15 18:59:20,動画保管庫,待機
2022-03-15 19:13:07,冥土,待機
2022-03-15 19:16:33,ウルトラアル中マン,待機バブ
2022-03-15 19:17:00,じんすけ,待機
2022-03-15 19:19:21,たんいモルモット,待機
2022-03-15 19:22:42,動画保管庫,お歌と言えば、面会で歌う人とかいるんですかね
2022-03-15 19:24:44,ラスカル山田,たいき
2022-03-15 19:25:49,九分ななりん,待機
2022-03-15 19:25:57,にんげん,TIK
2022-03-15 19:26:54,DuxRyK 【デューク】,待機
2022-03-15 19:27:43,銀次,待機
2022-03-15 19:29:05,MOKKA,確定申告締め切り延長おめ
2022-03-15 19:29:07,桜,待機だう
2022-03-15 19:29:47,思想,待機
2022-03-15 19:29:52,にんげん,ぶびう
2022-03-15 19:29:58,ウルトラアル中マン,ディスプレイから赤ちゃんの良い匂いがする
2022-03-15 19:30:01,てぃろ,待機
2022-03-15 19:30:02,なー＊,待機　かわいい
2022-03-15 19:30:06,foxですよ,かわよ
2022-03-15 19:30:09,の,待機
2022-03-15 19:30:17,櫻咲,ガチばぶ距離たすかる
2022-03-15 19:30:25,RAM太郎,かわよ
2022-03-15 19:30:27,じんすけ,かわいい
2022-03-15 19:30:37,微糖,かわわ
2022-03-15 19:30:45,ダイム鞄,何万回見てもすやすや赤子好き
2022-03-15 19:30:47,ゆきふりうさぎ,クソマロのいいにおいもする
2022-03-15 19:31:31,ウルトラアル中マン,こんだう～！
2022-03-15 19:31:35,たんいモルモット,こんだう～
2022-03-15 19:31:36,櫻咲,こんだうー
2022-03-15 19:31:37,にんげん,こんだう
2022-03-15 19:31:37,てぃろ,こんだうー
2022-03-15 19:31:38,C Y,こんだうー
2022-03-15 19:31:39,銀次,こんだうー
2022-03-15 19:31:40,Alex,こんだう
2022-03-15 19:31:41,DuxRyK 【デューク】,こんだう〜
2022-03-15 19:31:41,桂かすが,こんだうー
2022-03-15 19:31:41,うん、小判,こんだう～
2022-03-15 19:31:43,ほあでりあ,こんだう
2022-03-15 19:31:43,なー＊,こんだうー！
2022-03-15 19:31:43,動画保管庫,こんだう
2022-03-15 19:31:44,とーふちゃん!,こんだう〜
2022-03-15 19:31:45,MOKKA,こんだうー
2022-03-15 19:31:46,foxですよ,こんだう～
2022-03-15 19:31:47,動画保管庫,丁度いい
2022-03-15 19:31:47,思想,こんだうー
2022-03-15 19:31:47,エビがエビフライ,こんだうー
2022-03-15 19:31:48,完全剛体リジッド,こんだうです～
2022-03-15 19:31:48,なー＊,いいかんじ！
2022-03-15 19:31:48,じんすけ,こんだうー
2022-03-15 19:31:50,ダイム鞄,こんだう
2022-03-15 19:31:50,ウルトラアル中マン,おとちょゆでええ
2022-03-15 19:31:54,sho U,こんだうー
2022-03-15 19:31:54,ドンブリ感情,こクんレだラうッ〜プ
2022-03-15 19:31:54,テラニコフ,こんだうー
2022-03-15 19:31:55,ウルトラアル中マン,ちょうどええ
2022-03-15 19:31:57,完全剛体リジッド,人類は衰退しました！
2022-03-15 19:31:58,桜,こんだう
2022-03-15 19:31:58,RAM太郎,こんだう～
2022-03-15 19:31:58,銀次,懐かしい
2022-03-15 19:31:58,foxですよ,赤子は衰退しました
2022-03-15 19:31:58,352万の男　※カウントダウン11,こんだうー！
2022-03-15 19:32:00,じんすけ,ちょうどいいよー
2022-03-15 19:32:02,なー＊,最高
2022-03-15 19:32:03,太田幼女,こんだうです～～！
2022-03-15 19:32:04,冥土,こんだうー
2022-03-15 19:32:04,微糖,こんだうー
2022-03-15 19:32:04,名無し,こんだうー
2022-03-15 19:32:10,Alex,かわいい
2022-03-15 19:32:15,動画保管庫,かっわいい
2022-03-15 19:32:16,微糖,リアルワールド！
2022-03-15 19:32:18,じんすけ,靭帯やー
2022-03-15 19:32:22,昼酒,こんだうー
2022-03-15 19:32:23,月餅,こんだうー
2022-03-15 19:32:27,ラスカル山田,こんだうー
2022-03-15 19:32:27,サクラギカズマ,こんだうー
2022-03-15 19:32:34,ほあでりあ,かわいい
2022-03-15 19:32:37,foxですよ,みせてー！
2022-03-15 19:32:40,よしを,こんだうー
2022-03-15 19:32:41,shion* *,こんだうー
2022-03-15 19:32:46,じんすけ,かわいいー
2022-03-15 19:32:48,ひろ-,こんだう
2022-03-15 19:32:54,銀次,かわいい
2022-03-15 19:33:02,太田幼女,赤子ワールド！
2022-03-15 19:33:04,カナガタ_セッサク中,こんだうー
2022-03-15 19:33:05,ひろ-,衰退なつかしー
2022-03-15 19:33:06,完全剛体リジッド,妖精さんのマネ上手そう
2022-03-15 19:33:10,よしを,はい！はい！はい！
2022-03-15 19:33:10,ウルトラアル中マン,８８８８８８８
2022-03-15 19:33:13,いっち,こんだうー
2022-03-15 19:33:16,銀次,88888
2022-03-15 19:33:16,櫻咲,:clapping_hands::clapping_hands::clapping_hands::clapping_hands::clapping_hands:
2022-03-15 19:33:16,foxですよ,:clapping_hands::clapping_hands::clapping_hands:
2022-03-15 19:33:18,DuxRyK 【デューク】,:clapping_hands::clapping_hands::clapping_hands::clapping_hands::clapping_hands:
2022-03-15 19:33:20,エビがエビフライ,:clapping_hands::clapping_hands::clapping_hands::clapping_hands:
2022-03-15 19:33:24,よしを,8888
2022-03-15 19:33:25,テラニコフ,:clapping_hands::clapping_hands::clapping_hands:
2022-03-15 19:33:27,思想,声めちゃくちゃいいな
2022-03-15 19:33:27,なー＊,:clapping_hands::clapping_hands::clapping_hands::clapping_hands::clapping_hands::clapping_hands:
2022-03-15 19:33:29,Alex,・ヮ・
2022-03-15 19:33:33,桂かすが,:clapping_hands::clapping_hands::clapping_hands::clapping_hands::clapping_hands::clapping_hands:
2022-03-15 19:33:37,銀次,おめーのせきねーです？
2022-03-15 19:33:49,じんすけ,８８８８
2022-03-15 19:33:52,櫻咲,nice mallo
2022-03-15 19:34:02,ウルトラアル中マン,リクエストに応える赤子の鑑
2022-03-15 19:34:06,はらだいこ,こんだうー
2022-03-15 19:34:10,思想,えげつないクソマロ一瞬写って草
2022-03-15 19:34:19,ウルトラアル中マン,ぽっぽぽっぽ！
2022-03-15 19:34:48,ほあでりあ,後半草
2022-03-15 19:34:51,じんすけ,:clapping_hands::clapping_hands::clapping_hands::clapping_hands:
2022-03-15 19:35:29,Sally Sally,こんだう
2022-03-15 19:35:36,デビッ,のらーら引退しないで:loudly_crying_face:
2022-03-15 19:35:39,ゆきふりうさぎ,旅立ちを求められてて草
2022-03-15 19:35:55,龍太,こんだう！
2022-03-15 19:36:00,テラニコフ,引退前提で草
2022-03-15 19:36:03,じんすけ,草
2022-03-15 19:36:29,MOKKA,ばいばい、のらーら…
2022-03-15 19:36:42,えあ,涙が止まらない:loudly_crying_face:
2022-03-15 19:36:46,ひろ-,のらーら引退しないで
2022-03-15 19:36:47,櫻咲,可愛い子には旅をさせよってね
2022-03-15 19:36:48,じんすけ,さよなら　野良君
2022-03-15 19:36:49,微糖,ノラくんありがとう...
2022-03-15 19:36:53,いっち,ノラくん、、忘れないよ…
2022-03-15 19:37:00,ダイム鞄,歌詞がマジでいい
2022-03-15 19:37:02,352万の男　※カウントダウン11,のらーら引退するのか…
2022-03-15 19:37:04,Sally Sally,ののーらありがとう:loudly_crying_face:
2022-03-15 19:37:06,ウルトラアル中マン,ノラくんが野良に・・・
2022-03-15 19:37:09,えあ,楽しかったな…
2022-03-15 19:37:34,デビッ,「さよなら」は言わないよ。「またね」のらーら。
2022-03-15 19:37:37,352万の男　※カウントダウン11,ありがとうのらーら…！君のこと
2022-03-15 19:37:42,foxですよ,流れがノラ君引退で草
2022-03-15 19:37:43,テラニコフ,ノラ君……ありがとう:loudly_crying_face:
2022-03-15 19:37:43,Sally Sally,何わろ…:loudly_crying_face:
2022-03-15 19:37:44,完全剛体リジッド,楽しい時間はすぐ終わっちゃうんですね…
2022-03-15 19:37:44,ゆきふりうさぎ,寂しくなるな…
2022-03-15 19:37:56,じんすけ,エモい流れや
2022-03-15 19:37:58,352万の男　※カウントダウン11,のらーらのこと…一生忘れないよ…
2022-03-15 19:38:09,名無し,寂しくなるなあ…
2022-03-15 19:38:11,月餅,ノラくんずっと応援してる
2022-03-15 19:38:14,天豪,野良くん、ありがとう...
2022-03-15 19:38:22,月餅,また会える日まで
2022-03-15 19:38:23,動画保管庫,のらくん、そんなぁ……
2022-03-15 19:38:32,フェレお(フィニッシュ!),こんだう！
2022-03-15 19:38:41,じんすけ,さよなら　ノラくん　こんにちわ　ちゅーね
2022-03-15 19:38:42,ウルトラアル中マン,サンキューノラ、フォーエバーノラ。
2022-03-15 19:38:50,ウルトラアル中マン,８８８８８８８８
2022-03-15 19:38:54,なー＊,:clapping_hands::clapping_hands::clapping_hands::clapping_hands::clapping_hands:
2022-03-15 19:38:54,352万の男　※カウントダウン11,:clapping_hands::clapping_hands::clapping_hands::clapping_hands::clapping_hands::clapping_hands::clapping_hands::clapping_hands::clapping_hands:
2022-03-15 19:38:55,エビがエビフライ,:clapping_hands::clapping_hands::clapping_hands::clapping_hands::clapping_hands::clapping_hands::clapping_hands:
2022-03-15 19:38:56,MOKKA,えもいえぬえも…………ｳｯ……
2022-03-15 19:38:57,銀次,88888
2022-03-15 19:38:58,櫻咲,:clapping_hands::clapping_hands::clapping_hands::clapping_hands::clapping_hands:
2022-03-15 19:39:01,うん、小判,８８８８８８８８
2022-03-15 19:39:02,いっち,:clapping_hands::clapping_hands::clapping_hands::clapping_hands::clapping_hands::clapping_hands::clapping_hands::clapping_hands:
2022-03-15 19:39:04,微糖,:clapping_hands::clapping_hands::clapping_hands::clapping_hands::clapping_hands:
2022-03-15 19:39:05,じんすけ,:clapping_hands::clapping_hands::clapping_hands::clapping_hands:
2022-03-15 19:39:05,冥土,:clapping_hands::clapping_hands::clapping_hands::clapping_hands::clapping_hands::clapping_hands:
2022-03-15 19:39:06,紅蝶伽,さよなら
2022-03-15 19:39:07,ひろ-,:clapping_hands::clapping_hands::clapping_hands::clapping_hands:
2022-03-15 19:39:09,foxですよ,:clapping_hands::clapping_hands::clapping_hands:
2022-03-15 19:39:11,デイビット・コジマ ⚰️,ええええええええええええええええ！？！！？！！！？
2022-03-15 19:39:12,shion* *,どんなリクエストだよw
2022-03-15 19:39:12,たんいモルモット,:clapping_hands::clapping_hands::clapping_hands::clapping_hands::clapping_hands:
2022-03-15 19:39:14,冥土,ひどいw
2022-03-15 19:39:16,sodafloat,:clapping_hands::clapping_hands::clapping_hands::clapping_hands::clapping_hands:
2022-03-15 19:39:16,Sally Sally,Byeノーラるlike
2022-03-15 19:39:20,思想,バブちゃんの方が問題起こしそう
2022-03-15 19:39:22,じんすけ,ひどｗ
2022-03-15 19:39:23,旻天ビンテン,草
2022-03-15 19:39:26,なー＊,エモのために軽率に引退させられて草
2022-03-15 19:39:27,銀次,草
2022-03-15 19:39:27,foxですよ,ある意味問題おこしてるからセーフ＿？
2022-03-15 19:39:31,ダイム鞄,刃牙いて草
2022-03-15 19:39:32,ドンブリ感情,ノラくん成仏してクレメンス
2022-03-15 19:39:33,デビッ,ノラちゃんはやめへんでー！！
2022-03-15 19:39:40,完全剛体リジッド,アバラ良いですねぇ！
2022-03-15 19:39:43,ほあでりあ,草
2022-03-15 19:39:46,思想,アバラはえろい、わかる
2022-03-15 19:39:54,ほあでりあ,いるか・・・？
2022-03-15 19:39:59,ウルトラアル中マン,＃おぎゃり声
2022-03-15 19:40:02,shion* *,投稿される前提なの草
2022-03-15 19:40:03,foxですよ,＃おぎゃり声　　？
2022-03-15 19:40:05,微糖,#おぎゃり声
2022-03-15 19:40:07,銀次,強い
2022-03-15 19:40:11,動画保管庫,とんでもないハッシュタグだ…ｗｗｗ
2022-03-15 19:40:17,352万の男　※カウントダウン11,おぎゃり声か…深いな…
2022-03-15 19:40:20,完全剛体リジッド,#おぎゃり声…
2022-03-15 19:40:20,櫻咲,これで投稿できるなあたすかる
2022-03-15 19:40:24,foxですよ,DMじゃだめでしょうか・・・
2022-03-15 19:40:26,ラスカル山田,生まれるのかあらたな魔物が
2022-03-15 19:40:40,なー＊,これで投稿できる人つよい
2022-03-15 19:40:44,ドンブリ感情,デブ活
2022-03-15 19:40:47,ダイム鞄,栗満！？
2022-03-15 19:41:43,ウルトラアル中マン,ツイッターで高須院長フォローしてそう
2022-03-15 19:41:48,じんすけ,お口ぷっ
2022-03-15 19:41:54,ハンニバル,スティッチのモノマネにはまっているんじゃ…？
2022-03-15 19:41:56,動画保管庫,子供おるひとガチバブ声送りそう
2022-03-15 19:42:02,銀次,いるの…？
2022-03-15 19:42:33,352万の男　※カウントダウン11,それすきww
2022-03-15 19:42:33,ウルトラアル中マン,ダルも出来るじゃん
2022-03-15 19:42:35,なー＊,かわいいｗ
2022-03-15 19:42:36,エビがエビフライ,ぶりぶり
2022-03-15 19:42:39,foxですよ,にてる！
2022-03-15 19:42:40,動画保管庫,草　すこ
2022-03-15 19:42:42,完全剛体リジッド,！？
2022-03-15 19:42:47,Sally Sally,ドナルドお願い
2022-03-15 19:42:48,じんすけ,かわいい
2022-03-15 19:42:50,ドンブリ感情,すごい顔してやってそう
2022-03-15 19:42:54,ダイム鞄,草
2022-03-15 19:42:54,櫻咲,#スティッチの声がしたぞ
2022-03-15 19:43:02,foxですよ,まゆしぃ～どの～
2022-03-15 19:43:04,ウルトラアル中マン,最近ダル出ないすね
2022-03-15 19:43:05,思想,上手くて草
2022-03-15 19:43:07,foxですよ,は！？
2022-03-15 19:43:07,じんすけ,ｗｗｗｗ
2022-03-15 19:43:07,うん、小判,似てる
2022-03-15 19:43:08,shion* *,うまいんよ
2022-03-15 19:43:09,なー＊,うっっまｗｗ
2022-03-15 19:43:09,Sally Sally,草
2022-03-15 19:43:09,はらだいこ,うまいｗ
2022-03-15 19:43:10,Alex,！？
2022-03-15 19:43:10,銀次,凄いw
2022-03-15 19:43:10,ウルトラアル中マン,ドナルド？
2022-03-15 19:43:11,352万の男　※カウントダウン11,すっごい…！
2022-03-15 19:43:13,名無し,草
2022-03-15 19:43:13,完全剛体リジッド,すごい！
2022-03-15 19:43:14,じんすけ,うまｗｗｗ
2022-03-15 19:43:15,MOKKA,草
2022-03-15 19:43:16,foxですよ,ガチじゃん
2022-03-15 19:43:22,ハンニバル,みるくちゃんのスティッチ物真似大好きだから嬉しい
2022-03-15 19:43:22,櫻咲,ドナルド講座助かったけどよくわからなかった
2022-03-15 19:43:23,動画保管庫,すごいｗ
2022-03-15 19:43:24,尿道かゆ太郎,こんだう〜
2022-03-15 19:43:28,冥土,草
2022-03-15 19:43:32,foxですよ,ドナルドダック
2022-03-15 19:43:35,櫻咲,なにこれｗｗ
2022-03-15 19:43:35,思想,えぐくて草
2022-03-15 19:43:41,shion* *,ばぶぴょいしとる
2022-03-15 19:43:46,フェレお(フィニッシュ!),
2022-03-15 19:43:54,なー＊,やったー
2022-03-15 19:43:55,ウルトラアル中マン,なんだろねえ・・・
2022-03-15 19:44:00,foxですよ,ｗ
2022-03-15 19:44:03,じんすけ,めんたま　ぎらぎら　出産？
2022-03-15 19:44:04,ゆきふりうさぎ,この流れ草
2022-03-15 19:44:04,オアシス・ゲーリー,歌うのか
2022-03-15 19:44:07,思想,どんな気持ちで書いたんだろう…
2022-03-15 19:44:09,ダイム鞄,オギャぴょい！？
2022-03-15 19:44:13,352万の男　※カウントダウン11,！
2022-03-15 19:44:14,動画保管庫,歌うの草
2022-03-15 19:44:16,名無し,おぎゃぴょいw
2022-03-15 19:44:17,フェレお(フィニッシュ!),おぎゃだっち！
2022-03-15 19:44:18,foxですよ,おぎゃだっち！
2022-03-15 19:44:18,たぬ,うまぴょい！うまぴょい！
2022-03-15 19:44:23,ほあでりあ,草
2022-03-15 19:44:25,はらだいこ,おぎゃぴょい
2022-03-15 19:44:29,ウルトラアル中マン,おぎゃぴょいおぎゃぴょい！
2022-03-15 19:44:29,櫻咲,おぎゃぴょい！おぎゃぴょい！
2022-03-15 19:44:30,じんすけ,おぎゃぽいおぎゃぽい
2022-03-15 19:44:32,352万の男　※カウントダウン11,おぎゃぴょい！
2022-03-15 19:44:32,旻天ビンテン,おぎゃぴょい！！！
2022-03-15 19:44:32,Alex,おぎゃぴょい！
2022-03-15 19:44:34,太田幼女,おぎゃぽい！
2022-03-15 19:44:36,たんいモルモット,おぎゃぴょい！
2022-03-15 19:44:40,エビがエビフライ,おぎゃぴょい！
2022-03-15 19:44:41,銀次,おぎゃぴょい！
2022-03-15 19:44:43,完全剛体リジッド,おぎゃぴょいｗ
2022-03-15 19:44:43,冥土,おきゃぴょい！
2022-03-15 19:44:43,MOKKA,おぎゃぴょいおぎゃぴょい
2022-03-15 19:44:43,デクロボ,草
2022-03-15 19:44:45,じんすけ,りばんどー
2022-03-15 19:44:48,名無し,おぎゃぴょい!
2022-03-15 19:44:49,ほあでりあ,ばぶちゃんは太りたいんだが！
2022-03-15 19:44:53,なー＊,俺にだけおぎゃする！
2022-03-15 19:44:53,うん、小判,おぎゃぴょい!
2022-03-15 19:44:57,テラニコフ,おぎゃぴょい！
2022-03-15 19:44:59,完全剛体リジッド,きみの赤子が！
2022-03-15 19:45:01,じんすけ,どーきどきどきどき
2022-03-15 19:45:01,Sally Sally,おぎゃぴょい！
2022-03-15 19:45:02,ダイム鞄,俺の小城夜が！？
2022-03-15 19:45:02,たぬ,絵文字のセンス良きw
2022-03-15 19:45:06,ウルトラアル中マン,文字打ち込んでる時真顔で打ってそう
2022-03-15 19:45:09,shion* *,おきゅん？？w
2022-03-15 19:45:11,墾田永年私財法,草
2022-03-15 19:45:11,銀次,草
2022-03-15 19:45:12,動画保管庫,おきゅんって何だよｗｗｗ
2022-03-15 19:45:12,フェレお(フィニッシュ!),俺の赤子が！
2022-03-15 19:45:13,なー＊,夜泣き出すｗｗ
2022-03-15 19:45:13,名無し,草
2022-03-15 19:45:15,さとし,草
2022-03-15 19:45:17,じんすけ,ｗｗ
2022-03-15 19:45:18,ドンブリ感情,夜泣きはやめて
2022-03-15 19:45:20,352万の男　※カウントダウン11,おきゅん！おきゅん！
2022-03-15 19:45:23,Sally Sally,ふっふー！
2022-03-15 19:45:27,DuxRyK 【デューク】,おぎゅんw
2022-03-15 19:45:30,foxですよ,誰だろう！？かっこいいです！
2022-03-15 19:45:31,じんすけ,うぴうぴｗ
2022-03-15 19:45:34,フェレお(フィニッシュ!),よくみたらおじさん構文で草
2022-03-15 19:45:37,Alex,草
2022-03-15 19:45:40,なー＊,おきゅんｗｗ
2022-03-15 19:45:43,ウルトラアル中マン,おぎゅん！(擬音)
2022-03-15 19:45:45,櫻咲,絵文字にセンスがあるからこの投稿は女の子だね
2022-03-15 19:45:46,foxですよ,自失うたいましたねｗうまぴょい
2022-03-15 19:45:46,エビがエビフライ,:clapping_hands::clapping_hands::clapping_hands::clapping_hands:
2022-03-15 19:45:46,ウルトラアル中マン,８８８８８８８８
2022-03-15 19:45:50,MOKKA,歌ってみたら結構いい感じで草
2022-03-15 19:45:54,いっち,草
2022-03-15 19:45:55,櫻咲,:clapping_hands::clapping_hands::clapping_hands::clapping_hands::clapping_hands:
2022-03-15 19:45:57,テラニコフ,:clapping_hands::clapping_hands::clapping_hands:
2022-03-15 19:45:57,銀次,88888
2022-03-15 19:45:59,思想,絵文字が絶妙で好き
2022-03-15 19:46:02,foxですよ,:clapping_hands::clapping_hands::clapping_hands:
2022-03-15 19:46:03,352万の男　※カウントダウン11,:clapping_hands::clapping_hands::clapping_hands::clapping_hands::clapping_hands::clapping_hands::clapping_hands::clapping_hands:
2022-03-15 19:46:05,思想,
2022-03-15 19:46:05,デビッ,:clapping_hands::clapping_hands::clapping_hands::clapping_hands:
2022-03-15 19:46:07,じんすけ,:clapping_hands::clapping_hands::clapping_hands:
2022-03-15 19:46:07,冥土,:clapping_hands::clapping_hands::clapping_hands::clapping_hands::clapping_hands:
2022-03-15 19:46:10,なー＊,:clapping_hands::clapping_hands::clapping_hands::clapping_hands::rolling_on_the_floor_laughing:
2022-03-15 19:46:22,エーニャ,こんだうー！:clapping_hands::clapping_hands::clapping_hands::clapping_hands::clapping_hands:
2022-03-15 19:46:33,Sally Sally,
2022-03-15 19:46:45,ドンブリ感情,この力技は実質おぎゃマッチョ
2022-03-15 19:47:06,微糖,湯浅監督はいいぞ
2022-03-15 19:47:14,ウルトラアル中マン,凪のあすからも好きそうバブちゃん
2022-03-15 19:47:18,エーニャ,へえー！
2022-03-15 19:47:22,銀次,へぇー
2022-03-15 19:47:31,デビッ,詳しい
2022-03-15 19:47:32,Alex,カイバ一番好き
2022-03-15 19:47:34,微糖,四畳半神話大系すき
2022-03-15 19:47:36,352万の男　※カウントダウン11,ほぇ～
2022-03-15 19:47:41,じんすけ,デビルマンもやってる人やな
2022-03-15 19:47:59,完全剛体リジッド,四畳半神話大系もなんだ！すげぇ
2022-03-15 19:47:59,微糖,夜明け告げるルーの唄
2022-03-15 19:48:00,しなな_,だう
2022-03-15 19:48:06,ドンブリ感情,夜明けるなんちゃらルーの歌
2022-03-15 19:48:11,ウルトラアル中マン,デビルマンの人なんだ
2022-03-15 19:48:17,やまカチカチ,いぬおう
2022-03-15 19:48:22,銀次,四畳半か
2022-03-15 19:48:27,Alex,四畳半の新作アニメは湯浅監督じゃないだな...
2022-03-15 19:48:32,微糖,夜は短し歩けよ乙女
2022-03-15 19:48:36,もさぎ。,ピンポン出た？
2022-03-15 19:48:36,ウルトラアル中マン,ネトフリのデビルマン好き
2022-03-15 19:48:40,えあ,夜は短し歩けよ乙女
2022-03-15 19:49:04,ぴも,こんだう～
2022-03-15 19:49:21,ウルトラアル中マン,バブちゃんには少し刺激強いかな・・・？
2022-03-15 19:49:51,櫻咲,26日ｗ
2022-03-15 19:49:57,にんげん,ばぶちゃんも中々キてるからな
2022-03-15 19:50:08,エーニャ,めっちゃ飲んでるw
2022-03-15 19:50:15,ひろ-,潤っていけ
2022-03-15 19:50:25,foxですよ,ものたりないと！？
2022-03-15 19:50:28,ウルトラアル中マン,チキンレースで最後までアクセル踏み込んでるタイプの赤子
2022-03-15 19:50:43,動画保管庫,草
2022-03-15 19:51:00,ひろ-,耐性強いね
2022-03-15 19:51:02,櫻咲,ちょうどラインくらいなのか
2022-03-15 19:51:03,エビがエビフライ,草
2022-03-15 19:51:12,銀次,草
2022-03-15 19:51:12,冥土,どんだけ聴きたいんだw
2022-03-15 19:51:13,名無し,草
2022-03-15 19:51:17,クリアマインド,ホロですね
2022-03-15 19:51:34,思想,:unicorn:
2022-03-15 19:51:35,櫻咲,ばぶちゃんの中の:unicorn:が
2022-03-15 19:51:38,デュタステ,リア充のノリみたいのが嫌だって言ってたね
2022-03-15 19:51:45,MOKKA,男の声がするから
2022-03-15 19:51:48,もさぎ。,社くんとか舞元をすこれ
2022-03-15 19:51:49,ウルトラアル中マン,男女の絡み見てると嫉妬で狂いそうになる
2022-03-15 19:51:53,えあ,草
2022-03-15 19:51:54,Sally Sally,草
2022-03-15 19:51:55,じんすけ,なるほど
2022-03-15 19:52:01,動画保管庫,分かる　男だけなら見るけどｗ
2022-03-15 19:52:04,銀次,なるほどね
2022-03-15 19:52:07,フェレお(フィニッシュ!),なるほど
2022-03-15 19:52:08,エーニャ,めっちゃ分かるぞその気持ち！
2022-03-15 19:52:14,なー＊,なるホロライブ
2022-03-15 19:52:22,ウルトラアル中マン,:unicorn::yellow_heart:
2022-03-15 19:52:28,あろと,男女の空気がきつい
2022-03-15 19:52:30,・。・,モヤモヤ
2022-03-15 19:52:32,エビがエビフライ,:unicorn::revolving_hearts:
2022-03-15 19:52:37,MOKKA,わかる
2022-03-15 19:52:39,フェレお(フィニッシュ!),男と女が一緒になる時の独特な空気が嫌なんね
2022-03-15 19:52:42,じんすけ,にじさんじ　まひろ君好き
2022-03-15 19:52:43,C Y,わかる
2022-03-15 19:52:45,天豪,混ぜるな危険
2022-03-15 19:52:45,EAT EAT,ゲマズはいけるくない？
2022-03-15 19:52:47,思想,めちゃくちゃわかる
2022-03-15 19:52:48,TT gedo,ちょっとわかる
2022-03-15 19:52:56,TT gedo,苦手では無いけど
2022-03-15 19:53:19,なー＊,なんのおとｗ
2022-03-15 19:53:24,じんすけ,DV赤子…
2022-03-15 19:53:27,foxですよ,初日でバックレるは草
2022-03-15 19:53:54,エーニャ,ぺちぺち叩いてるのかと思ったww
2022-03-15 19:54:05,動画保管庫,文具のピッキングは忙し過ぎて話す暇なかったなｗｗ
2022-03-15 19:54:06,TT gedo,ライン工やったことあるけど気が狂ったわ
2022-03-15 19:54:08,じんすけ,短歌かよｗ
2022-03-15 19:54:22,デビッ,結婚してくれるの！？
2022-03-15 19:54:23,にんげん,ばぶ婚はキャンセルで
2022-03-15 19:54:27,林啓太,草
2022-03-15 19:54:31,ウルトラアル中マン,バブ婚か～
2022-03-15 19:54:31,foxですよ,俺かな？送ってないけど
2022-03-15 19:54:31,フェレお(フィニッシュ!),まかせろ
2022-03-15 19:54:41,デビッ,一人でトイレ行けるかな〜？
2022-03-15 19:54:43,冥土,介護w
2022-03-15 19:54:44,あろと,おむつ替えるのはつらい
2022-03-15 19:54:45,はらだいこ,理解のある彼くんを求める赤子
2022-03-15 19:54:46,なー＊,おむつも替えちゃう
2022-03-15 19:54:46,思想,介護で草
2022-03-15 19:54:50,TT gedo,ベースフード食わせればええやろ:lying_face:
2022-03-15 19:54:51,じんすけ,介護かな？
2022-03-15 19:54:53,完全剛体リジッド,ペットかな…
2022-03-15 19:54:54,じんけうろ,
2022-03-15 19:55:00,櫻咲,自分の身の回りのお世話もできないや；
2022-03-15 19:55:05,TT gedo,介護じゃん
2022-03-15 19:55:06,動画保管庫,隣人のスマホのバイブかなｗｗ
2022-03-15 19:55:06,テラニコフ,フルタイム介護
2022-03-15 19:55:06,ドンブリ感情,牛田ケローら？
2022-03-15 19:55:13,foxですよ,意味深
2022-03-15 19:55:14,てぃろ,:baby_bottle:
2022-03-15 19:55:21,ほあでりあ,介護の勉強するか・・・
2022-03-15 19:56:17,じんけうろ,・・・
2022-03-15 19:56:17,櫻咲,こわ
2022-03-15 19:56:17,C Y,モンスターズインク
2022-03-15 19:56:18,じんすけ,こわ…
2022-03-15 19:56:18,shion* *,:ghost:
2022-03-15 19:56:21,foxですよ,天井あけてみな
2022-03-15 19:56:22,にんげん,それ俺だよ
2022-03-15 19:56:23,名無し,こわ
2022-03-15 19:56:23,完全剛体リジッド,盗聴器仕込まれてません？
2022-03-15 19:56:24,銀次,壁越し？
2022-03-15 19:56:24,slyness,住んでることもあるやろな
2022-03-15 19:56:26,エーニャ,ラップ音じゃないか？
2022-03-15 19:56:29,思想,えっちだな
2022-03-15 19:56:31,微糖,こわあ
2022-03-15 19:56:31,カット,ゴミ片付けられてたりしない？
2022-03-15 19:56:33,352万の男　※カウントダウン11,こわっ！監視されとるか…
2022-03-15 19:56:33,ドンブリ感情,ドラちゃん…
2022-03-15 19:56:34,ウルトラアル中マン,ベッドの下とか・・・
2022-03-15 19:56:41,いっち,ねこちゃん？
2022-03-15 19:56:42,動画保管庫,こわすぎて草
2022-03-15 19:57:10,たぬ,草
2022-03-15 19:57:10,ひろ-,ランニングマシーンで走ってたんやきっと
2022-03-15 19:57:11,ウルトラアル中マン,平日昼間のスペースいつも行けなくて泣いてる
2022-03-15 19:57:14,名無し,草
2022-03-15 19:57:15,TT gedo,うさんくさいぼうｗ
2022-03-15 19:57:16,山本 重國 ,ラジオでも調べられるんだっけ？
2022-03-15 19:57:19,なー＊,うさんくさいｗ
2022-03-15 19:57:20,TT gedo,猫ちゃんおるの？
2022-03-15 19:57:23,青身切身うまうま,草
2022-03-15 19:57:23,思想,思考盗撮もちゃんと対策した方がいい
2022-03-15 19:57:39,たぬ,ラブドールなら
2022-03-15 19:57:42,ウルトラアル中マン,ねこです　よろしくお願いします。
2022-03-15 19:57:42,フェレお(フィニッシュ!),ねーねこちゃん
2022-03-15 19:57:43,にんげん,ラブドール定期
2022-03-15 19:57:46,なー＊,わーい
2022-03-15 19:57:48,完全剛体リジッド,可愛いですねぇ～
2022-03-15 19:57:53,foxですよ,てーきゅう聞きたい
2022-03-15 19:57:53,山本 重國 ,体調と相談してのんびりやってね
2022-03-15 19:57:58,じんすけ,お歌だぁー
2022-03-15 19:58:18,MOKKA,ねーねこちゃん
2022-03-15 19:58:21,思想,オリオン座の下でかと思った
2022-03-15 19:58:24,slyness,アイロニすき
2022-03-15 19:58:25,ドンブリ感情,ロストワンの号哭
2022-03-15 19:58:26,ひろ-,はいかわいい
2022-03-15 19:58:27,ウルトラアル中マン,静かな曲だぁ
2022-03-15 19:58:31,エビがエビフライ,良き
2022-03-15 19:58:33,動画保管庫,アイロニええな
2022-03-15 19:58:43,foxですよ,:cat2::baby_bottle::cat2::baby_bottle::cat2:
2022-03-15 19:58:44,352万の男　※カウントダウン11,いい歌だなあ
2022-03-15 19:59:22,エーニャ,:baby_bottle::musical_notes::baby_bottle::musical_notes::baby_bottle:
2022-03-15 19:59:34,なー＊,:baby_bottle::musical_note::baby_bottle::musical_note::baby_bottle::musical_note:
2022-03-15 19:59:40,MOKKA,:cat2::baby_bottle::cat2::baby_bottle::cat2::baby_bottle::cat2::baby_bottle::cat2::baby_bottle:
2022-03-15 19:59:50,銀次,いいねぇ
2022-03-15 20:00:00,動画保管庫,じんわりしちゃう
2022-03-15 20:00:09,じんけうろ,合ってる！
2022-03-15 20:00:32,ドンブリ感情,バラード合う
2022-03-15 20:00:33,slyness,ハモリかも
2022-03-15 20:01:13,いっち,:baby_bottle::musical_notes::baby_bottle::musical_notes::baby_bottle::musical_notes::baby_bottle::musical_notes:
2022-03-15 20:01:21,ほあでりあ,もっとキンキンに高いイメージ
2022-03-15 20:01:37,じんすけ,:baby_bottle::baby_bottle::baby_bottle::baby_bottle:
2022-03-15 20:01:38,ウルトラアル中マン,バブちゃんの「ハハッｗ」って笑い声好き
2022-03-15 20:02:19,動画保管庫,しみる歌や
2022-03-15 20:02:22,ウルトラアル中マン,８８８８８８
2022-03-15 20:02:22,エビがエビフライ,:clapping_hands::clapping_hands::clapping_hands::clapping_hands:
2022-03-15 20:02:24,櫻咲,:clapping_hands::clapping_hands::clapping_hands::clapping_hands::clapping_hands:
2022-03-15 20:02:25,てぃろ,:clapping_hands::clapping_hands::clapping_hands::clapping_hands::clapping_hands:
2022-03-15 20:02:26,なー＊,高音良すぎる
2022-03-15 20:02:26,カナガタ_セッサク中,:baby_symbol::musical_notes::clapping_hands::clapping_hands::clapping_hands::clapping_hands:
2022-03-15 20:02:27,C Y,:clapping_hands::clapping_hands::clapping_hands::clapping_hands::clapping_hands::clapping_hands::clapping_hands:
2022-03-15 20:02:27,かわいいべるちゃん,こんだうー
2022-03-15 20:02:29,銀次,88888
2022-03-15 20:02:29,エビがエビフライ,うふふっ
2022-03-15 20:02:29,なー＊,:clapping_hands::clapping_hands::clapping_hands::clapping_hands::clapping_hands:
2022-03-15 20:02:31,微糖,:clapping_hands::clapping_hands::clapping_hands::clapping_hands::clapping_hands::clapping_hands:
2022-03-15 20:02:31,slyness,
2022-03-15 20:02:38,352万の男　※カウントダウン11,:clapping_hands::clapping_hands::clapping_hands::clapping_hands::clapping_hands::clapping_hands::clapping_hands::clapping_hands:
2022-03-15 20:02:38,TT gedo,中学校！？
2022-03-15 20:02:39,たんいモルモット,:clapping_hands::clapping_hands::clapping_hands::clapping_hands::clapping_hands:
2022-03-15 20:02:41,TT gedo,:clapping_hands:
2022-03-15 20:02:43,じんすけ,:clapping_hands::clapping_hands::clapping_hands::clapping_hands:
2022-03-15 20:02:49,ウルトラアル中マン,いつか少女レイも歌って欲しい
2022-03-15 20:02:49,エーニャ,:clapping_hands::clapping_hands::clapping_hands::clapping_hands::clapping_hands::clapping_hands:
2022-03-15 20:02:50,foxですよ,:clapping_hands::clapping_hands::clapping_hands:
2022-03-15 20:02:57,完全剛体リジッド,時をかける赤子
2022-03-15 20:03:04,冥土,:clapping_hands::clapping_hands::clapping_hands::clapping_hands::clapping_hands:
2022-03-15 20:03:24,にんげん,わすれちゃった！
2022-03-15 20:03:27,ドンブリ感情,ほしまちすいせいさんの少女レイ素晴らしいので参考になるかも
2022-03-15 20:03:39,ほあでりあ,絵！？
2022-03-15 20:03:52,キムチ,ポルノグラフティは歌えます？
2022-03-15 20:04:01,Adam Aryafi,cuteeee
2022-03-15 20:04:12,foxですよ,いい感じのマロ
2022-03-15 20:04:15,たぬ,ノラ君、乳ないやん
2022-03-15 20:04:15,じんけうろ,ほう！
2022-03-15 20:04:17,櫻咲,わかるー
2022-03-15 20:04:18,にんげん,はい地雷
2022-03-15 20:04:22,ほあでりあ,草
2022-03-15 20:04:24,なー＊,お姉さまのｗ
2022-03-15 20:04:24,名無し,のらーらは母乳でない
2022-03-15 20:04:26,TT gedo,豊かな乳ぃ！
2022-03-15 20:04:30,ひろ-,強い
2022-03-15 20:04:37,フェレお(フィニッシュ!),本指名かな？
2022-03-15 20:04:39,にんげん,非常勤
2022-03-15 20:04:52,にんげん,アポロ
2022-03-15 20:04:54,じんけうろ,サウダージ？
2022-03-15 20:04:56,slyness,サウダージ アゲハ蝶とか
2022-03-15 20:04:56,ウルトラアル中マン,電出なミルクくん
2022-03-15 20:04:57,foxですよ,あげはちょう？
2022-03-15 20:05:00,天豪,アゲハ蝶
2022-03-15 20:05:00,ひろ-,アゲハ蝶？
2022-03-15 20:05:01,たぬ,僕も
2022-03-15 20:05:01,銀次,アゲハ蝶？
2022-03-15 20:05:01,名無し,アゲハ蝶とか?
2022-03-15 20:05:11,じんすけ,サウダージやろなぁ
2022-03-15 20:05:11,TT gedo,バブしこ積極勢とはたまげたな
2022-03-15 20:05:14,アイランド,メリッサ！
2022-03-15 20:05:17,たぬ,マジか
2022-03-15 20:05:18,完全剛体リジッド,メリッサ
2022-03-15 20:05:19,なー＊,メリッサ
2022-03-15 20:05:21,ドンブリ感情,ミュージック・アワー
2022-03-15 20:05:21,RAM太郎,ヒトリノ夜
2022-03-15 20:05:23,櫻咲,世代か…
2022-03-15 20:05:28,foxですよ,鋼の錬金術師主題歌あったよね？
2022-03-15 20:05:30,ダイム鞄,ヒトリノ夜
2022-03-15 20:05:34,フェレお(フィニッシュ!),ヒトリノ夜
2022-03-15 20:05:39,にんげん,今宵月がみえずとも
2022-03-15 20:05:40,ザナルカンド斉藤,ハネウマライダー
2022-03-15 20:05:43,プルート／komihs,ハガレンの主題歌やでメリッサ
2022-03-15 20:05:48,フェレお(フィニッシュ!),GTOってアニメのOP見た事ない？
2022-03-15 20:05:50,完全剛体リジッド,鋼錬世代じゃないのか～
2022-03-15 20:05:52,キムチ,おっさんの世代ではないか
2022-03-15 20:05:54,slyness,リライト
2022-03-15 20:05:55,ダイム鞄,それアジカン
2022-03-15 20:05:56,ビーダマン,リライトか
2022-03-15 20:05:56,ほあでりあ,消してえええええええええええええええええええええ
2022-03-15 20:05:59,ひろ-,上げてる曲で年齢が
2022-03-15 20:06:01,774,ハガレン
2022-03-15 20:06:01,ウルトラアル中マン,GTOもなついなあ
2022-03-15 20:06:02,微糖,それはアジカンのリライト
2022-03-15 20:06:03,樺沢郁也,リライトじゃｎ
2022-03-15 20:06:05,昼酒,ポルノはいいぞー
2022-03-15 20:06:09,フェレお(フィニッシュ!),グレートティーチャー鬼塚
2022-03-15 20:06:13,エビがエビフライ,草
2022-03-15 20:06:14,たぬ,バブちゃん年齢バレるぞ。なまほしちゃんはわかる
2022-03-15 20:06:16,じんすけ,リライトしてぇぇぇぇ
2022-03-15 20:06:20,銀次,GTOなつい
2022-03-15 20:06:20,動画保管庫,うろ覚えかわいいｗｗ
2022-03-15 20:06:22,shion* *,いらっしゃいせーーー
2022-03-15 20:06:22,名無し,年齢ばれる
2022-03-15 20:06:24,冥土,草
2022-03-15 20:06:24,ウルトラアル中マン,赤子とのジェネレーションギャップに泣いてる
2022-03-15 20:06:25,完全剛体リジッド,可愛い
2022-03-15 20:06:25,Alex,歌詞ｗ
2022-03-15 20:06:26,アイランド,名曲ですわ
2022-03-15 20:06:27,太田幼女,www
2022-03-15 20:06:27,foxですよ,繁盛して～ｗ
2022-03-15 20:06:29,エビがエビフライ,なっつ
2022-03-15 20:06:29,ドンブリ感情,ハガレン世代はなまいきまるやから…
2022-03-15 20:06:36,エーニャ,地声が垣間見えるの草
2022-03-15 20:06:36,とりのそぼろ,アジカンなにいってるかわからんよね
2022-03-15 20:06:43,なー＊,パッションｗｗ
2022-03-15 20:06:51,フェレお(フィニッシュ!),ジェネレーションギャップ感じて心にダメージがきた！
2022-03-15 20:07:01,冥土,ピクミンw
2022-03-15 20:07:04,エーニャ,ピクミンwww
2022-03-15 20:07:04,じんすけ,ｗｗｗ
2022-03-15 20:07:07,オーレリア・ウェルギウス,こんだうー
2022-03-15 20:07:07,銀次,愛の歌だっけ
2022-03-15 20:07:09,ほあでりあ,社畜の歌だ
2022-03-15 20:07:10,桂かすが,かわいい
2022-03-15 20:07:11,テラニコフ,長渕の幻聴が聞こえる
2022-03-15 20:07:11,じんけうろ,www
2022-03-15 20:07:11,動画保管庫,これはこれで泣いちゃいそうな曲や
2022-03-15 20:07:11,ウルトラアル中マン,バブミン・・・
2022-03-15 20:07:11,フェレお(フィニッシュ!),バブミン
2022-03-15 20:07:12,slyness,切ない
2022-03-15 20:07:18,オーレリア・ウェルギウス,ピクミンのうたはとても好い…
2022-03-15 20:07:18,名無し,社畜の歌
2022-03-15 20:07:19,ゆきふりうさぎ,ひたすらかわいい
2022-03-15 20:07:21,櫻咲,頭のやつ引っこ抜きたい
2022-03-15 20:07:21,なー＊,ああ…よき…
2022-03-15 20:07:22,もさぎ。,ピクミンの位置情報アプリをおすすめしておこう
2022-03-15 20:07:23,エーニャ,:baby_bottle::musical_notes::baby_bottle::musical_notes::baby_bottle::musical_notes:
2022-03-15 20:07:24,アイランド,声質とマッチしちょる…
2022-03-15 20:07:26,完全剛体リジッド,世知辛い…
2022-03-15 20:07:29,ラスカル山田,すごい、いい
2022-03-15 20:07:30,foxですよ,:sheaf_of_rice::baby_bottle::sheaf_of_rice:♬:sheaf_of_rice::baby_bottle::sheaf_of_rice:
2022-03-15 20:07:34,もさぎ。,あなたに従井
2022-03-15 20:07:35,じんすけ,おれこれ聞くと涙ぐんじゃうんだよなぁ…
2022-03-15 20:07:38,フェレお(フィニッシュ!),バブちゃんの声質すげー好き
2022-03-15 20:07:42,ザナルカンド斉藤,泣いちゃった
2022-03-15 20:07:42,ウルトラアル中マン,世知辛いぜ、赤子・・・
2022-03-15 20:07:54,352万の男　※カウントダウン11,"あ""あ""あ""あ""あ""あ""あ""あ""なつかしぃーーーー！！"
2022-03-15 20:07:54,・。・,よき
2022-03-15 20:08:01,Tatsh,babu Caren?!
2022-03-15 20:08:04,Tatsh,lol
2022-03-15 20:08:08,じんすけ,:rat::rat::rat::rat:
2022-03-15 20:08:09,ウルトラアル中マン,最後には、食べられるんやなって…
2022-03-15 20:08:11,銀次,CD持ってたなぁ
2022-03-15 20:08:15,フェレお(フィニッシュ!),実はCMでしか聞いた事ないや
2022-03-15 20:08:26,エーニャ,泣けてくるわー
2022-03-15 20:08:29,動画保管庫,:cow:そして食べられる
2022-03-15 20:08:32,ドンブリ感情,おぎゃピクミンずっと動いてそう
2022-03-15 20:08:33,ウルトラアル中マン,引っこ抜かれて戦っても、最後には食べられるんだよ。
2022-03-15 20:08:35,なー＊,:clapping_hands::clapping_hands::clapping_hands::clapping_hands::clapping_hands:
2022-03-15 20:08:36,foxですよ,ほ？
2022-03-15 20:08:41,ウルトラアル中マン,８８８８８８
2022-03-15 20:08:43,銀次,はい
2022-03-15 20:08:44,352万の男　※カウントダウン11,:clapping_hands::clapping_hands::clapping_hands::clapping_hands::clapping_hands::clapping_hands::clapping_hands::clapping_hands::clapping_hands:
2022-03-15 20:08:56,たぬ,可愛い
2022-03-15 20:08:57,ビーダマン,なっつ
2022-03-15 20:08:57,じんすけ,:clapping_hands::clapping_hands::clapping_hands:
2022-03-15 20:09:02,いっち,ママー:breast_feeding:
2022-03-15 20:09:05,とりのそぼろ,ムシキングなっつ
2022-03-15 20:09:06,TT gedo,声かわいいなまじで
2022-03-15 20:09:21,ゴーストゆっくり,これはこれで深層組に効く曲やん
2022-03-15 20:09:21,ドンブリ感情,DJみたいな自然な繋ぎでおどろいた
2022-03-15 20:09:28,なー＊,ママ…:loudly_crying_face::loudly_crying_face::loudly_crying_face:
2022-03-15 20:09:32,はらだいこ,ムシキングのopやん
2022-03-15 20:09:43,銀次,これか
2022-03-15 20:09:53,352万の男　※カウントダウン11,選曲センス神かよ…
2022-03-15 20:09:53,昼酒,ムシキングなつい
2022-03-15 20:09:55,動画保管庫,ないちゃうぅ
2022-03-15 20:09:56,じんすけ,ママーーーー！！
2022-03-15 20:09:56,ジョン,ママ？
2022-03-15 20:10:02,RYO,深層組と親和性の高そうな歌
2022-03-15 20:10:09,夕夜yuuya,こんだう
2022-03-15 20:10:13,ウルトラアル中マン,おかあさん・・・・
2022-03-15 20:10:16,アイランド,ママ！
2022-03-15 20:10:16,じんけうろ,泣かしに来てる・・・
2022-03-15 20:10:17,櫻咲,ママーーー！！
2022-03-15 20:10:18,冥土,ママ！
2022-03-15 20:10:20,ジョン,ママ…
2022-03-15 20:10:21,エビがエビフライ,癒される
2022-03-15 20:10:26,ぅなご,こんだう
2022-03-15 20:10:29,完全剛体リジッド,赤子…
2022-03-15 20:10:43,眉毛まる (on the lily　MCつよちゃん),こんだうー
2022-03-15 20:10:53,眉毛まる (on the lily　MCつよちゃん),かわいい
2022-03-15 20:10:53,ドンブリ感情,ママ繋がりでボヘミアン・ラプソディお願いします
2022-03-15 20:10:59,名無し,かわいい
2022-03-15 20:11:12,いっち,:loudly_crying_face::loudly_crying_face::loudly_crying_face::loudly_crying_face:
2022-03-15 20:11:16,罪歌,今北こんだう　懐かしい
2022-03-15 20:11:29,夕夜yuuya,生きねば
2022-03-15 20:11:40,TT gedo,生きるか
2022-03-15 20:11:52,じんすけ,バブちゃんのボヘミアンラプソディー…　
2022-03-15 20:11:53,エーニャ,生きる
2022-03-15 20:11:57,完全剛体リジッド,母さんより長生きしようと思いました
2022-03-15 20:12:03,Alex,；ω；
2022-03-15 20:12:07,TT gedo,貯金0円(ウソ）でも生きていく気になってきたわ
2022-03-15 20:12:13,プルート／komihs,バブちゃん今日は喉の調子良さそう
2022-03-15 20:12:25,ウルトラアル中マン,ボヘミアンラプソディー歌う赤子想像したら草
2022-03-15 20:12:28,Sally Sally,ママァー:double_exclamation_mark:
2022-03-15 20:12:29,櫻咲,:clapping_hands::clapping_hands::clapping_hands::clapping_hands::clapping_hands:
2022-03-15 20:12:33,かわいいべるちゃん,ばぶのバラードええな
2022-03-15 20:12:38,エーニャ,:clapping_hands::clapping_hands::clapping_hands::clapping_hands::clapping_hands::clapping_hands::clapping_hands:
2022-03-15 20:12:40,動画保管庫,:clapping_hands::clapping_hands:
2022-03-15 20:12:41,カナガタ_セッサク中,:clapping_hands::clapping_hands::clapping_hands::shooting_star::sunrise:
2022-03-15 20:12:41,ウルトラアル中マン,８８８８８８
2022-03-15 20:12:42,てぃろ,:clapping_hands::clapping_hands::clapping_hands::clapping_hands::clapping_hands:
2022-03-15 20:12:42,銀次,88888
2022-03-15 20:12:43,TT gedo,:clapping_hands:
2022-03-15 20:12:45,たぬ,ママぁ
2022-03-15 20:12:45,フェレお(フィニッシュ!),UFOのロングバージョンも歌ってほしい、せっかくショート聞けたから！
2022-03-15 20:12:46,タンドリー,:clapping_hands::clapping_hands:
2022-03-15 20:12:47,なー＊,:clapping_hands::clapping_hands::clapping_hands::clapping_hands::clapping_hands::clapping_hands::clapping_hands:
2022-03-15 20:12:48,ほあでりあ,８８８８８８８８
2022-03-15 20:12:48,桂かすが,:clapping_hands::clapping_hands::clapping_hands::clapping_hands::clapping_hands::clapping_hands:
2022-03-15 20:12:49,じんすけ,ママーー　ふぅうぅぅーー
2022-03-15 20:12:49,MOKKA,なんていい曲なんだ…………
2022-03-15 20:12:49,動画保管庫,ﾏﾏｧｧ～～～ｳｩｩｩｳｳｳ！！
2022-03-15 20:12:50,かわいいべるちゃん,:clapping_hands::clapping_hands::clapping_hands::clapping_hands::clapping_hands:
2022-03-15 20:12:51,TT gedo,誰がママや
2022-03-15 20:12:52,冥土,:clapping_hands::clapping_hands::clapping_hands::clapping_hands::clapping_hands::clapping_hands:
2022-03-15 20:12:53,いっち,:clapping_hands::clapping_hands::clapping_hands::clapping_hands::clapping_hands::clapping_hands::clapping_hands:
2022-03-15 20:12:55,月代八朔(はっさく),:clapping_hands::clapping_hands::clapping_hands::clapping_hands::clapping_hands:
2022-03-15 20:12:56,名無し,:clapping_hands::clapping_hands::clapping_hands::clapping_hands::clapping_hands::clapping_hands:
2022-03-15 20:12:59,エビがエビフライ,:clapping_hands::clapping_hands::clapping_hands::clapping_hands:
2022-03-15 20:13:01,352万の男　※カウントダウン11,:clapping_hands::clapping_hands::clapping_hands::clapping_hands::clapping_hands::clapping_hands::clapping_hands::clapping_hands::clapping_hands:
2022-03-15 20:13:02,ささき。,:clapping_hands::clapping_hands::clapping_hands::clapping_hands::clapping_hands:
2022-03-15 20:13:05,ウルトラアル中マン,UFOロングいいね
2022-03-15 20:13:06,フェレお(フィニッシュ!),:clapping_hands::clapping_hands::clapping_hands::clapping_hands:
2022-03-15 20:13:06,じんすけ,:clapping_hands::clapping_hands::clapping_hands::clapping_hands:
2022-03-15 20:13:06,エビがエビフライ,ママ！
2022-03-15 20:13:08,よしを,:clapping_hands::clapping_hands::clapping_hands::clapping_hands::clapping_hands:
2022-03-15 20:13:08,デクロボ,:clapping_hands::clapping_hands::clapping_hands::clapping_hands:
2022-03-15 20:13:15,太田幼女,ﾏﾏｰｰｰｰ
2022-03-15 20:13:19,かわいいべるちゃん,バブにご飯作りてぇなぁ
2022-03-15 20:13:31,動画保管庫,草
2022-03-15 20:13:32,昼酒,:clapping_hands::clapping_hands::clapping_hands::clapping_hands::clapping_hands::clapping_hands:
2022-03-15 20:13:38,フェレお(フィニッシュ!),バブちゃんの方が俺より料理うまいからなぁ
2022-03-15 20:13:50,眉毛まる (on the lily　MCつよちゃん),:clapping_hands::clapping_hands::clapping_hands::clapping_hands:
2022-03-15 20:13:52,じんけうろ,ほう！
2022-03-15 20:13:54,フェレお(フィニッシュ!),UFOのロングバージョン聴きたーい！
2022-03-15 20:13:58,ウルトラアル中マン,電波ソングめちゃ似合うやつじゃん赤子
2022-03-15 20:14:03,じんすけ,ほう…
2022-03-15 20:14:03,太田幼女,電波ソング聞きたい！
2022-03-15 20:14:06,ほあでりあ,深層組としての曲欲しいね
2022-03-15 20:14:07,銀次,いいねぇ
2022-03-15 20:14:07,たんいモルモット,オリ曲聞きたいな
2022-03-15 20:14:08,はらだいこ,深層ソングいいね
2022-03-15 20:14:18,テラニコフ,おぎゃり声×電波ソング
2022-03-15 20:14:19,Sally Sally,深層組オリジナル電波ソングええな
2022-03-15 20:14:19,じんすけ,IOSYSとか？
2022-03-15 20:14:21,完全剛体リジッド,電波ソング良いですねぇ
2022-03-15 20:14:21,よしを,深層組曲いいね
2022-03-15 20:14:23,櫻咲,電波みるく聴きたいな
2022-03-15 20:14:37,冥土,洗脳搾取虎の巻！
2022-03-15 20:14:40,slyness,グル曲はMARETUとかMISUMIみたいなダークな人に作って欲しいね
2022-03-15 20:14:43,ダイム鞄,聞きたい！
2022-03-15 20:14:48,ドンブリ感情,yunomiに作らせよう
2022-03-15 20:14:53,夕夜yuuya,足技
2022-03-15 20:14:56,フェレお(フィニッシュ!),電波ソングか、パッと出てこないなあ
2022-03-15 20:14:57,ウルトラアル中マン,電波娘のOPとか？
2022-03-15 20:14:59,もさぎ。,MOSAIC.WAV
2022-03-15 20:15:04,ダイム鞄,KOTOKO
2022-03-15 20:15:12,enonco,あたしの脚技みさらせやー
2022-03-15 20:15:16,ゆきふりうさぎ,青春～禁止～★
2022-03-15 20:15:16,たぬ,ぴぴるぴるぴるぴぴるぴー
2022-03-15 20:15:21,フェレお(フィニッシュ!),「迷い道」とか？
2022-03-15 20:15:42,ダイム鞄,どくろちゃん
2022-03-15 20:15:46,ウルトラアル中マン,撲殺天使ちゃん今でも歌われてるのスゲエよな
2022-03-15 20:15:47,エビがエビフライ,「ハム太郎とっとこうた」聴きたい
2022-03-15 20:15:49,ラスカル山田,どくろちゃんはありそう
2022-03-15 20:15:49,じんすけ,ドクロちゃん！！
2022-03-15 20:15:54,フェレお(フィニッシュ!),なつかしぃ！！！
2022-03-15 20:15:57,櫻咲,撲殺赤子みるくちゃん
2022-03-15 20:16:01,エビがエビフライ,お
2022-03-15 20:16:02,昼酒,ドクロちゃん！
2022-03-15 20:16:05,はらだいこ,ぴぴるぷるぷるぴー
2022-03-15 20:16:06,銀次,いいねぇw
2022-03-15 20:16:06,動画保管庫,合うｗｗ
2022-03-15 20:16:06,夕夜yuuya,似合いすぎぃ
2022-03-15 20:16:08,完全剛体リジッド,エスカリボルグ～
2022-03-15 20:16:10,微糖,なっつい
2022-03-15 20:16:10,名無し,かわいいw
2022-03-15 20:16:11,なー＊,かわいいｗｗ
2022-03-15 20:16:12,MOKKA,これ大好き！
2022-03-15 20:16:13,ウルトラアル中マン,ラノベ、読んでたなあドクロちゃん…
2022-03-15 20:16:19,はらだいこ,なつい!
2022-03-15 20:16:20,眉毛まる (on the lily　MCつよちゃん),いいわね:red_heart:
2022-03-15 20:16:25,たぬ,愛なら仕方ないね！
2022-03-15 20:16:28,フェレお(フィニッシュ!),コンギョの元ネタになった歌だ！
2022-03-15 20:16:32,エビがエビフライ,かわいい
2022-03-15 20:16:32,じんすけ,ぼくさつてんしー
2022-03-15 20:16:33,TT gedo,懐かしいな
2022-03-15 20:16:34,テラニコフ,かわいい！、
2022-03-15 20:16:41,完全剛体リジッド,木工ボンド部ｗ
2022-03-15 20:16:42,よしを,ぴぴるぴー
2022-03-15 20:16:45,ひろ-,かわいぃ
2022-03-15 20:16:46,たぬ,愛なら仕方ない！
2022-03-15 20:16:49,foxですよ,アイナの
2022-03-15 20:16:52,もさぎ。,愛じゃ仕方ないな
2022-03-15 20:16:53,ウルトラアル中マン,コンギョの元ネタくさ
2022-03-15 20:16:55,微糖,愛なら仕方ない
2022-03-15 20:17:00,ヒノモトきょう,愛なら仕方ないか
2022-03-15 20:17:02,Sally Sally,みるくちゃーん
2022-03-15 20:17:02,ドンブリ感情,合うな〜
2022-03-15 20:17:03,DuxRyK 【デューク】,かわいい
2022-03-15 20:17:16,じんすけ,:smiling_face_with_halo::smiling_face_with_halo::smiling_face_with_halo::smiling_face_with_halo::smiling_face_with_halo:
2022-03-15 20:17:35,LOGE,こんだうううううううう
2022-03-15 20:17:37,ダイム鞄,これ懐かしいのガチでおじさん、ワイのことですが
2022-03-15 20:17:42,よしを,:baby_bottle::baby_angel::baby_bottle::baby_angel::baby_bottle::baby_angel::baby_bottle::baby_angel::baby_bottle::baby_angel:
2022-03-15 20:17:43,眉毛まる (on the lily　MCつよちゃん),かわいいいいい
2022-03-15 20:17:44,完全剛体リジッド,可愛いですねぇ！
2022-03-15 20:17:45,櫻咲,みるくちゃんのエスカリボルグで昇天したい
2022-03-15 20:17:50,Sally Sally,どくどくみるくちゃん！
2022-03-15 20:17:50,じんすけ,ワイも
2022-03-15 20:17:55,タンドリー,ﾋｴｯ
2022-03-15 20:17:58,LOGE,赤ちゃんには刺激の強いお歌！
2022-03-15 20:18:00,foxですよ,未知のエリア
2022-03-15 20:18:05,ウルトラアル中マン,間奏のギター超カッコいいじゃん
2022-03-15 20:18:15,たぬ,エスカリボルグで刺されるのも良いね！
2022-03-15 20:18:15,フェレお(フィニッシュ!),どくどくみるくちゃんは何か卑猥w
2022-03-15 20:18:28,ひろ-,展開がかっけぇ
2022-03-15 20:18:29,うん、小判,無駄にカッケェ
2022-03-15 20:18:50,C Y,:skull::baby_bottle::musical_notes::skull::baby_bottle::musical_notes::skull::baby_bottle::musical_notes:
2022-03-15 20:18:52,ウルトラアル中マン,ギトギトしてるのは俺の頭皮なんだよなあ…
2022-03-15 20:19:02,櫻咲,血祭りﾄﾞﾝﾄﾞｺﾄﾞﾝﾄﾞｺﾄﾞﾝﾄﾞｺﾄﾞﾝﾄﾞｺ
2022-03-15 20:19:17,フェレお(フィニッシュ!),オタク文化の黎明期のアニメ
2022-03-15 20:19:19,微糖,ばぶちゃんに絶妙に合ってる
2022-03-15 20:19:25,ドンブリ感情,歌みた出してや〜
2022-03-15 20:19:30,たぬ,僕の愛なのぉぉ
2022-03-15 20:19:35,はらだいこ,お歌上手!
2022-03-15 20:19:35,よしを,おっさん歓喜うたわく
2022-03-15 20:19:35,ウルトラアル中マン,８８８８８８８
2022-03-15 20:19:36,櫻咲,:clapping_hands::clapping_hands::clapping_hands::clapping_hands::clapping_hands:
2022-03-15 20:19:36,太田幼女,にあっててかわいい！
2022-03-15 20:19:37,たぬ,これ良い！！
2022-03-15 20:19:40,エビがエビフライ,:clapping_hands::clapping_hands::clapping_hands::clapping_hands::clapping_hands::clapping_hands:
2022-03-15 20:19:40,TT gedo,ぴぴったわ
2022-03-15 20:19:41,銀次,88888
2022-03-15 20:19:43,なー＊,:clapping_hands::clapping_hands::clapping_hands::clapping_hands::clapping_hands:
2022-03-15 20:19:43,じんすけ,:smiling_face_with_halo::smiling_face_with_halo::smiling_face_with_halo::smiling_face_with_halo:
2022-03-15 20:19:43,MOKKA,:clapping_hands::clapping_hands::clapping_hands::clapping_hands::clapping_hands::clapping_hands::clapping_hands:
2022-03-15 20:19:43,冥土,:clapping_hands::clapping_hands::clapping_hands::clapping_hands::clapping_hands::clapping_hands:
2022-03-15 20:19:45,微糖,:clapping_hands::clapping_hands::clapping_hands::clapping_hands::clapping_hands::clapping_hands:
2022-03-15 20:19:48,うーあー,:clapping_hands::clapping_hands::clapping_hands::clapping_hands::clapping_hands::clapping_hands::clapping_hands:
2022-03-15 20:19:48,352万の男　※カウントダウン11,:clapping_hands::clapping_hands::clapping_hands::clapping_hands::clapping_hands::clapping_hands::clapping_hands::clapping_hands:
2022-03-15 20:19:48,フェレお(フィニッシュ!),似合ってる！
2022-03-15 20:19:49,アイランド,:clapping_hands::clapping_hands::clapping_hands::clapping_hands::clapping_hands::clapping_hands:
2022-03-15 20:19:53,あろと,かわい〜:clapping_hands::clapping_hands::clapping_hands::clapping_hands::clapping_hands::clapping_hands:
2022-03-15 20:19:55,よしを,:clapping_hands::clapping_hands::clapping_hands::clapping_hands::clapping_hands:
2022-03-15 20:19:57,foxですよ,もったいない
2022-03-15 20:19:57,Sally Sally,右手でボカボカ左手でボカボカ
2022-03-15 20:20:00,テラニコフ,:clapping_hands::clapping_hands::clapping_hands:
2022-03-15 20:20:03,Яosetta,:clapping_hands::clapping_hands::clapping_hands::clapping_hands::clapping_hands::clapping_hands:
2022-03-15 20:20:04,ダイム鞄,UNDER17とか聴いてた頃思い出した
2022-03-15 20:20:05,はらだいこ,マジか
2022-03-15 20:20:07,櫻咲,†昇天†
2022-03-15 20:20:08,ウルトラアル中マン,Skypeとかいう古のツール
2022-03-15 20:20:12,完全剛体リジッド,おススメです
2022-03-15 20:20:13,はらだいこ,同時視聴したい
2022-03-15 20:20:21,夕夜yuuya,Dアニメストア
2022-03-15 20:21:08,TT gedo,ドクロちゃんそんなないんだｗ
2022-03-15 20:21:12,foxですよ,Dアニか
2022-03-15 20:21:13,フェレお(フィニッシュ!),ツタヤとかにもそろそろ無さそう
2022-03-15 20:21:13,ほあでりあ,dアニメならあるのかな
2022-03-15 20:21:15,じんすけ,了解です:grinning_face_with_big_eyes:
2022-03-15 20:21:18,名無し,dアニとかはありそう
2022-03-15 20:21:23,にんげん,経費でご飯食べたらいいのでは
2022-03-15 20:21:24,ビーダマン,経費最強！
2022-03-15 20:21:26,じんすけ,これおれやｗ
2022-03-15 20:21:30,アレンクス,ミルワームは？
2022-03-15 20:21:35,MOKKA,大魔法峠もついでに
2022-03-15 20:21:36,フェレお(フィニッシュ!),カエルっておいしいと聞いたけど、ゲテモノなんだ
2022-03-15 20:21:36,銀次,Dアニか
2022-03-15 20:21:38,TT gedo,Dアニならありそう
2022-03-15 20:21:39,ひろ-,カエル美味しかった？？？
2022-03-15 20:21:39,ウルトラアル中マン,カエル肉トリっぽい訊くけどどうなん？
2022-03-15 20:21:49,TT gedo,経費で落ちるの激辛とかだろうからやめとこ
2022-03-15 20:21:50,エビがエビフライ,草
2022-03-15 20:21:51,ダイム鞄,カエルはうまい
2022-03-15 20:21:51,よしを,カエルはふつうにうまい
2022-03-15 20:21:57,完全剛体リジッド,ほぉ～田鶏ですか
2022-03-15 20:22:01,銀次,カエルは美味しい
2022-03-15 20:22:06,ヒノモトきょう,気ままにYouTubeで
2022-03-15 20:22:09,動画保管庫,草
2022-03-15 20:22:10,TT gedo,かわいいｗ
2022-03-15 20:22:10,とりのそぼろ,草
2022-03-15 20:22:11,ウルトラアル中マン,鳥肉っぽいんやな
2022-03-15 20:22:13,ビーダマン,草
2022-03-15 20:22:13,ひろ-,ｗｗｗ
2022-03-15 20:22:14,MOKKA,草
2022-03-15 20:22:14,テラニコフ,草
2022-03-15 20:22:15,太田幼女,ｗｗｗ
2022-03-15 20:22:15,うーあー,かわいい…
2022-03-15 20:22:15,じんすけ,カエルうまいらしいね
2022-03-15 20:22:16,フェレお(フィニッシュ!),姿そのまんまで出てきたのかww
2022-03-15 20:22:17,ほあでりあ,表現草
2022-03-15 20:22:17,完全剛体リジッド,おててｗ
2022-03-15 20:22:18,冥土,わかりやすいw
2022-03-15 20:22:18,ウルトラアル中マン,バ　ブ　ざ　ん　ま　い
2022-03-15 20:22:22,えあ,見た目エグくね
2022-03-15 20:22:22,うん、小判,草
2022-03-15 20:22:22,銀次,そうだねw
2022-03-15 20:22:25,C Y,草
2022-03-15 20:22:28,じんすけ,草
2022-03-15 20:22:35,よしを,まんまかw
2022-03-15 20:22:40,フェレお(フィニッシュ!),バブちゃんのシルエットがカエルに見えてきたw
2022-03-15 20:22:42,Sally Sally,唐揚げ見ながらカエル食えばええんか
2022-03-15 20:22:49,たぬ,お人形じゃないの
2022-03-15 20:22:54,はらだいこ,姿揚げ
2022-03-15 20:23:01,プルート／komihs,dアニ確認してきたけど撲殺天使2クール目まであった
2022-03-15 20:23:03,たぬ,草
2022-03-15 20:23:08,フェレお(フィニッシュ!),ごめんね！
2022-03-15 20:23:11,じんすけ,ふむ、、、
2022-03-15 20:23:25,櫻咲,ぽぽちゃん・・・？
2022-03-15 20:23:28,じんけうろ,悩む
2022-03-15 20:23:35,MOKKA,ラジコンにぽぽちゃん括り付けて走らせよう
2022-03-15 20:23:38,ダイム鞄,ゴスロリ
2022-03-15 20:23:39,佐和山之妖狐,バブちゃんのお洋服案、オムツでよくない？
2022-03-15 20:24:02,冥土,草
2022-03-15 20:24:05,名無し,臭
2022-03-15 20:24:06,微糖,なるほど
2022-03-15 20:24:07,銀次,草
2022-03-15 20:24:08,コイン表裏,www
2022-03-15 20:24:09,櫻咲,健康的でいいね
2022-03-15 20:24:15,うーあー,草
2022-03-15 20:24:15,なー＊,ｗｗｗ
2022-03-15 20:24:16,動画保管庫,ラジコンポポちゃん妖怪なんよ
2022-03-15 20:24:19,フェレお(フィニッシュ!),ラジコンに括り付けるのは草ww
2022-03-15 20:24:20,ウルトラアル中マン,戦車のラジコンもあるしな
2022-03-15 20:24:21,ラスカル山田,ｗｗｗ
2022-03-15 20:24:21,うん、小判,草
2022-03-15 20:24:25,じんけうろ,地獄w
2022-03-15 20:24:26,よしを,ふわっとは分かるのかw
2022-03-15 20:24:35,じんすけ,ぽぽちゃんこえーヨｗ
2022-03-15 20:24:41,Sally Sally,草
2022-03-15 20:24:50,冥土,超美麗のショート動画怖かったw
2022-03-15 20:24:50,ドンブリ感情,それいいな
2022-03-15 20:24:53,かわいいべるちゃん,ばぶがええにゃ
2022-03-15 20:24:54,たぬ,モニター置いてあるんじゃないの
2022-03-15 20:24:54,foxですよ,このままでOK
2022-03-15 20:24:56,にんげん,ガチでやばいやつだな
2022-03-15 20:25:00,ほあでりあ,草
2022-03-15 20:25:01,銀次,なんか怖いw
2022-03-15 20:25:02,櫻咲,部屋開けて超美麗おったらこわい
2022-03-15 20:25:03,じんすけ,ｗｗｗ
2022-03-15 20:25:07,TT gedo,どっちやろな？基本的にはバブちゃんの方が良いとは思うけど
2022-03-15 20:25:07,サクラギカズマ,超美麗がいいな
2022-03-15 20:25:07,Sally Sally,ええやん
2022-03-15 20:25:09,コイン表裏,ホラーで草
2022-03-15 20:25:10,エビがエビフライ,このままでｗｗｗ
2022-03-15 20:25:14,ほあでりあ,ほぼトイストーリーの世界観
2022-03-15 20:25:15,たぬ,こわいわww
2022-03-15 20:25:15,微糖,BAB MAX
2022-03-15 20:25:17,じんすけ,ひぃぃぃ
2022-03-15 20:25:17,ウルトラアル中マン,チャッキーかな？
2022-03-15 20:25:23,TT gedo,ホラー仕込むじゃん
2022-03-15 20:25:23,C Y,モニター砂嵐にしよう
2022-03-15 20:25:25,いっち,夜道で見たらちびる
2022-03-15 20:25:27,じんけうろ,おぎゃり隊ですら椅子から落ちるw
2022-03-15 20:25:29,ドンブリ感情,トーマス魔改造してるユーチューバーに作らせよう
2022-03-15 20:25:31,動画保管庫,1分間耐えられないニキおりそう
2022-03-15 20:25:33,フェレお(フィニッシュ!),何が起こるか分からんのも面白そうだね、深層祭
2022-03-15 20:25:36,テラニコフ,デスゲームの序盤かな？
2022-03-15 20:25:37,微糖,おぎゃりのデスロード
2022-03-15 20:25:38,TT gedo,ああ、あのポポちゃんねw
2022-03-15 20:25:39,櫻咲,おぎゃり隊「ママーーーー；；」
2022-03-15 20:25:48,Sally Sally,気に入らない場合は戦車の空砲鳴らしてもらって
2022-03-15 20:26:02,TT gedo,のらーらのアレ勉強になったな
2022-03-15 20:26:16,佐和山之妖狐,バブちゃんの超美麗見たら本当に赤ちゃんだと思ってる人の幻想崩れちゃうから…
2022-03-15 20:26:16,foxですよ,今なんでもって？
2022-03-15 20:26:29,たぬ,ママの練習しとけば大丈夫や
2022-03-15 20:27:07,冥土,草
2022-03-15 20:27:07,foxですよ,草
2022-03-15 20:27:07,櫻咲,クソワロタ
2022-03-15 20:27:10,フェレお(フィニッシュ!),出会って2秒で即オギャ
2022-03-15 20:27:10,たんいモルモット,草
2022-03-15 20:27:13,とりのそぼろ,怖すぎｗｗ
2022-03-15 20:27:13,動画保管庫,草
2022-03-15 20:27:14,サブノック,うーん草
2022-03-15 20:27:15,ほあでりあ,ええ・・・
2022-03-15 20:27:15,そそ,草
2022-03-15 20:27:16,銀次,いいのかw
2022-03-15 20:27:20,タンドリー,期待されてるぞ
2022-03-15 20:27:23,微糖,やる人はやりそう
2022-03-15 20:27:24,フェレお(フィニッシュ!),一声ないと止められるw
2022-03-15 20:27:24,コイン表裏,怖いwww
2022-03-15 20:27:25,ひろ-,ばぶちゃんのラインは寛容なんよ・・・
2022-03-15 20:27:26,Sally Sally,地獄の開演
2022-03-15 20:27:26,昼酒,草
2022-03-15 20:27:27,テラニコフ,ユニバーサル大回転していいの！？
2022-03-15 20:27:28,プルート／komihs,限界すぎるw
2022-03-15 20:27:29,よしを,ひぇ
2022-03-15 20:27:31,冥土,社会的に死にそうw
2022-03-15 20:27:31,完全剛体リジッド,地獄やで…
2022-03-15 20:27:34,foxですよ,セバス「ん～これはおぎゃりですね」
2022-03-15 20:27:37,佐和山之妖狐,何してもいいなら絶対にボロンする奴出るぞ
2022-03-15 20:27:38,動画保管庫,おぎゃってもいいですかってセバスさんにきくのかｗｗ
2022-03-15 20:27:43,じんけうろ,中々ハード・・・
2022-03-15 20:27:52,櫻咲,もう何人かやることになっちゃったから他の考えないと
2022-03-15 20:27:53,微糖,セバス「まあ、いいか」
2022-03-15 20:28:04,foxですよ,事務所つれてかれちゃう
2022-03-15 20:28:10,ウルトラアル中マン,イベントでは皆紳士でいような
2022-03-15 20:28:14,フェレお(フィニッシュ!),セバスにも会いたいなぁ
2022-03-15 20:28:16,コイン表裏,はい連行
2022-03-15 20:28:19,Sally Sally,授乳の為のボロンも駄目ですよー
2022-03-15 20:28:20,たぬ,リスナーは手錠して入場しよう
2022-03-15 20:28:24,TT gedo,写経はチラシの裏でやりな
2022-03-15 20:28:25,いっち,おぎゃり隊精鋭部隊
2022-03-15 20:28:28,名無し,逆にセバスに叩かれたいニキは出せばいいってことかな
2022-03-15 20:28:31,完全剛体リジッド,色即是空！
2022-03-15 20:28:39,エビがエビフライ,例のshortは見た時ガチでびびった
2022-03-15 20:28:52,ウルトラアル中マン,セバスの話しは普通にビジネス参考に出来そう
2022-03-15 20:29:08,フェレお(フィニッシュ!),セバスに聞かなきゃならんのキッツw
2022-03-15 20:29:18,foxですよ,みんなでおぎゃれば怖くない
2022-03-15 20:29:19,C Y,緊張しすぎておぎゃりそう
2022-03-15 20:29:22,たぬ,セバスチャン、真顔でそれ見そう。恥ずかしいやろ
2022-03-15 20:29:30,MOKKA,セバス「ヮ…！」
2022-03-15 20:29:43,たぬ,これ呪いか？？
2022-03-15 20:30:06,ウルトラアル中マン,気圧のせいかな？
2022-03-15 20:30:07,foxですよ,霊障かな？
2022-03-15 20:30:13,ひろ-,ふりがな振ってくれてるの優しい
2022-03-15 20:30:18,ドンブリ感情,最初の歌みたは般若心経って非公式ウィキにかいておこう
2022-03-15 20:30:19,完全剛体リジッド,最後のフレーズ3回繰り返すんだよね
2022-03-15 20:30:22,デビッ,ふりがなやさしい
2022-03-15 20:30:23,slyness,ちょっと前のオタクは般若心経歌える
2022-03-15 20:30:24,エビがエビフライ,ん？
2022-03-15 20:30:27,ほあでりあ,普通にすごい
2022-03-15 20:30:34,じんすけ,おれバブちゃん乱したのお経配信からだわ
2022-03-15 20:30:36,フェレお(フィニッシュ!),このマシュマロ作るの大変だったろうなあ
2022-03-15 20:30:36,MOKKA,よみやすい
2022-03-15 20:30:47,なー＊,浄化される
2022-03-15 20:30:47,たぬ,ファンレターにそれ書かれそう
2022-03-15 20:31:06,foxですよ,アゴをかくかくしても治らん？
2022-03-15 20:31:14,ウルトラアル中マン,耳抜きって知ってる？
2022-03-15 20:31:26,よしを,空気が入ってる感じのやつか
2022-03-15 20:31:34,cafe太郎,こんだう
2022-03-15 20:31:57,ミュラー,飛行機のやつね
2022-03-15 20:32:08,foxですよ,マッサージしてみるとか
2022-03-15 20:32:14,ウルトラアル中マン,耳の中で水溜まってるとかあるかも？
2022-03-15 20:32:25,Sally Sally,色即是空
2022-03-15 20:32:27,かきかき,中耳炎？
2022-03-15 20:32:31,K Ken,こんだう〜
2022-03-15 20:32:32,ほあでりあ,:unicorn:安心だ・・・！
2022-03-15 20:32:33,フェレお(フィニッシュ!),鼻の奥を閉じてるとそうなる、口呼吸沢山してみると治る時あるよー
2022-03-15 20:32:36,たぬ,そうなんだ
2022-03-15 20:32:37,プルート／komihs,耳塞いだ状態で唾飲むとかやると治ったり治らんかったりしてた
2022-03-15 20:32:52,たぬ,深層メンバー飲む人少なさそう
2022-03-15 20:32:55,ミュラー,ばぶちゃん赤ちゃんなのに成人してるん
2022-03-15 20:32:57,ヒノモトきょう,カシオレ飲まされまくって誘拐されそう
2022-03-15 20:33:04,たぬ,ミントの匂いがした
2022-03-15 20:33:08,コイン表裏,深呼吸配信
2022-03-15 20:33:09,Sally Sally,右耳だけ冥界に繋がった？
2022-03-15 20:33:12,フェレお(フィニッシュ!),なおらんかぁ
2022-03-15 20:33:30,ひろ-,仲良い人とお酒飲むのは楽しい
2022-03-15 20:33:36,思想,鼻つまんで強めに鼻息吸ったり吐いたりしたら治るぞ
2022-03-15 20:33:37,冥土,鼻つまんで口閉じて息吐いたら？
2022-03-15 20:33:39,ウルトラアル中マン,不思議な症状やなあ
2022-03-15 20:33:50,ゆきふりうさぎ,音楽の時間それになるのいやだった
2022-03-15 20:33:56,フェレお(フィニッシュ!),水分不足とかかなぁ？
2022-03-15 20:33:56,完全剛体リジッド,しゃくりの治し方で治るのかな
2022-03-15 20:34:08,櫻咲,コーラのんでればおけ
2022-03-15 20:34:18,よしを,母乳品評会
2022-03-15 20:34:26,ほあでりあ,オレンジジュースとか飲んどくべ
2022-03-15 20:34:31,サブノック,途中からジンジャーエール飲んでる
2022-03-15 20:34:43,なー＊,わーい
2022-03-15 20:35:05,ぷらずまわい子,耳鼻科行ってもろて
2022-03-15 20:35:05,cafe太郎,体質で良くなるからしょうがない
2022-03-15 20:35:34,ウルトラアル中マン,かわいい…♡
2022-03-15 20:35:36,たぬ,デート行くぅぅ
2022-03-15 20:35:36,cafe太郎,耳抜きが苦手な体質なんよ
2022-03-15 20:35:40,Sally Sally,うおおおおおおお
2022-03-15 20:35:41,エビがエビフライ,好き
2022-03-15 20:35:46,じんすけ,きゃわわ
2022-03-15 20:35:48,C Y,かわいい
2022-03-15 20:35:59,ドンブリ感情,選曲がいいなー
2022-03-15 20:36:00,うん、小判,かわいい
2022-03-15 20:36:00,プルート／komihs,良い曲だ
2022-03-15 20:36:05,冥土,かわいい
2022-03-15 20:36:11,櫻咲,:musical_notes::baby_bottle::musical_note::musical_notes::baby_bottle::musical_note:
2022-03-15 20:36:18,なー＊,かわいい！
2022-03-15 20:36:24,ウルトラアル中マン,龍角散たすかる
2022-03-15 20:36:57,じんすけ,:baby_bottle::baby_bottle::baby_bottle:
2022-03-15 20:37:07,たんいモルモット,:baby_bottle:♬:baby_bottle:♬:baby_bottle:♬
2022-03-15 20:37:17,コイン表裏,寝起きで良い曲助かる
2022-03-15 20:37:36,K Ken,:baby_bottle::baby_bottle::baby_bottle:
2022-03-15 20:37:40,ウルトラアル中マン,:yellow_heart::baby_bottle::baby::baby_bottle::yellow_heart:
2022-03-15 20:37:47,エビがエビフライ,:baby_bottle::musical_notes::baby_bottle::musical_notes:
2022-03-15 20:38:06,眉毛まる (on the lily　MCつよちゃん),エモかわいい
2022-03-15 20:38:08,じんすけ,ハスキーな声いいね
2022-03-15 20:38:18,たぬ,良き良き
2022-03-15 20:38:21,銀次,:baby_bottle::musical_notes::baby_bottle::musical_notes::baby_bottle::musical_notes:
2022-03-15 20:38:29,cafe太郎,曲に似合っとるな
2022-03-15 20:38:35,てぃろ,:sparkles::microphone::baby::baby_bottle::sparkles:
2022-03-15 20:38:37,ダイム鞄,透明感があって”良い”
2022-03-15 20:38:38,Sally Sally,:baby_bottle::baby_bottle::baby_bottle::baby_bottle::baby_bottle::baby_bottle::baby_bottle::baby_bottle:
2022-03-15 20:38:41,Alex,:clapping_hands::clapping_hands::clapping_hands::clapping_hands::clapping_hands::clapping_hands::clapping_hands::clapping_hands::clapping_hands::clapping_hands:
2022-03-15 20:38:42,たんいモルモット,:clapping_hands::clapping_hands::clapping_hands::clapping_hands::clapping_hands:
2022-03-15 20:38:43,ウルトラアル中マン,８８８８８８８８
2022-03-15 20:38:43,櫻咲,:clapping_hands::clapping_hands::clapping_hands::clapping_hands::clapping_hands:
2022-03-15 20:38:44,てぃろ,:clapping_hands::clapping_hands::clapping_hands::clapping_hands::clapping_hands:
2022-03-15 20:38:46,コイン表裏,:clapping_hands::clapping_hands::clapping_hands::clapping_hands:
2022-03-15 20:38:48,銀次,88888
2022-03-15 20:38:48,冥土,:clapping_hands::clapping_hands::clapping_hands::clapping_hands::clapping_hands:
2022-03-15 20:38:50,なー＊,:clapping_hands::clapping_hands::clapping_hands::clapping_hands::clapping_hands::clapping_hands::clapping_hands:
2022-03-15 20:38:53,C Y,:clapping_hands::clapping_hands::clapping_hands::clapping_hands::clapping_hands:
2022-03-15 20:38:54,冷やっこ,:clapping_hands::clapping_hands::clapping_hands::clapping_hands:
2022-03-15 20:38:56,ほあでりあ,８８８８８８８８８
2022-03-15 20:38:57,いっち,:clapping_hands::clapping_hands::clapping_hands::clapping_hands::clapping_hands::clapping_hands::clapping_hands::clapping_hands:
2022-03-15 20:38:57,名無し,:clapping_hands::clapping_hands::clapping_hands:
2022-03-15 20:38:59,エビがエビフライ,:clapping_hands::clapping_hands::clapping_hands::clapping_hands::clapping_hands:
2022-03-15 20:38:59,よしを,:baby_bottle::clapping_hands::baby_bottle::clapping_hands::baby_bottle::clapping_hands::baby_bottle::clapping_hands::baby_bottle::clapping_hands:
2022-03-15 20:39:00,じんすけ,
2022-03-15 20:39:01,ひろ-,:clapping_hands::clapping_hands::clapping_hands::clapping_hands::clapping_hands::clapping_hands::clapping_hands::clapping_hands:
2022-03-15 20:39:03,ふじず,:clapping_hands::clapping_hands::clapping_hands::clapping_hands:
2022-03-15 20:39:13,動画保管庫,どしたｗｗｗ
2022-03-15 20:39:13,完全剛体リジッド,:clapping_hands::clapping_hands::clapping_hands:
2022-03-15 20:39:16,じんすけ,！？
2022-03-15 20:39:16,ウルトラアル中マン,ハプニング赤子
2022-03-15 20:39:16,エビがエビフライ,草
2022-03-15 20:39:20,K Ken,:clapping_hands::clapping_hands::clapping_hands::clapping_hands:
2022-03-15 20:39:20,たぬ,草
2022-03-15 20:39:21,冥土,草
2022-03-15 20:39:22,なー＊,とんでったｗｗｗ
2022-03-15 20:39:27,眉毛まる (on the lily　MCつよちゃん),草
2022-03-15 20:39:28,コイン表裏,！？
2022-03-15 20:39:28,Sally Sally,
2022-03-15 20:39:37,完全剛体リジッド,おばあちゃんの入れ歯かな？
2022-03-15 20:39:38,動画保管庫,飴は3秒ルール適用出来なさそうｗｗ
2022-03-15 20:39:39,名無し,リスナーに売ろう
2022-03-15 20:39:40,じんすけ,おぎゃり隊で回収しときますね
2022-03-15 20:39:42,よしを,３秒るーる！
2022-03-15 20:39:44,なー＊,ひろっとくね
2022-03-15 20:39:48,櫻咲,ぴょい:curly_loop:ん
2022-03-15 20:39:49,ウルトラアル中マン,当分龍角散じゃなくてビックスかな？
2022-03-15 20:39:51,Sally Sally,今思ったけど:baby_bottle:はサイリウムも兼ねて便利やね
2022-03-15 20:40:13,cafe太郎,VICSは量多いからね
2022-03-15 20:40:17,ウルトラアル中マン,てら
2022-03-15 20:40:27,なー＊,いってらっしゃーい
2022-03-15 20:40:30,ウルトラアル中マン,ダイレクトって粉状のアレか
2022-03-15 20:40:54,ひろ-,のど飴代
2022-03-15 20:40:54,フェレお(フィニッシュ!),いてらー
2022-03-15 20:41:03,コイン表裏,赤子に励まされるの良いなー
2022-03-15 20:41:19,フェレお(フィニッシュ!),輪廻眼くんが繋いでくれとるわ
2022-03-15 20:41:19,ダイム鞄,バブちゃんのヴィックスうめっ…うめっ…
2022-03-15 20:41:21,ウルトラアル中マン,おか
2022-03-15 20:41:24,櫻咲,龍角散ダイレクトピーチ味買おうとしたら思ったより高い
2022-03-15 20:41:27,銀次,おかえりー
2022-03-15 20:41:28,なー＊,おかえりなさいー
2022-03-15 20:41:48,うん、小判,おかえり
2022-03-15 20:41:50,K Ken,おかえり
2022-03-15 20:41:52,動画保管庫,飴みんなで回し舐めするのかな
2022-03-15 20:42:07,名無し,高いよねえ
2022-03-15 20:42:10,銀次,600かぁ
2022-03-15 20:42:17,たぬ,良いよ！！
2022-03-15 20:42:23,ほあでりあ,濃厚接触が過ぎる
2022-03-15 20:42:23,完全剛体リジッド,:face_vomiting:
2022-03-15 20:42:24,たぬ,かかっても良い
2022-03-15 20:42:26,なー＊,ｗｗｗｗｗｗ
2022-03-15 20:42:29,フェレお(フィニッシュ!),草
2022-03-15 20:42:30,Sally Sally,回し舐めえっd
2022-03-15 20:42:31,微糖,草
2022-03-15 20:42:32,cafe太郎,ぱぶいかなきゃ
2022-03-15 20:42:32,ヒノモトきょう,またおっパプの話してる……
2022-03-15 20:42:34,昼酒,草
2022-03-15 20:42:35,櫻咲,回し舐め
2022-03-15 20:42:36,冥土,オッパブのど飴
2022-03-15 20:42:36,タンドリー,w
2022-03-15 20:42:36,動画保管庫,草
2022-03-15 20:42:37,じんすけ,ｗｗｗｗ
2022-03-15 20:42:41,ダイム鞄,すすきののおっパブは草
2022-03-15 20:42:44,ウルトラアル中マン,龍角散ダイレクトピーチ味代カンパ
2022-03-15 20:42:44,名無し,草
2022-03-15 20:42:46,よしを,w
2022-03-15 20:42:47,Sally Sally,回し飲みする？おっpai?
2022-03-15 20:42:47,うん、小判,草
2022-03-15 20:42:49,コイン表裏,カラダ張ってて草
2022-03-15 20:42:51,ひろ-,消毒するの辛いもんなぁ
2022-03-15 20:42:54,ドンブリ感情,オッギャブ
2022-03-15 20:42:57,青身切身うまうま,草
2022-03-15 20:43:04,いっち,あったねw
2022-03-15 20:43:19,たぬ,ピーチ味とかあるんだ
2022-03-15 20:43:29,動画保管庫,アイコンでかくなって気が付いたんだけどムキムキで草
2022-03-15 20:43:44,よしを,のどをたいせつに
2022-03-15 20:43:53,なー＊,心做し…！！
2022-03-15 20:43:58,ウルトラアル中マン,:yellow_heart::baby_bottle::baby::baby_bottle::yellow_heart:
2022-03-15 20:44:00,cafe太郎,めいきょくや
2022-03-15 20:44:10,銀次,これ好き
2022-03-15 20:44:14,cafe太郎,未だに読み方分からんけど
2022-03-15 20:44:20,なー＊,:baby_bottle::musical_note::baby_bottle::musical_note::baby_bottle::musical_note:
2022-03-15 20:44:24,じんすけ,:baby_bottle::baby_bottle::baby_bottle::baby_bottle:
2022-03-15 20:44:34,いっち,:baby_bottle::musical_notes::baby_bottle::musical_notes::baby_bottle::musical_notes::baby_bottle:
2022-03-15 20:44:42,てぃろ,:musical_notes::microphone::baby::baby_bottle::musical_notes:
2022-03-15 20:44:43,銀次,:baby_bottle::musical_notes::baby_bottle::musical_notes::baby_bottle::musical_notes:
2022-03-15 20:45:03,コイン表裏,:baby_bottle:
2022-03-15 20:45:14,K Ken,:baby_bottle::baby_bottle::baby_bottle::baby_bottle:
2022-03-15 20:45:15,冥土,:baby_bottle::musical_notes::baby_bottle::musical_notes::baby_bottle::musical_notes:
2022-03-15 20:45:16,じんすけ,:baby_bottle::baby_bottle::baby_bottle::baby_bottle:
2022-03-15 20:45:24,ウルトラアル中マン,涙腺に来る曲だぁ…
2022-03-15 20:45:44,C Y,:baby_bottle::baby_bottle::baby_bottle::baby_bottle::baby_bottle::baby_bottle:
2022-03-15 20:46:04,完全剛体リジッド,:baby_bottle::baby_bottle::baby_bottle:
2022-03-15 20:46:19,櫻咲,:baby_bottle::baby_bottle::baby_bottle::baby_bottle::baby_bottle:
2022-03-15 20:46:23,エビがエビフライ,:baby_bottle::musical_notes::baby_bottle::musical_notes:
2022-03-15 20:46:53,なー＊,なきそう
2022-03-15 20:46:56,cafe太郎,人によって感じ方が変わる曲なんよ
2022-03-15 20:47:02,ウルトラアル中マン,なかないで・・・
2022-03-15 20:47:03,動画保管庫,:baby_bottle::baby_bottle::baby_bottle::baby_bottle::baby_bottle::cow2:
2022-03-15 20:47:09,冥土,:baby_bottle::musical_notes::baby_bottle::musical_notes::baby_bottle::musical_notes:
2022-03-15 20:47:12,じんすけ,:baby_bottle::baby_bottle::baby_bottle::baby_bottle:
2022-03-15 20:47:38,動画保管庫,えああそうとは全く違ってこれもまた良い
2022-03-15 20:47:42,じんすけ,泣いちゃう…
2022-03-15 20:47:43,ダイム鞄,心にきた
2022-03-15 20:48:10,Sleepy Black cat,:two_hearts:
2022-03-15 20:48:10,ウルトラアル中マン,８８８８８８８
2022-03-15 20:48:13,櫻咲,:clapping_hands::clapping_hands::clapping_hands::clapping_hands::clapping_hands:
2022-03-15 20:48:15,てぃろ,:clapping_hands::clapping_hands::clapping_hands::clapping_hands::clapping_hands:
2022-03-15 20:48:15,冥土,:clapping_hands::clapping_hands::clapping_hands::clapping_hands::clapping_hands:
2022-03-15 20:48:16,たんいモルモット,:clapping_hands::clapping_hands::clapping_hands::clapping_hands::clapping_hands:
2022-03-15 20:48:16,じんすけ,:clapping_hands::clapping_hands::clapping_hands:
2022-03-15 20:48:17,カナガタ_セッサク中,:clapping_hands::clapping_hands::clapping_hands::clapping_hands:
2022-03-15 20:48:19,エビがエビフライ,:clapping_hands::clapping_hands::clapping_hands::clapping_hands::clapping_hands:
2022-03-15 20:48:20,cafe太郎,88888
2022-03-15 20:48:20,Alex,:clapping_hands::clapping_hands::clapping_hands::clapping_hands::clapping_hands::clapping_hands::clapping_hands:
2022-03-15 20:48:21,なー＊,:clapping_hands::loudly_crying_face::clapping_hands::loudly_crying_face::clapping_hands::loudly_crying_face:
2022-03-15 20:48:21,ひろ-,:clapping_hands::clapping_hands::clapping_hands::clapping_hands:
2022-03-15 20:48:22,K Ken,:clapping_hands::clapping_hands::clapping_hands::clapping_hands:
2022-03-15 20:48:23,微糖,:clapping_hands::clapping_hands::clapping_hands::clapping_hands::clapping_hands:
2022-03-15 20:48:23,コイン表裏,:clapping_hands::clapping_hands::clapping_hands::clapping_hands:
2022-03-15 20:48:24,いっち,:clapping_hands::clapping_hands::clapping_hands::clapping_hands::clapping_hands::clapping_hands::clapping_hands:
2022-03-15 20:48:27,そそ,8888
2022-03-15 20:48:27,キル,:clapping_hands::clapping_hands::clapping_hands::clapping_hands::clapping_hands::clapping_hands:
2022-03-15 20:48:30,Sleepy Black cat,:clapping_hands::clapping_hands::clapping_hands::clapping_hands:
2022-03-15 20:48:31,よしを,:clapping_hands::clapping_hands::clapping_hands::clapping_hands:
2022-03-15 20:48:36,眉毛まる (on the lily　MCつよちゃん),:clapping_hands::clapping_hands::clapping_hands::clapping_hands:
2022-03-15 20:48:40,テラニコフ,:clapping_hands::clapping_hands::clapping_hands:
2022-03-15 20:48:43,MOKKA,:clapping_hands::clapping_hands::clapping_hands::clapping_hands::clapping_hands::clapping_hands::clapping_hands::clapping_hands:
2022-03-15 20:49:13,foxですよ,ほしい！
2022-03-15 20:49:34,銀次,なるほどねー
2022-03-15 20:49:34,ふじず,:anxious_face_with_sweat:世の中怖い・・・・
2022-03-15 20:49:38,じんけうろ,マジか・・・
2022-03-15 20:49:38,ほあでりあ,造形品は微妙なラインだね
2022-03-15 20:49:43,ひろ-,金属探知機にかけよう
2022-03-15 20:49:44,じんすけ,レントゲンとろーぜ！
2022-03-15 20:49:45,なー＊,かなしいたけ…
2022-03-15 20:49:48,ヒノモトきょう,レントゲン撮ってからプレゼントしよう
2022-03-15 20:49:53,cafe太郎,元々はキャバのプレゼントで悪用されたんだっけか
2022-03-15 20:49:57,サブノック,小さくなってきてるからなー
2022-03-15 20:49:57,コイン表裏,そんな時代なんだね
2022-03-15 20:49:58,ウルトラアル中マン,赤子フィギュア…おぎゃり隊に一人いますね…
2022-03-15 20:50:01,動画保管庫,自作のもらえたらめっちゃ嬉しいだろうし、なんとかならんかねぇ…
2022-03-15 20:50:05,冥土,エアタグのせい…
2022-03-15 20:50:07,キル,型紙のバブちゃん作っている人いたね
2022-03-15 20:50:18,よしを,嫌な世の中やで・・・
2022-03-15 20:50:27,櫻咲,ぜんぶりんごのせい:anger_symbol::anger_symbol::anger_symbol:
2022-03-15 20:50:33,なー＊,そうだね
2022-03-15 20:50:39,じんけうろ,
2022-03-15 20:50:53,じんすけ,やっぱandroidなんよ
2022-03-15 20:51:13,foxですよ,本人了承で特別枠ほしいね
2022-03-15 20:51:16,キル,型紙の状態で、組み立てる前の状態だったら大丈夫じゃないかなぁ？
2022-03-15 20:51:17,ウルトラアル中マン,ハンドメイドがどこまで許容されるかやなあ…
2022-03-15 20:51:23,てぃろ,洗濯機ｗｗ
2022-03-15 20:51:24,レンたろう,くさ
2022-03-15 20:51:26,冥土,洗濯機w
2022-03-15 20:51:27,ほあでりあ,洗濯機は無理あるｗ
2022-03-15 20:51:30,完全剛体リジッド,ドラム式？
2022-03-15 20:51:30,動画保管庫,洗濯機はいらねぇｗｗｗ
2022-03-15 20:51:34,ヒノモトきょう,強欲
2022-03-15 20:51:34,foxですよ,フィギュアから洗濯機ってｗ
2022-03-15 20:51:34,じんすけ,草
2022-03-15 20:51:36,じんけうろ,洗濯機入んないのではwww
2022-03-15 20:51:36,ミュラー,ボックス壊れる
2022-03-15 20:51:39,銀次,なるほどw
2022-03-15 20:51:41,ドンブリ感情,ドラム式は右開きか左開きかが大事だ
2022-03-15 20:51:42,K Ken,洗濯機は厳しいなぁ
2022-03-15 20:51:42,たぬ,洗濯機は草
2022-03-15 20:51:44,ウルトラアル中マン,洗濯機ぶち込んでも良いのか・・・
2022-03-15 20:51:43,デビッ,むしろ洗濯機がプレゼントボックスまである
2022-03-15 20:51:44,cafe太郎,要求がでかい
2022-03-15 20:51:46,昼酒,持っていけるかww
2022-03-15 20:51:49,櫻咲,一肌脱ぐか
2022-03-15 20:51:50,いっち,洗濯機w
2022-03-15 20:51:51,なー＊,持って帰るのくそたいへんそうｗ
2022-03-15 20:51:52,動画保管庫,プレボに入らなさそう
2022-03-15 20:52:00,冥土,フィギュア型洗濯機送ろう
2022-03-15 20:52:05,アルケミー・アルケニーCh.,洗濯板・・・！
2022-03-15 20:52:06,ミュラー,洗濯機組み立てセットしかないじゃん…
2022-03-15 20:52:07,ひろ-,ドラム式を送りたい
2022-03-15 20:52:07,なー＊,ｗｗ
2022-03-15 20:52:07,はらだいこ,洗濯機を欲する赤子
2022-03-15 20:52:14,cafe太郎,ドラムは15万くらいだっけか
2022-03-15 20:52:20,C Y,どうやって持ち帰るの？
2022-03-15 20:52:35,ウルトラアル中マン,会場まで洗濯機背負ってくおぎゃり隊とか面白過ぎるだろ
2022-03-15 20:52:37,ドンブリ感情,【朗報】赤子左右盲ではない
2022-03-15 20:52:38,動画保管庫,アキバだし現地で買うｗ
2022-03-15 20:52:38,じんすけ,もう業者なんよｗ
2022-03-15 20:52:42,キル,俺はお手紙持って行ってプレゼントボックスに入れるね
2022-03-15 20:52:53,かわいいべるちゃん,お手紙かくわ
2022-03-15 20:53:22,foxですよ,戦犯ｗ
2022-03-15 20:53:25,ほあでりあ,草
2022-03-15 20:53:28,ウルトラアル中マン,左右盲とか初めて聞いた
2022-03-15 20:53:32,銀次,味方でかw
2022-03-15 20:53:38,ダイム鞄,陽キャちゃん好き
2022-03-15 20:53:39,櫻咲,お手紙に指紋つけると身元特定される？
2022-03-15 20:53:48,ひろ-,東西南北はわかるのかしら
2022-03-15 20:53:48,じんすけ,左右っていう時に俺から見てか、相手から見てかで迷う
2022-03-15 20:54:22,foxですよ,特定したら洗濯機プレゼント
2022-03-15 20:54:30,キル,面会でバブちゃんと何話したらいいか迷ってます。。（この話題もう出たかなぁ。。）
2022-03-15 20:54:31,ほあでりあ,かしこい
2022-03-15 20:54:32,ウルトラアル中マン,ファンレター送っただけで幼虫しにいくのか…
2022-03-15 20:54:36,櫻咲,赤ちゃんなのにそんなこと知っててすごい
2022-03-15 20:54:38,ひろ-,かしこい
2022-03-15 20:54:39,コイン表裏,右が東はわかる
2022-03-15 20:54:39,銀次,そうだね
2022-03-15 20:54:42,エビがエビフライ,かしこい
2022-03-15 20:54:42,foxですよ,お箸もつのは？
2022-03-15 20:54:50,よしを,かしこ赤子
2022-03-15 20:55:00,冥土,迷ったら寝転がっておぎゃれ
2022-03-15 20:55:03,MOKKA,バブが西向きゃ尾は東
2022-03-15 20:55:16,ダイム鞄,ゲーム開始前に俺が今から言うのは全部俺から見てだからって言ってる
2022-03-15 20:55:26,ドンブリ感情,ノラくんのみてとりあえず名札は作ろうと思った
2022-03-15 20:55:34,cafe太郎,何はなそっかね
2022-03-15 20:55:54,コイン表裏,お天気デッキは
2022-03-15 20:56:04,キル,ありがとう！！ノラくんの動画参考にするね！！
2022-03-15 20:56:05,ウルトラアル中マン,イベントでは皆で紳士でいたいモノよなあ
2022-03-15 20:56:21,佐和山之妖狐,あの子は天性のコミュ強陽キャだから…(なお対人関係の距離感はバグってる模様)
2022-03-15 20:56:24,ドンブリ感情,ラップバトルは３０秒ずつだな
2022-03-15 20:56:24,cafe太郎,こっちむいてDarinn
2022-03-15 20:56:27,ミュラー,チェキ会か
2022-03-15 20:56:30,じんすけ,でもぽぽちゃんなんでしょ？
2022-03-15 20:56:50,かわいいべるちゃん,なふだしていくわ
2022-03-15 20:56:54,ウルトラアル中マン,アカウント名とサムネプリントした名札あるといいね
2022-03-15 20:57:00,完全剛体リジッド,チューリップの名札ｗ
2022-03-15 20:57:07,キル,2ショットってどういう感じなのかな？おぎゃり隊も画面に映るのかな？
2022-03-15 20:57:08,テラニコフ,腕に名前刻んでいくね！
2022-03-15 20:57:08,じんすけ,名札はいいね
2022-03-15 20:57:11,銀次,なるほどね
2022-03-15 20:57:18,なー＊,かわいいｗ
2022-03-15 20:57:20,にゃんぽ,なまってるな
2022-03-15 20:57:21,ドンブリ感情,さすが保育士
2022-03-15 20:57:22,shion* *,ひーみつかわいい
2022-03-15 20:57:23,よしを,名札はありのがいいのか
2022-03-15 20:57:28,foxですよ,どうぞ
2022-03-15 20:57:29,ヒノモトきょう,名刺渡せばおｋ
2022-03-15 20:57:35,じんすけ,腕に刻んでたら赤子泣いちゃう
2022-03-15 20:57:37,銀次,はい
2022-03-15 20:57:56,動画保管庫,草
2022-03-15 20:58:01,ふじず,名指しｗｗｗ
2022-03-15 20:58:03,名無し,体張りすぎで草
2022-03-15 20:58:09,foxですよ,おぎゃり隊こわひｗ
2022-03-15 20:58:11,ウルトラアル中マン,自分の名前刻んだタトゥーは草
2022-03-15 20:58:12,ダイム鞄,方言全開でもいいですか？
2022-03-15 20:58:17,ほあでりあ,リアイベ名札はあるとめちゃくちゃ便利
2022-03-15 20:58:21,キル,名札かぁなるほど
2022-03-15 20:58:27,コイン表裏,会場の雰囲気が笑えそう
2022-03-15 20:58:33,佐和山之妖狐,認知されるのは構わないけど普段変態ツイートやきしょいリプ送ってる人がコイツがそうかって認知されるんだよなぁ
2022-03-15 20:58:46,キル,2ショットってどういう感じなのかな？おぎゃり隊も画面に映るのかな？
2022-03-15 20:58:52,ドンブリ感情,赤子におすすめシェアするタグとかほしい
2022-03-15 20:58:53,cafe太郎,津軽弁
2022-03-15 20:58:55,ダイム鞄,東北です…
2022-03-15 20:59:00,名無し,津軽弁…
2022-03-15 20:59:16,かわいいべるちゃん,名札作るかー
2022-03-15 20:59:17,コイン表裏,楽しそう・・東北です
2022-03-15 20:59:25,ドンブリ感情,わしもリアイベないわ
2022-03-15 20:59:34,完全剛体リジッド,撮影会も楽しそうですねぇ
2022-03-15 20:59:35,cafe太郎,弘前じゃなきゃ聞ける
2022-03-15 20:59:46,MOKKA,それはそうw
2022-03-15 20:59:51,ひろ-,ライブ感大事
2022-03-15 20:59:51,ドンブリ感情,戦車にのったポポちゃんと撮っても気が狂ってておもろい
2022-03-15 21:00:11,foxですよ,２ショットでしょ！
2022-03-15 21:00:12,動画保管庫,やさしい
2022-03-15 21:00:19,冥土,写真に撮られると魂が取られるのでNG
2022-03-15 21:00:20,cafe太郎,でも2ショット撮ると後でニヤニやできる
2022-03-15 21:00:22,コイン表裏,自由だぁ〜
2022-03-15 21:00:25,キル,なるほど。モニターの中のバブちゃんと写真が撮れるってことね。
2022-03-15 21:00:36,うん、小判,セバス達と集合写真撮りたい
2022-03-15 21:00:43,かわいいべるちゃん,ずっとだまっててやんよ
2022-03-15 21:00:59,じんすけ,セバスと撮影会
2022-03-15 21:01:08,名無しA,無言で1分
2022-03-15 21:01:09,foxですよ,カーテンないのかね？ｗ
2022-03-15 21:01:29,完全剛体リジッド,にらめっこかな？
2022-03-15 21:01:30,cafe太郎,張り合わんといて
2022-03-15 21:01:30,冥土,草
2022-03-15 21:01:39,かわいいべるちゃん,でてくるのか
2022-03-15 21:01:43,ウルトラアル中マン,どこに出るのだよ
2022-03-15 21:01:44,動画保管庫,ラジコンに乗って出るからね
2022-03-15 21:01:46,ヒノモトきょう,おぎやを出す方法、理解ったな
2022-03-15 21:01:52,櫻咲,:baby:「・・・・・・」:man:「・・・・・・・」
2022-03-15 21:01:53,えあ,草
2022-03-15 21:01:57,林啓太,サクナヒメおもろいね
2022-03-15 21:01:59,青身切身うまうま,草
2022-03-15 21:02:04,ウルトラアル中マン,木の棒持ってバブちゃん本人出てきたら笑う
2022-03-15 21:02:11,微糖,2千円弱の沈黙
2022-03-15 21:02:11,キル,そっかこの配信でのバブちゃんは多数のおぎゃり隊に向けてたけど、面会でのバブちゃんはそのおぎゃり隊に向けたオンリーワンのバブちゃんってことだね。
2022-03-15 21:02:21,foxですよ,ニュースになったね
2022-03-15 21:02:24,冥土,あれ農業ガチすぎるって聞いたが、配信向けなの？
2022-03-15 21:02:27,ドンブリ感情,サクナヒメバトルパートが２D だけど…
2022-03-15 21:02:28,とりさし,間を取って隣でプレイ見るから家教えて
2022-03-15 21:02:33,ヒノモトきょう,サクナヒメ、えっちな絵しか知らない
2022-03-15 21:03:02,ダイム鞄,ぽぽちゃんが木の棒持って動くってこと！？
2022-03-15 21:03:13,cafe太郎,分給２０００の赤子
2022-03-15 21:03:13,C Y,大砲撃たれちゃう
2022-03-15 21:03:42,Sally Sally,ベルダースオリジナルってことぉ？
2022-03-15 21:03:47,ほあでりあ,草
2022-03-15 21:03:49,ウルトラアル中マン,魔境で草
2022-03-15 21:03:49,冥土,草
2022-03-15 21:03:50,完全剛体リジッド,怪文書がいっぱいだ
2022-03-15 21:03:50,とりさし,なんか長いの居たな…
2022-03-15 21:03:50,じんすけ,w
2022-03-15 21:03:52,なー＊,圧がｗｗ
2022-03-15 21:03:52,銀次,わお
2022-03-15 21:03:52,えあ,草
2022-03-15 21:03:55,うん、小判,草
2022-03-15 21:03:55,名無し,怪文書で草
2022-03-15 21:03:57,天豪,怪文書...
2022-03-15 21:03:57,櫻咲,ルイズゥううううううう
2022-03-15 21:03:58,微糖,禍々しくて草
2022-03-15 21:03:59,ひろ-,存在感がすごい
2022-03-15 21:04:04,じんすけ,懐かしw
2022-03-15 21:04:08,昼酒,うわぁ
2022-03-15 21:04:11,C Y,なつかしくて草
2022-03-15 21:04:11,完全剛体リジッド,ルイズ懐かしいですねぇ
2022-03-15 21:04:13,デビッ,伝統芸
2022-03-15 21:04:15,名無し,懐かしい構文で草
2022-03-15 21:04:16,プルート／komihs,古文書コピペだ
2022-03-15 21:04:18,いっち,草
2022-03-15 21:04:19,思想,どういう気持ちなんだろう
2022-03-15 21:04:21,えあ,なっつ
2022-03-15 21:04:21,冥土,自己主張が激しいマロw
2022-03-15 21:04:22,ドンブリ感情,ウンパルンパのイントネーション
2022-03-15 21:04:25,たんいモルモット,草
2022-03-15 21:04:28,ふるべび,その発想はあった
2022-03-15 21:04:31,思想,ルイズたんのやつか
2022-03-15 21:04:31,動画保管庫,草
2022-03-15 21:04:33,よしを,ひぇ
2022-03-15 21:04:34,微糖,もはや古典
2022-03-15 21:04:44,なー＊,ｗｗｗ
2022-03-15 21:04:46,ウルトラアル中マン,これ、真顔で打ちこんでるんだよね…
2022-03-15 21:04:47,ラスカル山田,ちゃんとチケット買ってて草
2022-03-15 21:04:50,櫻咲,面会チケ買った人間に絞られたやんけ:anger_symbol:
2022-03-15 21:04:56,ふるべび,読むの草
2022-03-15 21:04:56,じんすけ,途中でギア上がるのやっぱ草
2022-03-15 21:04:56,352万の男　※カウントダウン11,Oh…
2022-03-15 21:05:07,ひろ-,誰も傷つけない良い怪文書なんよな
2022-03-15 21:05:08,銀次,なるほどね
2022-03-15 21:05:10,ドンブリ感情,おぎゃみてる
2022-03-15 21:05:13,おじじさん,こっわw
2022-03-15 21:05:16,るしゑ,こんだうー！！
2022-03-15 21:05:25,冥土,面会する人への冤罪が…w
2022-03-15 21:05:28,ラスカル山田,返信不要です
2022-03-15 21:05:29,じんすけ,:clapping_hands::clapping_hands::clapping_hands::clapping_hands:
2022-03-15 21:05:30,ドンブリ感情,返信不要ｗ
2022-03-15 21:05:31,微糖,返信不要ですw
2022-03-15 21:05:35,名無し,草
2022-03-15 21:05:35,ラスカル山田,ｗ
2022-03-15 21:05:46,ミュラー,返信不要ですで草生える
2022-03-15 21:05:49,冥土,草
2022-03-15 21:05:52,なー＊,草
2022-03-15 21:05:52,名無し,急に冷静になるの草
2022-03-15 21:05:53,昼酒,草
2022-03-15 21:05:57,じんすけ,草ァ
2022-03-15 21:06:01,櫻咲,朗読ASMR・・・一体何を読むんだ ⇒ ルイズコピペの衝撃、忘れられない
2022-03-15 21:06:04,うん、小判,草
2022-03-15 21:06:07,おじじさん,ちゃんとした大人かな
2022-03-15 21:06:07,サブノック,草
2022-03-15 21:06:08,エビがエビフライ,こっわ
2022-03-15 21:06:11,slyness,頭に書け
2022-03-15 21:06:23,じんすけ,大人の仕事やな
2022-03-15 21:06:33,ドンブリ感情,猫かぶれてた時あったか？
2022-03-15 21:06:40,ほあでりあ,草
2022-03-15 21:06:54,ダイム鞄,…
2022-03-15 21:06:54,cafe太郎,？？？？
2022-03-15 21:06:54,動画保管庫,草
2022-03-15 21:06:55,名無し,草
2022-03-15 21:06:55,おじじさん,www
2022-03-15 21:06:55,冥土,セクシーとは？
2022-03-15 21:06:55,ウルトラアル中マン,セクシー・・・？
2022-03-15 21:06:56,ミュラー,ええ
2022-03-15 21:06:56,櫻咲,うーん、セクシー！
2022-03-15 21:06:57,ラスカル山田,くしゃみした？
2022-03-15 21:06:58,ほあでりあ,は？
2022-03-15 21:06:58,デビッ,草
2022-03-15 21:06:59,サブノック,？
2022-03-15 21:07:00,ひろ-,？
2022-03-15 21:07:04,じんすけ,ちがうー！
2022-03-15 21:07:06,銀次,ふむ？
2022-03-15 21:07:07,ドンブリ感情,断末魔ｗｗ
2022-03-15 21:07:08,うん、小判,?
2022-03-15 21:07:10,いっち,ww
2022-03-15 21:07:13,にんげん,かぶる猫はイマジナリー
2022-03-15 21:07:13,デビッ,今もかわいいよ
2022-03-15 21:07:17,名無し,今もかわいい
2022-03-15 21:07:19,なー＊,ｗｗｗ
2022-03-15 21:07:27,ひろ-,DWUお嬢煽ってた
2022-03-15 21:07:28,デビッ,しぶし
2022-03-15 21:07:29,エビがエビフライ,かわいい
2022-03-15 21:07:31,じんけうろ,チェンジで
2022-03-15 21:07:32,櫻咲,最近TLでみたな
2022-03-15 21:07:35,cafe太郎,しぶしのやつか
2022-03-15 21:07:37,うん、小判,しぶし
2022-03-15 21:07:41,にんげん,まじかｗ
2022-03-15 21:07:42,冥土,本当にあるんだw
2022-03-15 21:07:42,デビッ,しぶしししぶししぶしちょう
2022-03-15 21:07:50,なー＊,ｗ
2022-03-15 21:08:04,デビッ,かわいい
2022-03-15 21:08:14,櫻咲,読めてないけど可愛いからOKです
2022-03-15 21:08:14,じんすけ,かわいい
2022-03-15 21:08:28,なー＊,やったー！！！
2022-03-15 21:08:32,うん、小判,かわいい
2022-03-15 21:08:38,foxですよ,やったぜ
2022-03-15 21:08:39,ウルトラアル中マン,オーバードーズいいね！
2022-03-15 21:08:44,ドンブリ感情,うたみた録ってなかったっけ？
2022-03-15 21:08:50,じんすけ,:star_struck::star_struck::star_struck:
2022-03-15 21:09:07,ダイム鞄,きた！！！！！！！！
2022-03-15 21:09:18,しづき,最高！！！！！！！
2022-03-15 21:09:22,なー＊,たのしみ！！
2022-03-15 21:09:22,ダイム鞄,ここのパラパラほんますこ
2022-03-15 21:09:25,352万の男　※カウントダウン11,いいっすね〜
2022-03-15 21:09:26,cafe太郎,KOTOKO！
2022-03-15 21:09:36,ほあでりあ,ここすき
2022-03-15 21:09:40,foxですよ,ここ好き
2022-03-15 21:09:41,キル,:baby_bottle::musical_note::baby_bottle::musical_note::baby_bottle::musical_note::baby_bottle::musical_note::baby_bottle::musical_note:
2022-03-15 21:10:05,冥土,:baby_bottle::musical_notes::baby_bottle::musical_notes::baby_bottle::musical_notes:
2022-03-15 21:10:08,ウルトラアル中マン,:yellow_heart::baby_bottle::baby::baby_bottle::yellow_heart:
2022-03-15 21:10:10,なー＊,:baby_bottle::musical_note::baby_bottle::musical_note::baby_bottle::musical_note:
2022-03-15 21:10:12,冥土,はい！はい！はい！はい！
2022-03-15 21:10:15,C Y,:baby_bottle::musical_notes::baby_bottle::musical_notes::baby_bottle::musical_notes::baby_bottle::musical_notes::baby_bottle:
2022-03-15 21:10:35,ダイム鞄,サビがほんまI'veって感じでくっそ気持ちいい
2022-03-15 21:10:40,cafe太郎,いい曲や
2022-03-15 21:10:40,銀次,:baby_bottle::musical_notes::baby_bottle::musical_notes::baby_bottle::musical_notes:
2022-03-15 21:10:51,C Y,ここすき
2022-03-15 21:11:03,キル,:baby_bottle::musical_note::baby_bottle::musical_note::baby_bottle::musical_note:
2022-03-15 21:11:16,櫻咲,:baby_bottle::musical_notes::baby_bottle::musical_note::baby_bottle:
2022-03-15 21:11:28,完全剛体リジッド,:baby_bottle::baby_bottle::baby_bottle:
2022-03-15 21:11:39,なー＊,:musical_note::blue_heart::musical_note::green_heart::musical_note::yellow_heart::musical_note::purple_heart::musical_note::red_heart::musical_note::growing_heart:
2022-03-15 21:11:44,冥土,:baby_bottle::musical_notes::baby_bottle::musical_notes::baby_bottle::musical_notes:
2022-03-15 21:11:48,cafe太郎,I”veすこ
2022-03-15 21:11:50,C Y,:baby_bottle::musical_notes::baby_bottle::musical_notes::baby_bottle::musical_notes::baby_bottle::musical_notes::baby_bottle::musical_notes:
2022-03-15 21:11:55,ウルトラアル中マン,バブちゃんとのシナジー高い曲
2022-03-15 21:11:58,ドンブリ感情,リアル超てんちゃんによるカバー
2022-03-15 21:12:01,ダイム鞄,やっぱり神様なんていなかったね…
2022-03-15 21:12:07,Sleepy Black cat,:two_hearts:
2022-03-15 21:12:11,櫻咲,小城夜みるく天使！
2022-03-15 21:12:18,なー＊,最高裁…:loudly_crying_face::loudly_crying_face::loudly_crying_face:
2022-03-15 21:12:32,ウルトラアル中マン,♰昇天♰
2022-03-15 21:12:36,櫻咲,:clapping_hands::clapping_hands::clapping_hands::clapping_hands::clapping_hands:
2022-03-15 21:12:36,ウルトラアル中マン,８８８８８８８
2022-03-15 21:12:42,なー＊,:clapping_hands::clapping_hands::clapping_hands::clapping_hands::clapping_hands::clapping_hands::clapping_hands:
2022-03-15 21:12:44,じんすけ,:clapping_hands::clapping_hands::clapping_hands:
2022-03-15 21:12:44,MOKKA,:clapping_hands::clapping_hands::clapping_hands::clapping_hands::clapping_hands::clapping_hands::clapping_hands::clapping_hands::clapping_hands:
2022-03-15 21:12:44,微糖,:clapping_hands::clapping_hands::clapping_hands::clapping_hands::clapping_hands:
2022-03-15 21:12:47,銀次,88888
2022-03-15 21:12:47,冥土,:clapping_hands::clapping_hands::clapping_hands::clapping_hands::clapping_hands::clapping_hands:
2022-03-15 21:12:48,たんいモルモット,:clapping_hands::clapping_hands::clapping_hands::clapping_hands::clapping_hands:
2022-03-15 21:12:50,動画保管庫,かわいかった8888888888888888888
2022-03-15 21:12:52,C Y,:clapping_hands::clapping_hands::clapping_hands::clapping_hands::clapping_hands:
2022-03-15 21:12:53,ダイム鞄,最高！！！
2022-03-15 21:12:53,キル,:clapping_hands::clapping_hands::clapping_hands::clapping_hands::clapping_hands::clapping_hands::clapping_hands::clapping_hands:
2022-03-15 21:12:54,K Ken,:clapping_hands::clapping_hands::clapping_hands::clapping_hands:
2022-03-15 21:12:55,ラスカル山田,８８８８８８８
2022-03-15 21:12:57,foxですよ,:clapping_hands::clapping_hands::clapping_hands::clapping_hands:
2022-03-15 21:12:58,あなたの,あなた、後ろから大砲生えててカメックスみたいでかわいい
2022-03-15 21:13:00,352万の男　※カウントダウン11,:clapping_hands::clapping_hands::clapping_hands::clapping_hands::clapping_hands::clapping_hands::clapping_hands::clapping_hands:
2022-03-15 21:13:02,よしを,:clapping_hands::clapping_hands::clapping_hands::clapping_hands::clapping_hands:
2022-03-15 21:13:03,ヒノモトきょう,最後笑ったのかわいいねぃ
2022-03-15 21:13:04,なー＊,
2022-03-15 21:13:07,ドンブリ感情,:latin_cross:︎昇天:latin_cross:︎
2022-03-15 21:13:11,櫻咲,草
2022-03-15 21:13:12,ひろ-,:clapping_hands::clapping_hands::clapping_hands:
2022-03-15 21:13:21,櫻咲,感傷に浸ってるのかと
2022-03-15 21:13:27,ウルトラアル中マン,保護色で草
2022-03-15 21:13:47,なー＊,ｗ
2022-03-15 21:13:58,櫻咲,デヴィ夫人ｗｗ
2022-03-15 21:14:03,完全剛体リジッド,ドロポン打ちそう
2022-03-15 21:14:03,じんすけ,草
2022-03-15 21:14:06,ドンブリ感情,デヴィ夫人いるな
2022-03-15 21:14:22,ウルトラアル中マン,濃いマシュマロだったぜ・・・
2022-03-15 21:14:39,ウルトラアル中マン,照れるバブ…♡
2022-03-15 21:14:45,なー＊,へへへ…/////
2022-03-15 21:14:50,冥土,民度と変態度が高いおぎゃり隊
2022-03-15 21:14:51,かわいいべるちゃん,おぎゃああああああおぎゃああ
2022-03-15 21:14:53,ダイム鞄,ありがとうございます！
2022-03-15 21:14:57,思想,おぎゃり隊他に比べてかなり面白い
2022-03-15 21:14:58,櫻咲,おぎゃり隊ほめてもおぎゃるだけだよ
2022-03-15 21:15:02,じんすけ,えへへへ(ˊᗜˋ)
2022-03-15 21:15:11,ひろ-,褒められた
2022-03-15 21:15:29,ウルトラアル中マン,ほぎゃあ…///
2022-03-15 21:15:36,なー＊,おぎゃあああ
2022-03-15 21:15:39,櫻咲,たびた
2022-03-15 21:15:45,ウルトラアル中マン,ジンギスカン食べた！
2022-03-15 21:15:45,かわいいべるちゃん,たべたよー　ドリアつくって食べた
2022-03-15 21:15:47,ドンブリ感情,シーフードピザたびた
2022-03-15 21:15:52,ほあでりあ,夕飯まだやわ
2022-03-15 21:15:53,なー＊,えらい
2022-03-15 21:15:55,とーふちゃん!,
2022-03-15 21:15:56,太田幼女,湯豆腐おいしいよねぇ
2022-03-15 21:15:57,うん、小判,食べました
2022-03-15 21:16:00,じんすけ,湯豆腐上手いよなー
2022-03-15 21:16:02,銀次,弁当食べた
2022-03-15 21:16:04,ひろ-,湯豆腐は200万点
2022-03-15 21:16:06,ウルトラアル中マン,ニコニコ古典に強い赤子
2022-03-15 21:16:09,櫻咲,ラリレロ ラリレロ ラリレロ ラリレロ
2022-03-15 21:16:09,冥土,配信見終わってから食べる
2022-03-15 21:16:10,なー＊,らりれろｗかわいい
2022-03-15 21:16:14,たんいモルモット,話題の辛いペヤング食った
2022-03-15 21:16:21,しづき,家で石焼ビビンバ作ってたびた
2022-03-15 21:16:21,じんけうろ,てりたま食った
2022-03-15 21:16:21,ラスカル山田,プロテインと白菜たべました
2022-03-15 21:16:26,冷やっこ,
2022-03-15 21:16:39,ウルトラアル中マン,平日昼間のツイキャスリアタイできなくて泣いてる
2022-03-15 21:16:44,ドンブリ感情,湯豆腐すき
2022-03-15 21:16:51,ほあでりあ,急に名指されるとびっくりするて
2022-03-15 21:16:54,かわいいべるちゃん,物価たけぇ
2022-03-15 21:16:58,ウルトラアル中マン,豆腐アツアツで草
2022-03-15 21:17:13,なー＊,冷やしたｗ
2022-03-15 21:17:18,銀次,あららー
2022-03-15 21:17:19,思想,腸内ブレンドコーヒーえっちだね
2022-03-15 21:17:21,完全剛体リジッド,きめ細かいってことですねｗ
2022-03-15 21:17:21,じんすけ,w
2022-03-15 21:17:23,ドンブリ感情,毎枠うんちの話してるから慣れました
2022-03-15 21:17:25,微糖,乳酸菌とろう
2022-03-15 21:17:25,ダイム鞄,汚くて臭
2022-03-15 21:17:26,櫻咲,それでうんち団子つくろう
2022-03-15 21:17:33,デビッ,腸内環境死んでる
2022-03-15 21:17:48,ひろ-,水取りすぎなんかなぁ？
2022-03-15 21:17:49,cafe太郎,(この子いっつも腹下してないか｝
2022-03-15 21:17:50,名無し,このVいつも:pile_of_poo:の話してんな…
2022-03-15 21:18:09,メソヤマ,こんだう〜
2022-03-15 21:18:13,352万の男　※カウントダウン11,話題のペヤング食ってお腹こわした
2022-03-15 21:18:26,ドンブリ感情,お昼ごはんの時だけきいたけど初音ミク音姫に使ってた
2022-03-15 21:18:30,動画保管庫,草
2022-03-15 21:18:32,じんすけ,ニートタイムいうのやめて(´；ω；｀)
2022-03-15 21:18:33,MOKKA,えらいえらいちゃん
2022-03-15 21:19:01,微糖,やはりママが必要か
2022-03-15 21:19:02,cafe太郎,面接時に急に席を断つ赤子
2022-03-15 21:19:04,動画保管庫,神経性の腸炎はマジでキツイ
2022-03-15 21:19:06,かわいいべるちゃん,悪夢見てるしねぇ
2022-03-15 21:19:11,ウルトラアル中マン,生きてるだけでストレス溜まる現代社会よ…
2022-03-15 21:19:12,かわいいべるちゃん,うちらと話すのほんとはいやとか；；；
2022-03-15 21:19:19,りゅうた&ひよりchannel,光るなら歌って
2022-03-15 21:19:23,ひろ-,ストレス社会が悪いんよー
2022-03-15 21:20:00,ウルトラアル中マン,現実的で怖いねえ…
2022-03-15 21:20:00,ドンブリ感情,お腹ゆるキャラ
2022-03-15 21:20:01,なー＊,こわいんご…
2022-03-15 21:20:02,かわいいべるちゃん,ドアノブガチャガチャされたんか
2022-03-15 21:20:03,銀次,こえー
2022-03-15 21:20:04,冥土,仕事のストレスで腸過敏でお腹下すのあったわ…
2022-03-15 21:20:13,ひろ-,こわいんよぉ
2022-03-15 21:20:14,ほあでりあ,あれあれ言ってそう
2022-03-15 21:20:15,ウルトラアル中マン,それ、本当に夢だったのかな・・・？
2022-03-15 21:20:20,微糖,深層組みんな不眠に悩まされとる
2022-03-15 21:20:23,よしを,こわい
2022-03-15 21:20:27,352万の男　※カウントダウン11,ﾋｪｯ
2022-03-15 21:20:33,なー＊,ｗｗ
2022-03-15 21:20:37,ひろ-,みんな悪夢見てる
2022-03-15 21:20:41,銀次,草
2022-03-15 21:20:42,動画保管庫,ニアオートマタのあの双子からひたすら逃げる悪夢みたわ…
2022-03-15 21:20:43,冥土,怖いクソマロw
2022-03-15 21:20:47,ドンブリ感情,ピと寝たら寝れるよ
2022-03-15 21:20:48,じんすけ,怖…
2022-03-15 21:21:00,ひろ-,背景に便利ねそれ
2022-03-15 21:21:05,なー＊,こわいｗ
2022-03-15 21:21:06,動画保管庫,ピｗｗｗ
2022-03-15 21:21:32,ウルトラアル中マン,バブちゃんは共同生活苦手そう
2022-03-15 21:21:32,たぬ,バブ、はぎしりする派？
2022-03-15 21:21:38,思想,ただの社不で草
2022-03-15 21:21:46,クリアマインド,それでこそ深層や！
2022-03-15 21:21:49,cafe太郎,ベッドの下にいるホラー話は男でも怖い
2022-03-15 21:21:53,ヒノモトきょう,ぼくも無理。友だちといても「はよ帰ってくれ」ってなる。
2022-03-15 21:21:53,にんげん,ねこちゃんいてよかった
2022-03-15 21:22:07,cafe太郎,なついぜ
2022-03-15 21:22:08,ウルトラアル中マン,マウスピースを破壊する歯ぎしりする赤子
2022-03-15 21:22:11,銀次,いいねぇ
2022-03-15 21:22:18,山本マサオ,このマシュマロの人は他人の家に押し入って一緒に寝そうだな
2022-03-15 21:22:19,冥土,:baby_bottle::musical_notes::baby_bottle::musical_notes::baby_bottle::musical_notes:
2022-03-15 21:22:26,思想,友達いるだけマシ
2022-03-15 21:22:29,なー＊,最高
2022-03-15 21:22:29,動画保管庫,よわもんなつかしい
2022-03-15 21:22:36,352万の男　※カウントダウン11,なつかしいっすね！！
2022-03-15 21:22:40,冷やっこ,懐かしい！
2022-03-15 21:22:40,冥土,社不はそんなもん
2022-03-15 21:22:41,ウルトラアル中マン,:yellow_heart::baby_bottle::baby::baby_bottle::yellow_heart:
2022-03-15 21:23:05,cafe太郎,もんぶらん
2022-03-15 21:23:07,てぃろ,:musical_notes::baby_bottle::baby::baby_bottle::musical_notes:
2022-03-15 21:23:11,なー＊,:baby_bottle::musical_note::baby_bottle::musical_note::baby_bottle::musical_note:
2022-03-15 21:23:27,Sleepy Black cat,:two_hearts:
2022-03-15 21:23:39,銀次,:baby_bottle::musical_notes::baby_bottle::musical_notes::baby_bottle::musical_notes:
2022-03-15 21:23:42,C Y,:baby_bottle::musical_notes::baby_bottle::musical_notes::baby_bottle::musical_notes::baby_bottle::musical_notes:
2022-03-15 21:23:47,K Ken,:baby_bottle::baby_bottle::baby_bottle:
2022-03-15 21:23:54,ダイム鞄,裏打ちのドラムほんますこ
2022-03-15 21:24:00,352万の男　※カウントダウン11,:baby_bottle::musical_notes::baby_bottle::musical_notes::baby_bottle::musical_notes:
2022-03-15 21:24:23,なー＊,OGYA*27
2022-03-15 21:24:27,ウルトラアル中マン,クッソ可愛い歌声から地獄のような背景マシュマロ
2022-03-15 21:24:33,cafe太郎,このころGUMI流行ったな
2022-03-15 21:24:45,ドンブリ感情,深層組のado
2022-03-15 21:24:51,たんいモルモット,:baby_bottle:♬:baby_bottle:♬:baby_bottle:♬
2022-03-15 21:24:54,352万の男　※カウントダウン11,:baby_bottle::musical_notes::baby_bottle::musical_notes::baby_bottle::musical_notes:
2022-03-15 21:25:17,冥土,:baby_bottle::musical_notes::baby_bottle::musical_notes::baby_bottle::musical_notes:
2022-03-15 21:25:55,櫻咲,:clapping_hands::clapping_hands::clapping_hands::clapping_hands::clapping_hands:
2022-03-15 21:25:55,ウルトラアル中マン,８８８８８８８８８
2022-03-15 21:26:00,カナガタ_セッサク中,:clapping_hands::clapping_hands::clapping_hands::clapping_hands:
2022-03-15 21:26:00,てぃろ,:clapping_hands::clapping_hands::clapping_hands::clapping_hands::clapping_hands:
2022-03-15 21:26:01,銀次,88888
2022-03-15 21:26:01,Sleepy Black cat,:two_hearts:
2022-03-15 21:26:01,冥土,:clapping_hands::clapping_hands::clapping_hands::clapping_hands::clapping_hands::clapping_hands:
2022-03-15 21:26:03,たんいモルモット,:clapping_hands::clapping_hands::clapping_hands::clapping_hands::clapping_hands:
2022-03-15 21:26:04,メソヤマ,８８８８８８８
2022-03-15 21:26:05,C Y,:clapping_hands::clapping_hands::clapping_hands::clapping_hands::clapping_hands:
2022-03-15 21:26:06,cafe太郎,８８８８
2022-03-15 21:26:08,MOKKA,:clapping_hands::clapping_hands::clapping_hands::clapping_hands::clapping_hands::clapping_hands::clapping_hands::clapping_hands:
2022-03-15 21:26:08,foxですよ,:clapping_hands::clapping_hands::clapping_hands:
2022-03-15 21:26:08,ウルトラアル中マン,おつだう～！楽しかった！
2022-03-15 21:26:10,なー＊,:clapping_hands::clapping_hands::clapping_hands::clapping_hands::clapping_hands::clapping_hands:
2022-03-15 21:26:10,ほあでりあ,８８８８８８８８
2022-03-15 21:26:11,にんげん,おつおつ
2022-03-15 21:26:13,キル,:clapping_hands::clapping_hands::clapping_hands::clapping_hands::clapping_hands::clapping_hands:
2022-03-15 21:26:14,太田幼女,:clapping_hands::clapping_hands::clapping_hands::clapping_hands::clapping_hands:
2022-03-15 21:26:14,完全剛体リジッド,:clapping_hands::clapping_hands::clapping_hands:
2022-03-15 21:26:14,冥土,おつだうー
2022-03-15 21:26:16,なー＊,すごいよかった！！！
2022-03-15 21:26:17,銀次,おつだうー
2022-03-15 21:26:20,C Y,インターネットオーバードーズ
2022-03-15 21:26:21,よしを,:baby_bottle::clapping_hands::baby_bottle::clapping_hands::baby_bottle::clapping_hands::baby_bottle::clapping_hands:
2022-03-15 21:26:22,ひろ-,:clapping_hands::clapping_hands::clapping_hands:
2022-03-15 21:26:29,はらだいこ,おつだうー
2022-03-15 21:26:35,かわいいべるちゃん,:clapping_hands::clapping_hands::clapping_hands::clapping_hands::clapping_hands::clapping_hands::clapping_hands::clapping_hands:
2022-03-15 21:26:35,青身切身うまうま,:clapping_hands::clapping_hands::clapping_hands::clapping_hands:
2022-03-15 21:26:39,よしを,おつばぶー　たのしかったった
2022-03-15 21:26:42,K Ken,:clapping_hands::clapping_hands::clapping_hands::clapping_hands:
2022-03-15 21:26:48,ドンブリ感情,ボヘミアン・ラプソディ
2022-03-15 21:27:02,cafe太郎,おつだう
2022-03-15 21:27:02,ダイム鞄,おつだう～
2022-03-15 21:27:04,とーふちゃん!,おつだう〜
2022-03-15 21:27:05,思想,おつだうー
2022-03-15 21:27:08,櫻咲,おつだうー
2022-03-15 21:27:08,冥土,楽しかった
2022-03-15 21:27:09,動画保管庫,マイク食べないで
2022-03-15 21:27:10,てぃろ,おつだうー
2022-03-15 21:27:11,にんげん,おつだう
2022-03-15 21:27:11,太田幼女,おつだう～～～！
2022-03-15 21:27:12,動画保管庫,草
2022-03-15 21:27:12,山本マサオ,おつだう～
2022-03-15 21:27:13,びぎch,すごくきれいでした
2022-03-15 21:27:13,ヒノモトきょう,おつだう～
2022-03-15 21:27:14,foxですよ,おつだう～
2022-03-15 21:27:15,いっち,おつだうー
2022-03-15 21:27:16,うん、小判,おつだう〜
2022-03-15 21:27:16,冷やっこ,おつだうー
2022-03-15 21:27:16,プルート／komihs,おつだう〜
2022-03-15 21:27:17,櫻咲,ママァ～～～
2022-03-15 21:27:17,たんいモルモット,おつだう～
2022-03-15 21:27:19,メソヤマ,おつだう〜
2022-03-15 21:27:19,352万の男　※カウントダウン11,おつだう〜！
2022-03-15 21:27:22,動画保管庫,おつだう
2022-03-15 21:27:22,青身切身うまうま,おつだうー
2022-03-15 21:27:22,キル,おつだう
2022-03-15 21:27:22,カナガタ_セッサク中,おつだうー
2022-03-15 21:27:23,ウルトラアル中マン,ボヘミアンラプソディー赤子たのしみ
2022-03-15 21:27:25,そそ,おつだうー
2022-03-15 21:27:25,完全剛体リジッド,おつだうです～
2022-03-15 21:27:26,ウルトラアル中マン,おつだう～！
2022-03-15 21:27:27,かわいいべるちゃん,おつだうー
2022-03-15 21:27:27,Sally Sally,おつだう
2022-03-15 21:27:27,微糖,おつだうー！
2022-03-15 21:27:27,K Ken,おつだう〜
2022-03-15 21:27:29,RAM太郎,おつだうー！
2022-03-15 21:27:30,あゆみ!,おつだう〜！
2022-03-15 21:27:30,じんけうろ,おつだう〜
2022-03-15 21:27:30,MOKKA,おつだう〜〜〜
2022-03-15 21:27:32,ドンブリ感情,おつ！だ
2022-03-15 21:27:34,昼酒,おつだうー
2022-03-15 21:27:34,ウルトラアル中マン,ママ～！
2022-03-15 21:27:35,タンドリー,おつだうー
2022-03-15 21:27:37,Sleepy Black cat,おつだうー
2022-03-15 21:27:40,foxですよ,てーきゅうもおねがい～ｗ
2022-03-15 21:27:42,野風平蔵重親,おつだうー！
2022-03-15 21:27:42,よしを,だうー
2022-03-15 21:27:42,びぎch,おつだう
2022-03-15 21:27:45,月餅,おつだうんごー
2022-03-15 21:27:46,ひろ-,おつだうー
2022-03-15 21:27:48,しゅーあに,おつだうー
2022-03-15 21:27:52,ラスカル山田,おつだう～
2022-03-15 21:28:05,C Y,おつだう
2022-03-15 21:28:05,動画保管庫,！？？！？！？？！？！
2022-03-15 21:28:06,うん、小判,!?
2022-03-15 21:28:07,ウルトラアル中マン,あのさあ・・・
2022-03-15 21:28:07,Sally Sally,:exclamation_question_mark:
2022-03-15 21:28:07,冥土,地獄w
2022-03-15 21:28:08,てぃろ,！？
2022-03-15 21:28:09,銀次,草
2022-03-15 21:28:10,Sleepy Black cat,:two_hearts:
2022-03-15 21:28:10,完全剛体リジッド,おや？
2022-03-15 21:28:10,foxですよ,あはｗ
2022-03-15 21:28:11,山本マサオ,いつもの
2022-03-15 21:28:12,ヒノモトきょう,やると思った
2022-03-15 21:28:13,K Ken,！？
2022-03-15 21:28:14,ほあでりあ,うわあああああああ
2022-03-15 21:28:14,冷やっこ,草
2022-03-15 21:28:14,なー＊,はじまったな
2022-03-15 21:28:16,名無し,おぎゃあ
2022-03-15 21:28:17,かわいいべるちゃん,怨念が。。。
2022-03-15 21:28:17,青身切身うまうま,草
2022-03-15 21:28:17,櫻咲,み る く ち ゃ ん は 現 実 じ ゃ な い ！ ？
2022-03-15 21:28:17,はらだいこ,ほぎゃぁぁぁぁぁぁ
2022-03-15 21:28:18,半分芯でいる。,おつだうー、おぎゃ
2022-03-15 21:28:19,MOKKA,もう慣れたもんさ
2022-03-15 21:28:20,Sally Sally,地獄の怨嗟が:double_exclamation_mark:
2022-03-15 21:28:21,DuxRyK 【デューク】,地獄！？
2022-03-15 21:28:23,動画保管庫,イイ感じで終わったのにｗｗｗ
2022-03-15 21:28:23,微糖,急に地獄はじまるじゃん
2022-03-15 21:28:24,cafe太郎,立つ赤子　跡を濁すな
2022-03-15 21:28:25,にんげん,ﾋｴ
2022-03-15 21:28:27,名無し,お　ま　た　せ
2022-03-15 21:28:28,冷やっこ,:loudly_crying_face:
2022-03-15 21:28:28,完全剛体リジッド,油断してたよ…
2022-03-15 21:28:35,ドンブリ感情,軽率に開く地獄の門
2022-03-15 21:28:36,なー＊,おぎゃあ！おぎゃあ！おぎゃあ！
2022-03-15 21:28:36,野風平蔵重親,あぁぁぁぁ…
2022-03-15 21:28:38,ほあでりあ,草
2022-03-15 21:28:39,ウルトラアル中マン,地獄で終わらすな
2022-03-15 21:28:40,ラスカル山田,い　つ　も　の
2022-03-15 21:28:40,デビッ,癒やされる配信からの嘘みたいな地獄
2022-03-15 21:28:43,山本マサオ,怪文書ｗｗｗ
2022-03-15 21:28:45,よしを,だからこれは怖いんよwww
2022-03-15 21:28:50,そそ,草
2022-03-15 21:28:50,動画保管庫,これがまた投稿おぎゃ声で強化されるのか…ｗｗｗ
2022-03-15 21:28:50,foxですよ,好き放題やっておるｗ
2022-03-15 21:28:53,ウルトラアル中マン,地獄マロタイムだぁ・・・
2022-03-15 21:28:56,なー＊,拾うなｗ
2022-03-15 21:28:57,完全剛体リジッド,これがクソマロってやつですか…
2022-03-15 21:29:03,ドンブリ感情,泣きたいのはこっちだよ
2022-03-15 21:29:04,微糖,地獄Cパート
2022-03-15 21:29:04,銀次,マロ草
2022-03-15 21:29:05,Sally Sally,鎮まりたまえ！鎮まりたまえぇ:double_exclamation_mark:
2022-03-15 21:29:11,櫻咲,にゃああああああああん！！ぎゃああああああああああ！！
2022-03-15 21:29:15,冥土,お前ら、ここからが本番だぞ！
2022-03-15 21:29:16,林啓太,草
2022-03-15 21:29:17,くりのす,おつだうー
