2022-01-07 20:14:22,ヒノモトきょう,こんだう
2022-01-07 20:14:33,オアシス・ゲーリー,こんだう
2022-01-07 20:14:40,山吹秋風,オッスオッス
2022-01-07 20:14:45,ワタラナイ鳥,こんだう
2022-01-07 20:15:00,オアシス・ゲーリー,バブちゃんがいっぱいや
2022-01-07 20:15:00,西野つばめ,おう？
2022-01-07 20:15:02,4161きんた,こんだうー
2022-01-07 20:15:07,Selica,草
2022-01-07 20:15:22,しづき,こんだうバブち、ポカポカよかった
2022-01-07 20:15:30,西野つばめ,アドリブりょくよ
2022-01-07 20:15:35,ネクラマンサー,こんだう
2022-01-07 20:15:45,惰性石器,こんだう
2022-01-07 20:15:50,一眼レフ,こんだう
2022-01-07 20:16:06,シノ,こんだうー
2022-01-07 20:16:25,なー＊,こんだうー！
2022-01-07 20:16:30,オアシス・ゲーリー,だめばぶ
2022-01-07 20:16:32,ネクラマンサー,お口ガバガハガバナンスだから
2022-01-07 20:16:43,しづき,VTuberを特定する主人公の創作小説を読んでおる
2022-01-07 20:16:53,ゆきふりうさぎ,こんだう（高音）
2022-01-07 20:16:59,鯖五郎,1/6です
2022-01-07 20:17:12,濃口ソース太朗,こっちでは16いるぞ
2022-01-07 20:17:18,2718羽ペンギン,こんだうー
2022-01-07 20:17:19,西野つばめ,すぐに反映されていないのでは？
2022-01-07 20:17:23,うーあー,こんだうー
2022-01-07 20:17:41,オアシス・ゲーリー,なんか少ないね
2022-01-07 20:17:51,惰性石器,枠を取り直すと人数減るらしい
2022-01-07 20:17:59,名無しめん,こんだうー
2022-01-07 20:18:11,冥土,こんだうー
2022-01-07 20:18:20,R T,改めましてこんばんは。
2022-01-07 20:18:23,キル,こんだうー
2022-01-07 20:18:34,soraiyuu空井ゆう,こんだうー
2022-01-07 20:18:34,一眼レフ,kiku
2022-01-07 20:18:35,名無しめん,きく
2022-01-07 20:18:35,オアシス・ゲーリー,見せて
2022-01-07 20:18:38,kawa kumo,こんだうー
2022-01-07 20:18:39,おにぎり握郎,歌枠こんだうー
2022-01-07 20:18:41,4161きんた,聞きたい
2022-01-07 20:18:43,はらまきポン太MAX,こんだう〜ポカポカ
2022-01-07 20:18:44,イド,こんだうー
2022-01-07 20:18:45,片手片手,こんだう〜
2022-01-07 20:18:55,キル,枠立て直しナイスー:thumbs_up:
2022-01-07 20:19:27,キル,バブちゃんのお歌好き〜
2022-01-07 20:19:35,デクロボ,こんだうー
2022-01-07 20:19:56,オアシス・ゲーリー,おもいます
2022-01-07 20:20:05,おにぎり握郎,アフレコ
2022-01-07 20:20:18,shion* *,こんだう
2022-01-07 20:20:23,ヒノモトきょう,バブババア
2022-01-07 20:20:24,じんすけ,こんだうー
2022-01-07 20:20:44,いすといすと,こんだう
2022-01-07 20:20:49,オアシス・ゲーリー,プナイプナイ
2022-01-07 20:20:51,じんすけ,:folded_hands:
2022-01-07 20:20:55,一眼レフ,ぷないぷない
2022-01-07 20:20:59,オアシス・ゲーリー,ゆっくりさんおるぞ
2022-01-07 20:21:04,foxですよ,こんだう～～
2022-01-07 20:21:07,ヒノモトきょう,懲りずにあぶねーことすんの草
2022-01-07 20:21:08,一眼レフ,wwww
2022-01-07 20:21:09,名無しめん,ゆっくりさんか
2022-01-07 20:21:13,foxですよ,なにやってるのこれ？
2022-01-07 20:21:14,眉毛まる (on the lily　MCつよちゃん),こんだうう
2022-01-07 20:21:28,ネクラマンサー,危ない危ないｗｗ
2022-01-07 20:21:33,おにぎり握郎,新しいミュートゲーム
2022-01-07 20:21:44,キル,:rolling_on_the_floor_laughing:
2022-01-07 20:21:54,一眼レフ,high sense
2022-01-07 20:21:57,4161きんた,宇宙人みたいw
2022-01-07 20:22:05,冥土,お口がガバガバw
2022-01-07 20:22:07,ワタラナイ鳥,またアーカイブ残らんのかｗ
2022-01-07 20:22:09,名無しめん,ギリギリせめるね
2022-01-07 20:22:30,ネクラマンサー,深層組の伝統芸の一つ地雷原を目隠しで走り抜ける
2022-01-07 20:22:37,いすといすと,ケルベロス
2022-01-07 20:22:52,シノ,昨日のリベンジか
2022-01-07 20:23:29,オアシス・ゲーリー,どーもー
2022-01-07 20:23:30,いすといすと,:poodle::dog:
2022-01-07 20:23:51,デクロボ,:musical_notes::baby_bottle::musical_notes:
2022-01-07 20:24:26,シノ,かわいい
2022-01-07 20:24:37,太田幼女,こんだうです！
2022-01-07 20:24:45,オアシス・ゲーリー,時間（おかし）
2022-01-07 20:24:59,いすといすと,:ogre::dog2::poodle:
2022-01-07 20:25:37,foxですよ,太田先生もたいへんや
2022-01-07 20:25:42,foxですよ,ん？
2022-01-07 20:26:40,2718羽ペンギン,Lainいいですね
2022-01-07 20:27:02,ヒノモトきょう,これすき
2022-01-07 20:27:18,Ganon,攻殻機動隊も頼む
2022-01-07 20:27:18,スズキ雲,BOA好きなんだな
2022-01-07 20:27:23,シノ,ばぶちゃんの英語好き
2022-01-07 20:27:24,ぴいす,可愛い〜:hugging_face:
2022-01-07 20:27:29,太田幼女,うまかわいい！
2022-01-07 20:27:30,foxですよ,あっこれレインのかｗ
2022-01-07 20:27:58,眉毛まる (on the lily　MCつよちゃん),かわいい
2022-01-07 20:28:00,うーあー,かわいい
2022-01-07 20:28:20,Ganon,かわよ
2022-01-07 20:28:39,シノ,ここすき
2022-01-07 20:28:41,オアシス・ゲーリー,deemoの歌は？
2022-01-07 20:28:50,Ganon,いろいろあるなぁ
2022-01-07 20:29:23,foxですよ,:clapping_hands::clapping_hands::clapping_hands:
2022-01-07 20:29:28,眉毛まる (on the lily　MCつよちゃん),deemoいいね
2022-01-07 20:29:37,冥土,:raised_hand::baby::raised_back_of_hand:
2022-01-07 20:29:39,オアシス・ゲーリー,ゆびきりげんまん好き
2022-01-07 20:30:08,オアシス・ゲーリー,イントロが良すぎる
2022-01-07 20:30:19,眉毛まる (on the lily　MCつよちゃん),最高
2022-01-07 20:30:37,はらまきポン太MAX,:drooling_face::two_hearts::drooling_face::two_hearts::drooling_face::two_hearts:
2022-01-07 20:31:15,シノ,かわいい
2022-01-07 20:31:39,オアシス・ゲーリー,ボッ
2022-01-07 20:31:55,あぶぶる,かわよ～
2022-01-07 20:32:24,Ganon,一青窈
2022-01-07 20:32:47,めaガチ恋勢,はい！はい！はい！はい！
2022-01-07 20:33:13,シノ,高音好き
2022-01-07 20:33:22,Ganon,バブれる
2022-01-07 20:33:33,foxですよ,:clapping_hands::clapping_hands::clapping_hands:
2022-01-07 20:33:45,Ganon,副鼻腔炎
2022-01-07 20:33:46,めaガチ恋勢,副鼻腔炎
2022-01-07 20:34:01,オアシス・ゲーリー,888
2022-01-07 20:34:04,Ganon,ゴキュゴキュ
2022-01-07 20:34:05,冥土,:clapping_hands::clapping_hands::clapping_hands::clapping_hands:
2022-01-07 20:34:16,オアシス・ゲーリー,ナインポイントエイトか
2022-01-07 20:34:24,めaガチ恋勢,ふくびくうろう
2022-01-07 20:34:30,かわいいべるちゃん,ばぶうううううううう！！
2022-01-07 20:34:54,foxですよ,ゆうびんきょく？
2022-01-07 20:34:58,Ganon,マーシャルマキシマイザー頼む
2022-01-07 20:35:41,Ganon,いいよ♡
2022-01-07 20:35:50,シノ,かわいい
2022-01-07 20:35:58,foxですよ,♪♬♬♩
2022-01-07 20:36:09,シノ,草
2022-01-07 20:36:14,オアシス・ゲーリー,miliさんはゴブリンスレイヤーってアニメのopも歌ってた
2022-01-07 20:36:20,Ganon,TSKR
2022-01-07 20:36:24,食ビ,deemo
2022-01-07 20:36:29,shion* *,:clapping_hands::clapping_hands::clapping_hands:
2022-01-07 20:36:39,foxですよ,ゴブリンこわいよね
2022-01-07 20:37:00,冥土,ゴブリンならクッコロちゃんの頭にもw
2022-01-07 20:37:04,2718羽ペンギン,くら寿司ってとめるお姉ちゃんすすめてましたね
2022-01-07 20:37:05,オアシス・ゲーリー,結構女性にはキツイアニメだと思う
2022-01-07 20:37:11,ゲムタ,あのパーティーは可哀想だった
2022-01-07 20:37:16,shion* *,グロ表現意外とあったね
2022-01-07 20:37:48,foxですよ,男はすぐやられるけど女はね・・・
2022-01-07 20:37:48,Ganon,ぽっぷ
2022-01-07 20:38:03,shion* *,グロは腹とか足痛くなってくる
2022-01-07 20:38:13,オアシス・ゲーリー,ソウとか見れなさそう
2022-01-07 20:38:35,Ganon,ソウは1を見るとええ
2022-01-07 20:38:36,惰性石器,痛い表現はやめてくれってなる
2022-01-07 20:38:46,foxですよ,ゴブリンは雑魚って概念がなくなったｗ
2022-01-07 20:38:48,Ganon,millennium paradeの楽曲好きそう
2022-01-07 20:38:53,一眼レフ,一般人には見れない
2022-01-07 20:38:53,オアシス・ゲーリー,ソウは顎パッカーんとかするから結構キツイよ
2022-01-07 20:39:00,foxですよ,ムカデ人間はｗｗｗ
2022-01-07 20:39:10,ハンニバル,ソウ1には心音を聞くシーンがあるので好き
2022-01-07 20:39:13,ネクラマンサー,ムカデ人間は見ないほうがいいぞｗｗ
2022-01-07 20:39:45,Ganon,パッカーン
2022-01-07 20:39:46,ヒノモトきょう,ジグソーかな
2022-01-07 20:39:49,ハンニバル,ムカデ人間はつなげてみたいってやつね
2022-01-07 20:39:57,オアシス・ゲーリー,ムカデ人間1だけキツい　2からはもうギャグ
2022-01-07 20:40:02,foxですよ,人人人←想像してみｗ
2022-01-07 20:40:04,デクロボ,:dog:
2022-01-07 20:40:07,ドンブリ感情,RTRT！！
2022-01-07 20:40:08,ハンニバル,興奮した
2022-01-07 20:40:10,Nanchu move,逆トラバサミ！
2022-01-07 20:40:25,foxですよ,こわｗ
2022-01-07 20:40:43,ハンニバル,口とケツを繋げるんやで（
2022-01-07 20:40:53,Ganon,この曲なんですか
2022-01-07 20:41:19,foxですよ,なんか聞いたことあるが？
2022-01-07 20:41:21,ハンニバル,綺麗な歌声
2022-01-07 20:41:25,ドンブリ感情,これ歌詞の意味もいいんだよな
2022-01-07 20:41:31,キル,いい曲でいい声
2022-01-07 20:41:45,shion* *,mili-RTRT
2022-01-07 20:41:49,ヒノモトきょう,Mili - RTRT
2022-01-07 20:41:50,ドンブリ感情,MiliのRTRTって曲だよ
2022-01-07 20:41:53,冥土,草
2022-01-07 20:42:02,デクロボ,無理やりつなげるのよォ
2022-01-07 20:42:05,Ganon,ムカデ人間の話はやめろぉ！
2022-01-07 20:42:15,オアシス・ゲーリー,miliさんの世界の終わりみたいな曲調すき
2022-01-07 20:42:24,シノ,草
2022-01-07 20:42:38,ネクラマンサー,歌枠が高確率で雑談に浸食されるｗｗ
2022-01-07 20:42:39,キル,:smiling_face_with_smiling_eyes:
2022-01-07 20:42:40,foxですよ,今度同時視聴する？ムカデ
2022-01-07 20:42:45,キル,いい曲だねー
2022-01-07 20:42:46,冥土,曲の途中でケツとか言い始めて台無しw
2022-01-07 20:43:00,shion* *,雨だれの歌だっけ、めっちゃすきだった
2022-01-07 20:43:03,foxですよ,草
2022-01-07 20:43:06,ヒノモトきょう,ぽっぱっぱー
2022-01-07 20:43:12,4161きんた,曲いいのに話題がムカデ人間ww
2022-01-07 20:43:13,惰性石器,終わるまでは終わらないよ
2022-01-07 20:43:21,シノ,リクエストもあり？
2022-01-07 20:43:59,キル,俺もバブちゃんと話すのスキー
2022-01-07 20:44:03,ドンブリ感情,somunia好きそう
2022-01-07 20:44:13,オアシス・ゲーリー,ぽぱぽぱ
2022-01-07 20:44:14,シノ,かわいい
2022-01-07 20:44:18,foxですよ,ぽぱっぱー
2022-01-07 20:44:41,Ganon,バブれ
2022-01-07 20:44:51,惰性石器,いえいいえい
2022-01-07 20:44:51,Ganon,かわいい
2022-01-07 20:45:03,foxですよ,わらっとるけどｗ
2022-01-07 20:45:05,冥土,かわいい
2022-01-07 20:45:13,冥土,なにわろ
2022-01-07 20:45:14,キル,♪♪♪♪
2022-01-07 20:45:21,キル,:baby_bottle:
2022-01-07 20:45:29,冥土,お願いダーリンとか聞きたい
2022-01-07 20:45:33,ドンブリ感情,ソムニアの新曲めっちゃいい
2022-01-07 20:45:55,Ganon,相対性理論
2022-01-07 20:46:05,4161きんた,ダーリンダンス
2022-01-07 20:46:43,山吹秋風,ヒューヒュー
2022-01-07 20:46:57,foxですよ,なむなむなむ
2022-01-07 20:47:04,Ganon,草
2022-01-07 20:47:07,たこやきさらだ,ナムナムニャム
2022-01-07 20:47:11,冥土,ほぼ聞き取れなくて草
2022-01-07 20:47:11,ハンニバル,　ニンニクの香りがする…
2022-01-07 20:47:15,シノ,草
2022-01-07 20:47:33,オアシス・ゲーリー,ニンニク臭キメながら歌う赤ちゃん
2022-01-07 20:47:36,ふるべび,かわいい
2022-01-07 20:47:51,てかまきてかまき,南無南無南無南無
2022-01-07 20:47:54,冥土,www
2022-01-07 20:47:55,foxですよ,なむごめなむなむ
2022-01-07 20:47:56,shion* *,なんて？
2022-01-07 20:47:58,Ganon,草
2022-01-07 20:48:01,惰性石器,言えてないｗ
2022-01-07 20:48:03,たこやきさらだ,いまの「にんにくの香りがする:heart_suit:」カワイイ
2022-01-07 20:48:08,山吹秋風,草
2022-01-07 20:48:12,Ganon,普通のところもなむなむで草
2022-01-07 20:48:15,オアシス・ゲーリー,実質般若心経では？
2022-01-07 20:48:31,4161きんた,般若心経w
2022-01-07 20:48:35,ドンブリ感情,東京事変の罪と罰お願いします
2022-01-07 20:48:37,てかまきてかまき,草
2022-01-07 20:48:42,一眼レフ,もってけセーラー服
2022-01-07 20:48:47,冥土,予想以上に歌えてなくて面白かったw
2022-01-07 20:48:50,foxですよ,草
2022-01-07 20:48:54,たこやきさらだ,だね実質、般若心経心経ｗ
2022-01-07 20:48:55,キル,めちゃ早い:dashing_away:
2022-01-07 20:49:02,Ganon,すんごいニンニク♡
2022-01-07 20:49:04,山吹秋風,草
2022-01-07 20:49:21,たこやきさらだ,いいかおりがする、おねえさんだった！
2022-01-07 20:49:27,ハンニバル,くっさぁい♡
2022-01-07 20:49:33,山吹秋風,罪とバブ？
2022-01-07 20:49:33,ドンブリ感情,おぎゃちゃんのほおおおおおおおおほほをさすが聞きたい
2022-01-07 20:49:46,キル,歌詞ないの困る〜
2022-01-07 20:49:50,shion* *,草
2022-01-07 20:49:56,ドンブリ感情,ｗｗｗｗｗｗｗｗ
2022-01-07 20:49:59,ハンニバル,癖になるやつ
2022-01-07 20:50:01,Ganon,鶏と蛇と豚
2022-01-07 20:50:04,Ganon,草
2022-01-07 20:50:05,冥土,なんだこれw
2022-01-07 20:50:11,惰性石器,草
2022-01-07 20:50:17,foxですよ,お隣さん＜どんどん！
2022-01-07 20:50:17,シノ,草
2022-01-07 20:50:21,たこやきさらだ,DECO*27なら妄想代償恋愛連盟が良い
2022-01-07 20:50:30,デクロボ,草
2022-01-07 20:50:31,山吹秋風,草
2022-01-07 20:50:39,Ganon,ガーリック♡
2022-01-07 20:50:40,ドンブリ感情,満足しました
2022-01-07 20:50:59,冥土,今日はミリシラ歌枠だったか
2022-01-07 20:51:02,たこやきさらだ,かわよ
2022-01-07 20:51:13,シノ,かわいい
2022-01-07 20:51:17,foxですよ,:glowing_star::glowing_star::glowing_star:
2022-01-07 20:51:58,Ganon,:clapping_hands:
2022-01-07 20:52:00,山吹秋風,かわいい～
2022-01-07 20:52:12,デクロボ,:musical_notes::clapping_hands::musical_notes::clapping_hands:
2022-01-07 20:52:13,シノ,手拍子かわいい
2022-01-07 20:52:17,冥土,はい！はい！はい！はい！
2022-01-07 20:52:20,惰性石器,:clapping_hands:
2022-01-07 20:52:21,foxですよ,富竹ホームラン！
2022-01-07 20:52:21,ふるべび,:shooting_star::shooting_star::shooting_star::shooting_star:
2022-01-07 20:52:22,オアシス・ゲーリー,古いアニメやな
2022-01-07 20:52:23,Ganon,さて何年前かな
2022-01-07 20:52:34,キル,:clapping_hands::clapping_hands::clapping_hands::clapping_hands:
2022-01-07 20:52:36,ハンニバル,おｼﾞｬ魔女ｶｰﾆﾊﾞﾙ！！おねがいします
2022-01-07 20:52:48,ヒノモトきょう,これすき
2022-01-07 20:52:49,たこやきさらだ,きちゃああああ
2022-01-07 20:53:07,山吹秋風,いいね～
2022-01-07 20:53:59,シノ,すき〜
2022-01-07 20:54:05,デクロボ,:musical_notes::baby::musical_notes:
2022-01-07 20:54:20,foxですよ,草
2022-01-07 20:54:23,シノ,あいやいや
2022-01-07 20:54:26,Sally Sally,こんだう　歌うのちゅきねぇ〜　でも喉はいたわってくれよ
2022-01-07 20:54:31,キル,:clapping_hands::clapping_hands::clapping_hands::clapping_hands:
2022-01-07 20:54:42,shion* *,ぁぃぁぃゃ
2022-01-07 20:54:56,オアシス・ゲーリー,おさーるさーんだよ
2022-01-07 20:55:05,たこやきさらだ,ありがとうございます。
2022-01-07 20:55:10,ヒノモトきょう,どーする
2022-01-07 20:55:17,星狼seirou,ないスパ！
2022-01-07 20:55:28,山吹秋風,ああ＾～テンションあがるんじゃ＾～
2022-01-07 20:55:32,ヒノモトきょう,ないすぱ
2022-01-07 20:55:34,シノ,かわいいねえ
2022-01-07 20:55:37,キル,ナイスパー
2022-01-07 20:55:38,山吹秋風,ないスパ
2022-01-07 20:55:39,ネクラマンサー,懐かしいなｗ
2022-01-07 20:55:50,ハンニバル,:clapping_hands::clapping_hands::clapping_hands:
2022-01-07 20:55:50,オアシス・ゲーリー,ゲイツが見える...
2022-01-07 20:55:55,foxですよ,ないすぱーｗ
2022-01-07 20:56:03,山吹秋風,はい！はい！はい！はい！
2022-01-07 20:56:18,ドンブリ感情,おジャ魔女バブみ
2022-01-07 20:56:24,一眼レフ,:clapping_hands::clapping_hands::clapping_hands::clapping_hands:
2022-01-07 20:56:25,冥土,ないすぱ
2022-01-07 20:56:29,kinakopan H,ああ、ゲイツのダンスのやつかw
2022-01-07 20:56:34,Sally Sally,はしゃいーでおぎゃって歌っちゃってー！
2022-01-07 20:56:40,山吹秋風,バブみを感じる
2022-01-07 20:56:47,デクロボ,草
2022-01-07 20:56:50,星狼seirou,きんたまw
2022-01-07 20:56:50,一眼レフ,？？？
2022-01-07 20:56:51,ハンニバル,十八番にしよう
2022-01-07 20:56:51,たこやきさらだ,バブみwwwあってる
2022-01-07 20:56:53,foxですよ,金玉どうする？？？
2022-01-07 20:56:54,冥土,草
2022-01-07 20:56:57,山吹秋風,草
2022-01-07 20:57:14,ドンブリ感情,今日はきんたまきらきら金曜日
2022-01-07 20:57:28,山吹秋風,はい！はい！はい！はい！
2022-01-07 20:57:28,Ganon,ゲイツ
2022-01-07 20:57:39,オアシス・ゲーリー,金玉w
2022-01-07 20:57:53,おざわゆうき,今日のバブちゃんも可愛い
2022-01-07 20:57:58,Ganon,:clapping_hands:
2022-01-07 20:58:05,ヒノモトきょう,やっぱゲイツ思い出すよなぁ
2022-01-07 20:58:14,冥土,はい！はい！はい！はい！
2022-01-07 20:58:19,ドンブリ感情,アレアレおじさん♪
2022-01-07 20:58:28,山吹秋風,いいね～
2022-01-07 20:58:34,おざわゆうき,これは十八番にしてほしい
2022-01-07 20:58:36,惰性石器,金曜日
2022-01-07 20:58:38,フェレお(フィニッシュ!),バブちゃん3000人おめでとう！
2022-01-07 20:58:39,おざわゆうき,いいね～
2022-01-07 20:58:40,冥土,オハコの金玉w
2022-01-07 20:58:40,一眼レフ,年中無休金玉
2022-01-07 20:58:43,4161きんた,:clapping_hands::clapping_hands::clapping_hands::clapping_hands::clapping_hands:
2022-01-07 20:58:48,おざわゆうき,え～、なんだっけー？
2022-01-07 20:58:53,foxですよ,いっぱいの日？
2022-01-07 20:58:57,山吹秋風,新しい人が入るんだっけ？
2022-01-07 20:58:58,デクロボ,なんだろ
2022-01-07 20:59:09,foxですよ,はやいはやいｗ
2022-01-07 20:59:14,キル,ナイスパー
2022-01-07 20:59:24,フェレお(フィニッシュ!),1万人は草
2022-01-07 20:59:25,山吹秋風,ないスパ
2022-01-07 20:59:26,惰性石器,もっと吸っていけ
2022-01-07 20:59:26,もさ,一万円要求したかと思ったw
2022-01-07 20:59:33,4161きんた,えべっさんの前の日
2022-01-07 20:59:45,Ganon,深層組めっちゃ増えるやん
2022-01-07 20:59:45,フェレお(フィニッシュ!),楽しみですねー！
2022-01-07 20:59:46,シノ,楽しみだねえ！
2022-01-07 20:59:47,ハンニバル,何時からだっけ
2022-01-07 20:59:51,おざわゆうき,バブちゃん仲間かな？
2022-01-07 20:59:57,冥土,草
2022-01-07 21:00:03,山吹秋風,お？強欲かな？
2022-01-07 21:00:11,ネクラマンサー,銭に溺れた赤子ｗｗ
2022-01-07 21:00:11,Ganon,踊る赤ちゃん人間
2022-01-07 21:00:15,冥土,なまほしちゃんみがあるw
2022-01-07 21:00:18,オアシス・ゲーリー,甘い蜜吸っても後鼻漏は落ちない
2022-01-07 21:00:19,山吹秋風,20時だった希ガス
2022-01-07 21:00:21,foxですよ,さっきＤＷＵがツイートしてたで
2022-01-07 21:00:36,デクロボ,はーい
2022-01-07 21:00:37,shion* *,たのしみね
2022-01-07 21:00:41,シノ,絶対観る！
2022-01-07 21:00:59,Ganon,ばぶちゃん司会うまいよね
2022-01-07 21:01:00,冥土,楽しみ
2022-01-07 21:01:10,キル,てことは、明日のバブちゃんの配信はお休み？？
2022-01-07 21:01:12,山吹秋風,リアたいで見に行きたいが仕事が終わるか（白目
2022-01-07 21:01:12,4161きんた,どんな子だろ〜？
2022-01-07 21:01:17,ハンニバル,飲み物飲む音好き
2022-01-07 21:01:18,シノ,油だな
2022-01-07 21:01:23,星狼seirou,旨いもの食べると調子良くなりますよね
2022-01-07 21:01:28,ヒノモトきょう,ぜってー見てくれよな
2022-01-07 21:01:47,山吹秋風,おお
2022-01-07 21:01:55,わろりんぬ・,こんだう～
2022-01-07 21:01:55,4161きんた,オリーブオイル少量飲むといいみたい
2022-01-07 21:02:00,星狼seirou,草
2022-01-07 21:02:02,ハンニバル,横浜家系ラーメン風邪引いた時に食うと治るって聞いたわ
2022-01-07 21:02:06,foxですよ,はーい！
2022-01-07 21:02:10,惰性石器,草
2022-01-07 21:02:11,山吹秋風,オッス
2022-01-07 21:02:22,一眼レフ,見ないと風穴
2022-01-07 21:02:27,ネクラマンサー,新たなパワハラ被害者が！！
2022-01-07 21:03:02,オアシス・ゲーリー,脅すな
2022-01-07 21:03:03,山吹秋風,ゴマ油でもいいが濃いからね
2022-01-07 21:03:04,コロ助,はーぃ！
2022-01-07 21:03:05,foxですよ,アリア草
2022-01-07 21:03:11,おざわゆうき,家系だと町田商店がおススメ
2022-01-07 21:03:18,ヒノモトきょう,アリアか
2022-01-07 21:03:28,Ganon,プリケツだぁ……
2022-01-07 21:03:28,山吹秋風,痛そう
2022-01-07 21:03:29,ハンニバル,脂取らないと顔が粉ふくらしいゾ…
2022-01-07 21:03:31,4161きんた,ゴマ油だと口の中が中華になるww
2022-01-07 21:04:24,オアシス・ゲーリー,風邪のひき始めはお腹膨れるほど食べると治りが早いな俺は
2022-01-07 21:04:26,シノ,個室でも無理？
2022-01-07 21:04:56,たこやきさらだ,一蘭なら女性でもいきやすいかも、自分は一蘭の麺がきらいだけどwww
2022-01-07 21:05:03,ネクラマンサー,ｗｗｗ
2022-01-07 21:05:05,冥土,グーw
2022-01-07 21:05:07,一眼レフ,きいちゃった
2022-01-07 21:05:14,惰性石器,ｗ
2022-01-07 21:05:16,kinakopan H,聞こえた
2022-01-07 21:05:17,コロ助,オリーブオイルならイタリアン
2022-01-07 21:05:32,シノ,喉に何か飼ってる
2022-01-07 21:05:34,4161きんた,お腹の音かと思った
2022-01-07 21:05:37,ドンブリ感情,スープ福岡の工場でつくってるんじゃないのか
2022-01-07 21:05:37,おざわゆうき,福岡が一番うまいのは間違いないと思う
2022-01-07 21:05:38,一眼レフ,一蘭は高い
2022-01-07 21:05:40,たこやきさらだ,わかる
2022-01-07 21:05:42,オアシス・ゲーリー,コロナ対策しながら中華屋味わえてお得
2022-01-07 21:05:44,キル,地域によって味違うんだー
2022-01-07 21:05:44,kawa kumo,わかる！
2022-01-07 21:06:10,山吹秋風,一蘭ちょこちょこ値上げしてるのがねー
2022-01-07 21:06:18,デクロボ,へー
2022-01-07 21:06:32,4161きんた,福岡の一蘭で箱の器のラーメン食べたことある
2022-01-07 21:06:38,もさ,出張で博多に行って敢えてうどんを食べた俺
2022-01-07 21:06:38,kawa kumo,臭いがね
2022-01-07 21:06:40,O 2,いい音こんだうー
2022-01-07 21:06:45,一眼レフ,くくくー
2022-01-07 21:06:48,ヒノモトきょう,のど鳴りまくり
2022-01-07 21:06:52,ハンニバル,一蘭のカップ麺高い
2022-01-07 21:06:53,山吹秋風,喉に宇宙人は草
2022-01-07 21:06:54,ゆきふりうさぎ,めっちゃ水のむやんｗ
2022-01-07 21:06:58,オアシス・ゲーリー,一蘭行くなら家系ラーメン選ぶかな
2022-01-07 21:07:08,kawa kumo,福岡はうどん県
2022-01-07 21:07:10,おざわゆうき,ひでちゃんって、通販で買えるんだね
2022-01-07 21:07:13,もさ,大地とか
2022-01-07 21:07:14,ドンブリ感情,やわやわのうどんね
2022-01-07 21:07:36,もさ,牧の行ったから、次は資さん行こうかなと
2022-01-07 21:07:50,おざわゆうき,ガストで何が好き～？
2022-01-07 21:08:05,もさ,どんだけぇ〜
2022-01-07 21:08:26,ドンブリ感情,たべたーい
2022-01-07 21:08:45,O 2,スープが泡立ってる(ﾟДﾟ;)!?
2022-01-07 21:08:54,おざわゆうき,ジョイフルわかるよー
2022-01-07 21:08:54,シノ,解釈一致
2022-01-07 21:08:58,キル,ジョイフルわかるよー
2022-01-07 21:09:09,ヒノモトきょう,ポキモン
2022-01-07 21:09:15,オアシス・ゲーリー,ジョイフル近くにあるけと行った事ないや
2022-01-07 21:09:15,ドンブリ感情,ジョイフル都内にはある
2022-01-07 21:09:18,一眼レフ,撲殺天使
2022-01-07 21:10:11,ハンニバル,じゃない、ジョイフル近場にあったけどなくなっちゃった
2022-01-07 21:10:20,おざわゆうき,ジョイフルって本社が大分県にあるんだ
2022-01-07 21:10:21,山吹秋風,ぴぴるぴー
2022-01-07 21:10:30,おざわゆうき,ジョイフルって関西圏のイメージだった
2022-01-07 21:10:46,わろりんぬ・,大分は地元
2022-01-07 21:10:52,たこやきさらだ,大分の会社だしねジョイフル
2022-01-07 21:11:05,シノ,草
2022-01-07 21:11:07,オアシス・ゲーリー,ぱんちぃ
2022-01-07 21:11:13,ドンブリ感情,大分といえばめじろん
2022-01-07 21:11:17,惰性石器,かわいい
2022-01-07 21:11:20,MOKKA,草
2022-01-07 21:11:20,山吹秋風,草
2022-01-07 21:11:21,ヒノモトきょう,なんて？
2022-01-07 21:11:30,たこやきさらだ,おねーさんごえありがとうございます。
2022-01-07 21:11:31,キル,これポケモンの歌なんだ
2022-01-07 21:11:33,ハンニバル,ハンバーグ持ち帰りで一回買っただけで終わってしまった
2022-01-07 21:11:39,山吹秋風,草
2022-01-07 21:11:42,オアシス・ゲーリー,ローカルネタやな
2022-01-07 21:11:42,ドンブリ感情,めじろん汚染だ！
2022-01-07 21:11:44,冥土,草
2022-01-07 21:11:46,kawa kumo,目白？
2022-01-07 21:11:50,O 2,どゆこと？w
2022-01-07 21:11:52,一眼レフ,とべとべつちのこ←
2022-01-07 21:11:53,たこやきさらだ,めじろんわかんねーーw
2022-01-07 21:11:54,ハンニバル,松本梨香さんのやつか
2022-01-07 21:12:07,山吹秋風,なにわろ
2022-01-07 21:12:22,キル,赤ちゃんなのに日本の未来のことまで考えてるなんてすごい！！
2022-01-07 21:12:53,ハンニバル,90年代感をひしひしと感じる
2022-01-07 21:13:03,オアシス・ゲーリー,たけしのお姉さんの曲面白かったな
2022-01-07 21:13:05,Ganon,OS宇宙人
2022-01-07 21:13:23,ドンブリ感情,クリーピーナッツ
2022-01-07 21:13:38,ヒノモトきょう,藤和エリオやん
2022-01-07 21:13:44,シノ,OS宇宙人嬉しいやったー！
2022-01-07 21:13:52,ハンニバル,これすき
2022-01-07 21:13:52,一眼レフ,中退バブちゃんにはピッタリ
2022-01-07 21:14:01,ドンブリ感情,ほぼ本家で草
2022-01-07 21:14:02,ヒノモトきょう,サラミあげる～
2022-01-07 21:14:16,ハンニバル,めっちゃ合うじゃん
2022-01-07 21:14:18,シノ,かわいい〜〜〜！！！
2022-01-07 21:14:21,Ganon,あぶねぇ！
2022-01-07 21:14:23,キル,そうなの？？ww
2022-01-07 21:14:28,冥土,藤和さんに採用された人は違うわ
2022-01-07 21:14:35,山吹秋風,草
2022-01-07 21:14:40,ハンニバル,おジャ魔女カーニバル並みに親和性ある
2022-01-07 21:14:46,シノ,それはまずいが
2022-01-07 21:14:50,おざわゆうき,CDのオケだと隣接権がうるさいからねぇ
2022-01-07 21:14:54,ドンブリ感情,音源ながすと著作権者に収益が自動でいっちゃう
2022-01-07 21:14:56,ハンニバル,やっちまったなー？
2022-01-07 21:15:13,もさ,ダメですw
2022-01-07 21:15:31,シノ,他の音源ないかな？
2022-01-07 21:15:36,ドンブリ感情,さすが深層ベイビー
2022-01-07 21:16:02,冥土,地雷原ダッシュ中
2022-01-07 21:16:21,キル,♪♪♪♪♪♪
2022-01-07 21:16:24,4161きんた,セバス:anxious_face_with_sweat:
2022-01-07 21:16:28,ハンニバル,限界だ！押すね！
2022-01-07 21:16:39,ドンブリ感情,あなたは煙草　私はシャボン　声に合いそう
2022-01-07 21:16:45,シノ,草
2022-01-07 21:17:13,キル,アクエリオンは知ってるー
2022-01-07 21:17:21,ヒノモトきょう,合体（）
2022-01-07 21:17:29,山吹秋風,いいね～
2022-01-07 21:17:45,4161きんた,パチで初めて知った曲
2022-01-07 21:17:47,ドンブリ感情,1万年と2千年前から＃おぎゃみてる
2022-01-07 21:17:58,キル,:musical_notes:
2022-01-07 21:17:58,冥土,愛してるぅぅぅ！
2022-01-07 21:17:58,shion* *,愛してるううううううううう
2022-01-07 21:18:02,おざわゆうき,あいしてるー
2022-01-07 21:18:05,オアシス・ゲーリー,お嬢はこの曲よく知ってそう
2022-01-07 21:18:07,kawa kumo,あいしてる～
2022-01-07 21:18:12,山吹秋風,あいしてるうううう
2022-01-07 21:18:16,キル,♩♩♩♩
2022-01-07 21:18:19,冥土,愛してるぅぅぅ！
2022-01-07 21:18:29,おざわゆうき,名曲～
2022-01-07 21:18:31,冥土,:musical_notes::baby::musical_notes:
2022-01-07 21:18:37,おざわゆうき,組曲めっちゃききたい！
2022-01-07 21:18:42,シノ,いいね
2022-01-07 21:18:43,ヒノモトきょう,流星群
2022-01-07 21:18:45,無職,こんだう！
2022-01-07 21:18:51,ハンニバル,小城夜みるく誕生！小城夜みるく誕生！
2022-01-07 21:18:52,kawa kumo,懐かしい
2022-01-07 21:19:06,山吹秋風,組曲いいね！
2022-01-07 21:19:12,オアシス・ゲーリー,ニコニコ動画まだ生きてたのか
2022-01-07 21:19:57,おざわゆうき,懐かしい～
2022-01-07 21:20:21,ヒノモトきょう,これ全部デスノートのやつよく見てたわ
2022-01-07 21:20:41,ネクラマンサー,ニコ動！？くたばったはずじゃ！？
2022-01-07 21:20:48,ヒノモトきょう,あんこ入りパスタライス♪
2022-01-07 21:20:54,オアシス・ゲーリー,パスタライス
2022-01-07 21:20:56,キル,菓子がないのは困るー
2022-01-07 21:21:02,山吹秋風,残念だったな、トリックだよ
2022-01-07 21:21:07,おざわゆうき,めっちゃかわいい～:face_with_tears_of_joy:
2022-01-07 21:21:21,ヒノモトきょう,寝逃げでリセット
2022-01-07 21:21:37,N M,なつかしい曲が
2022-01-07 21:21:52,ヒノモトきょう,こじか
2022-01-07 21:22:05,ヒノモトきょう,グルメレース
2022-01-07 21:22:23,惰性石器,ヤンマーニ
2022-01-07 21:22:36,ヒノモトきょう,チーターマン
2022-01-07 21:22:43,おざわゆうき,いくらでも待つよ～
2022-01-07 21:22:46,惰性石器,この俺こそチーターマン
2022-01-07 21:22:57,ヒノモトきょう,ろいつま～
2022-01-07 21:23:02,シノ,可愛いwww
2022-01-07 21:23:05,山吹秋風,フィランド！
2022-01-07 21:23:10,惰性石器,やらないか
2022-01-07 21:23:14,いすといすと,にににんにんに
2022-01-07 21:23:16,おざわゆうき,えっ
2022-01-07 21:23:18,山吹秋風,！？
2022-01-07 21:23:19,もさ,思いは？
2022-01-07 21:23:20,N M,ｗｗｗ
2022-01-07 21:23:22,ゆきふりうさぎ,草
2022-01-07 21:23:22,オアシス・ゲーリー,やらないか:male_sign:
2022-01-07 21:23:23,もさ,なにーー？？
2022-01-07 21:23:24,ヒノモトきょう,えっ
2022-01-07 21:23:27,無職,草
2022-01-07 21:23:27,冥土,止められなくなかったw
2022-01-07 21:23:31,いすといすと,バラライカの霊圧が消えた
2022-01-07 21:23:34,ゆきふりうさぎ,とめられた思いｗ
2022-01-07 21:23:48,ネクラマンサー,ニコ動！お前っ！読み込みがっ！！
2022-01-07 21:24:00,ヒノモトきょう,なつかしすぎて泣いてる
2022-01-07 21:24:03,おざわゆうき,神曲連発
2022-01-07 21:24:12,おざわゆうき,ばぶちゃんに合ってる！
2022-01-07 21:24:56,ヒノモトきょう,エアーマンなっつ
2022-01-07 21:24:59,山吹秋風,エアーマンなつか
2022-01-07 21:25:07,冥土,エアーマン
2022-01-07 21:25:14,惰性石器,エアーマンが倒せない
2022-01-07 21:25:17,ゲムタ,エアーマンが倒せない
2022-01-07 21:25:55,ヒノモトきょう,だんご大家族だけでも歌ってほしいな、合いそう
2022-01-07 21:25:59,ゲムタ,ロックマン2のステージボス
2022-01-07 21:26:08,おざわゆうき,わからないのは飛ばしてだいじょうぶ！
2022-01-07 21:26:15,おざわゆうき,わかるところだけ歌って～！
2022-01-07 21:26:21,シノ,御意ばぶ
2022-01-07 21:26:36,ハンニバル,モンハンにちなんでカムラ祓え歌とか
2022-01-07 21:26:45,ヒノモトきょう,長門は俺の嫁
2022-01-07 21:26:52,おざわゆうき,you
2022-01-07 21:26:57,ゴーストゆっくり,なついな
2022-01-07 21:27:17,おざわゆうき,かわいい～
2022-01-07 21:27:26,湯葉,古の歌じゃん
2022-01-07 21:27:33,よしを,なつすぎて涙出る
2022-01-07 21:27:36,冥土,魔理沙なつい
2022-01-07 21:27:42,ウルトラアル中マン,なっつ
2022-01-07 21:27:51,シノ,合ってるねえ
2022-01-07 21:28:09,おざわゆうき,めちゃめちゃ合ってる～
2022-01-07 21:28:25,ヒノモトきょう,お嫁にしなさい
2022-01-07 21:28:28,おざわゆうき,おくせんまーん！
2022-01-07 21:28:32,ゴーストゆっくり,わかんなくて当然なんだよな
2022-01-07 21:28:37,cheruno,なっつ
2022-01-07 21:28:38,惰性石器,お嫁にしなさい
2022-01-07 21:28:50,pasta,組曲だっけ？なっつ
2022-01-07 21:28:59,おざわゆうき,ハルヒ
2022-01-07 21:29:00,惰性石器,おｎにー！
2022-01-07 21:29:14,銀次,懐かしい
2022-01-07 21:29:17,冥土,草
2022-01-07 21:29:22,おざわゆうき,歌える方をｗ
2022-01-07 21:29:33,おゆ,:woman_dancing::baby_bottle:
2022-01-07 21:29:34,ゲムタ,ハルヒ
2022-01-07 21:29:50,惰性石器,昆布だしｗ
2022-01-07 21:29:57,おざわゆうき,えーりんえーりん
2022-01-07 21:30:06,ヒノモトきょう,りとばす～
2022-01-07 21:30:23,シノ,かわいい
2022-01-07 21:30:58,おざわゆうき,とかちつくちて
2022-01-07 21:30:59,山吹秋風,とかしつくちて
2022-01-07 21:31:09,シノ,とかちつくちて
2022-01-07 21:31:40,おざわゆうき,きしめーん
2022-01-07 21:31:44,shion* *,きしめえええん
2022-01-07 21:31:46,kawa kumo,きしめん
2022-01-07 21:31:49,ヤス,かわいいたけ
2022-01-07 21:32:07,O 2,葉っぱ隊w
2022-01-07 21:32:10,ヒノモトきょう,みっくみくにしてやんよ
2022-01-07 21:32:12,おざわゆうき,みっくみっくにしてやんよー
2022-01-07 21:32:19,冥土,みっくみく
2022-01-07 21:32:20,ゴーストゆっくり,ニコ動出身だったかる懐かしい
2022-01-07 21:32:22,kawa kumo,してやんよ
2022-01-07 21:32:44,デクロボ,:musical_notes::ghost::musical_notes:
2022-01-07 21:32:47,おざわゆうき,ニコ動で育ってきた民には最高に刺さる
2022-01-07 21:32:58,よしを,れっつごー！
2022-01-07 21:33:01,冥土,陰陽師
2022-01-07 21:33:04,銀次,草
2022-01-07 21:33:16,惰性石器,ぷよぷよするなぁ！
2022-01-07 21:33:27,おざわゆうき,首振ってるだけでもかわいいｗ
2022-01-07 21:33:37,おざわゆうき,悪霊退散悪霊退散
2022-01-07 21:33:49,おざわゆうき,陰陽師～
2022-01-07 21:33:52,ゴーストゆっくり,:clapping_hands::clapping_hands::clapping_hands::clapping_hands:
2022-01-07 21:33:56,はらだいこ,お上手！
2022-01-07 21:34:00,おざわゆうき,めちゃめちゃかわいい！
2022-01-07 21:34:03,O 2,:clapping_hands::clapping_hands::clapping_hands::clapping_hands::clapping_hands::clapping_hands:
2022-01-07 21:34:04,おざわゆうき,お上手！！！
2022-01-07 21:34:04,冥土,:clapping_hands::clapping_hands::clapping_hands::clapping_hands:
2022-01-07 21:34:06,銀次,88888
2022-01-07 21:34:06,にゃっき,:clapping_hands::clapping_hands::clapping_hands::clapping_hands::clapping_hands::clapping_hands::clapping_hands::clapping_hands::clapping_hands::clapping_hands:
2022-01-07 21:34:08,無職,:clapping_hands::clapping_hands::clapping_hands::clapping_hands:
2022-01-07 21:34:09,ウルトラアル中マン,８８８８８８８８８
2022-01-07 21:34:12,ネクラマンサー,８８８８
2022-01-07 21:34:14,よしを,８８８８８８
2022-01-07 21:34:16,牛丼屋の常連,:clapping_hands::clapping_hands::clapping_hands::clapping_hands:
2022-01-07 21:34:17,おもり,:clapping_hands::clapping_hands::clapping_hands::clapping_hands::clapping_hands::clapping_hands:
2022-01-07 21:34:18,葉沼イチロウ,:clapping_hands::clapping_hands::clapping_hands::clapping_hands::clapping_hands:
2022-01-07 21:34:21,おざわゆうき,:clapping_hands::clapping_hands::clapping_hands::clapping_hands::clapping_hands::clapping_hands::clapping_hands::clapping_hands::clapping_hands::clapping_hands::clapping_hands::clapping_hands:
2022-01-07 21:34:35,錨草団長,８８８８８８８８
2022-01-07 21:34:35,おゆ,:clapping_hands::clapping_hands::clapping_hands::clapping_hands::clapping_hands::clapping_hands:
2022-01-07 21:34:35,山吹秋風,８８８８８
2022-01-07 21:34:37,名無し,:clapping_hands::clapping_hands::clapping_hands::clapping_hands::clapping_hands::clapping_hands:
2022-01-07 21:34:39,デクロボ,:clapping_hands::clapping_hands::clapping_hands::clapping_hands:
2022-01-07 21:34:40,おざわゆうき,神だったわ～
2022-01-07 21:34:40,ふるべび,:baby_bottle:
2022-01-07 21:34:41,シズレ,:clapping_hands::clapping_hands::clapping_hands:
2022-01-07 21:34:44,ヤス,:clapping_hands::clapping_hands::clapping_hands::clapping_hands::clapping_hands::clapping_hands:
2022-01-07 21:34:45,牛丼屋の常連,聞き入ってた
2022-01-07 21:34:48,しゅん,:clapping_hands::clapping_hands::clapping_hands::clapping_hands::clapping_hands::clapping_hands::clapping_hands:
2022-01-07 21:35:11,4161きんた,:clapping_hands::clapping_hands::clapping_hands::clapping_hands::clapping_hands:
2022-01-07 21:35:12,にゃっき,にーこ
2022-01-07 21:35:17,O 2,ニー
2022-01-07 21:35:42,ふるべび,手数料を引くと1000円です
2022-01-07 21:35:47,おざわゆうき,めちゃめちゃ良かったよ～！
2022-01-07 21:36:24,おざわゆうき,アップルにいっぱい持っていかれるｗ
2022-01-07 21:36:34,ハナウタにゃんこ,初見だう～ポカポカですとろい動画から来ました
2022-01-07 21:36:36,shion* *,深刻なエラーが発生しました
2022-01-07 21:36:43,にゃっき,プロスパチャじゃん
2022-01-07 21:37:02,櫻咲,そりゃポカポカかわいいもん
2022-01-07 21:37:56,冥土,毛根な時間ですね
2022-01-07 21:38:40,おゆ,モンハンXのだ！
2022-01-07 21:39:00,名無し,懐かしいなあ
2022-01-07 21:39:15,おゆ,んんんんんん〜かわいい
2022-01-07 21:39:24,さとし,かわいい
2022-01-07 21:39:25,ヒノモトきょう,えっ
2022-01-07 21:39:25,shion* *,強制終了？ｗ
2022-01-07 21:39:25,にゃっき,ん？
2022-01-07 21:39:28,おゆ,え？
2022-01-07 21:39:28,おざわゆうき,止まった
2022-01-07 21:39:33,銀次,？
2022-01-07 21:39:33,O 2,？w
2022-01-07 21:39:33,蘇我邇,おうたかわいいばぶ
2022-01-07 21:39:42,おざわゆうき,にゃんにゃん
2022-01-07 21:39:44,名無し,かわいい
2022-01-07 21:39:45,にゃっき,にゃんにゃんたすかる
2022-01-07 21:39:48,ネクラマンサー,CPU君迫真の処理停止説
2022-01-07 21:39:52,ハナウタにゃんこ,自由すぎる歌枠楽しすぎるw高評価チャンネル登録しました
2022-01-07 21:39:56,おざわゆうき,ばぶちゃんのうたごえ可愛すぎる～
2022-01-07 21:40:17,おざわゆうき,高く評価をポチっ
2022-01-07 21:40:23,ネクラマンサー,意外と余裕あったｗｗ
2022-01-07 21:40:29,ウルトラアル中マン,70ならまあまあ
2022-01-07 21:40:43,櫻咲,70越えもなかなか・・・
2022-01-07 21:41:01,キル,ぐー
2022-01-07 21:41:03,冥土,判断が早い赤ちゃんw
2022-01-07 21:41:12,4161きんた,ゲーム全クリしたの見たことないw
2022-01-07 21:41:32,にゃっき,だんご
2022-01-07 21:41:37,おざわゆうき,団子大家族！
2022-01-07 21:41:39,櫻咲,だんごだんごだんごだんごだんご
2022-01-07 21:41:41,眞空,だんごー
2022-01-07 21:41:41,おざわゆうき,クラナド～
2022-01-07 21:41:42,牛丼屋の常連,これ聞くと自然と涙でる
2022-01-07 21:41:43,tanikami,だんご三兄弟〜
2022-01-07 21:41:44,さとし,クラナドは人生
2022-01-07 21:41:44,銀次,凄い懐かしい
2022-01-07 21:41:45,なー＊,かわいい…
2022-01-07 21:41:54,おざわゆうき,あかんて～
2022-01-07 21:41:56,ヒノモトきょう,クラナドは人生
2022-01-07 21:41:56,デクロボ,:musical_notes::dango::musical_notes:
2022-01-07 21:42:03,にゃっき,w
2022-01-07 21:42:11,キル,ありがとー
2022-01-07 21:42:18,おざわゆうき,なんかエコー入ってる？
2022-01-07 21:42:18,O 2,斬新なエコーw
2022-01-07 21:42:19,たこやきさらだ,いや良い感じよ
2022-01-07 21:42:27,キル,俺はちょうどよく聞こえるけど
2022-01-07 21:42:29,4161きんた,ばぶちゃん2人？
2022-01-07 21:42:32,牛丼屋の常連,ちょうどいいと思うけど
2022-01-07 21:42:33,無職,普通に良く聞こえるが？
2022-01-07 21:42:35,ハナウタにゃんこ,ちょうどいいよ
2022-01-07 21:42:36,なまほしちゃん,いい感じだよ
2022-01-07 21:42:41,おざわゆうき,ちょうどいいよー
2022-01-07 21:42:43,たこやきさらだ,エコーバック凄いねw
2022-01-07 21:42:46,おもり,ちょうどいいよ
2022-01-07 21:42:49,4161きんた,音量は問題ない
2022-01-07 21:42:50,冥土,いいぐらい
2022-01-07 21:42:53,ドンブリ感情,りばーぶ
2022-01-07 21:42:54,山吹秋風,ちょうどいい
2022-01-07 21:42:56,櫻咲,ダブルばぶちゃん最高
2022-01-07 21:42:56,牛丼屋の常連,なまほしちゃんもよう見とる
2022-01-07 21:43:02,てぃろ,:baby_bottle:
2022-01-07 21:43:25,たこやきさらだ,あ、エコーバックは配信確認したからかw
2022-01-07 21:43:25,ネクラマンサー,記憶が！？
2022-01-07 21:43:30,キル,ちょうど良い:ok_hand:
2022-01-07 21:43:36,tanikami,弥勒代
2022-01-07 21:43:38,にゃっき,いいね
2022-01-07 21:43:38,キル,ナイスパー
2022-01-07 21:43:38,おざわゆうき,おー！神曲！！！
2022-01-07 21:43:41,櫻咲,:cherry_blossom:
2022-01-07 21:43:42,おざわゆうき,キタコレ
2022-01-07 21:43:43,惰性石器,いいエンディング
2022-01-07 21:43:46,さとし,CCさくらは人生ブレイカー
2022-01-07 21:43:47,おざわゆうき,:clapping_hands:
2022-01-07 21:43:47,キル,なつー
2022-01-07 21:43:53,てぃろ,:musical_notes::microphone::baby::baby_bottle::musical_notes:
2022-01-07 21:43:58,デクロボ,:musical_notes::cherry_blossom::musical_notes:
2022-01-07 21:44:05,はらだいこ,さくらちゃーん！
2022-01-07 21:44:16,たこやきさらだ,これは少女バブ様でとても良い
2022-01-07 21:44:22,ドンブリ感情,ほえ～＞＜
2022-01-07 21:44:25,名無し,世代ばれる
2022-01-07 21:44:25,櫻咲,こっちを向いて好きだと言って:heart_with_arrow:
2022-01-07 21:44:28,ヒノモトきょう,まって～
2022-01-07 21:44:33,ネクラマンサー,当時裏番組だったウルトラマンティガが見たくて妹と喧嘩した記憶
2022-01-07 21:44:33,牛丼屋の常連,なっつ
2022-01-07 21:44:42,キル,♪♪♪♪
2022-01-07 21:44:45,北海道はアイヌ民族のものではない,:baby_bottle:
2022-01-07 21:44:45,おざわゆうき,かわいい～
2022-01-07 21:44:57,キル,:clapping_hands::clapping_hands::clapping_hands::clapping_hands:
2022-01-07 21:45:26,キル,:cherry_blossom::cherry_blossom::cherry_blossom::cherry_blossom:
2022-01-07 21:45:36,シノ,かわいい
2022-01-07 21:45:40,ドンブリ感情,:cherry_blossom::baby::cherry_blossom::baby_bottle::cherry_blossom::baby::cherry_blossom::baby_bottle::cherry_blossom::baby::cherry_blossom::baby_bottle::cherry_blossom::baby::cherry_blossom::baby_bottle::cherry_blossom::baby::cherry_blossom::baby_bottle:
2022-01-07 21:45:40,てぃろ,:sparkles::red_heart::baby::red_heart::sparkles:
2022-01-07 21:45:41,にゃんにゃん,んなあああああああ
2022-01-07 21:45:45,空,かわいい
2022-01-07 21:45:52,にゃっき,かわちい
2022-01-07 21:45:53,さとし,ふにゃふにゃ
2022-01-07 21:45:56,ハナウタにゃんこ,かわいいー:smiling_cat_with_heart_eyes::smiling_cat_with_heart_eyes::smiling_cat_with_heart_eyes:
2022-01-07 21:45:57,キル,:clapping_hands::clapping_hands::clapping_hands::clapping_hands:
2022-01-07 21:46:12,櫻咲,歌詞ちゃんと出して:anger_symbol:ばぶちゃんが歌えないじゃん:anger_symbol:
2022-01-07 21:46:29,ハンニバル,:heart_suit:
2022-01-07 21:46:32,おざわゆうき,:clapping_hands:
2022-01-07 21:46:51,櫻咲,:clapping_hands::clapping_hands::clapping_hands::clapping_hands::clapping_hands::clapping_hands::clapping_hands:
2022-01-07 21:46:54,おざわゆうき,:clapping_hands::clapping_hands::clapping_hands::clapping_hands::clapping_hands::clapping_hands::clapping_hands:
2022-01-07 21:46:58,ドンブリ感情,一蘭一蘭一蘭一蘭♪
2022-01-07 21:47:02,キル,:clapping_hands::clapping_hands::clapping_hands::clapping_hands::clapping_hands::clapping_hands::clapping_hands:
2022-01-07 21:47:06,てぃろ,:clapping_hands::clapping_hands::clapping_hands::clapping_hands::clapping_hands:
2022-01-07 21:47:06,ウルトラアル中マン,８８８８８８８
2022-01-07 21:47:07,牛丼屋の常連,:clapping_hands::clapping_hands::clapping_hands::clapping_hands:
2022-01-07 21:47:07,無職,:clapping_hands::clapping_hands::clapping_hands::clapping_hands:
2022-01-07 21:47:07,おざわゆうき,今日もとってもかわいかった～
2022-01-07 21:47:08,tanikami,ばぶう〜
2022-01-07 21:47:10,4161きんた,:clapping_hands::clapping_hands::clapping_hands::clapping_hands::clapping_hands:
2022-01-07 21:47:10,冥土,:clapping_hands::clapping_hands::clapping_hands::clapping_hands::clapping_hands::clapping_hands::clapping_hands::clapping_hands:
2022-01-07 21:47:11,ネクラマンサー,8888、おつだうー
2022-01-07 21:47:13,おざわゆうき,おつばぶ～
2022-01-07 21:47:15,にゃっき,:clapping_hands::clapping_hands::clapping_hands::clapping_hands::clapping_hands::clapping_hands::clapping_hands::clapping_hands::clapping_hands::clapping_hands::clapping_hands:
2022-01-07 21:47:15,よしを,うぇーい８８８８８
2022-01-07 21:47:15,櫻咲,最の高
2022-01-07 21:47:16,4161きんた,:clapping_hands::clapping_hands::clapping_hands::clapping_hands::clapping_hands:
2022-01-07 21:47:20,おざわゆうき,おつだう～
2022-01-07 21:47:22,なー＊,ｗ
2022-01-07 21:47:23,ハナウタにゃんこ,:clapping_hands::clapping_hands::clapping_hands::clapping_hands::clapping_hands::clapping_hands::clapping_hands::clapping_hands::clapping_hands::clapping_hands:
2022-01-07 21:47:23,おざわゆうき,おー
2022-01-07 21:47:24,おもり,:clapping_hands::clapping_hands::clapping_hands::clapping_hands::clapping_hands::clapping_hands::clapping_hands::clapping_hands:
2022-01-07 21:47:28,おざわゆうき,めいきょーく！！！！
2022-01-07 21:47:27,冥土,草
2022-01-07 21:47:28,にゃっき,w
2022-01-07 21:47:28,無職,たすかる
2022-01-07 21:47:31,おざわゆうき,:clapping_hands::clapping_hands::clapping_hands:
2022-01-07 21:47:32,なー＊,最高
2022-01-07 21:47:32,キル,いいねー
2022-01-07 21:47:33,tanikami,レギュラーボーナス
2022-01-07 21:47:38,おざわゆうき,たすかる！！！
2022-01-07 21:47:38,牛丼屋の常連,おおー！
2022-01-07 21:47:43,ばら,おお
2022-01-07 21:47:45,おざわゆうき,いこいこ！
2022-01-07 21:47:46,にゃっき,マクロスさんかく
2022-01-07 21:47:48,よしを,アンコール来た！
2022-01-07 21:47:49,4161きんた,アンコールw
2022-01-07 21:47:51,櫻咲,アンコール始まった～わぁい:folded_hands:
2022-01-07 21:47:55,はらだいこ,とらいあんぐらー
2022-01-07 21:47:59,ハンニバル,上手〜
2022-01-07 21:48:04,おざわゆうき,アンコールきた！
2022-01-07 21:48:07,ネクラマンサー,セルフアンコールｗ
2022-01-07 21:48:07,ヒノモトきょう,ここまできたらライオンをデュエットするしかないなぁ
2022-01-07 21:48:13,キル,勝手に流れてくれてありがと〜:double_exclamation_mark:
2022-01-07 21:48:38,ドンブリ感情,一蘭カ・リー！
2022-01-07 21:49:00,おざわゆうき,神～！！！！
2022-01-07 21:49:19,キル,ナイスアンコール
2022-01-07 21:49:28,牛丼屋の常連,一蘭カ！！
2022-01-07 21:49:28,銀次,なるほどー
2022-01-07 21:49:29,櫻咲,福岡で食べた博多ラーメンおいしかた:raised_hand:
2022-01-07 21:49:34,ウルトラアル中マン,博多ラーメンええなあ
2022-01-07 21:49:39,にゃっき,おいしそう
2022-01-07 21:49:45,山吹秋風,紅しょうがいいぞ～！
2022-01-07 21:49:55,おざわゆうき,博多ラーメン良いなぁ～
2022-01-07 21:49:59,キル,紅しょうが大好き〜
2022-01-07 21:50:01,ハナウタにゃんこ,:steaming_bowl::steaming_bowl::steaming_bowl::steaming_bowl::steaming_bowl::steaming_bowl:
2022-01-07 21:50:03,おざわゆうき,はーいノシ
2022-01-07 21:50:05,無職,はい
2022-01-07 21:50:07,はらだいこ,博多ラーメン喰いたい
2022-01-07 21:50:11,猫揉み師きどりん,おつばぶ
2022-01-07 21:50:14,櫻咲,よ～～く伝わりました:ok_hand:
2022-01-07 21:50:14,おざわゆうき,:clapping_hands::clapping_hands::clapping_hands::clapping_hands::clapping_hands:
2022-01-07 21:50:19,さとし,離乳食はとんこつ味
2022-01-07 21:50:19,はらだいこ,おつだうー
2022-01-07 21:50:20,鯖五郎,うまかっちゃん…
2022-01-07 21:50:20,なまほしちゃん,おつだう～～～
2022-01-07 21:50:21,にゃっき,おつだう
2022-01-07 21:50:23,深海生物,バブちゃんの行きつけのラーメン屋とかあったの?
2022-01-07 21:50:24,おざわゆうき,おつだう～
2022-01-07 21:50:24,ネクラマンサー,おつだう
2022-01-07 21:50:25,shion* *,おつだうだうだう
2022-01-07 21:50:25,牛丼屋の常連,おつだうー
2022-01-07 21:50:25,よしを,おつだうー
2022-01-07 21:50:26,銀次,おつだうー
2022-01-07 21:50:26,ゆきふりうさぎ,おつだうだう
2022-01-07 21:50:27,葉沼イチロウ,おつだう
2022-01-07 21:50:27,鯖五郎,おつだうー
2022-01-07 21:50:28,惰性石器,おつだうー
2022-01-07 21:50:28,なー＊,おつだうー！
2022-01-07 21:50:29,櫻咲,おつだうばぶばぶ
2022-01-07 21:50:30,たんいモルモット,おつだうー
2022-01-07 21:50:30,湯葉,だうー
2022-01-07 21:50:30,無職,おつだうー
2022-01-07 21:50:30,2718羽ペンギン,おつだうー
2022-01-07 21:50:30,深海生物,おつだうー
2022-01-07 21:50:30,月代八朔(はっさく),おつだう〜
2022-01-07 21:50:30,ふるべび,おつだう～
2022-01-07 21:50:32,キル,おつだう〜
2022-01-07 21:50:33,ヒノモトきょう,おつだうー
2022-01-07 21:50:34,てぃろ,おつだう～
2022-01-07 21:50:34,おもり,おつだうー
2022-01-07 21:50:35,ハナウタにゃんこ,おつだうー
2022-01-07 21:50:35,ウルトラアル中マン,おつだう～！
2022-01-07 21:50:37,シノ,おつだうー！
2022-01-07 21:50:39,kawa kumo,おつだうー
2022-01-07 21:50:39,たこやきさらだ,お疲れさまでした、歌わくありがとうございました:red_heart:
2022-01-07 21:50:42,キル,なまほしちゃんもおつだう〜
2022-01-07 21:50:42,4161きんた,おつだう〜
2022-01-07 21:50:43,不詳,おつだう〜
2022-01-07 21:50:45,おざわゆうき,今日のばぶちゃんも最高だった～！
2022-01-07 21:50:52,冥土,草
2022-01-07 21:50:54,山吹秋風,おつだう～
2022-01-07 21:50:55,はらまきポン太MAX,おつだうー
