2022-01-01 14:43:00,シノ,待機
2022-01-01 15:00:20,名無し,ばぶう
2022-01-01 15:31:23,ヒノモトきょう,待機
2022-01-01 15:34:48,ウルトラアル中マン,待機バブ
2022-01-01 15:39:31,失敗作,:face_in_clouds:
2022-01-01 15:39:56,Sally Sally,ばぶ
2022-01-01 15:45:47,一眼レフ,ばぁ
2022-01-01 15:46:39,ナカ,お正月から何がはじまるの？？？？
2022-01-01 15:51:01,なな,ばぶ
2022-01-01 15:53:00,冥土,待機だうー:baby_symbol:
2022-01-01 15:55:06,メソヤマ,ばぶ
2022-01-01 15:55:09,桜,待機だう
2022-01-01 15:55:49,ココロオレル,なむなむ待機
2022-01-01 15:56:26,4161きんた,待機
2022-01-01 15:56:32,たんいモルモット,待機だう
2022-01-01 15:57:22,ココロオレル,部屋にいるお化け赤ちゃんのぴゅあなお経くらえだう！
2022-01-01 15:58:18,銀次,待機
2022-01-01 15:59:05,櫻咲,たゃう:raised_hand:
2022-01-01 15:59:11,ウルトラアル中マン,こんだう～！
2022-01-01 15:59:15,一眼レフ,なむなむ
2022-01-01 15:59:16,シノ,だう
2022-01-01 15:59:16,銀次,こんだうー
2022-01-01 15:59:19,山田初雪,なむなむ
2022-01-01 15:59:20,ココロオレル,一分早い！
2022-01-01 15:59:27,一眼レフ,こんだう〜
2022-01-01 15:59:28,ココロオレル,なむなむなむなむ
2022-01-01 15:59:29,おろしもち,こんだう
2022-01-01 15:59:29,ウルトラアル中マン,フライング赤ちゃん
2022-01-01 15:59:41,にゃっき,こん南無
2022-01-01 15:59:46,ゲムタ,こんだうー
2022-01-01 15:59:46,メソヤマ,こんだう〜
2022-01-01 15:59:49,桜,こんだう
2022-01-01 15:59:50,山本 重國 ,:banjo:は持ったぞ
2022-01-01 15:59:58,たんいモルモット,こんだうー
2022-01-01 16:00:02,ココロオレル,こんだぅぅぅ
2022-01-01 16:00:03,山本 重國 ,こんだうー
2022-01-01 16:00:07,シノ,こんだうー
2022-01-01 16:00:09,たで,こんだう
2022-01-01 16:00:11,Hoon,こんだうー
2022-01-01 16:00:14,冥土,こんだうー
2022-01-01 16:00:14,七村あすなろ,こんだうー
2022-01-01 16:00:25,ヒノモトきょう,こんだう
2022-01-01 16:00:26,名無しA,病み上がりにマックっすか
2022-01-01 16:00:27,ココロオレル,マック食べれてえらい！！
2022-01-01 16:00:28,4161きんた,こんだうー
2022-01-01 16:00:29,冥土,年明け早々に隣の部屋から赤ちゃんの般若心経聞こえてくるの想像したら怖すぎて笑うw
2022-01-01 16:00:30,櫻咲,エコーおｋ
2022-01-01 16:00:38,山本 重國 ,病み上がりなのに地味に胃に辛いものをw
2022-01-01 16:00:38,ウルトラアル中マン,般若心経唱えながら食うマックは旨いか？
2022-01-01 16:00:46,ゲムタ,お粥とかの方が良い気が
2022-01-01 16:01:09,お気持ち８９３,こんだうー
2022-01-01 16:01:19,櫻咲,びびって笑い声が消えるな
2022-01-01 16:01:20,シノ,年始で集まってるんかな
2022-01-01 16:01:30,k k,チーン
2022-01-01 16:01:33,山本 重國 ,新年早々般若心経を聞かされる住人の気持ちを想像すると腹が痛いw
2022-01-01 16:01:48,ウルトラアル中マン,上の住人陽かよ
2022-01-01 16:01:48,ココロオレル,欲望に忠実ｗｗ
2022-01-01 16:02:01,たで,聴きながら寝ようかな
2022-01-01 16:02:01,櫻咲,はーい:raised_hand:
2022-01-01 16:02:05,銀次,草
2022-01-01 16:02:06,ウルトラアル中マン,来たわね。
2022-01-01 16:02:09,シノ,草
2022-01-01 16:02:15,たこやきさらだ,これは尊い:heart_suit:
2022-01-01 16:02:15,k k,この画面好き
2022-01-01 16:02:18,デビッ,収益化切ってる？
2022-01-01 16:02:22,たんいモルモット,草
2022-01-01 16:02:22,にゃっき,草
2022-01-01 16:02:34,ココロオレル,金縛りにしてきた怨霊これをくらえ！
2022-01-01 16:02:40,山本 重國 ,結構ガチやw
2022-01-01 16:02:40,デビッ,歌詞
2022-01-01 16:02:44,西野つばめ,歌詞？
2022-01-01 16:02:45,ポンジュ,こんだうー
2022-01-01 16:02:49,メソヤマ,歌詞
2022-01-01 16:02:54,にーと72,kusa
2022-01-01 16:03:07,DuxRyK 【デューク】,こんだうー
2022-01-01 16:03:09,⁂みのる⁂,こんだう〜
2022-01-01 16:03:19,櫻咲,悪霊退散！悪霊退散！
2022-01-01 16:03:21,きよはら,徳が高まるぅ
2022-01-01 16:03:27,山本 重國 ,いかん聞き流すつもりだったのに笑いが止まらんw
2022-01-01 16:03:31,たこやきさらだ,この流れから般若心経ポップまで行ってほしい:heart_suit:
2022-01-01 16:03:35,パルック光る,これは徳の高いAMSR
2022-01-01 16:03:39,ウルトラアル中マン,:place_of_worship:
2022-01-01 16:03:40,湯葉,元旦にバーチャル赤ちゃんの般若心経耐久配信を聞く。令和ってスゲー！！
2022-01-01 16:03:54,たこやきさらだ,てぇてぇ
2022-01-01 16:03:58,ココロオレル,リスナー成仏案件ですわ
2022-01-01 16:04:09,おろしもち,ありがたい
2022-01-01 16:04:12,DuxRyK 【デューク】,かわええ
2022-01-01 16:04:16,じんすけ,こんだうー
2022-01-01 16:04:20,にーと72,徳の高いASMR
2022-01-01 16:04:22,ウルトラアル中マン,:baby_angel:
2022-01-01 16:04:23,デビッ,ハイテンポだな
2022-01-01 16:04:23,山田初雪,サビはいいなぁ
2022-01-01 16:04:24,マーダンブラッド,みるくちゃん実家お寺なのかな？
2022-01-01 16:04:25,銀次,:folded_hands:
2022-01-01 16:04:25,魚占,こんだうー
2022-01-01 16:04:26,かわいいべるちゃん,おぎゃあああああああ！！
2022-01-01 16:04:29,冥土,だいばぶてぇてぇ
2022-01-01 16:04:31,一眼レフ,だぅだぅ
2022-01-01 16:04:36,お気持ち８９３,成仏しそう
2022-01-01 16:04:37,西野つばめ,ぎゃーてーぎゃーてー好き
2022-01-01 16:04:39,t t,深層って宗教団体なのか？
2022-01-01 16:04:39,shion* *,こんだうー
2022-01-01 16:04:40,魚占,ぎゃーてーぎゃーてー
2022-01-01 16:04:41,猫揉み師きどりん,なんぞこれwwww
2022-01-01 16:04:44,じんすけ,実家思い出すわー
2022-01-01 16:04:45,冥土,草
2022-01-01 16:04:46,桜,なむだうー
2022-01-01 16:04:47,DuxRyK 【デューク】,草
2022-01-01 16:04:49,山本 重國 ,アレンジ入ったw
2022-01-01 16:04:49,masa hiro,元旦に俺は何を見ているのだろうか？
2022-01-01 16:04:51,にゃっき,w
2022-01-01 16:04:51,眉毛まる (on the lily　MCつよちゃん),こんだうー
2022-01-01 16:04:52,銀次,なるほどw
2022-01-01 16:04:53,いすといすと,接続を絶やすなｗ
2022-01-01 16:04:53,ぴっくよろ,草
2022-01-01 16:04:53,ワタラナイ鳥,アレンジ入って草
2022-01-01 16:04:56,にーと72,宗教法人　深層組
2022-01-01 16:05:01,⁂みのる⁂,おじいちゃんの影響か
2022-01-01 16:05:03,シノ,コメント読み混ぜてくるの新しいww
2022-01-01 16:05:07,ゲムタ,コメント答えてるの草
2022-01-01 16:05:10,干からびたたチンチン_ヒカチン,こんだう
2022-01-01 16:05:11,じんすけ,wwww
2022-01-01 16:05:12,Hoon,草
2022-01-01 16:05:16,ぴっくよろ,ううーん
2022-01-01 16:05:28,hiro m,ありがたい配信ですね
2022-01-01 16:05:28,かわいいべるちゃん,バブちゃん！バブちゃん！バブちゃん！
2022-01-01 16:05:47,t t,なんて？
2022-01-01 16:05:48,TP(てぃーぴー),33-4
2022-01-01 16:05:50,一眼レフ,ばぁぶぅ
2022-01-01 16:05:53,ココロオレル,ｗｗｗｗｗｗ
2022-01-01 16:05:54,デビッ,大丈夫かw
2022-01-01 16:05:56,眉毛まる (on the lily　MCつよちゃん),草なんよ
2022-01-01 16:05:58,たこやきさらだ,こんなてぇてぇ配信はイイネ押しちゃうよね:heart_suit:
2022-01-01 16:06:00,ポンジュ,給水タイム
2022-01-01 16:06:12,山田初雪,ブチ上げヨ
2022-01-01 16:06:23,じんすけ,最近家でラップ音すごいので、これで浄化されんかな
2022-01-01 16:06:30,名無しA,あぁ＾〜　解脱しそう
2022-01-01 16:06:34,ココロオレル,ばぶ釈迦てぇてぇ
2022-01-01 16:06:42,半熟,節税できるかな
2022-01-01 16:06:49,シノ,はんにゃしんぎょー
2022-01-01 16:06:50,にゃっき,ちーん
2022-01-01 16:06:52,ポンジュ,徳積みながら楽しめる配信
2022-01-01 16:06:59,シャドウミストレス太郎,こんだう～
2022-01-01 16:07:00,shion* *,SE拾って来とるん？
2022-01-01 16:07:04,DuxRyK 【デューク】,自分でチンってしてるの？
2022-01-01 16:07:05,まぬK,こんばぶ
2022-01-01 16:07:06,山本 重國 ,え？
2022-01-01 16:07:21,猫揉み師きどりん,シルバー・シャリホッツ！！
2022-01-01 16:07:22,冥土,般若心経ラップ
2022-01-01 16:07:23,メソヤマ,チーンはチーンで独立しとるのかな
2022-01-01 16:07:25,K Ken,こんだう〜
2022-01-01 16:07:27,てかまきてかまき,こんだうー。作業しながら
2022-01-01 16:07:28,tanikami,ばぶ阿弥陀仏
2022-01-01 16:07:28,シノ,チーンってこんなに頻繁にならすっけ
2022-01-01 16:07:34,名無しA,宗教法人深層組でいけそう
2022-01-01 16:07:37,ポンジュ,これお姉さまの家で流したら何か起こりそう
2022-01-01 16:07:40,眉毛まる (on the lily　MCつよちゃん),効果音かw
2022-01-01 16:07:41,TP(てぃーぴー),草
2022-01-01 16:07:45,一眼レフ,かわいい
2022-01-01 16:07:46,冥土,草
2022-01-01 16:07:50,櫻咲,リズムに乗せてコメ返
2022-01-01 16:07:51,⁂みのる⁂,ばぶちゃんのど大丈夫なん
2022-01-01 16:07:51,Azu -あず-,こんだうー
2022-01-01 16:07:55,DuxRyK 【デューク】,そうなんだ
2022-01-01 16:07:59,TP(てぃーぴー),お経会話
2022-01-01 16:07:59,shion* *,ちなみにこれ今リビングで流してます
2022-01-01 16:08:07,西野つばめ,ここわからんw
2022-01-01 16:08:13,Maz MiRO / まずみろ,なんちゅーシュールな配信
2022-01-01 16:08:14,山本 重國 ,お嬢の家行った時もこれやろうぜw
2022-01-01 16:08:22,名無し,こんだうー
2022-01-01 16:08:25,ドンブリ感情,ボイパもまぜよう
2022-01-01 16:08:26,ゲムタ,器用な赤ちゃん
2022-01-01 16:08:32,てかまきてかまき,深層に読経ブーム到来か
2022-01-01 16:08:38,ウルトラアル中マン,年明けに100人以上が赤ちゃんの般若心経聴きに来ているという事実
2022-01-01 16:08:38,かりんとう,:folded_hands:
2022-01-01 16:08:43,猫揉み師きどりん,お経のせいか猫がずっとなにか警戒してる
2022-01-01 16:08:44,じんすけ,正月ぽいちゃぽいかも...
2022-01-01 16:08:59,シノ,サビきた
2022-01-01 16:09:02,ココロオレル,部屋がピシピシ鳴り出した
2022-01-01 16:09:03,半熟,CDデビュー
2022-01-01 16:09:06,一眼レフ,なむなむ
2022-01-01 16:09:07,MOKKA,なむなむ
2022-01-01 16:09:14,ウルトラアル中マン,はい。
2022-01-01 16:09:31,Sally Sally,こんだぅ
2022-01-01 16:09:31,冥土,腹痛から解脱して
2022-01-01 16:09:31,シノ,ぽんぽんきゅるぎゃらり可哀想
2022-01-01 16:09:43,深層組切り抜き思考,睡眠導入配信ですか？
2022-01-01 16:09:54,tanikami,ありがたE 越して ありがたFやんけ
2022-01-01 16:10:01,櫻咲,物好きが多い
2022-01-01 16:10:02,Sally Sally,だぅだぅ？
2022-01-01 16:10:03,たこやきさらだ,てぇてぇイイネ押すよ押すよ
2022-01-01 16:10:05,てかまきてかまき,あなかしこ
2022-01-01 16:10:06,眉毛まる (on the lily　MCつよちゃん),新年から108人どうせつw
2022-01-01 16:10:07,K Ken,:folded_hands:
2022-01-01 16:10:08,西野つばめ,調べたら般若心経を読む宗派は真言宗や浄土宗など様々らしいので、どの宗派かはわからない
2022-01-01 16:10:08,ギムレット,煩悩の数かな
2022-01-01 16:10:16,眉毛まる (on the lily　MCつよちゃん),ねこかわいい
2022-01-01 16:10:20,ポンジュ,車のBGMにしながら聴いてます
2022-01-01 16:10:23,ウルトラアル中マン,眠くなるまで(成仏)
2022-01-01 16:10:28,山本 重國 ,真面目に聞いたことないから結構ありがたい
2022-01-01 16:10:29,じんすけ,:folded_hands:
2022-01-01 16:10:41,masa hiro,ネコと和解せよ
2022-01-01 16:10:46,ゲルトガ,こんばぶー
2022-01-01 16:10:52,ren too,:folded_hands:
2022-01-01 16:10:53,たんいモルモット,南無:folded_hands:
2022-01-01 16:10:55,きよはら,自分しか見えない友達が苦しみだした
2022-01-01 16:10:57,眉毛まる (on the lily　MCつよちゃん),赤ちゃん声のお経まじで需要ありそう
2022-01-01 16:11:02,たこやきさらだ,ネコを信じよ
2022-01-01 16:11:02,深層組切り抜き思考,:folded_hands:
2022-01-01 16:11:07,キムチ,サビはどこですか？
2022-01-01 16:11:12,おろしもち,:folded_hands:
2022-01-01 16:11:12,眉毛まる (on the lily　MCつよちゃん),:folded_hands:
2022-01-01 16:11:15,ポンジュ,:folded_hands:
2022-01-01 16:11:19,Sally Sally,:folded_hands:
2022-01-01 16:11:19,K Ken,正月から:baby_angel:行ってきます
2022-01-01 16:11:23,ココロオレル,:folded_hands:
2022-01-01 16:11:24,ウルトラアル中マン,:folded_hands:
2022-01-01 16:11:26,じんすけ,:folded_hands:
2022-01-01 16:11:32,銀次,:folded_hands:
2022-01-01 16:11:37,櫻咲,:folded_hands:
2022-01-01 16:11:39,睡眠不足カモ,:folded_hands:
2022-01-01 16:11:41,DuxRyK 【デューク】,なむなむー
2022-01-01 16:11:41,たんいモルモット,:folded_hands:
2022-01-01 16:11:41,山田初雪,:smiling_face_with_halo:
2022-01-01 16:11:44,⁂みのる⁂,こんな若い声の般若心経聞いたことないな
2022-01-01 16:11:48,冥土,:folded_hands:
2022-01-01 16:11:48,干からびたたチンチン_ヒカチン,:folded_hands:
2022-01-01 16:11:53,山本 重國 ,初詣行けないからここで済ますか　:folded_hands:
2022-01-01 16:11:58,きよはら,:folded_hands:
2022-01-01 16:12:00,一眼レフ,:folded_hands:
2022-01-01 16:12:07,シノ,好きなKPOPなに？
2022-01-01 16:12:08,くるみんの元旦那☆,デパートにアイス買いに行ったら、スーパーは２日まで休みだった。。。
2022-01-01 16:12:09,櫻咲,いまのとこがラスサビ
2022-01-01 16:12:13,銀次,ラスサビ
2022-01-01 16:12:16,猫揉み師きどりん,ハラショーってきこえた
2022-01-01 16:12:16,DuxRyK 【デューク】,:folded_hands:
2022-01-01 16:12:18,tanikami,偉大なる智慧の完成についての心髄の経
2022-01-01 16:12:18,鯖缶,ラスサビ助かる
2022-01-01 16:12:19,メソヤマ,ﾊﾝﾆｬｼﾝｷｮｯ
2022-01-01 16:12:25,きよはら,即神ばぶ
2022-01-01 16:12:37,ウルトラアル中マン,年明け蕎麦
2022-01-01 16:12:46,Sally Sally,定期チーンがシュール過ぎ
2022-01-01 16:12:50,眉毛まる (on the lily　MCつよちゃん),KPOPでたw
2022-01-01 16:12:52,山本 重國 ,元旦くらいは休んで欲しいもんだ
2022-01-01 16:12:53,たこやきさらだ,浄土真宗系も基本ダメやでｗ
2022-01-01 16:12:58,ren too,年明けラーメン
2022-01-01 16:13:03,shion* *,湿ったKPOP
2022-01-01 16:13:30,ドンブリ感情,:folded_hands::sleeping_face:
2022-01-01 16:13:31,masa hiro,ライドシンバル
2022-01-01 16:13:52,tanikami,観自在菩薩が深遠なる智慧の完成を実践していたとき、もろもろの存在の五つの構成要素は、皆、固有の本性・実体を持たない「空」であると見極め、だからこそ、あらゆる苦しみと災いを克服した。
2022-01-01 16:14:12,ゲムタ,心が浄化される
2022-01-01 16:14:15,TP(てぃーぴー),歌詞w
2022-01-01 16:14:15,れーがん,:folded_hands::person_bowing:
2022-01-01 16:14:22,銀次,草
2022-01-01 16:14:23,ココロオレル,歌ｗｗｗｗ
2022-01-01 16:14:28,山本 重國 ,仏像がバージョンアップしたw
2022-01-01 16:14:30,きよはら,仏さまぁ！
2022-01-01 16:14:36,いかついゴリボウ,こんばぶ～
2022-01-01 16:14:37,冥土,合体w
2022-01-01 16:14:46,ウルトラアル中マン,巨大化赤ちゃん
2022-01-01 16:14:49,tanikami,舎利子よ、形あるもの（色）は、空に異ならず、空は、形あるものと異ならないのである。形あるものは空であり、空は形あるものなのである。そして、感受作用・表象作用・形成作用・識別作用もまた、同じく空なのである。
2022-01-01 16:14:52,K Ken,:folded_hands:
2022-01-01 16:15:01,DuxRyK 【デューク】,:folded_hands:
2022-01-01 16:15:01,TP(てぃーぴー),後の大仏ほとんど見えてなくて草
2022-01-01 16:15:03,k h,人、ありがたやー
2022-01-01 16:15:08,ココロオレル,さすがお寺の娘さん
2022-01-01 16:15:11,tanikami,舎利子よ、あらゆる存在は空を特質としているから、生じることも滅することもなく、汚れることも清まることもなく、増えることも減ることもない。だからこそ、空であることには、形あるものは存在せず、感受作用・表象作用・形成作用・識別作用も存在しない。眼・耳・鼻・舌・身体・心も存在しない。これらの感覚器官の対象である形・音・香り・味・触れられるもの・心の対象の法も存在しない。
2022-01-01 16:15:16,名無し,かわいい仏像だなあ
2022-01-01 16:15:24,青身切身うまうま,:folded_hands:
2022-01-01 16:15:24,shion* *,ちょっと目話してたらバカデカくなってる
2022-01-01 16:15:31,tanikami,範疇としての眼から、意識にいたるまでの十八界もない。智慧が無い状態もなければ、智慧が無い状態も尽きることもない。また、老いて死ぬこともなければ、老いて死ぬことが尽きることもない。苦・集・滅・道という四諦もない。知ることもなければ得ることもない。
2022-01-01 16:15:33,たこやきさらだ,バブ様は般若心経ポップの黄色先輩は知ってるんかな〜おすすめやで:heart_suit:
2022-01-01 16:15:39,ゲルトガ,解説ニキたすかる
2022-01-01 16:15:52,tanikami,得るところのものが何もないからこそ、菩薩は智慧の完成に依るのであり、心には妨げるものがなく、心に妨げるものがないからこそ、恐怖があることもない。誤った考えや夢想を超越して、涅槃を究めるのである。また、過去・現在・未来の諸仏も、智慧の完成に依るからこそ、無上なる完全なさとりを得るのである。
2022-01-01 16:15:54,山本 重國 ,じゃないw
2022-01-01 16:15:58,かきかき,babu_gameの改名は面白そう
2022-01-01 16:16:03,てかまきてかまき,説話始まってて草ばぶ
2022-01-01 16:16:13,tanikami,だからこそ知るべきである。般若波羅蜜多とは、大いなる真言であり、大いなるさとりの智慧の真言であり、この上ない真言であり、比べるものがないほど素晴らしい真言なのである。よく一切の苦悩を除き、それは実在であり、虚ろなものではないのである。
2022-01-01 16:16:21,ウルトラアル中マン,ボカロの般若心経ハードコアもいいぞ
2022-01-01 16:16:25,ココロオレル,お寺コラボ待ってます！！
2022-01-01 16:16:25,tanikami,だからこそ、般若波羅蜜多を讃える真言を、ここで説こう。往ける者よ、往ける者よ、彼岸に往ける者よ、さとりよ、幸いあれ。偉大なる智慧の完成についての心髄の経
2022-01-01 16:16:30,じんすけ,般若心経って意味深いんだな
2022-01-01 16:16:40,猫揉み師きどりん,しゃかしゃかしゃかチーン
2022-01-01 16:16:41,シノ,解説ww
2022-01-01 16:16:43,山本 重國 ,歌詞解説いうなw
2022-01-01 16:16:46,くるみんの元旦那☆,スーパー休みだし食べるものがないよ(´;ω;｀)
2022-01-01 16:16:49,デビッ,解説ニキの引用元どこや
2022-01-01 16:16:53,てかまきてかまき,ありがてえ、ありがてえ……
2022-01-01 16:16:58,冥土,歌詞解説は草
2022-01-01 16:17:24,k i,仏具はガチでもってるの？
2022-01-01 16:17:32,ヒノモトきょう,babu_game
2022-01-01 16:17:40,wildcat5314,解説ニキGJ・・あ、ロムってたのに発言しちゃったｗ
2022-01-01 16:17:56,DuxRyK 【デューク】,ナゲット1番好き！
2022-01-01 16:17:57,山本 重國 ,ピザ屋が今日もやってるのに驚いた
2022-01-01 16:18:05,つきみ,こんだう　チーン
2022-01-01 16:18:09,ココロオレル,食欲あってよかよか
2022-01-01 16:18:09,たこやきさらだ,ロムるなよドンドンてぇてぇバブ様をたたえるんだ
2022-01-01 16:18:15,きよはら,出前館注文画面のとこで画面真っ白になって使えない…
2022-01-01 16:18:22,山本 重國 ,わらわら
2022-01-01 16:18:23,デビッ,ばぶうううう
2022-01-01 16:18:31,k i,チーンはSEなのか
2022-01-01 16:18:33,屋根裏=サン,出てくるねえ（笑）なんかお経ってぼーっと聞いちゃうね
2022-01-01 16:18:39,てかまきてかまき,ぶぐぅ
2022-01-01 16:18:46,銀次,かわいいw
2022-01-01 16:18:48,一眼レフ,ぶばぁ
2022-01-01 16:18:50,名無し,ばぶう
2022-01-01 16:18:52,じんすけ,マックのポテト食いたい
2022-01-01 16:18:55,k i,仏壇？
2022-01-01 16:18:57,ウルトラアル中マン,仏壇
2022-01-01 16:18:57,メソヤマ,仏壇？
2022-01-01 16:19:01,⁂みのる⁂,仏壇？
2022-01-01 16:19:08,山本 重國 ,仏壇？
2022-01-01 16:19:22,シノ,鍋か何か叩いて代用しても
2022-01-01 16:19:30,ココロオレル,わからんかったｗｗ
2022-01-01 16:19:35,タンタン,あけましておめでとうございます
2022-01-01 16:19:40,たこやきさらだ,てぇてぇ
2022-01-01 16:19:49,ワタラナイ鳥,キッサコさんの般若心経もすごいよねー
2022-01-01 16:19:53,Sally Sally,色即是空
2022-01-01 16:19:54,k i,Ω＼ζ°)ﾁｰﾝ
2022-01-01 16:20:15,ココロオレル,成仏しそうやね
2022-01-01 16:20:18,屋根裏=サン,あらあらみるくちゃんのほうが眠くなっちゃうか
2022-01-01 16:20:19,DuxRyK 【デューク】,もう眠たそう
2022-01-01 16:20:21,たこやきさらだ,あくび頂きました:heart_suit:
2022-01-01 16:20:48,冥土,赤ちゃんだからしょうがない
2022-01-01 16:20:48,ウルトラアル中マン,同じフレーズひたすら唱えるのは確かに眠くなりそう
2022-01-01 16:20:49,ゴブリン,おねむの時間かな
2022-01-01 16:20:51,MOKKA,ねむねむ
2022-01-01 16:20:52,たんいモルモット,(¦3[▓▓]ｽﾔｧ…
2022-01-01 16:20:53,じんすけ,あくび( ´0` ).｡o
2022-01-01 16:20:56,西野つばめ,そろそろ眠たくなってきたかな
2022-01-01 16:21:02,失敗作,こんばんわー
2022-01-01 16:21:09,山本 重國 ,読経って聴く側だけじゃなく読む方も眠くなるものなのか
2022-01-01 16:21:11,wildcat5314,自分のメッシュとかデフォーマとかの作業しながら見てるから、BGMがわりに見るつもりだったんだけど、発言しちゃったｗ
2022-01-01 16:21:17,メソヤマ,聴いてたら徳が高まってきた
2022-01-01 16:21:32,失敗作,ここは羽生蛇村ですか？
2022-01-01 16:21:36,シノ,ぎゃーてーぎゃーてー
2022-01-01 16:21:38,たこやきさらだ,寝れてないんやろなーポンポン痛かったから
2022-01-01 16:21:41,Kenny,チーン
2022-01-01 16:21:43,メソヤマ,ばぶばぶ…
2022-01-01 16:21:49,tanikami,ばぶ阿弥陀仏〜
2022-01-01 16:21:56,Sally Sally,逝ってヨシッ:double_exclamation_mark:
2022-01-01 16:21:59,深層組切り抜き思考,よく寝れそう
2022-01-01 16:22:00,ウルトラアル中マン,ばぶなむ・・・
2022-01-01 16:22:02,一眼レフ,べろべろべ〜
2022-01-01 16:22:04,冥土,:smiling_face_with_halo:
2022-01-01 16:22:12,銀次,たまにある
2022-01-01 16:22:14,k i,ぐぇ～
2022-01-01 16:22:17,ココロオレル,緊張するとなるよね
2022-01-01 16:22:30,Kenny,徳パワーが溜まってくる
2022-01-01 16:22:34,ウルトラアル中マン,:baby:ぐええ
2022-01-01 16:22:40,k i,消化に良いものにしないとね
2022-01-01 16:22:44,屋根裏=サン,胃の調子悪かったから、しばらく油っぽいのは少なめやねえ
2022-01-01 16:22:59,失敗作,キンチョール？
2022-01-01 16:23:02,シノ,おぎゃちゃんは初詣いつも行く？
2022-01-01 16:23:04,きよはら,チカチカするぅ
2022-01-01 16:23:06,shion* *,背景ﾁｶﾁｶ
2022-01-01 16:23:08,冥土,離乳食でも注文しよう
2022-01-01 16:23:10,たこやきさらだ,ポンポンに厳しい食べ物選びで草:heart_suit:
2022-01-01 16:23:10,西野つばめ,仕事中になったりするなぁ
2022-01-01 16:23:12,Kenny,生きる事は緊張することなんだな
2022-01-01 16:23:15,ウルトラアル中マン,深層背景
2022-01-01 16:23:27,shion* *,空気も一緒に飲み込んどるかねえ
2022-01-01 16:23:33,一眼レフ,ゔぅ
2022-01-01 16:23:46,山本 重國 ,明日やることを想像すると緊張するのよねー…ヤダヤダ
2022-01-01 16:23:56,ゆみ,ばぶぅ……
2022-01-01 16:24:13,ココロオレル,セッちゃんと一緒に読んでほしい……成仏不可避
2022-01-01 16:24:17,しろくろねこ,空
2022-01-01 16:24:42,てかまきてかまき,空
2022-01-01 16:24:43,亀,こんばぶー
2022-01-01 16:24:58,たこやきさらだ,お腹痛いのは、ポンポンスパルタメニューだからじゃよ?ｗ:heart_suit:
2022-01-01 16:25:02,亀,洗脳されそう
2022-01-01 16:25:20,じんすけ,般若心経ロック見てきたー
2022-01-01 16:25:27,シノ,おーーー
2022-01-01 16:25:34,一眼レフ,ぎゃーてーぎゃーてー
2022-01-01 16:25:35,亀,ﾁｰﾝ
2022-01-01 16:25:36,メソヤマ,ロングブレス心経
2022-01-01 16:25:41,ぴっくよろ,こんばぶ
2022-01-01 16:25:45,ウルトラアル中マン,:folded_hands:
2022-01-01 16:25:48,tanikami,ば〜ぶあ〜みだぁあんぶ〜
2022-01-01 16:25:52,じんすけ,:folded_hands:
2022-01-01 16:26:04,くるみんの元旦那☆,３日まで何を食べて生きようか。。２日前の鍋があるからそれを（　＾ω＾）・・・
2022-01-01 16:26:05,ふやけたジブラルタル,成仏したぜ。
2022-01-01 16:26:14,にーと72,:folded_hands:
2022-01-01 16:26:14,シノ,おお
2022-01-01 16:26:15,冥土,菩薩コラボw
2022-01-01 16:26:19,ココロオレル,おおおお！:clapping_hands::clapping_hands::clapping_hands::clapping_hands:
2022-01-01 16:26:19,たこやきさらだ,般若心経ロックの黄色先輩もおすすめやでググって見てみる事、禿しくおすすめ
2022-01-01 16:26:22,てかまきてかまき,デュエットやるのか！
2022-01-01 16:26:23,ウルトラアル中マン,嬉しいねえ
2022-01-01 16:26:23,shion* *,ね
2022-01-01 16:26:26,銀次,いいね
2022-01-01 16:26:28,デビッ,てぇてぇ
2022-01-01 16:26:28,山本 重國 ,やったね
2022-01-01 16:26:52,たこやきさらだ,てぇてぇ
2022-01-01 16:26:52,すつー,ちゃんと食えよ
2022-01-01 16:26:55,ふやけたジブラルタル,マック助かる。
2022-01-01 16:27:00,ココロオレル,なるなるｗｗ
2022-01-01 16:27:01,西野つばめ,食べたくなるのわかる
2022-01-01 16:27:07,亀,食え
2022-01-01 16:27:15,ウルトラアル中マン,ちゃんと煮込んでもろて
2022-01-01 16:27:33,しろくろねこ,全て空なので　食べる必要はありません
2022-01-01 16:27:36,シノ,美味しいもの→マック…収益受け取ったらもっと贅沢してもろて
2022-01-01 16:27:52,masa hiro,ドムドム
2022-01-01 16:27:55,K Ken,まだ消化に良いもので、ゲップが収まってからちゃんと食べてね
2022-01-01 16:27:58,ウルトラアル中マン,マック旨いじゃん
2022-01-01 16:28:02,山本 重國 ,いつか叙々苑が選択肢に入るくらいに持ち上げたいぜ…
2022-01-01 16:28:08,⁂みのる⁂,ええ
2022-01-01 16:28:17,DuxRyK 【デューク】,食べないと苦しくならん？
2022-01-01 16:28:25,失敗作,:shinto_shrine:
2022-01-01 16:28:27,くるみんの元旦那☆,しばらくは消化のいいもの食べてな
2022-01-01 16:28:29,たこやきさらだ,オジヤとかセバスに作ってもらうべきｗ
2022-01-01 16:28:29,fuki fue,明けましておめでとうございます
2022-01-01 16:28:43,DuxRyK 【デューク】,:folded_hands:
2022-01-01 16:28:48,fuki fue,お大事に
2022-01-01 16:28:56,tanikami,声が割れてんのはおま環？
2022-01-01 16:28:58,亀,あけましておめでとう
2022-01-01 16:29:06,ウルトラアル中マン,:man_in_lotus_position:
2022-01-01 16:29:15,冥土,音割れてないよ
2022-01-01 16:29:16,ココロオレル,みるくちゃんがちゃんと食べますように
2022-01-01 16:29:33,ふやけたジブラルタル,彼女は1口ハンバーガーを口に含みじっと数秒目を瞑った後、一心不乱にハンバーガーにむしゃぶりついた。
2022-01-01 16:29:35,西野つばめ,こちらも音声普通
2022-01-01 16:29:37,tanikami,治った
2022-01-01 16:29:38,銀次,割れてないよ
2022-01-01 16:29:39,takuya,割れてない
2022-01-01 16:29:46,山本 重國 ,問題無し
2022-01-01 16:29:49,tanikami,おま環でした、すみません
2022-01-01 16:29:51,たこやきさらだ,割れてないね
2022-01-01 16:29:53,ココロオレル,割れてないよ
2022-01-01 16:29:55,DuxRyK 【デューク】,割れてないね
2022-01-01 16:30:28,冥土,ハイハイから出直してこい
2022-01-01 16:30:45,たこやきさらだ,どんまい→音割れかとおもった人
2022-01-01 16:30:53,てかまきてかまき,上手くなってきた？
2022-01-01 16:30:57,亀,何語を喋ってるか分からんけど、とりあえず可愛い
2022-01-01 16:31:24,じんすけ,般若心経 現代語訳良い...
2022-01-01 16:31:38,シンクロ召喚,どういう配信？
2022-01-01 16:31:38,しろくろねこ,サンスクリット語
2022-01-01 16:31:52,たこやきさらだ,意訳やけど黄色先輩ええやろｗ
2022-01-01 16:31:56,O.J.I.,サビ
2022-01-01 16:31:59,ウルトラアル中マン,:shinto_shrine:
2022-01-01 16:32:03,銀次,:folded_hands:
2022-01-01 16:32:05,冥土,エクストリーム般若心経
2022-01-01 16:32:06,人生茜色,足痺れてきた
2022-01-01 16:32:09,失敗作,8888
2022-01-01 16:32:11,一眼レフ,チーン
2022-01-01 16:32:12,ココロオレル,:folded_hands:
2022-01-01 16:32:13,じんすけ,:folded_hands:
2022-01-01 16:32:13,亀,人
2022-01-01 16:32:15,シンクロ召喚,南無阿弥陀仏
2022-01-01 16:32:16,K Ken,:folded_hands:
2022-01-01 16:32:17,たこやきさらだ,８８８８８８８８８
2022-01-01 16:32:19,冥土,:folded_hands:
2022-01-01 16:32:23,ふやけたジブラルタル,成仏したぜ。
2022-01-01 16:32:26,しろくろねこ,正座で読んでんの？
2022-01-01 16:32:28,山本 重國 ,これで何ループしたんだろう
2022-01-01 16:32:30,一眼レフ,なむなむ
2022-01-01 16:32:41,失敗作,:sun_with_face:
2022-01-01 16:32:50,てかまきてかまき,極楽だろ
2022-01-01 16:33:00,ばら,二礼二拍手一礼
2022-01-01 16:33:02,冥土,地獄から解脱する配信
2022-01-01 16:33:15,失敗作,:hot_springs:
2022-01-01 16:33:16,アレンクス,あー、極楽や
2022-01-01 16:33:24,たこやきさらだ,ことしはてぇてぇ一年になるの決定かな
2022-01-01 16:33:40,ななしの権兵衛,なんだこれ…なんだこれ!?
2022-01-01 16:33:48,fuki fue,:folded_hands:
2022-01-01 16:33:49,失敗作,今年こそ
2022-01-01 16:33:54,いすといすと,:nose:
2022-01-01 16:34:09,失敗作,今年こそ、ボボボーボ・ボーボボを理解したい
2022-01-01 16:34:13,ウルトラアル中マン,:person_in_lotus_position:
2022-01-01 16:34:20,いすといすと,:folded_hands:
2022-01-01 16:34:22,K Ken,:folded_hands:
2022-01-01 16:34:23,fuki fue,ﾁｰﾝ
2022-01-01 16:34:25,たこやきさらだ,らいはい
2022-01-01 16:34:26,ゲルトガ,てぇてぇ
2022-01-01 16:34:28,ばら,お焼香どこ？ここ？
2022-01-01 16:34:33,旅人ゲーマー丸井たわし,:folded_hands:
2022-01-01 16:34:44,山本 重國 ,:bell:
2022-01-01 16:34:46,アレンクス,間違ったーﾎﾞｿｯ
2022-01-01 16:34:53,ロレーナホクホク島麺,:folded_hands:
2022-01-01 16:34:54,てかまきてかまき,:folded_hands:
2022-01-01 16:34:54,いすといすと,:hydrate:
2022-01-01 16:34:59,一眼レフ,:folded_hands:
2022-01-01 16:35:03,人生茜色,:folded_hands:
2022-01-01 16:35:05,シノ,今年の抱負を
2022-01-01 16:35:07,いちにの,今来た　何が起きているんだ？
2022-01-01 16:35:11,冥土,:folded_hands:
2022-01-01 16:35:26,K Ken,ここが極楽ですね
2022-01-01 16:35:32,メソヤマ,:bellhop_bell:
2022-01-01 16:35:38,ココロオレル,これで今夜は金縛りないだろう……ほっ
2022-01-01 16:35:39,アレンクス,よきかなー
2022-01-01 16:35:47,冥土,考えるな、感じろ
2022-01-01 16:35:53,山本 重國 ,ノってきたw
2022-01-01 16:35:55,失敗作,:folded_hands:
2022-01-01 16:35:55,メソヤマ,リズムノリノリなのかわいい:man_dancing:
2022-01-01 16:36:04,いすといすと,:socialdist::tiger:
2022-01-01 16:36:05,ウルトラアル中マン,:folded_hands:
2022-01-01 16:36:08,アレンクス,乗ってきたな
2022-01-01 16:36:08,シノ,かわいいw
2022-01-01 16:36:16,西野つばめ,体調悪くなってて、快復してきたから般若心経読んでるところやで
2022-01-01 16:36:18,冥土,チーン:bell:
2022-01-01 16:36:19,ばら,ありがとう
2022-01-01 16:36:27,てかまきてかまき,:bell:
2022-01-01 16:36:32,失敗作,ちーん
2022-01-01 16:36:38,K Ken,:bell:
2022-01-01 16:36:47,いすといすと,:chillwcat::folded_hands:
2022-01-01 16:36:57,ななしの権兵衛,:bell:ﾁｰﾝ
2022-01-01 16:37:09,ななしの権兵衛,ねんねんよ
2022-01-01 16:37:11,じんすけ,フルオートちーん
2022-01-01 16:37:29,ふやけたジブラルタル,喧騒の後の静けさ、目の前に広がる紙袋ハンバーガーの包装紙。それらをひとしきり眺めながら彼女は はぁ と息をついた。
2022-01-01 16:37:31,冥土,草
2022-01-01 16:37:36,山本 重國 ,草
2022-01-01 16:37:36,失敗作,三:chillwdog:＜散歩
2022-01-01 16:37:40,ココロオレル,浅いとなるんだ…眠りを深く
2022-01-01 16:37:47,ヤマグチサン,すげーな
2022-01-01 16:37:50,失敗作,:washhands:
2022-01-01 16:37:52,ふにや,:bellhop_bell:
2022-01-01 16:38:09,ウルトラアル中マン,:baby_angel:
2022-01-01 16:38:14,じんすけ,金縛りって極めたら幽体離脱できるらしいな
2022-01-01 16:38:16,たこやきさらだ,悩みがったり辛いことある奴にこそ般若心経、本当に黄色先輩に感謝（私は浄土真宗ですがｗ
2022-01-01 16:38:32,じんすけ,:folded_hands:
2022-01-01 16:38:35,失敗作,:eye_in_speech_bubble:
2022-01-01 16:38:41,K Ken,:baby_angel::folded_hands:
2022-01-01 16:38:44,shion* *,ちなみに同接は増え続けてそう
2022-01-01 16:38:53,一眼レフ,:new_moon_face:
2022-01-01 16:38:56,ʕ•_•ʔ,:folded_hands:
2022-01-01 16:39:18,西野つばめ,浄土真宗と日蓮宗は読まないみたいね
2022-01-01 16:39:19,てかまきてかまき,:folded_hands:
2022-01-01 16:39:34,失敗作,奉神御詠歌...
2022-01-01 16:39:34,冥土,般若心経聞く赤ちゃんが140名
2022-01-01 16:39:54,たこやきさらだ,てぇてぇ
2022-01-01 16:39:55,アレンクス,ぶっちゃけ寝れる
2022-01-01 16:40:27,shion* *,そわかー
2022-01-01 16:40:30,ヤマ.パンダ,盛り上がってきたな
2022-01-01 16:40:30,一眼レフ,:folded_hands:
2022-01-01 16:40:32,shellbottle1374,♪=120
2022-01-01 16:40:37,銀次,:folded_hands:
2022-01-01 16:40:38,櫻咲,俺の葬式ではばぶたんの録音流してほしい
2022-01-01 16:40:39,メソヤマ,脳にいい
2022-01-01 16:40:43,アレンクス,うぉうぉうぉー
2022-01-01 16:40:45,Ken,お化け出てきそう
2022-01-01 16:40:46,失敗作,( ˘ω˘ )ｽﾔｧ…
2022-01-01 16:40:48,ココロオレル,しんぎょおおおおおおおおおお
2022-01-01 16:40:50,メソヤマ,:folded_hands:
2022-01-01 16:40:52,たこやきさらだ,解らなくてもバブ様と一緒にブツブツ唱えればいい、てぇてぇ
2022-01-01 16:40:52,うーあー,般若心経で寝かしつけ配信はここですか？
2022-01-01 16:40:57,デビッ,真宗も頼んだら読んでくれるぞ
2022-01-01 16:41:11,アレンクス,コラボみたい
2022-01-01 16:41:17,てかまきてかまき,赤ちゃんを取り囲み合掌するおじさん140人
2022-01-01 16:41:18,shion* *,「戦車はちょっと……」
2022-01-01 16:41:19,冥土,親戚の集まり始まったから解脱してきます:loudly_crying_face:　耐久頑張って:thumbs_up:
2022-01-01 16:41:22,K Ken,お寺さんコラボお待ちしてます。
2022-01-01 16:41:25,デビッ,正月で酒飲みすぎたので丁度いいです
2022-01-01 16:41:27,失敗作,英才教育。。。お経？！
2022-01-01 16:41:29,じんすけ,:folded_hands:
2022-01-01 16:41:30,tanikami,しんぎょＯ越してしんぎょＰやんけ
2022-01-01 16:41:32,ココロオレル,やってはくれそうよ
2022-01-01 16:41:34,アレンクス,耐久30分
2022-01-01 16:41:40,シノ,草
2022-01-01 16:41:41,ヤマ.パンダ,テクノのお経の人と組みたいな
2022-01-01 16:41:43,じんすけ,お寺コラボ!?
2022-01-01 16:41:45,銀次,繰り返しはね
2022-01-01 16:41:50,shion* *,落差で草
2022-01-01 16:41:50,いよちゃん,般若心経唱えてるだけで同接3桁とかすごい
2022-01-01 16:41:52,ウルトラアル中マン,急に歌うじゃん
2022-01-01 16:41:58,山本 重國 ,今寝たら凄い時間に起きそうw
2022-01-01 16:42:02,fuki fue,1F64F　これを文字コード返還で:folded_hands:
2022-01-01 16:42:04,shion* *,イリュージョン！？
2022-01-01 16:42:08,たこやきさらだ,チーン　歌ってみた
2022-01-01 16:42:12,一眼レフ,無縁仏の前で唱える配信ならできそう
2022-01-01 16:42:13,銀次,唐突に始まるじゃん
2022-01-01 16:42:15,メソヤマ,！？
2022-01-01 16:42:15,櫻咲,ﾂﾂﾂﾂ ﾂﾙﾙｯﾂｯ
2022-01-01 16:42:20,シノ,スッと詠唱始めるの草
2022-01-01 16:42:28,アレンクス,そう考えるとセミの真似7時間ってすごいな
2022-01-01 16:42:36,ウルトラアル中マン,むえんぼとけ
2022-01-01 16:42:43,KH K,こんだう
2022-01-01 16:42:43,ココロオレル,むえんぼとけ
2022-01-01 16:42:46,西野つばめ,むえんぼとけ　だね
2022-01-01 16:43:08,O.J.I.,蝉7時間はある意味伝説
2022-01-01 16:43:08,西野つばめ,おそらく自分も無縁仏になると思う
2022-01-01 16:43:11,たこやきさらだ,むえんぼとけ、弔う人が一切いない仏様
2022-01-01 16:43:18,山本 重國 ,まぁ読んで字の如くだね…無縁仏
2022-01-01 16:43:27,いすといすと,ぶっせつまかはんにゃはらみったしんぎょう
2022-01-01 16:43:41,O.J.I.,無塩仏
2022-01-01 16:43:56,ウルトラアル中マン,末代組には耳の痛い無縁仏
2022-01-01 16:44:00,キムチ,即身仏はなんだっけ？
2022-01-01 16:44:06,もさぎ。,無縁仏にならないように兄弟が存命なうちに人生たたもうかなあ
2022-01-01 16:44:12,たこやきさらだ,般若心経耐久とか新しいしてぇてぇ？
2022-01-01 16:44:18,せいや,ちょけたな:face_with_rolling_eyes:
2022-01-01 16:44:19,アレンクス,飽きてきてRPしなくなってきたな
2022-01-01 16:44:22,シノ,かわいい
2022-01-01 16:44:22,銀次,草
2022-01-01 16:44:25,西野つばめ,アレンジがいちいち面白い
2022-01-01 16:44:31,いすといすと,かんじざいぼさつぎょうじんはんにゃはらみったじしょうけんごうんかいくうどいっさいくやく
2022-01-01 16:44:39,ココロオレル,ちょっとだけJKまで成長して草
2022-01-01 16:44:41,ゲルトガ,ぶぃぶぃ
2022-01-01 16:44:43,ウルトラアル中マン,アレンジ入ってきたな
2022-01-01 16:44:45,櫻咲,ぷいぷいぷい
2022-01-01 16:44:46,アレンクス,ぶぇぶぇｗｗｗ
2022-01-01 16:44:49,せいや,きゃわいいでちゅねー:baby_bottle:
2022-01-01 16:44:49,失敗作,:man_zombie:
2022-01-01 16:44:51,ウルトラアル中マン,？
2022-01-01 16:44:52,水原:梛沙:ナギサ,今北、何のライブですか？
2022-01-01 16:44:52,もさぎ。,てぇてぇ（宗教的な意味で）
2022-01-01 16:44:53,シノ,ぶいぶいー
2022-01-01 16:44:53,fuki fue,かわいい
2022-01-01 16:44:54,いすといすと,え？
2022-01-01 16:44:56,山本 重國 ,読経と赤ん坊RPが完璧に融合してたらそれはそれで怖いw
2022-01-01 16:44:58,櫻咲,赤ちゃんらしくなってきたじゃねーか
2022-01-01 16:44:59,たこやきさらだ,たたむな!!般若心経、黄色先輩読んでこい!
2022-01-01 16:44:59,KH K,漆のお茶飲んできます
2022-01-01 16:45:01,いすといすと,しゃりししきふいくうくうふいしきしきそくぜくうくうそくぜしきじゅそうぎょうしきやくぶにょぜしゃりしぜしょほうくうそう
2022-01-01 16:45:02,ココロオレル,え？
2022-01-01 16:45:04,O.J.I.,何の配信だったっけ…
2022-01-01 16:45:07,キル,あけおめ〜
2022-01-01 16:45:09,K Ken,ぶいぶい
2022-01-01 16:45:11,キル,ことよろ〜
2022-01-01 16:45:11,アレンクス,隣の部屋の人気味悪いだろうな
2022-01-01 16:45:15,てかまきてかまき,だう
2022-01-01 16:45:18,レイヴン,しきそくぜくう
2022-01-01 16:45:20,キル,盛り上がってるね:thumbs_up:
2022-01-01 16:45:21,じんすけ,赤ちゃん:baby:
2022-01-01 16:45:36,てかまきてかまき,バイブス上げてけ上げてけ
2022-01-01 16:45:40,K Ken,隣の人w
2022-01-01 16:45:43,KH K,悪いなのび太、この仏堂は縦ノリなんだ
2022-01-01 16:45:44,Jack Bt,やべばぶ
2022-01-01 16:45:45,ゆきふりうさぎ,かわいすぎる
2022-01-01 16:45:53,もさぎ。,色即是空空即是色めちゃすき
2022-01-01 16:46:06,ゲソ娘でイカ,ちーん
2022-01-01 16:46:06,たこやきさらだ,てぇてぇ
2022-01-01 16:46:10,てかまきてかまき,草
2022-01-01 16:46:10,ココロオレル,ﾁｰﾝ
2022-01-01 16:46:28,キル,なむ〜
2022-01-01 16:46:29,たこやきさらだ,オマイラ、イイネは押し忘れるなよ!
2022-01-01 16:46:29,一眼レフ,かわいい
2022-01-01 16:46:30,名無し,かわいい
2022-01-01 16:46:39,ひゅーい,乗ってきたあああ
2022-01-01 16:46:40,てかまきてかまき,南無
2022-01-01 16:46:46,猫揉み師きどりん,ぎゃーてーハラショー
2022-01-01 16:46:51,たこやきさらだ,ばぶー
2022-01-01 16:46:52,キル,なむ〜:folded_hands:
2022-01-01 16:46:55,くるみんの元旦那☆,ホロライブからデビューしてたら、今頃登録者60万人行ってる程の可愛さ(*´ω｀*)
2022-01-01 16:47:01,アレンクス,リズム好き
2022-01-01 16:47:02,じんすけ,:folded_hands:
2022-01-01 16:47:08,デビッ,歌とは
2022-01-01 16:47:09,れんこん職人,インマンなのか？
2022-01-01 16:47:10,ココロオレル,お隣さんがこれ始めたらあ、Ｖの人だってなるな
2022-01-01 16:47:15,いすといすと,唱えるための念仏よね
2022-01-01 16:47:15,shion* *,漢詩なんか韻踏みまくるしね
2022-01-01 16:47:16,メソヤマ,チーンの不変さすき
2022-01-01 16:47:18,O.J.I.,はにゃーん
2022-01-01 16:47:18,もさぎ。,:folded_hands:
2022-01-01 16:47:19,レイヴン,かんじーざいぼーさつが好き
2022-01-01 16:47:22,たこやきさらだ,般若心経聞き慣れるとすごいよね
2022-01-01 16:47:23,銀次,はい
2022-01-01 16:47:27,山本 重國 ,いてらー
2022-01-01 16:47:27,いすといすと,ｗｗｗ
2022-01-01 16:47:28,ひゅーい,！？
2022-01-01 16:47:34,れんこん職人,いてらー
2022-01-01 16:47:36,アレンクス,画面ｗｗｗ
2022-01-01 16:47:40,キル,でたこの背景:thumbs_up:
2022-01-01 16:47:41,メソヤマ,いてらー
2022-01-01 16:47:43,山本 重國 ,ナイスボー…？？？
2022-01-01 16:47:45,ウルトラアル中マン,聴きながら般若心経について調べてるけど中々面白いな
2022-01-01 16:47:48,パルック光る,一人ごっつ
2022-01-01 16:47:48,いすといすと,Ｖの待機画面だろうかｗ
2022-01-01 16:47:49,櫻咲,いてら
2022-01-01 16:47:51,アレンクス,ボートじゃない
2022-01-01 16:47:56,失敗作,zzz
2022-01-01 16:48:02,てかまきてかまき,一人ごっつw
2022-01-01 16:48:05,せいや,寝そう
2022-01-01 16:48:12,ウルトラアル中マン,Nice仏像
2022-01-01 16:48:12,ココロオレル,これがオギャみるくさんですか……
2022-01-01 16:48:13,いすといすと,Nice仏陀
2022-01-01 16:48:14,shion* *,nice buddha
2022-01-01 16:48:15,アレンクス,たまにある、宗教系の定点カメラ映像かな？
2022-01-01 16:48:15,櫻咲,nice boatke
2022-01-01 16:48:18,たこやきさらだ,ナイスボー？！ナイス大仏！？
2022-01-01 16:48:31,ふにや,:folded_hands:
2022-01-01 16:48:34,ジョン,さらば…
2022-01-01 16:48:43,O.J.I.,ナイスボトケは草
2022-01-01 16:48:55,一眼レフ,なんでパンチパーマと向き合ってんの？
2022-01-01 16:48:58,K Ken,:folded_hands:
2022-01-01 16:49:00,じんすけ,ちーん
2022-01-01 16:49:01,shion* *,なーーもあーーみだーーあぁんぶー
2022-01-01 16:49:03,もさぎ。,調べたら鎌倉大仏は浄土宗ってなってるから南無阿弥陀仏ではないのかい？
2022-01-01 16:49:05,ココロオレル,確かにこれ流してたらご近所さん静かになったわ
2022-01-01 16:49:15,アレンクス,バブが遅いときはトイレでツイッターしてるとき
2022-01-01 16:49:15,山本 重國 ,またトイレでTwitterに夢中になってたりして
2022-01-01 16:49:16,K Ken,ありがたやー
2022-01-01 16:49:19,西野つばめ,こんなん、卑怯やわw
2022-01-01 16:49:24,ふやけたジブラルタル,般若心経を唱えながら私は思う。人間の存在する意義とはなんなのか、私はこの世界に何を残せるだろう。そもそも残すことに意味はあるのか。あぁお風呂いっぱいのミルクが飲みたい。ミルクに浸かりながらミルクを飲みたい。そしてそのままミルクになってしまいたい。
2022-01-01 16:49:25,メソヤマ,ばぶちゃんモデル変わりました？
2022-01-01 16:49:27,たこやきさらだ,こまけーこたいいんだｗ
2022-01-01 16:49:43,櫻咲,リスナーが仏教に詳しくなる
2022-01-01 16:49:47,猫揉み師きどりん,バブバブバブ
2022-01-01 16:50:07,たこやきさらだ,ミルクてぇてぇ
2022-01-01 16:50:07,もさぎ。,ばぶあみだぶつ
2022-01-01 16:50:07,アレンクス,最終的には説法唱える配信してほしい
2022-01-01 16:50:08,MOKKA,ちーん
2022-01-01 16:50:09,ゆきふりうさぎ,ばぶは仏になったのだ
2022-01-01 16:50:10,櫻咲,バ仏バ仏～
2022-01-01 16:50:32,てかまきてかまき,厳かだ
2022-01-01 16:50:41,レイヴン,来年は観音経かな
2022-01-01 16:50:44,じんすけ,無限ちーん
2022-01-01 16:50:58,ウルトラアル中マン,:place_of_worship:
2022-01-01 16:51:00,ココロオレル,空海とやらはこんな気持ちだったのか……
2022-01-01 16:51:02,アレンクス,マジでツイッターやってそう
2022-01-01 16:51:04,たこやきさらだ,らいはい
2022-01-01 16:51:12,西野つばめ,何がすごいって、同接増え続けてることよな
2022-01-01 16:51:16,K Ken,ばぶちゃんがいれば無縁仏になっても安心だわ
2022-01-01 16:51:26,ゆきふりうさぎ,Twitterで自分の配信みてそう
2022-01-01 16:51:28,レイヴン,正座で聞いてる
2022-01-01 16:51:32,じんすけ,もう150人かー
2022-01-01 16:51:33,ウルトラアル中マン,おか
2022-01-01 16:51:43,たこやきさらだ,てぇてぇ
2022-01-01 16:51:44,山本 重國 ,お
2022-01-01 16:51:44,水原:梛沙:ナギサ,何宗とか聞いて良いですか？
2022-01-01 16:51:45,銀次,おかえりー
2022-01-01 16:51:49,メソヤマ,おかえり
2022-01-01 16:51:53,山本 重國 ,おかえりー
2022-01-01 16:51:53,うーあー,おかえりー
2022-01-01 16:51:55,K Ken,おかえり!
2022-01-01 16:52:01,ココロオレル,おぎゃえりー
2022-01-01 16:52:02,ふやけたジブラルタル,草。
2022-01-01 16:52:03,れんこん職人,そこから
2022-01-01 16:52:04,失敗作,わからんｗｗｗ
2022-01-01 16:52:05,水原:梛沙:ナギサ,おかえりー
2022-01-01 16:52:06,アレンクス,宗派わからずに唱えるの草
2022-01-01 16:52:15,レイヴン,天台宗？
2022-01-01 16:52:20,アレンクス,家紋はアカンのでは？
2022-01-01 16:52:20,ヒノモトきょう,浄土真宗かな
2022-01-01 16:52:22,shion* *,ばぶちゃんは九州なことしか知らんで
2022-01-01 16:52:24,山本 重國 ,深層宗教でも立ち上げようか
2022-01-01 16:52:25,デビッ,家紋はあまり関係ないで
2022-01-01 16:52:25,ばら,家紋で特定されるのくさ
2022-01-01 16:52:26,失敗作,そらとぶスパゲッティでよくない
2022-01-01 16:52:28,ウルトラアル中マン,観音菩薩関連の経典の中でも、『般若心経』は、古来から私達日本人に最も親しまれてきたお経です。　日本仏教のほとんどの宗派において読まれており、また、最も多く写経されてもいます。
2022-01-01 16:52:30,miya Izu,おぎや家の家紋つくってもええんやで
2022-01-01 16:52:31,山本 重國 ,家紋はアカン
2022-01-01 16:52:31,水原:梛沙:ナギサ,宗派によってアクセントが違うらしい
2022-01-01 16:52:31,銀次,家紋は危ないのでは？
2022-01-01 16:52:34,ココロオレル,家紋はあぶないｗｗ
2022-01-01 16:52:43,タンタン,宗派なんて合ってないようなもんやで
2022-01-01 16:52:47,屋根裏=サン,般若心経は浄土宗以外なら使ってるんじゃなかったっけ
2022-01-01 16:52:47,O.J.I.,ヘイカモーン
2022-01-01 16:52:47,れんこん職人,葵
2022-01-01 16:52:52,KH K,菊
2022-01-01 16:52:56,櫻咲,うちの家紋わかんね
2022-01-01 16:53:02,たこやきさらだ,大丈夫、般若心経は宗派多い。そして基本唱えない宗派もあるけどおｋおｋ
2022-01-01 16:53:02,山本 重國 ,丸に下り藤
2022-01-01 16:53:03,めしいか,藤
2022-01-01 16:53:05,shion* *,みんなの家紋、COME ON！
2022-01-01 16:53:06,西野つばめ,身バレ防止で家紋はあかんよ
2022-01-01 16:53:07,てかまきてかまき,わからん
2022-01-01 16:53:09,O.J.I.,蕪
2022-01-01 16:53:09,猫揉み師きどりん,:black_cat:←これです
2022-01-01 16:53:10,ココロオレル,親戚と縁切ったからなぁ
2022-01-01 16:53:10,デビッ,それ千鳥では
2022-01-01 16:53:12,じんすけ,うちの家紋は鶴
2022-01-01 16:53:17,ウルトラアル中マン,:yin_yang:
2022-01-01 16:53:20,失敗作,呼ばれたか？
2022-01-01 16:53:22,水原:梛沙:ナギサ,宗派で大体の地域特定可能
2022-01-01 16:53:26,名無しA,家紋なんて見たことないわ
2022-01-01 16:53:34,アレンクス,頑張れば家紋でわかりそう
2022-01-01 16:53:39,たこやきさらだ,家紋はレアなのは言っちゃだめ。梅小鉢とかありがちなのはおｋ
2022-01-01 16:53:45,もさぎ。,家紋べいべーあめりか～
2022-01-01 16:53:52,TP(てぃーぴー),こわ
2022-01-01 16:53:54,アレンクス,どこのvipですか？
2022-01-01 16:53:54,shion* *,ほな家紋いらんやんけ
2022-01-01 16:53:55,てかまきてかまき,バブトラップ発動
2022-01-01 16:54:07,レイヴン,上の階リングフィットしてんの
2022-01-01 16:54:08,水原:梛沙:ナギサ,家紋はガチで身バレする家です・・・
2022-01-01 16:54:10,アレンクス,上は下からお経聞こえてきて怖いだろうなｗｗｗ
2022-01-01 16:54:28,KH K,六文銭とかレアじゃないの？
2022-01-01 16:54:29,ウルトラアル中マン,家紋ってあんのかな俺んち
2022-01-01 16:54:30,千秋,家紋SSRとかあるんか・・・
2022-01-01 16:54:30,もさぎ。,うちの家紋三つ葉葵だよ(嘘)
2022-01-01 16:54:32,櫻咲,みんな家紋詳しいなあ
2022-01-01 16:54:34,じんすけ,家紋から身バレ怖いw
2022-01-01 16:54:42,山本 重國 ,細かい情報を統合すして特定するバケモンがウヨウヨいるからそういうのをあんまり出したらあかんよ
2022-01-01 16:54:50,失敗作,ホラーバブ
2022-01-01 16:54:53,MOKKA,悪霊が住んでる
2022-01-01 16:54:59,ココロオレル,家紋から身バレするってヤバい時代
2022-01-01 16:55:00,shion* *,祖父の家ぶっ壊したから刀とかいろいろどっかいったんだよな
2022-01-01 16:55:02,名無しA,上がうるさいと思って文句言いに行ったら誰も住んでなかったパターン
2022-01-01 16:55:07,アレンクス,特定班は舐めたらアカン
2022-01-01 16:55:11,レイヴン,藤の家紋だよ
2022-01-01 16:55:18,ふやけたジブラルタル,怖いぜ。
2022-01-01 16:55:30,もさぎ。,郵便番号と周辺施設の情報から自宅特定された娘もいたからな、誰とは言わんが
2022-01-01 16:55:30,メソヤマ,家紋からリスナーがやんごとなき身分であることが判明する回
2022-01-01 16:55:36,デビッ,九州出身で六文銭はおらんやろ
2022-01-01 16:55:44,失敗作,:t_rex:「特定したなら公共料金はらって」
2022-01-01 16:56:05,水原:梛沙:ナギサ,むしろ家紋の方が苗字より身バレする
2022-01-01 16:56:06,アレンクス,だしてもいいけど公共料金はらえ
2022-01-01 16:56:07,ココロオレル,たしかに子供がいるんだっけか上のかた
2022-01-01 16:56:18,ばら,もう養育費ガチャみたいなもんだろ
2022-01-01 16:56:22,MOKKA,ポストにお供え物入れられそう
2022-01-01 16:56:46,ウルトラアル中マン,？
2022-01-01 16:56:50,山本 重國 ,はっ？
2022-01-01 16:56:53,レイヴン,壁ドン
2022-01-01 16:56:56,アレンクス,ん？
2022-01-01 16:56:57,失敗作,チーン
2022-01-01 16:57:02,アレンクス,草
2022-01-01 16:57:03,ココロオレル,壁ドンか？
2022-01-01 16:57:07,ウルトラアル中マン,だから言ったじゃん
2022-01-01 16:57:09,アレンクス,苦しんでるんじゃない？
2022-01-01 16:57:09,銀次,するね
2022-01-01 16:57:10,ふにや,草
2022-01-01 16:57:12,デビッ,払われてる！！？
2022-01-01 16:57:14,KH K,般若心経1番力あるって言われてるからねぇ
2022-01-01 16:57:15,miya Izu,騒音で管理会社にチクればいいよ
2022-01-01 16:57:17,4161きんた,霊障？
2022-01-01 16:57:17,失敗作,近くに水場ある？
2022-01-01 16:57:19,ココロオレル,音する
2022-01-01 16:57:19,れんこん職人,霊をよびよせたか
2022-01-01 16:57:20,ふやけたジブラルタル,ポストに線香入れるなら家賃払っていけ。
2022-01-01 16:57:25,てかまきてかまき,仏の逆鱗に触れたか
2022-01-01 16:57:26,水原:梛沙:ナギサ,お経でダメージ受けるって悪霊やんけ！
2022-01-01 16:57:30,失敗作,水場と家紋は・・・
2022-01-01 16:57:36,デビッ,わりとレア家紋はある
2022-01-01 16:57:40,シノ,あぶねあぶね
2022-01-01 16:57:44,失敗作,あ・・・召喚してない？
2022-01-01 16:57:47,レイヴン,霊とバトルしとる
2022-01-01 16:57:52,惰性石器,家紋ベイベー
2022-01-01 16:57:52,たこやきさらだ,近隣で般若心経唱え続けてれば、まわりが怖いかもよｗ
2022-01-01 16:57:55,てかまきてかまき,悪霊がもがき苦しむ音
2022-01-01 16:57:56,KH K,水場は霊があつまりやすい
2022-01-01 16:57:58,ウルトラアル中マン,上の部屋、空室だったりしない？
2022-01-01 16:58:10,屋根裏=サン,何が身バレになるかわからんからねえ、家関係は止めておき
2022-01-01 16:58:12,水原:梛沙:ナギサ,レイスバって事？
2022-01-01 16:58:13,西野つばめ,ウチは田舎の蔵に家紋あるからそういうので絞られるとかありそう
2022-01-01 16:58:19,山本 重國 ,段々心霊配信みたいになってきたな
2022-01-01 16:58:31,ココロオレル,お姉さまに聞かせようぜ
2022-01-01 16:58:32,4161きんた,別に問題はないみたい
2022-01-01 16:58:35,ふやけたジブラルタル,165箇所の家の悪霊が苦しむ音だ。
2022-01-01 16:58:35,レイヴン,上ですごいバタバタしてる
2022-01-01 16:58:43,屋根裏=サン,仏様はそこまで固くないから大丈夫よ（笑）
2022-01-01 16:58:45,てかまきてかまき,正月から読経してる隣人も怖いけどね
2022-01-01 16:58:46,アレンクス,ぶすりと
2022-01-01 16:58:48,西野つばめ,普通にマイク越しで聞こえたね。ゴンゴンって
2022-01-01 16:58:50,たこやきさらだ,コンコン言ってるしｗ
2022-01-01 16:58:52,じんすけ,やだ 怖い話?
2022-01-01 16:58:54,失敗作,水場に家紋とお経、ご先祖さまの降臨儀式かな
2022-01-01 16:59:03,ヒノモトきょう,充電すゆ〜
2022-01-01 16:59:10,ウルトラアル中マン,成仏させると同時に救いを求める霊を引き寄せやすいって洒落こわでみた
2022-01-01 16:59:32,jun iwata,バブちゃんの家紋って何なの？
2022-01-01 16:59:35,ココロオレル,夜が近いからかな？
2022-01-01 16:59:47,たこやきさらだ,般若心経が聞こえてるんじゃね?逆ならバブ様の事怖がってるよｗ
2022-01-01 16:59:49,shion* *,ご先祖のYeahが落ちるのは怖いねえ
2022-01-01 16:59:52,シノ,おぎゃちゃんに憑いてる説
2022-01-01 16:59:58,一眼レフ,好かれてんね
2022-01-01 17:00:04,眉毛まる (on the lily　MCつよちゃん),こわ
2022-01-01 17:00:04,水原:梛沙:ナギサ,アピールしてください
2022-01-01 17:00:04,メソヤマ,アピールしてんじゃん…
2022-01-01 17:00:05,コロ助,写経は、したことあるの
2022-01-01 17:00:08,山本 重國 ,段々寒くなってきたな…
2022-01-01 17:00:09,ヒノモトきょう,先祖の遺影を落としてしまったのですが！
2022-01-01 17:00:10,失敗作,ごめんなさい
2022-01-01 17:00:10,アレンクス,はやくちｗｗｗ
2022-01-01 17:00:18,てかまきてかまき,草
2022-01-01 17:00:19,ふにや,”いる”ってこと！？
2022-01-01 17:00:21,シノ,ごめんて
2022-01-01 17:00:25,もさぎ。,日没時刻で住所特定しました
2022-01-01 17:00:26,ココロオレル,寝る前はやめた方がいいかもしれんよｗｗ
2022-01-01 17:00:29,櫻咲,おーよちよちよち
2022-01-01 17:00:36,jun iwata,般若心経とか有難いやろ
2022-01-01 17:00:38,山本 重國 ,家紋は輪廻眼って事にしとこう
2022-01-01 17:00:39,てかまきてかまき,途中でやめたら反撃されるぞ？
2022-01-01 17:00:39,アレンクス,怪談配信したい人の言葉とは思えない
2022-01-01 17:00:48,awgag kawaga,目出たい日こそ、死を考える。
2022-01-01 17:00:52,4161きんた,上の階の部屋実は空き家というオチななしよww
2022-01-01 17:00:53,じんすけ,日没時刻はプロすぎる
2022-01-01 17:00:57,銀次,草
2022-01-01 17:01:01,コロ助,アピールしてください。
2022-01-01 17:01:01,失敗作,ポカリーーーーーーーーーーー
2022-01-01 17:01:02,ウルトラアル中マン,それこそ罰当たりなのですが！
2022-01-01 17:01:06,K Ken,こぼれた？
2022-01-01 17:01:08,てかまきてかまき,草
2022-01-01 17:01:09,MOKKA,草
2022-01-01 17:01:12,jun iwata,うちは浄土宗です！ナンマンダブナンマンダブ…
2022-01-01 17:01:13,山本 重國 ,怖w
2022-01-01 17:01:16,ヒノモトきょう,草
2022-01-01 17:01:32,ココロオレル,あなたが落としたのはポカリと遺影どちらですか
2022-01-01 17:01:32,てかまきてかまき,先祖の遺影を落としてす、しまったのですが！
2022-01-01 17:01:42,アレンクス,草
2022-01-01 17:01:50,もさぎ。,減ったの幽霊だよ
2022-01-01 17:01:57,shion* *,同接が減ったんやない、成仏したんやで
2022-01-01 17:01:58,KH K,草
2022-01-01 17:02:02,ヒノモトきょう,どうかされましたか？
2022-01-01 17:02:07,櫻咲,唱えてないから減る同接
2022-01-01 17:02:19,たこやきさらだ,そういえば太鼓叩きながら祝詞唱える近隣住民怖かった記憶が
2022-01-01 17:02:24,山本 重國 ,:raising_hands:
2022-01-01 17:02:24,シノ,落としてしまったのですが好き過ぎるw
2022-01-01 17:02:31,ココロオレル,:folded_hands:
2022-01-01 17:02:33,コロ助,な～む～
2022-01-01 17:02:36,じんすけ,:folded_hands:
2022-01-01 17:02:37,K Ken,:folded_hands:
2022-01-01 17:02:43,てかまきてかまき,:folded_hands:
2022-01-01 17:02:43,もさぎ。,:folded_hands:
2022-01-01 17:02:52,ウルトラアル中マン,:folded_hands:
2022-01-01 17:02:59,KH K,:folded_hands:
2022-01-01 17:03:06,一眼レフ,:folded_hands:
2022-01-01 17:03:08,眉毛まる (on the lily　MCつよちゃん),:folded_hands:
2022-01-01 17:03:11,アストロ農家.,マ゜ァｧ＾～～～～～（成仏）
2022-01-01 17:03:15,ふにや,:folded_hands:
2022-01-01 17:03:18,文,:folded_hands:
2022-01-01 17:03:21,銀次,:folded_hands:
2022-01-01 17:03:29,アレンクス,たまに苦しくなるの草
2022-01-01 17:03:32,じんすけ,灯油買いに行きたいけど寒いー
2022-01-01 17:03:40,O.J.I.,:folded_hands:
2022-01-01 17:03:51,失敗作,:smiling_face_with_halo:
2022-01-01 17:04:10,ココロオレル,たしかに仏壇のもの落とすとヒヤッとするよな……
2022-01-01 17:04:13,鈍色マッドタクシー,題名につられちまったが、般若経ロックってわけでもなく、本当に般若心教なのなｗ
2022-01-01 17:04:29,一眼レフ,むーむーなむなむ
2022-01-01 17:04:43,山本 重國 ,同接増えてきた
2022-01-01 17:04:51,MOKKA,:folded_hands:
2022-01-01 17:05:08,jun iwata,ナンマンダブナンマンダブ
2022-01-01 17:05:20,一眼レフ,:folded_hands:
2022-01-01 17:05:27,じんすけ,唱え始めたら増えるのか:thinking_face:
2022-01-01 17:05:27,櫻咲,みんな聞きたいんだねえ
2022-01-01 17:05:34,K Ken,召喚されてきた
2022-01-01 17:05:38,コロ助,明日、お寺にいくよなり
2022-01-01 17:05:40,惰性石器,功徳が高まる配信
2022-01-01 17:05:41,ヤマ,なむなむ
2022-01-01 17:05:51,じんすけ,:folded_hands:
2022-01-01 17:05:53,権兵衛,:folded_hands:
2022-01-01 17:05:57,山本 重國 ,む、今気付いたがとめる嬢このあと配信するんか。
2022-01-01 17:05:58,一眼レフ,同接0人耐久
2022-01-01 17:05:58,ココロオレル,お祓い行く前に聞けてよかった
2022-01-01 17:06:06,ウルトラアル中マン,:folded_hands:
2022-01-01 17:06:11,K Ken,:folded_hands:
2022-01-01 17:06:14,銀次,:folded_hands:
2022-01-01 17:06:14,西野つばめ,やっぱり読むと人増えるんだよなぁw
2022-01-01 17:06:15,シノ,はんにゃしんぎょー（低音）好き
2022-01-01 17:06:16,びーふにーたー,（合掌）
2022-01-01 17:06:19,shion* *,F1始まった？
2022-01-01 17:06:23,もさぎ。,:folded_hands:
2022-01-01 17:06:25,櫻咲,:folded_hands:
2022-01-01 17:06:26,アレンクス,ちゃんと概要欄に拗ねる条件書いてるのエライ
2022-01-01 17:06:29,たこやきさらだ,ぎゃーてーぎゃーてー
2022-01-01 17:06:30,ウルトラアル中マン,ガチ疲労赤ちゃん
2022-01-01 17:06:32,メソヤマ,合掌
2022-01-01 17:06:38,一眼レフ,:folded_hands:
2022-01-01 17:06:39,ココロオレル,ふんすふんすかわいい
2022-01-01 17:06:58,⁂みのる⁂,ねむくなってきた
2022-01-01 17:07:08,びーふにーたー,ラスサビからのロングブレスとは、、、
2022-01-01 17:07:13,めがみいんばす,なんか身体が薄くなってきた…
2022-01-01 17:07:13,アレンクス,役一時間経過かな
2022-01-01 17:07:31,jun iwata,同唱十念〜
2022-01-01 17:07:31,ウルトラアル中マン,:baby_angel:
2022-01-01 17:07:32,たこやきさらだ,今、概要見たｗｗｗぼんさんコラボ期待ｗ
2022-01-01 17:08:05,一眼レフ,このまま消えられればどれだけ楽か…
2022-01-01 17:08:06,jun iwata,南無阿弥陀仏南無阿弥陀仏南無阿弥陀仏場無阿弥陀仏南無阿弥陀仏
2022-01-01 17:08:27,コロ助,近く御前より、上手いなり
2022-01-01 17:09:06,ココロオレル,ｗｗｗｗ
2022-01-01 17:09:10,失敗作,zzz
2022-01-01 17:09:17,自称ねこ耳,こんだぅ～
2022-01-01 17:09:18,ren too,Zzz
2022-01-01 17:09:18,一眼レフ,ちーん
2022-01-01 17:09:24,K Ken,:baby_angel:
2022-01-01 17:09:30,ゲルトガ,だうー
2022-01-01 17:09:59,jun iwata,ナンマンダブ何マンだ無難マンダブナンマンダブ
2022-01-01 17:10:11,一眼レフ,:folded_hands:
2022-01-01 17:10:13,びーふにーたー,いま何がパキっつった？
2022-01-01 17:10:16,ウルトラアル中マン,:folded_hands:
2022-01-01 17:10:20,shion* *,ねむいねえ
2022-01-01 17:10:21,もさぎ。,おねむ？
2022-01-01 17:10:30,コロ助,ねむねむ
2022-01-01 17:10:34,櫻咲,ばぶたんねむいねえ
2022-01-01 17:10:42,K Ken,赤ちゃんだからしゃーない
2022-01-01 17:11:00,kimamaライフ,初見でーす
2022-01-01 17:11:03,一眼レフ,なむなむ
2022-01-01 17:11:08,てかまきてかまき,ぼじそわかっ！
2022-01-01 17:11:12,メソヤマ,ねむねむ
2022-01-01 17:11:16,もさぎ。,初見は草
2022-01-01 17:11:18,びーふにーたー,:folded_hands:
2022-01-01 17:11:23,ココロオレル,こんなん成仏してしまう
2022-01-01 17:11:25,ウルトラアル中マン,:baby_angel:
2022-01-01 17:11:33,もさぎ。,:folded_hands:
2022-01-01 17:11:37,K Ken,初見が召喚されてきた！
2022-01-01 17:11:39,せいや,だう
2022-01-01 17:11:52,ヒノモトきょう,初見でこれは草
2022-01-01 17:11:56,てかまきてかまき,ばぶばぶ
2022-01-01 17:12:26,びーふにーたー,チカチカ
2022-01-01 17:12:29,銀次,:folded_hands:
2022-01-01 17:12:42,AlleN WalkeR,:folded_hands:
2022-01-01 17:12:46,一眼レフ,:folded_hands:
2022-01-01 17:12:51,K Ken,:folded_hands:
2022-01-01 17:12:57,眉毛まる (on the lily　MCつよちゃん),:folded_hands:
2022-01-01 17:13:03,てかまきてかまき,:folded_hands:
2022-01-01 17:13:06,ココロオレル,:folded_hands:
2022-01-01 17:13:17,あんどうまなぶ,:folded_hands::person_bowing:
2022-01-01 17:13:18,じんすけ,:folded_hands:
2022-01-01 17:13:26,もさぎ。,:folded_hands:
2022-01-01 17:13:29,失敗作,ア゛ア゛ア゛ア゛
2022-01-01 17:13:41,びーふにーたー,なんか悩ましい声出なかった？ｗ
2022-01-01 17:13:49,ドンブリ感情,:folded_hands:
2022-01-01 17:14:01,けたろう,:folded_hands:
2022-01-01 17:14:15,Ks In,登録しました
2022-01-01 17:14:33,shion* *,赤ちゃん・洗車・般若心境・合掌コメ欄、ここに来る初見……
2022-01-01 17:14:51,okonke,ありがたい:folded_hands:
2022-01-01 17:14:57,K Ken,正月に相応しい配信
2022-01-01 17:15:13,びーふにーたー,キャッキャしてきた
2022-01-01 17:15:20,ふやけたジブラルタル,成仏したぜ。
2022-01-01 17:15:26,あんどうまなぶ,草
2022-01-01 17:15:31,じんすけ,信心深まってきたァ:folded_hands:
2022-01-01 17:15:32,ココロオレル,ねむねむだねぇ
2022-01-01 17:15:44,ウルトラアル中マン,ゾーン入ってきたな
2022-01-01 17:15:46,てかまきてかまき,情緒不安定
2022-01-01 17:15:50,びーふにーたー,:folded_hands:
2022-01-01 17:15:51,一眼レフ,:folded_hands:
2022-01-01 17:15:52,メソヤマ,チーン
2022-01-01 17:15:53,櫻咲,:folded_hands:
2022-01-01 17:16:00,銀次,:folded_hands:
2022-01-01 17:16:01,櫻咲,ぎょ～～～
2022-01-01 17:16:02,てかまきてかまき,:folded_hands:
2022-01-01 17:16:02,K Ken,可愛くて極楽から帰ってきた:baby_angel:
2022-01-01 17:16:04,ウルトラアル中マン,:folded_hands:
2022-01-01 17:16:05,眉毛まる (on the lily　MCつよちゃん),:folded_hands:
2022-01-01 17:16:06,たこやきさらだ,てぇてぇ
2022-01-01 17:16:15,橘　柳,素晴らしい
2022-01-01 17:16:18,シノ,ちゅーちゅー
2022-01-01 17:16:19,にゃお,:folded_hands:
2022-01-01 17:16:20,ユイットル カキ,:folded_hands:
2022-01-01 17:16:26,MOKKA,サビかわいい
2022-01-01 17:16:27,K Ken,:baby_bottle:
2022-01-01 17:16:33,櫻咲,ちゅー助かる
2022-01-01 17:16:34,ひろ-,:folded_hands:
2022-01-01 17:16:49,失敗作,z
2022-01-01 17:16:51,シノ,かわいい
2022-01-01 17:16:51,ウルトラアル中マン,般若心経ASMR
2022-01-01 17:16:57,せいや,クセになる
2022-01-01 17:17:06,櫻咲,読経ASMRきちゃああああああ
2022-01-01 17:17:09,K Ken,また成仏してきます:folded_hands:
2022-01-01 17:17:11,じんすけ,囁き 助かる:folded_hands:
2022-01-01 17:17:19,びーふにーたー,徳が脳髄に染みわたる
2022-01-01 17:17:20,メソヤマ,脳にやさしい:folded_hands:
2022-01-01 17:17:20,銀次,:smiling_face_with_halo:
2022-01-01 17:17:23,コロ助,ねむねむ昇天しそう　Ha～a!
2022-01-01 17:17:24,てかまきてかまき,成仏しそう
2022-01-01 17:17:53,一眼レフ,あっあっ
2022-01-01 17:17:54,たこやきさらだ,これは成仏する。解脱できない方向に
2022-01-01 17:18:00,にゃお,あ^〜体に染み渡る〜:smiling_face_with_halo:
2022-01-01 17:18:14,ゲルトガ,zzzz
2022-01-01 17:18:25,じんすけ,ASMRってイヤホンで聞いてると腰がゾワゾワする
2022-01-01 17:18:55,コロ助,:zzz::zzz:
2022-01-01 17:19:07,ココロオレル,いまなら部屋にいる怨霊とわかりあえそう
2022-01-01 17:19:17,MOKKA,ああ^〜
2022-01-01 17:19:18,琥珀,:folded_hands:
2022-01-01 17:19:19,ウルトラアル中マン,:folded_hands:
2022-01-01 17:19:25,TSUNA,:folded_hands:
2022-01-01 17:19:27,ふやけたジブラルタル,成仏したぜ。
2022-01-01 17:19:34,Black Joker,ここだけ盆なの？
2022-01-01 17:19:34,てかまきてかまき,唐突な死
2022-01-01 17:19:36,びーふにーたー,囁き声は喉へのダメージデカいからね
2022-01-01 17:19:41,櫻咲,ありがたや:loudly_crying_face::folded_hands:ありがたや:loudly_crying_face::folded_hands:
2022-01-01 17:19:41,K Ken,:zzz:
2022-01-01 17:19:43,橘　柳,木魚がほしいな
2022-01-01 17:19:47,にゃお,:folded_hands:
2022-01-01 17:19:48,銀次,:folded_hands:
2022-01-01 17:20:05,自称ねこ耳,大丈夫？
2022-01-01 17:20:11,Black Joker,吐いてきていいぞ！
2022-01-01 17:20:12,KH K,霊障？
2022-01-01 17:20:13,あんどうまなぶ,:folded_hands::sparkles:
2022-01-01 17:20:17,銀次,心配だ
2022-01-01 17:20:18,じんすけ,:baby_bottle:
2022-01-01 17:20:19,ウルトラアル中マン,般若心経唱えてダメージを食らっている・・・？
2022-01-01 17:20:19,ココロオレル,大丈夫かい？
2022-01-01 17:20:23,4161きんた,大丈夫？
2022-01-01 17:20:24,眉毛まる (on the lily　MCつよちゃん),やばいじゃん
2022-01-01 17:20:24,ふやけたジブラルタル,病み上がりで心配だ。
2022-01-01 17:20:30,てかまきてかまき,マクドリバースか？
2022-01-01 17:20:34,せいや,お大事に
2022-01-01 17:20:52,にゃお,無理せんでな
2022-01-01 17:20:56,ウルトラアル中マン,計ってもろて
2022-01-01 17:21:02,銀次,はい
2022-01-01 17:21:07,櫻咲,無理せんで
2022-01-01 17:21:18,ココロオレル,休憩してもいいような
2022-01-01 17:21:19,てかまきてかまき,計りながらw
2022-01-01 17:21:19,びーふにーたー,お大事にね
2022-01-01 17:21:41,たぬ,コラボ配信時にこれで喉やってたら笑う
2022-01-01 17:21:49,肴屋うおろく,あけおめ。　おきょうたすかる。
2022-01-01 17:21:52,たこやきさらだ,バブ様、胃腸にスパルタは良くないお
2022-01-01 17:21:57,びーふにーたー,:folded_hands:
2022-01-01 17:22:02,4161きんた,文字ずっと見てて酔ったかな？
2022-01-01 17:22:05,コロ助,体の中の邪気を出しちゃって！
2022-01-01 17:22:09,ぷらずまわい子,ぎゃーてぃーぎゃてぃー
2022-01-01 17:22:13,シノ,ぎゃーてーぎゃーてー
2022-01-01 17:22:33,K Ken,胃腸に菌がまだ残ってるからね
2022-01-01 17:22:43,びーふにーたー,寒くない？
2022-01-01 17:22:51,shion* *,ﾋﾟﾋﾟﾋﾟﾋﾟｯ
2022-01-01 17:22:52,ココロオレル,ｗｗ
2022-01-01 17:22:54,鈍色マッドタクシー,頭に邪鬼眼みたいのつけてるからへーきへーき
2022-01-01 17:22:56,てかまきてかまき,邪気、解放
2022-01-01 17:22:57,Black Joker,それ熱あるよ
2022-01-01 17:23:01,ウルトラアル中マン,平熱よかた
2022-01-01 17:23:02,もさぎ。,般若心経に語られる真理？が千年二千年も前にあったって、改めてとんでもないよなあ
2022-01-01 17:23:11,櫻咲,微熱やん
2022-01-01 17:23:13,じんすけ,換気しよ
2022-01-01 17:23:15,shion* *,人間夕方が一番高いから多少ね
2022-01-01 17:23:16,亀,バブちゃんってホラゲー好き？
2022-01-01 17:23:17,メソヤマ,微〜
2022-01-01 17:23:17,びーふにーたー,ちょっと高い気もするけどいつもそんなもん？
2022-01-01 17:23:19,TSUNA,よくなってそうで良かった
2022-01-01 17:23:20,ふやけたジブラルタル,身体と部屋の邪気を諸共ぶっ飛ばしちまえ。
2022-01-01 17:23:21,ドンブリ感情,輪廻眼！
2022-01-01 17:23:23,KH K,よかった
2022-01-01 17:23:27,せいや,ﾖｶ-ﾀﾖｶ-ﾀ
2022-01-01 17:23:37,コロ助,チョット、酸っぱい匂いがするかもなり！
2022-01-01 17:23:39,O.J.I.,赤ちゃん体温高いからね
2022-01-01 17:23:49,Black Joker,体温は夕方から夜にかけて体調良くても上がり調子になるんだけど、その状態で普段の平熱超えてたらまだ体調不良だよ
2022-01-01 17:23:52,てかまきてかまき,コロ助いて草
2022-01-01 17:24:03,肴屋うおろく,収益化してたら、お年玉(物欲の波動)を渡してたのだが、残念～。(-ω-)
2022-01-01 17:24:15,湯葉,じゃああんまり怖くないやつやろうね。アウトラストとか
2022-01-01 17:24:31,4161きんた,時間的にちょうど逢魔が時だからね
2022-01-01 17:24:47,櫻咲,構わんよ
2022-01-01 17:24:49,亀,夜廻とかやったことある？
2022-01-01 17:24:52,ゲルトガ,賢いばぶ
2022-01-01 17:24:53,アレンクス,ちゃっかり草、構わん
2022-01-01 17:24:59,Black Joker,体調と相談しながらやっとくれー
2022-01-01 17:25:00,ウルトラアル中マン,プレミアムだから広告気が付かへんかった
2022-01-01 17:25:05,びーふにーたー,ホラー的にも怖いし配信的にも怖い
2022-01-01 17:25:07,ふやけたジブラルタル,毎秒広告入れていけ。
2022-01-01 17:25:21,4161きんた,おうまがとき
2022-01-01 17:25:28,湯葉,楽しいホームパーティーをビデオ撮影するゲームだが？？？＞アウトラスト
2022-01-01 17:25:40,ゲルトガ,夜回りは配信条件確認しないとだから気をつけて
2022-01-01 17:25:41,てかまきてかまき,あぇ？
2022-01-01 17:25:48,KH K,ちょうど今ぐらいだよ
2022-01-01 17:25:48,惰性石器,夜廻新作でるね
2022-01-01 17:25:54,櫻咲,あ、え、あえ？あえ？
2022-01-01 17:25:57,たこやきさらだ,おうまがとき
2022-01-01 17:25:57,亀,え、配信条件あるの？
2022-01-01 17:26:04,屋根裏=サン,ほー
2022-01-01 17:26:07,O.J.I.,大禍時
2022-01-01 17:26:11,カナガタ_セッサク中,ここにコメしていいのか分らんけど、17時からの再販出遅れた・・・
2022-01-01 17:26:13,4161きんた,ちょうど人間と魔物の活動時間が入れ替わる時
2022-01-01 17:26:21,シノ,草
2022-01-01 17:26:25,銀次,あぁーw
2022-01-01 17:26:28,びーふにーたー,自動で付くらしいね
2022-01-01 17:26:33,湯葉,姉ちゃんとかセバスに聞こう
2022-01-01 17:26:33,ココロオレル,ｗｗ
2022-01-01 17:26:37,ドンブリ感情,自動でつけるとそうなるらしい
2022-01-01 17:26:38,肴屋うおろく,おうまがとき。　魔にあいそうな薄暗い時をさすんだか…
2022-01-01 17:26:43,たぬ,なまほしママに教えて貰おう。機械弱そうだけど
2022-01-01 17:26:44,ふやけたジブラルタル,草。
2022-01-01 17:26:46,一眼レフ,とめるの敵T
2022-01-01 17:27:13,櫻咲,まじか
2022-01-01 17:27:13,shion* *,再販なんてしてたんや
2022-01-01 17:27:15,シノ,公式Twitterが言ってた
2022-01-01 17:27:32,ココロオレル,ひっそりとしてた
2022-01-01 17:27:39,shion* *,お姉様のTシャツ売り切れとるやーん
2022-01-01 17:27:49,ドンブリ感情,18時間前にお知らせのお知らせならツイートしてる
2022-01-01 17:27:53,櫻咲,ほんとだ、しれっと一部再販告知が
2022-01-01 17:28:21,湯葉,将来自分のグッズ出るってなったらどんなの欲しい？
2022-01-01 17:28:23,銀次,結構売り切れるね
2022-01-01 17:29:07,びーふにーたー,単位が液体ですが
2022-01-01 17:29:13,てかまきてかまき,いつもの特典！
2022-01-01 17:29:16,シノ,買いな
2022-01-01 17:29:16,ふやけたジブラルタル,ミルク味の飴が着いたおしゃぶりとかどうだ。
2022-01-01 17:29:21,ウルトラアル中マン,おしゃぶり
2022-01-01 17:29:29,湯葉,チーンってなるやつ欲しい
2022-01-01 17:29:29,一眼レフ,ぬいぐるみとおしゃぶり
2022-01-01 17:29:48,ウルトラアル中マン,ホンモノおしゃぶりじゃなくて？
2022-01-01 17:29:49,カナガタ_セッサク中,缶はおそろいのが欲しい
2022-01-01 17:29:56,一眼レフ,ボタン押すと泣き声出るやつ
2022-01-01 17:29:56,ドンブリ感情,ぽぽちゃん改造して売ろう
2022-01-01 17:30:09,ふやけたジブラルタル,一昔前のガチャガチャにあったやつだ。
2022-01-01 17:30:10,コロ助,プラモデルも欲しいなり
2022-01-01 17:30:17,鈍色マッドタクシー,つかうよ
2022-01-01 17:30:17,TSUNA,ばぶちゃんの出たら買う
2022-01-01 17:30:18,びーふにーたー,どうするってその、、、
2022-01-01 17:30:21,一眼レフ,もちろん、しゃぶる
2022-01-01 17:30:23,アレンクス,おしゃぶり買ったらしゃぶるだろ
2022-01-01 17:30:25,メソヤマ,つかうばぶ
2022-01-01 17:30:27,ウルトラアル中マン,買って動画上げるぞ
2022-01-01 17:30:31,櫻咲,視聴時につけます
2022-01-01 17:30:33,てかまきてかまき,付けながらチャットでバブバブする
2022-01-01 17:30:33,コロ助,加えるなり
2022-01-01 17:30:45,ウルトラアル中マン,当たり前だよなあ？
2022-01-01 17:30:49,TSUNA,ﾊﾞﾌﾞ～
2022-01-01 17:30:51,TP(てぃーぴー),草
2022-01-01 17:30:55,じんすけ,公式おしゃぶり
2022-01-01 17:30:57,ふやけたジブラルタル,視聴時装着必須だ。
2022-01-01 17:31:01,鈍色マッドタクシー,哺乳瓶もだしてくれたら、そこにハイボール入れて飲むわ
2022-01-01 17:31:04,K Ken,ばぶちゃんの般若心経CD
2022-01-01 17:31:15,Sally Sally,そらつけるだろ
2022-01-01 17:31:18,びーふにーたー,そうなると哺乳瓶も欲しいなぁ
2022-01-01 17:31:20,ウルトラアル中マン,いいねえ～
2022-01-01 17:31:27,アレンクス,ここにいるのは赤ちゃんチームだから
2022-01-01 17:31:28,西野つばめ,最近おしゃぶりや哺乳瓶に興味あります。主にVの人が使ってる言ってるので…
2022-01-01 17:31:43,一眼レフ,運転中のチュッパチャップス代が浮く
2022-01-01 17:31:44,ウルトラアル中マン,ヨダレかけ良いな。
2022-01-01 17:31:48,オルスネ,オムツ
2022-01-01 17:31:54,K Ken,ちょっと想像しちゃったよ
2022-01-01 17:32:12,びーふにーたー,成人男性の首周りに合わせた涎掛け、業が深い
2022-01-01 17:32:22,ウルトラアル中マン,再開おｋ
2022-01-01 17:32:25,鈍色マッドタクシー,西松屋か赤ちゃん本舗とコラボだな
2022-01-01 17:32:39,TSUNA,かんじーざいぼー
2022-01-01 17:32:45,てかまきてかまき,:folded_hands:
2022-01-01 17:32:48,銀次,:folded_hands:
2022-01-01 17:32:55,西野つばめ,　名前書き込むのはアレですが、哺乳瓶でお酒飲むとか配信で言ってる方とかいますよ
2022-01-01 17:32:55,じんすけ,:folded_hands:
2022-01-01 17:33:17,デクロボ,:folded_hands:
2022-01-01 17:33:20,コロ助,人類、ばぶばぶ化なり！
2022-01-01 17:33:30,K Ken,:folded_hands:
2022-01-01 17:33:52,ウルトラアル中マン,:folded_hands:
2022-01-01 17:34:02,ふやけたジブラルタル,商品としては面白いが一人暮らしじゃない身としては悩ましいところもあるぜ。
2022-01-01 17:34:12,びーふにーたー,ガラガラが
2022-01-01 17:34:45,TSUNA,むーけーげーむーけーげー
2022-01-01 17:35:33,TSUNA,:folded_hands:
2022-01-01 17:35:36,びーふにーたー,:folded_hands:
2022-01-01 17:35:36,コロ助,ばぶばぶ般若心経カセットテープが欲しいなりョ～
2022-01-01 17:35:37,オルスネ,かわいい
2022-01-01 17:35:39,鈍色マッドタクシー,使う用、観賞用、配布用で用意しないとな
2022-01-01 17:35:42,てかまきてかまき,リズミカル
2022-01-01 17:35:49,櫻咲,:folded_hands:
2022-01-01 17:35:54,びーふにーたー,YouTubeで「vtuber おしゃぶり」って検索すると、複数のVが出てきて業界の闇を感じた
2022-01-01 17:35:59,4161きんた,ありがたいありがたい
2022-01-01 17:36:03,miya Izu,正月から徳積んじゃった
2022-01-01 17:36:29,びーふにーたー,ええよｗ
2022-01-01 17:36:37,ウルトラアル中マン,ええで
2022-01-01 17:36:42,TSUNA,僕も出前頼もうかな
2022-01-01 17:36:45,K Ken,頭のバックベアード様のグッズ化も期待
2022-01-01 17:36:45,銀次,いいよw
2022-01-01 17:36:47,コロ助,:poultry_leg::red_question_mark:
2022-01-01 17:36:47,一眼レフ,それはちょっとねぇー
2022-01-01 17:36:55,ヒノモトきょう,す、吸われる〜
2022-01-01 17:37:05,鈍色マッドタクシー,浄土真宗なら信心もってれば楽しくやればええよって感じだからセーフ
2022-01-01 17:37:13,O.J.I.,授乳！？
2022-01-01 17:37:35,たこやきさらだ,セーフ
2022-01-01 17:38:05,てかまきてかまき,:folded_hands:
2022-01-01 17:38:19,たこやきさらだ,バックべーアード様「このロリコンめ」
2022-01-01 17:39:15,TSUNA,眠くなるねｗ
2022-01-01 17:39:25,じんすけ,あくび(※´O｀※)ﾌｧｰ
2022-01-01 17:39:35,びーふにーたー,バブだからね
2022-01-01 17:39:45,4161きんた,赤ちゃんはそろそろおネムかな？
2022-01-01 17:41:06,たこやきさらだ,そういえばバブ様だとロリ超えてペドだよね
2022-01-01 17:41:31,TSUNA,ぎゃーてーぎゃーてー
2022-01-01 17:41:41,TSUNA,:folded_hands:
2022-01-01 17:41:46,銀次,:folded_hands:
2022-01-01 17:41:52,山吹秋風,オッスオッス
2022-01-01 17:41:58,びーふにーたー,:folded_hands:
2022-01-01 17:42:00,櫻咲,:folded_hands:
2022-01-01 17:42:03,ウルトラアル中マン,:folded_hands:
2022-01-01 17:42:06,メソヤマ,:folded_hands:
2022-01-01 17:42:12,櫻咲,ロングブレスすごい
2022-01-01 17:42:15,Sally Sally,:folded_hands:
2022-01-01 17:42:26,TSUNA,ター♪
2022-01-01 17:42:36,山吹秋風,ﾁｰﾝ
2022-01-01 17:42:40,てかまきてかまき,赤ちゃんかわいい赤ちゃん
2022-01-01 17:43:03,ふやけたジブラルタル,彼女が般若心経を唱えながら思うのは、世界の平和。戦争の在り方。人間の憎悪、信頼、愛情。今日の晩ご飯。目まぐるしく移り変わる人間の愚かな脳みそを憂いながら、彼女はまた経を紡ぐ。
2022-01-01 17:43:38,K Ken,解説ニキ助かる
2022-01-01 17:43:43,TSUNA,今更ながらこの耐久はしんどすぎるｗ
2022-01-01 17:44:27,デビッ,煩悩
2022-01-01 17:44:29,山吹秋風,うまいよね
2022-01-01 17:44:33,びーふにーたー,連想ゲームか
2022-01-01 17:44:35,ふやけたジブラルタル,日本酒にあうぜ。
2022-01-01 17:44:36,メソヤマ,カニミソはうまい…
2022-01-01 17:44:36,TSUNA,しばらく口にしてないな
2022-01-01 17:44:37,てかまきてかまき,煩悩w
2022-01-01 17:44:42,銀次,うまいね
2022-01-01 17:44:55,オルスネ,大人な味覚の赤ちゃん
2022-01-01 17:44:58,ウルトラアル中マン,蟹味噌を甲羅ごと日本酒混ぜて炙って啜ると最高やぞ
2022-01-01 17:44:59,西野つばめ,蟹味噌！！
2022-01-01 17:45:03,びーふにーたー,払っても払いきれないのが煩悩
2022-01-01 17:45:09,メソヤマ,読経しながらカニミソ食いてぇなぁって考えてるのよすぎるな
2022-01-01 17:45:20,O.J.I.,:crab::crab::crab:
2022-01-01 17:45:40,たこやきさらだ,食欲は赤ちゃんの必要な煩悩ｗ
2022-01-01 17:46:26,西野つばめ,罪なのは暴食だからオッケーオッケー
2022-01-01 17:46:31,ふやけたジブラルタル,2022年、108個の内の最初の1つ目の煩悩「かにみそ」
2022-01-01 17:46:38,TSUNA,:folded_hands:
2022-01-01 17:46:44,びーふにーたー,:folded_hands:
2022-01-01 17:46:44,メソヤマ,:folded_hands:
2022-01-01 17:46:49,K Ken,:folded_hands:
2022-01-01 17:46:53,デクロボ,:folded_hands:
2022-01-01 17:46:56,ウルトラアル中マン,:folded_hands:
2022-01-01 17:46:59,ウルトラアル中マン,てら
2022-01-01 17:47:07,てかまきてかまき,:folded_hands:
2022-01-01 17:47:12,O 2,:folded_hands::water_closet::folded_hands:
2022-01-01 17:47:13,デクロボ,いてらー
2022-01-01 17:47:23,O.J.I.,寺
2022-01-01 17:47:26,ふやけたジブラルタル,成仏したぜ。
2022-01-01 17:47:37,半分芯でいる。,:folded_hands::folded_hands::folded_hands::folded_hands::folded_hands::folded_hands::folded_hands::folded_hands::folded_hands::folded_hands::folded_hands::folded_hands:
2022-01-01 17:47:47,たこやきさらだ,ナイスブツゾウ
2022-01-01 17:47:50,okonke,:folded_hands:
2022-01-01 17:47:57,山吹秋風,:folded_hands::folded_hands:
2022-01-01 17:48:14,shiro a,鎌倉〜
2022-01-01 17:48:17,櫻咲,nice boatke
2022-01-01 17:48:24,K Ken,:folded_hands:
2022-01-01 17:48:28,コロ助,自動チ～ン
2022-01-01 17:48:34,一眼レフ,絶頂昇天南無三
2022-01-01 17:48:50,西野つばめ,そういえば、上の階の人がドンドンしなくなったかな？
2022-01-01 17:48:54,O.J.I.,boatkeってなんかロシア語っぽい響きな気がする
2022-01-01 17:50:50,コロ助,これ、隣近所に勘違いされるの巻
2022-01-01 17:50:59,TSUNA,おか
2022-01-01 17:51:00,びーふにーたー,おかえり
2022-01-01 17:51:01,ウルトラアル中マン,おか
2022-01-01 17:51:02,アレンクス,おか
2022-01-01 17:51:04,山吹秋風,ﾁｰﾝ
2022-01-01 17:51:04,銀次,おかえりー
2022-01-01 17:51:05,O 2,おかえりー
2022-01-01 17:51:09,K Ken,おかえり〜
2022-01-01 17:51:22,Hayato N,この年で、一人でトイレるのは偉いね。おかえり
2022-01-01 17:51:28,デクロボ,おかえりー
2022-01-01 17:51:46,shion* *,ロシアっぽいのはウォッカのヴォゥトカのせいかな?
2022-01-01 17:52:39,TSUNA,仏とboatをかけただけでござるたぶん
2022-01-01 17:52:50,銀次,:folded_hands:
2022-01-01 17:52:53,shion* *,ウォッカのロシア語発音がヴォゥトカみたいな感じなんよねー
2022-01-01 17:52:56,デクロボ,:folded_hands:
2022-01-01 17:53:07,ウルトラアル中マン,:baby_angel:
2022-01-01 17:53:07,一眼レフ,なむなむ
2022-01-01 17:53:08,K Ken,:folded_hands:
2022-01-01 17:53:28,shion* *,草
2022-01-01 17:53:28,ウルトラアル中マン,もう何回成仏したか忘れちまったよ
2022-01-01 17:53:36,TSUNA,読経のリズムで雑談
2022-01-01 17:55:18,TSUNA,:baby_angel:
2022-01-01 17:55:26,シノ,おねむ？
2022-01-01 17:55:26,MOKKA,なむなむ
2022-01-01 17:55:32,ヒノモトきょう,にゃむにゃむ
2022-01-01 17:55:44,メソヤマ,なむ…
2022-01-01 17:55:50,K Ken,おねむの時間かな？
2022-01-01 17:56:08,びーふにーたー,:folded_hands:
2022-01-01 17:56:08,アレンクス,にゃむにゃむ
2022-01-01 17:56:11,うーあー,なにゃむにゃむ
2022-01-01 17:56:27,TSUNA,単純作業のバイトみたいになっとる
2022-01-01 17:56:31,びーふにーたー,２時間いかないくらいかね
2022-01-01 17:56:40,半分芯でいる。,約2時間
2022-01-01 17:56:50,ウルトラアル中マン,映画一本分般若心経
2022-01-01 17:56:56,一眼レフ,そういえばトイレっておまる？ペット用もマットとか？
2022-01-01 17:57:13,びーふにーたー,お経唱える耐久はもう修行なんよね
2022-01-01 17:57:24,アレンクス,作業しながら聞いとる
2022-01-01 17:57:33,シノ,有意義な正月だよ
2022-01-01 17:57:48,山吹秋風,作業に良いドス
2022-01-01 17:57:49,ウルトラアル中マン,般若心経しながらとめT注文したりしてたから大丈夫
2022-01-01 17:57:49,銀次,大丈夫よ
2022-01-01 17:57:51,名無しめん,昼寝してたわ
2022-01-01 17:58:04,びーふにーたー,リフレッシュという意味では無駄ではないかも
2022-01-01 17:58:12,デビッ,あくびたすかる
2022-01-01 17:58:16,ふやけたジブラルタル,おせちと日本酒と般若心経だ。
2022-01-01 17:58:20,ウルトラアル中マン,えっいいよプレゼント注文できるみたいだし
2022-01-01 17:58:29,びーふにーたー,住所知らんからな
2022-01-01 17:58:43,アレンクス,プレゼント注文なんてあるんか
2022-01-01 17:58:51,北海道はアイヌ民族のものではない,ワイは
2022-01-01 17:58:52,K Ken,買ったらセバスに渡せば良い？
2022-01-01 17:59:00,ウルトラアル中マン,運営に送ってセバスから渡したりできんのかな
2022-01-01 17:59:09,名無しめん,深層組住所ないの？
2022-01-01 17:59:10,びーふにーたー,プレゼントとかファンレター用の住所か
2022-01-01 17:59:11,山吹秋風,事務所に送れんのかね？
2022-01-01 17:59:19,ふやけたジブラルタル,新大久保……
2022-01-01 17:59:27,黒っぽい鳥,クリスチャンだけどスリップダメージ受けるんだが？？？
2022-01-01 17:59:33,西野つばめ,深層組への贈り物用住所くらいで充分では？
2022-01-01 17:59:35,コテカ,例の新大久保で良いんじゃない？
2022-01-01 17:59:43,アレンクス,深層組の事務所あてに送付できればねぇ
2022-01-01 17:59:55,K Ken,あぁ新大久保か
2022-01-01 18:00:19,名無しめん,どっかのコンビニにセバスチャンがとりにいけば
2022-01-01 18:00:21,ウルトラアル中マン,新小久保に送り付けんの草
2022-01-01 18:00:48,黒っぽい鳥,カニ味噌食う〜
2022-01-01 18:01:08,ふやけたジブラルタル,外国人がてんきゅー言って持ってっちまうぜ。
2022-01-01 18:01:33,K Ken,じゃあ大家さんに？
2022-01-01 18:01:51,北海道はアイヌ民族のものではない,深層組は個人サークルだから住所なんてないやろ
2022-01-01 18:02:13,キル,バブー
2022-01-01 18:02:20,ウルトラアル中マン,大家さんとめるの敵Tシャツ着てるの想像したらワロタ
2022-01-01 18:02:28,TSUNA,:ghost:
2022-01-01 18:02:31,びーふにーたー,:folded_hands:
2022-01-01 18:02:35,メソヤマ,バブー
2022-01-01 18:02:35,藤泉山茶花,バブー
2022-01-01 18:02:41,銀次,:folded_hands:
2022-01-01 18:02:42,溶解人間ゲル,チーン
2022-01-01 18:02:45,ウルトラアル中マン,:folded_hands:
2022-01-01 18:02:53,K Ken,:folded_hands:
2022-01-01 18:03:04,TSUNA,そうかーそうかー
2022-01-01 18:03:05,コテカ,草
2022-01-01 18:03:08,一眼レフ,ふむふむ
2022-01-01 18:03:15,エリックRヤンデル,二時間前から配信・・・マジか・・・
2022-01-01 18:03:18,O.J.I.,故人サークル…だと！？
2022-01-01 18:03:27,ウルトラアル中マン,さすがの深層
2022-01-01 18:03:33,アレンクス,所属していてよくわからんの草
2022-01-01 18:03:50,びーふにーたー,手厚い
2022-01-01 18:03:54,山吹秋風,さす深
2022-01-01 18:03:59,西野つばめ,事務所とか無いなら郵便局留めとかかな？
2022-01-01 18:04:00,シノ,みんなそんなもんだから大丈夫
2022-01-01 18:04:09,アレンクス,眠くなるまでだから終わりでええんでないｗｗｗ
2022-01-01 18:04:10,ウルトラアル中マン,般若心経寝落ち配信は強い
2022-01-01 18:04:11,山吹秋風,眠ってええんやで
2022-01-01 18:04:13,O.J.I.,そのまま睡眠配信でもいいのよ
2022-01-01 18:04:15,北海道はアイヌ民族のものではない,知らない方がいいこともある
2022-01-01 18:04:19,TSUNA,ちょっと尖りすぎてたなｗ
2022-01-01 18:04:28,アレンクス,7時間やるんかｗｗｗ
2022-01-01 18:04:38,エリックRヤンデル,7時間て・・
2022-01-01 18:04:40,K Ken,今のセバスは有能だけど時々変
2022-01-01 18:04:43,てかまきてかまき,悟り開けそう
2022-01-01 18:04:46,ふやけたジブラルタル,ばぶぅ。
2022-01-01 18:04:47,銀次,気合い入ってるね
2022-01-01 18:04:54,ウルトラアル中マン,ばぶうううううううううう
2022-01-01 18:04:58,メソヤマ,ぶえ〜だう〜
2022-01-01 18:05:01,山吹秋風,病み上がりで7時間はヤバイ
2022-01-01 18:05:06,てかまきてかまき,ぶううううう
2022-01-01 18:05:07,デクロボ,:folded_hands:ばーぶー
2022-01-01 18:05:10,TSUNA,たあい！
2022-01-01 18:05:21,一眼レフ,ばぶうううう
2022-01-01 18:05:36,シノ,かわいい
2022-01-01 18:05:47,shion* *,ｷｬｯｷｬ
2022-01-01 18:05:52,ウルトラアル中マン,唇剥いて食うな
2022-01-01 18:05:53,一眼レフ,かわいい
2022-01-01 18:06:03,櫻咲,かわいいが過ぎる
2022-01-01 18:06:34,K Ken,しゃぶしゃぶ良いな
2022-01-01 18:06:40,デビッ,般若心経とは
2022-01-01 18:06:41,ふやけたジブラルタル,ささくれと唇剥けるのは絶妙に痛いぜ。
2022-01-01 18:06:55,ウルトラアル中マン,ガチバブ距離
2022-01-01 18:07:01,ヤマ.パンダ,千日回峰行なら、９日くらい唱えるから七時間いけるな
2022-01-01 18:07:03,O.J.I.,ガチバブ距離
2022-01-01 18:07:03,山吹秋風,でかい
2022-01-01 18:07:08,一眼レフ,ぺろぺろｐ
2022-01-01 18:07:15,K Ken,ガチバブ距離たすかる
2022-01-01 18:07:16,太田幼女,かわいい！
2022-01-01 18:07:17,一眼レフ,かわいい
2022-01-01 18:07:20,TSUNA,あむあむあむあむ
2022-01-01 18:07:21,MOKKA,ガチあやし距離助かります
2022-01-01 18:07:22,ウルトラアル中マン,ディスプレイから赤ちゃんの良い匂いがする
2022-01-01 18:07:24,shion* *,でっか
2022-01-01 18:07:31,一眼レフ,ちゅっちゅ
2022-01-01 18:07:43,銀次,かわいい
2022-01-01 18:07:44,メソヤマ,あかちゃんがでかいと…かわいい！
2022-01-01 18:07:47,TSUNA,ほらほらヨチヨチ
2022-01-01 18:07:48,しめさば,かわいい
2022-01-01 18:07:49,ウルトラアル中マン,なかないで・・・
2022-01-01 18:08:02,ヒノモトきょう,泣いちゃった
2022-01-01 18:08:17,びーふにーたー,しかし線きれいやね
2022-01-01 18:08:17,櫻咲,おーよちよちよちよち
2022-01-01 18:08:32,ふやけたジブラルタル,よしよし。
2022-01-01 18:08:39,北海道はアイヌ民族のものではない,オウムにいたとき聞いた声やな
2022-01-01 18:08:41,キル,近いのかわいい〜
2022-01-01 18:08:50,ウルトラアル中マン,マジで誰や
2022-01-01 18:08:53,ヤマグチサン,まだやってたんかw
2022-01-01 18:08:58,キル,よしよし
2022-01-01 18:09:04,TSUNA,何いうてはるんですか
2022-01-01 18:09:04,しめさば,2時間ずっとこれってマジ！？
2022-01-01 18:09:42,シノ,かわいい
2022-01-01 18:10:03,北海道はアイヌ民族のものではない,見た？
2022-01-01 18:10:04,MOKKA,たあ^ーぅ
2022-01-01 18:10:11,たこやきさらだ,てぇてぇ
2022-01-01 18:10:26,ウルトラアル中マン,:folded_hands:
2022-01-01 18:10:31,びーふにーたー,:folded_hands:
2022-01-01 18:10:32,銀次,:folded_hands:
2022-01-01 18:10:33,キル,これかわいいすぎだろ
2022-01-01 18:10:33,MOKKA,:folded_hands:
2022-01-01 18:10:38,K Ken,:folded_hands:
2022-01-01 18:10:40,キル,:folded_hands:
2022-01-01 18:10:43,TSUNA,ﾁｰﾝ:folded_hands:
2022-01-01 18:10:54,TSUNA,ばぶう
2022-01-01 18:10:55,キル,ばず
2022-01-01 18:10:58,キル,ばぶ
2022-01-01 18:11:00,じんすけ,:baby_bottle::folded_hands:
2022-01-01 18:11:00,MOKKA,(南無阿弥陀仏南無阿弥陀仏)
2022-01-01 18:11:04,K Ken,:baby_bottle:
2022-01-01 18:11:06,アレンクス,ばふばふ
2022-01-01 18:11:07,メソヤマ,ばふばふ
2022-01-01 18:11:09,キル,ギャップやばい
2022-01-01 18:11:09,山吹秋風,ﾁｰﾝ
2022-01-01 18:11:14,一眼レフ,ふーふー
2022-01-01 18:11:48,ウルトラアル中マン,おりんの様子が
2022-01-01 18:11:51,TSUNA,リズム上げてけ
2022-01-01 18:12:14,MOKKA,ｺﾝ
2022-01-01 18:12:39,キル,ギャップがぐー:ok_hand:
2022-01-01 18:13:16,じんすけ,堕ちつく〜
2022-01-01 18:14:10,一眼レフ,なむなむ
2022-01-01 18:14:13,びーふにーたー,:folded_hands:
2022-01-01 18:14:16,TSUNA,早くてリズミカルなお経あったな
2022-01-01 18:14:19,じんすけ,:folded_hands:
2022-01-01 18:14:35,K Ken,:folded_hands:
2022-01-01 18:14:40,水冷式ふぁんひーたー,ここすき
2022-01-01 18:15:01,てかまきてかまき,プロ読経
2022-01-01 18:15:30,銀次,早い
2022-01-01 18:15:32,Kaoru Koike,すごすぎる
2022-01-01 18:15:33,シノ,すごい
2022-01-01 18:15:37,TSUNA,:folded_hands:
2022-01-01 18:15:40,びーふにーたー,:folded_hands:
2022-01-01 18:15:42,てかまきてかまき,お見事:folded_hands:
2022-01-01 18:15:51,山吹秋風,悟り開きそう
2022-01-01 18:15:52,シノ,高速詠唱！？
2022-01-01 18:15:54,shion* *,まだはやくなるw
2022-01-01 18:15:56,ヒノモトきょう,かっけー
2022-01-01 18:15:59,たらひち,フロア熱狂
2022-01-01 18:16:13,てかまきてかまき,ボルテージ最高潮！
2022-01-01 18:16:13,shion* *,ｷﾞｬ-ﾃ-ｷﾞｬ-ﾃ-ﾊ-ﾗ-ｷﾞｬ-ﾃ-
2022-01-01 18:16:23,MOKKA,:folded_hands:
2022-01-01 18:16:30,メソヤマ,これはアガる
2022-01-01 18:16:49,MOKKA,:woman_dancing:
2022-01-01 18:16:54,びーふにーたー,:folded_hands:
2022-01-01 18:16:56,じんすけ,:men_with_bunny_ears::people_with_bunny_ears:
2022-01-01 18:16:57,北海道はアイヌ民族のものではない,うおおおおおおお！！！！！
2022-01-01 18:17:02,TSUNA,般若心経っていがいと短いよな
2022-01-01 18:17:06,shion* *,フェードっぽく終わるのいいね
2022-01-01 18:17:16,てかまきてかまき,:clapping_hands::clapping_hands::clapping_hands::clapping_hands::clapping_hands::clapping_hands:
2022-01-01 18:18:02,てかまきてかまき,いつもの
2022-01-01 18:18:24,櫻咲,疲れたら仮眠とってもいいんだよ:smiling_face_with_smiling_eyes:
2022-01-01 18:19:04,タンタン,これ、もう軽い修行や
2022-01-01 18:19:29,O.J.I.,！？
2022-01-01 18:19:31,シノ,？？
2022-01-01 18:19:32,びーふにーたー,耳がおかしなるわｗ
2022-01-01 18:19:34,銀次,草
2022-01-01 18:19:37,K Ken,！
2022-01-01 18:19:40,Kurakuya Honpo,なんだいまのぶつ切りｗ
2022-01-01 18:19:47,Maz MiRO / まずみろ,企画力もーちょい磨いてもろて
2022-01-01 18:19:50,櫻咲,遊び始めた笑
2022-01-01 18:19:56,北海道はアイヌ民族のものではない,目閉じて配信したら目が疲れなくて長時間配信しやすい。ソースはない。
2022-01-01 18:20:28,フェレお(フィニッシュ!),バブちゃんあけおめー！
2022-01-01 18:20:33,kawa kumo,こんだうー
2022-01-01 18:20:50,フェレお(フィニッシュ!),草
2022-01-01 18:20:52,アレンクス,あけましておめでとうございます！
2022-01-01 18:20:53,TSUNA,おめでとうございます
2022-01-01 18:20:59,じんすけ,あけおめー
2022-01-01 18:21:00,kawa kumo,挟んできた
2022-01-01 18:21:06,Kurakuya Honpo,アレンジすなｗ
2022-01-01 18:21:07,てかまきてかまき,あけおめ
2022-01-01 18:21:09,一眼レフ,草
2022-01-01 18:21:09,七宝,あけましておめでとうございます〜
2022-01-01 18:21:15,フェレお(フィニッシュ!),草
2022-01-01 18:21:15,櫻咲,あけおめ〜
2022-01-01 18:21:19,タンタン,目を閉じて般若心経言えたらもう僧侶
2022-01-01 18:21:22,ふやけたジブラルタル,あけおめ。
2022-01-01 18:21:28,アレンクス,新年あけましておめでとうございます！！
2022-01-01 18:21:29,びーふにーたー,:sunrise::folded_hands:
2022-01-01 18:21:29,フェレお(フィニッシュ!),元気になってよかったー！
2022-01-01 18:21:41,一眼レフ,ばぶばぶ
2022-01-01 18:21:43,kawa kumo,あーけーおーめー
2022-01-01 18:21:46,フェレお(フィニッシュ!),あれ？？？スパチャ欄ないやん？
2022-01-01 18:22:00,K Ken,あけおめ～
2022-01-01 18:22:11,Kurakuya Honpo,:woman_dancing::woman_dancing::woman_dancing::woman_dancing::washhands::smiling_face_with_halo:
2022-01-01 18:22:20,フェレお(フィニッシュ!),はーい了解！
2022-01-01 18:22:37,北海道はアイヌ民族のものではない,もうさすがに暗記しとるやろ
2022-01-01 18:23:25,オルテガ 太郎,あけおめー
2022-01-01 18:24:05,TSUNA,カニミソ～
2022-01-01 18:24:07,kawa kumo,蟹味噌？
2022-01-01 18:24:39,てかまきてかまき,:crab:
2022-01-01 18:24:39,オルテガ 太郎,:crab:
2022-01-01 18:24:46,K Ken,:crab:
2022-01-01 18:25:01,ふやけたジブラルタル,かにみそ助かる。
2022-01-01 18:25:04,じんすけ,:crab:
2022-01-01 18:25:28,シノ,草
2022-01-01 18:25:28,kawa kumo,ハラショー
2022-01-01 18:25:34,びーふにーたー,:folded_hands:
2022-01-01 18:25:36,一眼レフ,なむなむ
2022-01-01 18:25:37,西野つばめ,蟹味噌！♩
2022-01-01 18:25:44,メソヤマ,なむ
2022-01-01 18:25:44,びーふにーたー,・・・言えたじゃねぇか
2022-01-01 18:25:48,とまとま,心が救われた
2022-01-01 18:25:53,ふやけたジブラルタル,成仏したぜ。
2022-01-01 18:25:54,てかまきてかまき,えらい
2022-01-01 18:26:03,kawa kumo,ご焼香の時間
2022-01-01 18:26:14,シノ,そろそろ晩御飯だしご飯食べながら唱えてもいいよ
2022-01-01 18:26:24,Kurakuya Honpo,皆で涅槃に還る企画
2022-01-01 18:26:32,てかまきてかまき,ご機嫌斜めばぶちゃん
2022-01-01 18:26:32,TSUNA,まあまあお経となえながら怒らないで
2022-01-01 18:26:36,kawa kumo,まーしゅーまーろー
2022-01-01 18:26:37,櫻咲,幼虫すんぞ
2022-01-01 18:26:38,亜門ゆう,最高の企画だぜｂ
2022-01-01 18:26:38,シノ,草
2022-01-01 18:26:45,つるまんのどごし生中田氏おじさん,涅槃
2022-01-01 18:26:53,shion* *,読んでー読んでーおー経ー読んでー
2022-01-01 18:26:56,びーふにーたー,珍しいからねぇ
2022-01-01 18:27:00,アレンクス,マシュマロにきてたんかｗｗ
2022-01-01 18:27:08,ウルトラアル中マン,:folded_hands:
2022-01-01 18:27:14,オルテガ 太郎,成仏できましたありがとうございます
2022-01-01 18:27:15,ヒノモトきょう,ねはん
2022-01-01 18:27:17,銀次,草
2022-01-01 18:27:19,kawa kumo,ありがてえ
2022-01-01 18:27:25,櫻咲,:folded_hands:
2022-01-01 18:27:38,てかまきてかまき,よーめーよーめーはーよーよーめー
2022-01-01 18:27:42,びーふにーたー,涅槃（ニルヴァーナ）
2022-01-01 18:27:48,ふやけたジブラルタル,くしくし。バブちゃ……ぶたないで欲しいのだ。明日はいい日になるのだ…バブちゃ…いたっ…痛いのだ……バブちゃ…。
2022-01-01 18:27:57,亜門ゆう,徳が溜まりそう
2022-01-01 18:28:17,びーふにーたー,バブな上に新人やからね
2022-01-01 18:28:17,ゲルトガ,くしくし。
2022-01-01 18:28:21,kawa kumo,黙祷
2022-01-01 18:28:23,北海道はアイヌ民族のものではない,聞いてる効いてる
2022-01-01 18:28:25,TSUNA,とっとこバブ太郎
2022-01-01 18:28:25,コテカ,草
2022-01-01 18:28:26,シノ,草
2022-01-01 18:28:28,てかまきてかまき,草
2022-01-01 18:28:32,櫻咲,やめるのだ…苦しいのだ…
2022-01-01 18:28:37,銀次,ハムたろさん
2022-01-01 18:28:37,じんすけ,闇深ハム太郎草
2022-01-01 18:28:41,ウルトラアル中マン,:hamster::left_facing_fist::baby:
2022-01-01 18:28:42,kawa kumo,ハム太郎なんよ
2022-01-01 18:28:43,4161きんた,ばふ太郎w
2022-01-01 18:28:46,K Ken,:hamster:
2022-01-01 18:29:03,てかまきてかまき,ほならね、自分がよんでみろって話でしょ？
2022-01-01 18:29:03,びーふにーたー,腹いせにハム太郎を殴るバブ太郎
2022-01-01 18:29:14,kawa kumo,はーらーたーつー
2022-01-01 18:29:32,つるまんのどごし生中田氏おじさん,ドンマイ
2022-01-01 18:29:34,櫻咲,悲しいねえ
2022-01-01 18:29:37,名無しめん,体力つけたいね
2022-01-01 18:29:42,ウルトラアル中マン,そう言えば配信で般若心経唱えてから体調悪くなったっけ？
2022-01-01 18:29:48,一眼レフ,ぱんち
2022-01-01 18:30:03,アレンクス,草
2022-01-01 18:30:05,てかまきてかまき,草
2022-01-01 18:30:21,ふやけたジブラルタル,0人は無いぜ。俺たちがいるからな。
2022-01-01 18:30:28,櫻咲,うんの者
2022-01-01 18:30:37,橘　柳,他のお経もどうぞ
2022-01-01 18:30:41,アレンクス,それはアカンｗｗｗ
2022-01-01 18:30:49,サブノック,雲古
2022-01-01 18:30:54,kawa kumo,唱える者は救われる
2022-01-01 18:30:54,ウルトラアル中マン,そのうち般若心経はガンにも効くようになる
2022-01-01 18:30:54,櫻咲,般若心経で全ての者は救われる
2022-01-01 18:30:58,あんどうまなぶ,草
2022-01-01 18:30:59,山吹秋風,大仏
2022-01-01 18:31:00,名無しめん,救われるか
2022-01-01 18:31:02,ウルトラアル中マン,てら
2022-01-01 18:31:04,じんすけ,え!? 鬱にも効くんですか！？
2022-01-01 18:31:09,てかまきてかまき,小仏
2022-01-01 18:31:24,4161きんた,ナイス大仏
2022-01-01 18:31:25,櫻咲,nice boatke
2022-01-01 18:31:26,kawa kumo,チーン
2022-01-01 18:31:38,Kurakuya Honpo,nice budda
2022-01-01 18:31:39,失敗作,チーン
2022-01-01 18:31:42,MOKKA,パワーのあるワードが連続で出る
2022-01-01 18:31:47,名無しめん,チーン
2022-01-01 18:31:56,名無しめん,レンチンか
2022-01-01 18:31:57,櫻咲,しーしーしてら
2022-01-01 18:32:07,kawa kumo,nice daibutsu
2022-01-01 18:32:07,K Ken,:bell:
2022-01-01 18:32:11,失敗作,ゴゴゴゴゴ
2022-01-01 18:32:19,ふやけたジブラルタル,俺の急所が弾かれる音だ。
2022-01-01 18:32:22,okonke,:person_in_lotus_position: 
2022-01-01 18:32:23,抹茶まよ,チーンと
2022-01-01 18:32:25,失敗作,大仏様
2022-01-01 18:32:35,名無しめん,除夜の鐘みたいになってる
2022-01-01 18:32:50,サブノック,大仏の中そこそこ楽しかったな
2022-01-01 18:32:51,コテカ,頭可笑しなるで
2022-01-01 18:32:53,西野つばめ,大仏といえばチャージマン研
2022-01-01 18:33:12,Kurakuya Honpo,皆一体何を見せられてるんだ…
2022-01-01 18:33:26,ウルトラアル中マン,GANTZの仏像星人思い出す
2022-01-01 18:33:29,アレンクス,今日寒いよね
2022-01-01 18:33:30,ウルトラアル中マン,おか
2022-01-01 18:33:33,TSUNA,あったかくしてもろて
2022-01-01 18:33:36,シノ,おかえり
2022-01-01 18:33:41,じんすけ,おかえりー
2022-01-01 18:33:43,櫻咲,暖房だいじ
2022-01-01 18:33:44,4161きんた,おかえり
2022-01-01 18:33:46,kawa kumo,ピッ
2022-01-01 18:33:52,Kurakuya Honpo,おかえり
2022-01-01 18:33:53,ふやけたジブラルタル,寒いぜ。
2022-01-01 18:33:54,ぽんず0922,いっしょにあったまろっか
2022-01-01 18:33:57,銀次,おかえりー
2022-01-01 18:33:59,櫻咲,おくるみ
2022-01-01 18:33:59,てかまきてかまき,おかえり
2022-01-01 18:34:03,kawa kumo,ふとん暖房最高
2022-01-01 18:34:03,じんすけ,おくるみキタ
2022-01-01 18:34:17,山吹秋風,今日はマジ寒い
2022-01-01 18:34:25,てかまきてかまき,ｺｫｫｫｫｫｫ
2022-01-01 18:34:33,じんすけ,:baby_bottle:
2022-01-01 18:34:38,コテカ,:folded_hands:
2022-01-01 18:34:39,Kurakuya Honpo,正月早々寒波が凄い
2022-01-01 18:34:43,西野つばめ,寒いのだロコぢゃん…許して欲しいのだ…
2022-01-01 18:34:43,櫻咲,:baby::baby_bottle:
2022-01-01 18:34:56,ウルトラアル中マン,悪いな俺のズボンが、飲みもん食っちまった
2022-01-01 18:35:07,櫻咲,ば仏助かる
2022-01-01 18:35:11,ウルトラアル中マン,:hamster:
2022-01-01 18:35:29,タンタン,暖房の無い部屋に監禁されるハム太郎ｗ
2022-01-01 18:35:29,ウルトラアル中マン,取り合えずヘケケッ！言っとけ
2022-01-01 18:35:31,ヒノモトきょう,単位を落としてしまったのだ
2022-01-01 18:35:34,櫻咲,15歳は世代じゃないもんね
2022-01-01 18:35:39,うーあー,ばぶ太郎～
2022-01-01 18:35:43,ふやけたジブラルタル,くしくし。…バブちゃ…飲みもの…すぐに持ってくるからぶたないで欲しいのだ…用意できてなくてごめんなさいなのだ…。
2022-01-01 18:36:26,ウルトラアル中マン,亭主関白赤ちゃん
2022-01-01 18:36:28,タンタン,必修科目の単位でなければ何とかなる
2022-01-01 18:36:32,半分芯でいる。,ﾊﾑﾀﾛｻｧﾝ!!
2022-01-01 18:36:37,ヒノモトきょう,ハム虐と化したコメ欄
2022-01-01 18:36:53,ウルトラアル中マン,致命傷じゃん
2022-01-01 18:37:00,Kurakuya Honpo,必修単位落とす赤ちゃん
2022-01-01 18:37:13,銀次,やばいねぇ
2022-01-01 18:37:21,アレンクス,単位を落とす15歳
2022-01-01 18:37:32,kawa kumo,高校生なんだ
2022-01-01 18:37:36,一眼レフ,若いうちに土下座の練習ができる
2022-01-01 18:37:40,櫻咲,金で解決する赤ちゃん
2022-01-01 18:37:42,4161きんた,赤ちゃんだから仕方ない
2022-01-01 18:37:46,ウルトラアル中マン,俺でも留年はしなかったぞ単位制高校
2022-01-01 18:37:46,タンタン,金の力って偉大！
2022-01-01 18:38:03,アレンクス,つまり深層組がわるい
2022-01-01 18:38:12,ぽんず0922,ねむそう
2022-01-01 18:38:16,ふやけたジブラルタル,高校中学は授業時間を落とすと休みの日に学校に来させられるんだ。
2022-01-01 18:38:17,じんすけ,あくび( ´0` ).｡o
2022-01-01 18:38:31,タンタン,おのれセバス
2022-01-01 18:38:31,ヒノモトきょう,新規向けのあらすじです。
2022-01-01 18:38:39,櫻咲,おねむばぶたん
2022-01-01 18:38:57,MOKKA,ほ　な　ら　ね
2022-01-01 18:39:15,ウルトラアル中マン,デトックス赤ちゃん
2022-01-01 18:39:18,タンタン,正月に120ぐらい見てるんやで
2022-01-01 18:39:27,4161きんた,たしかに配信中よく飲むね
2022-01-01 18:39:32,ウルトラアル中マン,:folded_hands:
2022-01-01 18:39:38,銀次,:folded_hands:
2022-01-01 18:40:06,てかまきてかまき,:folded_hands:
2022-01-01 18:40:26,4161きんた,:folded_hands:
2022-01-01 18:40:38,ウルトラアル中マン,ちょくちょく入る蟹味噌
2022-01-01 18:40:42,てかまきてかまき,一般通過蟹味噌:crab:
2022-01-01 18:40:44,コテカ,:crab::folded_hands:
2022-01-01 18:40:45,ふやけたジブラルタル,多少あらすじが前と違っていたとしてもそれは数ある世界線のうちの一つだ。
2022-01-01 18:40:55,びーふにーたー,蟹味噌喰う
2022-01-01 18:40:56,kawa kumo,蟹味噌
2022-01-01 18:41:29,てかまきてかまき,こーとくあのくー好き
2022-01-01 18:41:55,櫻咲,:folded_hands:
2022-01-01 18:41:55,Hoon,:folded_hands:
2022-01-01 18:41:58,ウルトラアル中マン,:crab:　:baby:…じゅるり
2022-01-01 18:41:58,TSUNA,:folded_hands:
2022-01-01 18:42:01,びーふにーたー,:folded_hands:
2022-01-01 18:42:12,kawa kumo,黙祷～
2022-01-01 18:42:17,銀次,チーン
2022-01-01 18:42:26,メソヤマ,すーはー…
2022-01-01 18:43:10,びーふにーたー,恵まれてるよなぁ
2022-01-01 18:43:13,ウルトラアル中マン,インフラに感謝する赤ちゃん
2022-01-01 18:43:15,タンタン,飲んだら出す
2022-01-01 18:43:18,ヒノモトきょう,日本の水道水はきれいなのよ
2022-01-01 18:43:18,TSUNA,悟り開いてる？
2022-01-01 18:43:24,kawa kumo,水道局の人ありがとう
2022-01-01 18:43:26,てかまきてかまき,この世の全てに感謝
2022-01-01 18:43:38,ウルトラアル中マン,大日本帝国万歳！
2022-01-01 18:43:38,びーふにーたー,大と帝国はイランぞｗ
2022-01-01 18:43:46,タンタン,水に感謝
2022-01-01 18:44:00,4161きんた,水道水飲めるの日本くらいだからね
2022-01-01 18:44:00,銀次,日本万歳？
2022-01-01 18:44:00,kawa kumo,日本とフランスくらいらしい
2022-01-01 18:44:03,コテカ,TKG
2022-01-01 18:44:10,マグナム山口,初見ですが・・なぁにこれぇ？www
2022-01-01 18:44:12,タンタン,万歳！万歳！
2022-01-01 18:44:21,北海道はアイヌ民族のものではない,出逢いに感謝？恒心教徒か？？
2022-01-01 18:44:22,メソヤマ,神に感謝
2022-01-01 18:44:22,一眼レフ,右翼
2022-01-01 18:44:33,キムチ,まだやってるんか
2022-01-01 18:44:34,MOKKA,森羅万象に感謝
2022-01-01 18:44:34,TSUNA,バブバブウ～
2022-01-01 18:44:44,マグナム山口,草
2022-01-01 18:44:45,ウルトラアル中マン,般若心経唱えながら大日本帝国万歳できるのは赤ちゃんチャンネルだけ！
2022-01-01 18:44:50,てかまきてかまき,初見向けサービスばぶ
2022-01-01 18:44:52,ポート,臥薪嘗胆の毎日
2022-01-01 18:45:02,4161きんた,歌枠の般若心経版みたいなもの
2022-01-01 18:45:14,タンタン,新年厄払いバブ般若心経配信です
2022-01-01 18:45:36,TSUNA,ｷｬｯｷｬｯ
2022-01-01 18:45:37,一眼レフ,ばぶううう
2022-01-01 18:45:42,銀次,ばぶうううう
2022-01-01 18:45:44,北海道はアイヌ民族のものではない,神聖五文字
2022-01-01 18:45:50,てかまきてかまき,ｷｬｯｷｬｯｷｬ
2022-01-01 18:46:06,マグナム山口,ばぶうううう(順応)
2022-01-01 18:46:21,ふやけたジブラルタル,ばぶぅ。
2022-01-01 18:46:26,ウルトラアル中マン,:folded_hands:
2022-01-01 18:46:29,フェレお(フィニッシュ!),ばぶー
2022-01-01 18:46:33,太田幼女,初歩なんだ！
2022-01-01 18:46:46,びーふにーたー,般若　波羅蜜多　って一回切る？
2022-01-01 18:47:06,マグナム山口,
2022-01-01 18:47:08,O.J.I.,摩訶般若波羅蜜多
2022-01-01 18:47:14,半分芯でいる。,:folded_hands:
2022-01-01 18:47:17,kawa kumo,南無～
2022-01-01 18:47:26,てかまきてかまき,はにゃ
2022-01-01 18:47:36,ヒノモトきょう,はにゃ？
2022-01-01 18:47:38,失敗作,かわいい
2022-01-01 18:47:39,ウルトラアル中マン,般若ゴリ押しでいけ
2022-01-01 18:47:43,びーふにーたー,はにゃはにゃ
2022-01-01 18:47:57,てかまきてかまき,はにゃ心経
2022-01-01 18:48:27,ヒノモトきょう,ksk
2022-01-01 18:48:50,マグナム山口,これが「しょうがねぇだろ赤ちゃんなんだから」か
2022-01-01 18:49:02,kawa kumo,痛風～
2022-01-01 18:49:06,ウルトラアル中マン,:crab:通りますよ…
2022-01-01 18:49:11,しろ猫,カニ味噌！？
2022-01-01 18:50:08,ウルトラアル中マン,:baby:ヴっ
2022-01-01 18:50:47,ウルトラアル中マン,:folded_hands:
2022-01-01 18:50:49,マグナム山口,
2022-01-01 18:50:51,TSUNA,:folded_hands:
2022-01-01 18:50:53,MOKKA,:folded_hands:
2022-01-01 18:51:02,びーふにーたー,:folded_hands:
2022-01-01 18:51:05,TSUNA,私もぼーじーそわか派です
2022-01-01 18:51:06,てかまきてかまき,:folded_hands:
2022-01-01 18:51:09,びーふにーたー,うぉううぉう
2022-01-01 18:51:22,しろ猫,天に召されました:folded_hands:
2022-01-01 18:51:40,マグナム山口,えぇ・・・
2022-01-01 18:51:46,ふやけたジブラルタル,成仏したぜ。
2022-01-01 18:51:47,ウルトラアル中マン,葬式出たこと無いんやな
2022-01-01 18:51:48,びーふにーたー,YouTubeに結構あがってるよ
2022-01-01 18:51:56,タンタン,:folded_hands:
2022-01-01 18:51:57,O.J.I.,近所のお坊さんは「ぼーじーそーわーかー」って全部伸ばしてる
2022-01-01 18:52:29,てかまきてかまき,ぼーじーそわかー
2022-01-01 18:52:52,マグナム山口,般若心経　cho ver好き
2022-01-01 18:53:27,ウルトラアル中マン,:baby_angel:
2022-01-01 18:53:36,TSUNA,？！？！
2022-01-01 18:53:38,びーふにーたー,？！
2022-01-01 18:53:45,tanikami,ばぶない！
2022-01-01 18:53:54,MOKKA,あぶなっ
2022-01-01 18:53:56,ウルトラアル中マン,般若心経唱えながら危ないっ！は新しいすね
2022-01-01 18:54:00,マグナム山口,あーぶーなーいー
2022-01-01 18:54:01,kawa kumo,昔のニコニコでソワカちゃんてのがあって
2022-01-01 18:54:06,O.J.I.,:crab::crab::crab:
2022-01-01 18:54:09,ふやけたジブラルタル,かにみそ助かる。
2022-01-01 18:54:13,アレンクス,ばぶない
2022-01-01 18:54:19,しろ猫,ニッコニコでわろた
2022-01-01 18:54:19,てかまきてかまき,:crab::crab::crab:
2022-01-01 18:54:29,kawa kumo,:crab:
2022-01-01 18:54:56,フェレお(フィニッシュ!),仏門とのコラボ希望してるのかw
2022-01-01 18:55:02,TSUNA,抜～け～毛～抜～け～毛～
2022-01-01 18:55:10,しろ猫,ばぶぅ〜:folded_hands:
2022-01-01 18:55:28,シノ,おぎゃちゃんっておしゃぶり無し差分とかあるのかな
2022-01-01 18:55:37,フェレお(フィニッシュ!),ぎゃーてぎゃーてーはーらーぎゃーてー
2022-01-01 18:55:39,TSUNA,:folded_hands:
2022-01-01 18:55:41,ウルトラアル中マン,:folded_hands:
2022-01-01 18:55:46,銀次,:folded_hands:
2022-01-01 18:55:46,てかまきてかまき,:folded_hands:
2022-01-01 18:55:46,マグナム山口,小さい時葬式で「万年オブザイヤー」て聞こえて吹き出したら頭叩かれた
2022-01-01 18:55:55,びーふにーたー,:folded_hands:
2022-01-01 18:56:04,kawa kumo,体の一部に
2022-01-01 18:56:13,フェレお(フィニッシュ!),バブちゃんっておしゃぶりしながら配信してる？
2022-01-01 18:56:15,ウルトラアル中マン,呪いのおしゃぶり
2022-01-01 18:56:18,山吹秋風,見たい
2022-01-01 18:56:20,ウルトラアル中マン,確:crab:
2022-01-01 18:56:33,一眼レフ,それ唇
2022-01-01 18:56:35,シノ,こういうお話とかだと口の動き見たくなるよね
2022-01-01 18:56:35,銀次,見たいね
2022-01-01 18:56:35,太田幼女,みたい！
2022-01-01 18:56:40,あなぐま,おしゃぶり無くなると泣くんやろ
2022-01-01 18:56:47,フェレお(フィニッシュ!),みたい！
2022-01-01 18:56:48,てかまきてかまき,！？
2022-01-01 18:56:52,O.J.I.,大丈夫？虫歯ない？
2022-01-01 18:56:52,銀次,？
2022-01-01 18:57:03,TSUNA,怪我までしたら泣いちゃう
2022-01-01 18:57:03,kawa kumo,一体化している
2022-01-01 18:57:04,マグナム山口,何がどうなってんだww
2022-01-01 18:57:08,ウルトラアル中マン,アメちゃん舐めて15歳の姿の時の楽しみやな
2022-01-01 18:57:29,サワークリーム,成仏ASMR
2022-01-01 18:57:49,シノ,見えた！
2022-01-01 18:57:49,フェレお(フィニッシュ!),あ、初見！
2022-01-01 18:57:51,ウルトラアル中マン,可愛い…♡
2022-01-01 18:57:51,kawa kumo,すごい
2022-01-01 18:57:55,てかまきてかまき,かわいい
2022-01-01 18:57:55,しろ猫,お〜
2022-01-01 18:57:57,シノ,可愛いwww
2022-01-01 18:57:57,ウルトラアル中マン,何気に初じゃね？
2022-01-01 18:57:59,ふやけたジブラルタル,怒たすかる。
2022-01-01 18:57:59,銀次,かわいい
2022-01-01 18:58:01,一眼レフ,かわいい
2022-01-01 18:58:05,自称ねこ耳,歯がない！！
2022-01-01 18:58:07,びーふにーたー,それこそどうやってくっ付いてんのかねそれｗ
2022-01-01 18:58:07,ヒノモトきょう,はわわー！
2022-01-01 18:58:08,MOKKA,この顔すこ
2022-01-01 18:58:17,ふるべび,かわいい
2022-01-01 18:58:17,フェレお(フィニッシュ!),リアタイでこれ見れたの感謝w
2022-01-01 18:58:20,TSUNA,だ～う
2022-01-01 18:58:28,O.J.I.,実は鼻？
2022-01-01 18:58:28,kawa kumo,トナカイ状態
2022-01-01 18:58:31,ウルトラアル中マン,みたい
2022-01-01 18:58:31,ナイン,黄色い鼻かな
2022-01-01 18:58:34,しろ猫,みたい！
2022-01-01 18:58:35,自称ねこ耳,にぱーっ
2022-01-01 18:58:41,銀次,にぱー
2022-01-01 18:58:49,アレンクス,ぉかしいなぁ
2022-01-01 18:58:50,フェレお(フィニッシュ!),あれ？そうだったっけ？
2022-01-01 18:58:51,ウルトラアル中マン,マジで？
2022-01-01 18:59:03,自称ねこ耳,あれれ～？
2022-01-01 18:59:04,フェレお(フィニッシュ!),存在しない記憶！
2022-01-01 18:59:04,てかまきてかまき,草
2022-01-01 18:59:07,一眼レフ,圧力
2022-01-01 18:59:09,O.J.I.,おっかし～な～
2022-01-01 18:59:10,TSUNA,赤ちゃんだからね、しょうがないね
2022-01-01 18:59:29,フェレお(フィニッシュ!),可愛いw
2022-01-01 18:59:33,ウルトラアル中マン,後で観直すわ
2022-01-01 18:59:36,ぴっくよろ,ばぶみ幼稚園
2022-01-01 18:59:48,自称ねこ耳,キャストオフ！？
2022-01-01 18:59:56,シノ,草
2022-01-01 18:59:59,TSUNA,はいヨチヨチ
2022-01-01 19:00:01,びーふにーたー,おお、よしよし
2022-01-01 19:00:02,ウルトラアル中マン,よちよち…
2022-01-01 19:00:06,てかまきてかまき,ないちゃった
2022-01-01 19:00:13,kawa kumo,おもちゃを取り上げられた赤子
2022-01-01 19:00:14,自称ねこ耳,ガラガラ～
2022-01-01 19:00:14,ぴっくよろ,トゲピ
2022-01-01 19:00:19,一眼レフ,すぐ舐められちゃうね
2022-01-01 19:00:20,tanikami,ぷいいいいー
2022-01-01 19:00:22,山吹秋風,がらがらー
2022-01-01 19:00:23,しろ猫,ばぶちばぶち
2022-01-01 19:00:36,ふやけたジブラルタル,ダブチは美味いぜ。
2022-01-01 19:00:40,TSUNA,ギャップがさ、すごいのよ
2022-01-01 19:00:40,ウルトラアル中マン,:folded_hands:
2022-01-01 19:00:46,kawa kumo,そして読経に戻る
2022-01-01 19:00:47,アレンクス,ぷいーからの真顔お経草
2022-01-01 19:00:52,てかまきてかまき,この落差よ
2022-01-01 19:00:57,O.J.I.,いきなりの読経で草
2022-01-01 19:00:58,ぴっくよろ,幼児からのお経で草
2022-01-01 19:01:01,銀次,:folded_hands:
2022-01-01 19:01:10,てかまきてかまき,赤ちゃんは気まぐれ
2022-01-01 19:01:20,くるみんの元旦那☆,唐突に始まるのね
2022-01-01 19:01:39,フェレお(フィニッシュ!),かにみそ..?
2022-01-01 19:01:43,ぴっくよろ,蟹味噌(笑)
2022-01-01 19:01:44,MOKKA,:crab:Ξ
2022-01-01 19:01:51,屋根裏=サン,そういやみるくちゃん、夜ごはん休憩とかは取るの？お腹壊したあとは空腹時間短いほうが良いよー
2022-01-01 19:01:52,一眼レフ,我に帰る瞬間
2022-01-01 19:02:00,ウルトラアル中マン,:crab:俺の脳が…
2022-01-01 19:02:01,一眼レフ,ETC搭載
2022-01-01 19:02:04,たこやきさらだ,てぇてぇ
2022-01-01 19:02:31,kawa kumo,地声が
2022-01-01 19:02:34,ウルトラアル中マン,今物音したな
2022-01-01 19:02:38,アレンクス,ビックリしたｗｗｗ
2022-01-01 19:02:39,てかまきてかまき,JK出たな？
2022-01-01 19:02:40,銀次,？
2022-01-01 19:02:41,自称ねこ耳,まんまは？
2022-01-01 19:02:45,t t,変わった経典ですね
2022-01-01 19:02:46,一眼レフ,びびった
2022-01-01 19:02:47,びーふにーたー,急に年齢上がったな
2022-01-01 19:03:05,びーふにーたー,:folded_hands:
2022-01-01 19:03:05,4161きんた,:folded_hands:
2022-01-01 19:03:06,ウルトラアル中マン,:folded_hands:
2022-01-01 19:03:11,ふやけたジブラルタル,ぜひ踏まれたいぜ。
2022-01-01 19:03:12,一眼レフ,なむなむ
2022-01-01 19:03:16,自称ねこ耳,人
2022-01-01 19:03:17,フェレお(フィニッシュ!),:folded_hands:
2022-01-01 19:03:36,フェレお(フィニッシュ!),腹壊した後に食うもんじゃねぇw
2022-01-01 19:03:54,ウルトラアル中マン,さっき寿司食ってた
2022-01-01 19:03:59,アレンクス,ウナギ食ってた
2022-01-01 19:04:00,フェレお(フィニッシュ!),良い良い
2022-01-01 19:04:01,びーふにーたー,年越しそばの残り
2022-01-01 19:04:03,kawa kumo,お雑煮
2022-01-01 19:04:03,ふやけたジブラルタル,今日はおせちの残りだ。
2022-01-01 19:04:04,自称ねこ耳,おせちまだ残ってる
2022-01-01 19:04:08,4161きんた,蟹味噌
2022-01-01 19:04:08,一眼レフ,カップ麺
2022-01-01 19:04:09,ren too,チキンラーメン
2022-01-01 19:04:10,シノ,いいもの食べて
2022-01-01 19:04:22,フェレお(フィニッシュ!),こらこらw
2022-01-01 19:04:23,TSUNA,こら！
2022-01-01 19:04:25,銀次,餅
2022-01-01 19:04:28,ふやけたジブラルタル,おせちんこ助かる。
2022-01-01 19:04:29,ウルトラアル中マン,お　せ　ち　ん　こ　！
2022-01-01 19:04:29,ヒノモトきょう,アッコさん！？
2022-01-01 19:04:31,てかまきてかまき,めっ！！
2022-01-01 19:04:34,メソヤマ,おしるこ
2022-01-01 19:04:38,自称ねこ耳,オセンチですわよ
2022-01-01 19:04:42,屋根裏=サン,唐揚げ、白髪ねぎを乗せた
2022-01-01 19:04:45,うーあー,えっ？
2022-01-01 19:04:50,びーふにーたー,セーフ
2022-01-01 19:05:00,フェレお(フィニッシュ!),寄せ鍋つくる！
2022-01-01 19:05:03,てかまきてかまき,心おせちない
2022-01-01 19:05:05,TSUNA,さっきガストの宅配たびた
2022-01-01 19:05:07,自称ねこ耳,それはそう
2022-01-01 19:05:09,屋根裏=サン,それはそうね（笑）
2022-01-01 19:05:11,ウルトラアル中マン,カレーメシ最近ハマってる
2022-01-01 19:05:13,アレンクス,雑煮食べたら
2022-01-01 19:05:15,びーふにーたー,だからさっき戻しそうになったんでしょw
2022-01-01 19:05:18,4161きんた,お粥にしなさいww
2022-01-01 19:05:33,kawa kumo,腹パン？
2022-01-01 19:05:47,自称ねこ耳,離乳食？
2022-01-01 19:05:47,アレンクス,ご飯ないん？
2022-01-01 19:05:52,フェレお(フィニッシュ!),セバスお粥届けてくれたんかw
2022-01-01 19:05:59,シノ,かわいそう…
2022-01-01 19:06:04,アレンクス,食あたりかな
2022-01-01 19:06:17,屋根裏=サン,消化良いやつが良いねえ、大根含めてのおでんとか
2022-01-01 19:06:17,フェレお(フィニッシュ!),出前館やな
2022-01-01 19:06:24,シノ,セバス無くなったって
2022-01-01 19:06:36,kawa kumo,フォローがすごい
2022-01-01 19:06:44,アレンクス,どれかわからないから、それっぽいの選んだんだね
2022-01-01 19:06:46,フェレお(フィニッシュ!),高いよね
2022-01-01 19:06:47,ウルトラアル中マン,太っ腹セバス
2022-01-01 19:06:48,自称ねこ耳,それだけ大事なんだよ
2022-01-01 19:06:51,びーふにーたー,そんだけ大事にされてんのよ
2022-01-01 19:07:00,太田幼女,すごい！
2022-01-01 19:07:04,MOKKA,置き配w
2022-01-01 19:07:06,ウルトラアル中マン,領収書どう切ってんだろセバス
2022-01-01 19:07:07,kawa kumo,優しい
2022-01-01 19:07:08,O.J.I.,セバス有能すぎるだろ
2022-01-01 19:07:09,銀次,さすセバw
2022-01-01 19:07:09,フェレお(フィニッシュ!),トゥンク...
2022-01-01 19:07:11,シノ,社不のプロだよ
2022-01-01 19:07:14,びーふにーたー,返事は要らないです（地味にありがたい
2022-01-01 19:07:23,ぴっくよろ,おせ○○
2022-01-01 19:07:24,4161きんた,福利厚生充実
2022-01-01 19:07:25,屋根裏=サン,そのうち健康検査が深層組恒例イベにもなりそうやなあ
2022-01-01 19:07:27,アレンクス,スパチャ代から引かれるよ
2022-01-01 19:07:36,TSUNA,領収書は貰ってるでしょうｗ
2022-01-01 19:07:42,kawa kumo,なにそれかっこいい
2022-01-01 19:07:54,自称ねこ耳,いえすろりーたのーたっちなセバスえらい！
2022-01-01 19:07:57,kawa kumo,何度
2022-01-01 19:08:01,屋根裏=サン,それはあかん（笑）
2022-01-01 19:08:02,フェレお(フィニッシュ!),上がってきてんのか
2022-01-01 19:08:04,アレンクス,え？休め
2022-01-01 19:08:05,びーふにーたー,寝てww
2022-01-01 19:08:06,TSUNA,あかんて
2022-01-01 19:08:09,自称ねこ耳,お熱ひとりで計れてえらい
2022-01-01 19:08:10,フェレお(フィニッシュ!),微熱だねえ
2022-01-01 19:08:10,kawa kumo,ちょい高めか
2022-01-01 19:08:12,ウルトラアル中マン,無意識な体温計、俺じゃなければ見逃しちゃうね。
2022-01-01 19:08:15,O.J.I.,アカン
2022-01-01 19:08:19,銀次,休んでもろて
2022-01-01 19:08:24,4161きんた,そろそろ休む？
2022-01-01 19:08:32,O.J.I.,休んでいいのよ
2022-01-01 19:08:38,自称ねこ耳,熱出てきたら､そろそろおねむする？
2022-01-01 19:08:48,フェレお(フィニッシュ!),お尻から水出てんのかいw
2022-01-01 19:08:49,kawa kumo,あかんで
2022-01-01 19:08:51,ふやけたジブラルタル,むしろ世の社不を救う為に深層組やっているとまで思えてきたぜ。
2022-01-01 19:08:53,屋根裏=サン,寒いのもあるから油断しないで、特に足元
2022-01-01 19:09:02,びーふにーたー,それはホント大事
2022-01-01 19:09:03,アレンクス,3時間したし耐久終了でいいんでない
2022-01-01 19:09:18,ウルトラアル中マン,37ならもう微熱やね？
2022-01-01 19:09:20,TSUNA,厳しいな
2022-01-01 19:09:28,kawa kumo,管理教育
2022-01-01 19:09:31,フェレお(フィニッシュ!),35.6が平熱だから36度になっただけでキツい
2022-01-01 19:09:32,自称ねこ耳,お腹ゆるいなら葛湯いいよ
2022-01-01 19:09:42,タンタン,やべえ学校だな
2022-01-01 19:09:54,TSUNA,まあさすがに飽きたわなｗ
2022-01-01 19:09:54,アレンクス,飽きたｗｗｗ
2022-01-01 19:09:54,フェレお(フィニッシュ!),いいよー
2022-01-01 19:09:58,タンタン,枠変えます？
2022-01-01 19:10:01,メソヤマ,いいよ
2022-01-01 19:10:26,ウルトラアル中マン,平熱の＋10℃・・・？
2022-01-01 19:10:28,フェレお(フィニッシュ!),平熱プラス10度はしぬんよ
2022-01-01 19:10:56,シノ,おねむ可愛い
2022-01-01 19:10:56,フェレお(フィニッシュ!),あーあのおっきいコラボ！
2022-01-01 19:11:04,TSUNA,ﾀﾋんでますね
2022-01-01 19:11:07,びーふにーたー,コラボに合わせて体調もね
2022-01-01 19:11:08,アレンクス,単位わからん
2022-01-01 19:11:10,一眼レフ,とめる生贄枠
2022-01-01 19:11:11,銀次,草
2022-01-01 19:11:19,kawa kumo,それ１度
2022-01-01 19:11:36,TSUNA,とんとん拍子じゃん
2022-01-01 19:11:40,ウルトラアル中マン,マジ大物達だよね
2022-01-01 19:11:44,フェレお(フィニッシュ!),外部コラボのメンツ凄すぎてw
2022-01-01 19:11:53,シノ,たのしみだねえ
2022-01-01 19:12:00,kawa kumo,体調万全で臨みたい
2022-01-01 19:12:03,TSUNA,アブない事は言わないでもろて
2022-01-01 19:12:18,フェレお(フィニッシュ!),やせすぎ
2022-01-01 19:12:22,TSUNA,BMIでしょう
2022-01-01 19:12:52,フェレお(フィニッシュ!),でしょうねw
2022-01-01 19:12:54,びーふにーたー,然もありなん
2022-01-01 19:12:58,TSUNA,よっぽどやでｗ
2022-01-01 19:12:59,銀次,それはそう
2022-01-01 19:13:19,屋根裏=サン,コラボは横のつながり作れるから頑張れー
2022-01-01 19:13:32,半分芯でいる。,沢山お食べ
2022-01-01 19:13:33,山吹秋風,これ以上痩せるのはやばい
2022-01-01 19:13:36,TSUNA,10キロ痩せたら消滅するやろ
2022-01-01 19:13:36,ふやけたジブラルタル,いとをかし。
2022-01-01 19:13:38,びーふにーたー,冗談じゃなく生命の危機なのよw
2022-01-01 19:13:45,一眼レフ,20kgは骨と皮
2022-01-01 19:13:45,フェレお(フィニッシュ!),太らせるために14キロの砂糖水飲ませたい
2022-01-01 19:14:05,4161きんた,2日で10キロは痩せれない
2022-01-01 19:14:23,屋根裏=サン,緊張したらコメント見ときな（笑）多分おぎゃり隊だっけ？いるから
2022-01-01 19:14:27,びーふにーたー,人間って案外丈夫なんだなって
2022-01-01 19:14:27,てかまきてかまき,バブ、ふっかあああああつ！！
2022-01-01 19:14:42,ウルトラアル中マン,清涼飲料水
2022-01-01 19:14:43,TSUNA,お肉たべな
2022-01-01 19:14:52,銀次,なるほど
2022-01-01 19:14:54,O.J.I.,タンパク質と脂質で
2022-01-01 19:14:54,山吹秋風,ふっかつ！
2022-01-01 19:15:00,一眼レフ,人工甘味料
2022-01-01 19:15:03,びーふにーたー,臓器の方が持たない、、、
2022-01-01 19:15:04,MOKKA,台風で飛んで行きそう
2022-01-01 19:15:12,kawa kumo,せめてノンカロリーで
2022-01-01 19:15:13,山吹秋風,タンパク質、脂質、ビタミン
2022-01-01 19:15:16,フェレお(フィニッシュ!),炭水化物が1番太るよー、余剰な糖分は脂肪に変換されるから
2022-01-01 19:15:18,ウルトラアル中マン,血糖値爆上がりやな
2022-01-01 19:15:23,屋根裏=サン,和菓子は？苦手だっけ？
2022-01-01 19:15:27,一眼レフ,健康的に太らないと病気になるだけ
2022-01-01 19:15:38,TSUNA,後味わるいよね
2022-01-01 19:15:59,山吹秋風,血圧は下げるのマジ大変だから注意
2022-01-01 19:16:01,ふやけたジブラルタル,米！パン！麺！胴！小手だ。
2022-01-01 19:16:02,びーふにーたー,米食いな
2022-01-01 19:16:03,kawa kumo,バランスが大事
2022-01-01 19:16:07,ヒノモトきょう,ダイエット狂人と思われたな
2022-01-01 19:16:32,びーふにーたー,じゃぁ麺類は？
2022-01-01 19:16:35,ウルトラアル中マン,太れない人も大変だよなあ。食えば食うだけ身につくから肉分けてやりてえ
2022-01-01 19:16:52,フェレお(フィニッシュ!),おじいちゃん、血圧下げる手術した後に勝手に降圧剤飲んで死にかけてたw
2022-01-01 19:16:55,ウルトラアル中マン,なっちょらん
2022-01-01 19:16:56,びーふにーたー,大丈夫よー
2022-01-01 19:16:57,TSUNA,だいじょび
2022-01-01 19:16:58,屋根裏=サン,平気ー
2022-01-01 19:17:01,フェレお(フィニッシュ!),大丈夫だね
2022-01-01 19:17:03,山吹秋風,大丈夫だ、問題ない
2022-01-01 19:17:04,銀次,大丈夫
2022-01-01 19:17:13,O.J.I.,肉魚とか
2022-01-01 19:17:14,ふやけたジブラルタル,俺もこの美しい筋肉を分け与えたいぜ。
2022-01-01 19:17:16,山吹秋風,おｋ
2022-01-01 19:17:18,ウルトラアル中マン,おｋ
2022-01-01 19:17:25,TSUNA,まだ唱えるんかｗ
2022-01-01 19:17:25,ウルトラアル中マン,てら
2022-01-01 19:17:27,銀次,はい
2022-01-01 19:17:34,てかまきてかまき,あい
2022-01-01 19:17:35,フェレお(フィニッシュ!),いてらー
2022-01-01 19:17:40,屋根裏=サン,そして大仏
2022-01-01 19:17:44,山吹秋風,まだ唱えるのか（困惑
2022-01-01 19:17:58,一眼レフ,食べて肉が付く年齢かはあやしいが、、、
2022-01-01 19:18:00,ウルトラアル中マン,Ω＼ζ°)ﾁｰﾝ
2022-01-01 19:18:02,一眼レフ,ちーん
2022-01-01 19:18:02,山吹秋風,ﾁｰﾝ
2022-01-01 19:18:07,フェレお(フィニッシュ!),仏門の人見てないかなぁ
2022-01-01 19:18:15,銀次,草
2022-01-01 19:18:16,屋根裏=サン,今来た人はめっちゃ意味不明だろうと思って草
2022-01-01 19:18:16,MOKKA,ﾁｰﾝ
2022-01-01 19:18:23,びーふにーたー,放送事故回避か
2022-01-01 19:18:42,フェレお(フィニッシュ!),今来た人はフリーチャットと勘違いしそう
2022-01-01 19:18:44,山吹秋風,これ見たら困惑するだろうな
2022-01-01 19:19:07,屋根裏=サン,配信としては待機中も動いてるほうが良いのかな？主に収益化関連で
2022-01-01 19:19:30,屋根裏=サン,待機中じゃない離席中だ
2022-01-01 19:20:20,屋根裏=サン,なんだろう？この除夜の鐘感
2022-01-01 19:21:14,びーふにーたー,絵にも動きがあると良いみたいな事は聞いた
2022-01-01 19:21:40,ウルトラアル中マン,おか
2022-01-01 19:21:40,O.J.I.,大仏が時々目を開けるとか
2022-01-01 19:21:46,TSUNA,おか
2022-01-01 19:21:47,びーふにーたー,おかえり
2022-01-01 19:21:50,銀次,おかえりー
2022-01-01 19:21:50,自称ねこ耳,我が煩悩が消えてゆくぅぅぅ～
2022-01-01 19:21:53,kawa kumo,おかえり
2022-01-01 19:21:59,屋根裏=サン,そのへんはセバスも考えてくれてるのかな？うごくやつ
2022-01-01 19:22:00,てかまきてかまき,おかえり
2022-01-01 19:22:02,O.J.I.,おかえりだう～
2022-01-01 19:22:03,自称ねこ耳,おかえりなさい～
2022-01-01 19:22:05,屋根裏=サン,おかえりー
2022-01-01 19:22:10,一眼レフ,だうー
2022-01-01 19:22:22,ウルトラアル中マン,:folded_hands:
2022-01-01 19:22:33,山吹秋風,始まった
2022-01-01 19:22:35,銀次,:folded_hands:
2022-01-01 19:22:39,フェレお(フィニッシュ!),おかえりだぅー
2022-01-01 19:22:53,一眼レフ,なむなむ
2022-01-01 19:23:02,半分芯でいる。,:folded_hands:
2022-01-01 19:23:06,山吹秋風,:folded_hands:
2022-01-01 19:23:27,山吹秋風,ﾁｰﾝ
2022-01-01 19:23:53,絡繰茶々丸,おごそかな正月も悪くないと思います。ありがとうございます。
2022-01-01 19:23:55,ふやけたジブラルタル,しゃりしの所で寿司が食べたくなるぜ。ネタはハンバーグだ
2022-01-01 19:24:26,水鞠リヴィ-Mizumari Rivi,:folded_hands:
2022-01-01 19:24:47,MOKKA,なむなむ
2022-01-01 19:24:58,O.J.I.,:folded_hands:
2022-01-01 19:25:01,ステラリップル,こんだうー:folded_hands:
2022-01-01 19:25:06,フェレお(フィニッシュ!),はーらーぎゃーてー
2022-01-01 19:25:13,ウルトラアル中マン,:folded_hands:
2022-01-01 19:25:14,TSUNA,:folded_hands:
2022-01-01 19:25:20,びーふにーたー,:folded_hands:
2022-01-01 19:25:26,銀次,:folded_hands:
2022-01-01 19:25:32,O.J.I.,寿司食いてー
2022-01-01 19:25:32,フェレお(フィニッシュ!),:folded_hands:
2022-01-01 19:25:33,ゴーストゆっくり,こんだうー
2022-01-01 19:25:36,ウルトラアル中マン,:sushi:
2022-01-01 19:25:45,自称ねこ耳,おとなは黙ってコーンマヨ寿司
2022-01-01 19:25:57,ヒノモトきょう,しーすー
2022-01-01 19:26:01,シノ,あー！行きたいなー！行きたいなー！
2022-01-01 19:26:01,ウルトラアル中マン,身体良くなってからね
2022-01-01 19:26:05,TSUNA,よしこれからいこうぜ
2022-01-01 19:26:08,びーふにーたー,つつつ、連れていっていいの？
2022-01-01 19:26:11,フェレお(フィニッシュ!),寿司ならくら寿司、サイドならはま寿司がオススメ！
2022-01-01 19:26:13,ステラリップル,でもどうせ出しちゃうじゃん
2022-01-01 19:26:30,ウルトラアル中マン,炙りサーモンだろ
2022-01-01 19:26:38,一眼レフ,くら寿司はシャリ半分にできる
2022-01-01 19:26:41,4161きんた,煩悩炸裂で草
2022-01-01 19:26:55,ゴーストゆっくり,カッパ寿司行ってないな
2022-01-01 19:27:01,自称ねこ耳,赤ちゃんには大人の味がわからないか
2022-01-01 19:27:04,TSUNA,てんぷら寿司に塩振って食びたい
2022-01-01 19:27:08,ウルトラアル中マン,回転寿司いってラーメン頼むやつは宗教上許せねえわ
2022-01-01 19:27:08,フェレお(フィニッシュ!),えびアボカド:shrimp::avocado:良いよねー
2022-01-01 19:27:16,びーふにーたー,炙りサーモンだのアボカドだの食うとまた戻すよ？w
2022-01-01 19:27:22,タンタン,お姉さまに連れてってもらう？
2022-01-01 19:27:30,MOKKA,:sushi:Ξ
2022-01-01 19:27:35,kawa kumo,ワサビ抜き？
2022-01-01 19:27:37,ゴーストゆっくり,すごい
2022-01-01 19:27:40,タンタン,すごいな
2022-01-01 19:27:41,MOKKA,すごい
2022-01-01 19:27:43,銀次,凄い
2022-01-01 19:27:50,山吹秋風,姉さんに連れてってもらおう
2022-01-01 19:27:59,山吹秋風,すごい
2022-01-01 19:28:09,フェレお(フィニッシュ!),禁猟区から管理人のおっちゃんが取ってきたアワビだけ食べたことある
2022-01-01 19:28:17,ふやけたジブラルタル,家族で行く時は一人一つはうどんを食べろと食べさせられるんだ。
2022-01-01 19:28:18,ゴーストゆっくり,そうやね
2022-01-01 19:28:28,フェレお(フィニッシュ!),そのイメージであってる！
2022-01-01 19:28:31,ウルトラアル中マン,体調悪い時は生もの止めといた方が良いね
2022-01-01 19:28:36,O.J.I.,お寿司で出来てるなまほしちゃん
2022-01-01 19:28:38,シノ,なまほしちゃんは寿司の為に生きてるよ
2022-01-01 19:28:39,屋根裏=サン,なまほしちゃんの一番のご褒美だからなあ
2022-01-01 19:28:42,タンタン,生寿司おねえちゃん
2022-01-01 19:28:44,ゴーストゆっくり,江戸前寿司？
2022-01-01 19:28:53,フェレお(フィニッシュ!),ステーキ屋さんとかね
2022-01-01 19:29:01,O.J.I.,生寿司おねえちゃんは草
2022-01-01 19:29:18,フェレお(フィニッシュ!),あー何かテーブルマナー的なやつが無理なのかな？
2022-01-01 19:29:22,屋根裏=サン,誰かに連れて行ってもらいな。それこそなまほしちゃんとか
2022-01-01 19:29:27,ヒノモトきょう,食ってるとこ見られたくない
2022-01-01 19:29:33,びーふにーたー,あー
2022-01-01 19:29:40,銀次,なるほどねぇ
2022-01-01 19:29:41,タンタン,回転寿司は自由に食べられるからいい
2022-01-01 19:29:45,ヒノモトきょう,パの者
2022-01-01 19:29:49,フェレお(フィニッシュ!),なるほどね
2022-01-01 19:29:54,ウルトラアル中マン,ヘイお待ち！:sushi::man_cook:
2022-01-01 19:29:59,山吹秋風,なる
2022-01-01 19:30:01,TSUNA,みくびられてる感が嫌かな回らないとこ
2022-01-01 19:30:15,櫻咲,安定剤すごいねえ
2022-01-01 19:30:23,自称ねこ耳,ラーメン屋大丈夫なの？
2022-01-01 19:30:25,フェレお(フィニッシュ!),注目される環境って不安にならん？
2022-01-01 19:30:38,ウルトラアル中マン,寿司握りロボ
2022-01-01 19:30:43,MOKKA,スシアンドロイド
2022-01-01 19:30:52,ふやけたジブラルタル,髭をつけてスーツを着て万札をひけらかしながら食べれば解決だ。
2022-01-01 19:31:00,kawa kumo,プライドの高いラーメン屋あるよなぁ
2022-01-01 19:31:08,屋根裏=サン,ありますね
2022-01-01 19:31:11,ヒノモトきょう,対人恐怖症ではないのね
2022-01-01 19:31:18,山吹秋風,注目されるのが嫌という気持ちわかる
2022-01-01 19:31:24,フェレお(フィニッシュ!),あー、周りのお客さんの目とかもね
2022-01-01 19:31:32,TSUNA,家に板さんとか超上流じゃん
2022-01-01 19:31:32,自称ねこ耳,注目されるのが嫌なのね
2022-01-01 19:31:40,びーふにーたー,なるほど、場が無理なのね
2022-01-01 19:31:49,屋根裏=サン,いろいろ聞いてくるところはまず無理そうやねえ
2022-01-01 19:31:50,櫻咲,お金持ちじゃなきゃきつそう
2022-01-01 19:31:52,自称ねこ耳,料理人雇っちゃおう！
2022-01-01 19:32:11,ウルトラアル中マン,ダブルサンパワーアアアアアアアアアアア
2022-01-01 19:32:15,kawa kumo,いわゆるコミュ障
2022-01-01 19:32:17,O.J.I.,料理人セバス
2022-01-01 19:32:18,フェレお(フィニッシュ!),あら
2022-01-01 19:32:39,屋根裏=サン,多分いきなり意識無いところから声かけられるとか苦手そうな気はする
2022-01-01 19:32:50,ウルトラアル中マン,:flexed_biceps::baby:ﾊﾟﾊﾟﾊﾟｯﾊﾟｯﾊﾟｯﾊﾟ､ﾊﾟｧｳｧｰ!! 
2022-01-01 19:32:54,山吹秋風,そうか、便所飯してたって言ってますたな
2022-01-01 19:32:54,TSUNA,大将、たまごちょうだい
2022-01-01 19:33:06,ヒノモトきょう,予備校時代は便所飯してたわ
2022-01-01 19:33:10,G hunter,深層組姉妹同士の食事ならいいのでは
2022-01-01 19:33:24,フェレお(フィニッシュ!),大将に食べ方見られてるとか怖過ぎるんよなぁ
2022-01-01 19:33:26,一眼レフ,ノ
2022-01-01 19:33:32,TSUNA,お？戦争か？
2022-01-01 19:33:32,kawa kumo,いねえよなぁ
2022-01-01 19:33:33,ウルトラアル中マン,確かに頼まねえわ
2022-01-01 19:33:35,銀次,おるで
2022-01-01 19:33:36,自称ねこ耳,はい！
2022-01-01 19:33:39,山吹秋風,玉子・・・頼みますねぇ！
2022-01-01 19:33:39,びーふにーたー,ここは知らんけど卵は通が頼むらしいよ
2022-01-01 19:33:40,櫻咲,サラダ軍艦だよなあ！？？
2022-01-01 19:33:52,ウルトラアル中マン,LAST般若心経
2022-01-01 19:33:53,フェレお(フィニッシュ!),あ、最後か
2022-01-01 19:34:04,屋根裏=サン,卵焼きだけで出してくれるところは好き。酢飯と卵焼きは合わない勢
2022-01-01 19:34:07,コロ助,冷たい厚焼き玉子頼むよ
2022-01-01 19:34:08,ふやけたジブラルタル,男は大将の目を見ながら手掴みだ。
2022-01-01 19:34:10,O.J.I.,FINAL心経
2022-01-01 19:34:15,銀次,:folded_hands:
2022-01-01 19:34:16,4161きんた,回転寿司で玉子は頼んだことない
2022-01-01 19:34:27,てかまきてかまき,:folded_hands:
2022-01-01 19:34:31,一眼レフ,なむなむ
2022-01-01 19:34:32,kawa kumo,浄化される
2022-01-01 19:34:39,MOKKA,:folded_hands:
2022-01-01 19:34:40,ウルトラアル中マン,:folded_hands:
2022-01-01 19:34:44,ユイットル カキ,:folded_hands:
2022-01-01 19:34:50,半分芯でいる。,:folded_hands:
2022-01-01 19:34:53,山吹秋風,ﾁｰﾝ
2022-01-01 19:34:59,自称ねこ耳,ファイナル心経をファンザ心経って読んでしまった…
2022-01-01 19:35:04,自称ねこ耳,人
2022-01-01 19:35:04,kawa kumo,Ω＼ζ°)ﾁｰﾝ
2022-01-01 19:35:09,ウルトラアル中マン,:baby_angel:
2022-01-01 19:35:20,てかまきてかまき,草
2022-01-01 19:35:50,ふやけたジブラルタル,成仏したぜ。
2022-01-01 19:37:15,AlleN WalkeR,:folded_hands:
2022-01-01 19:37:20,TSUNA,:folded_hands:
2022-01-01 19:37:22,一眼レフ,チーン
2022-01-01 19:37:23,てかまきてかまき,:folded_hands:
2022-01-01 19:37:29,ウルトラアル中マン,:folded_hands:
2022-01-01 19:37:29,てかまきてかまき,:bell:
2022-01-01 19:37:30,びーふにーたー,:folded_hands:
2022-01-01 19:37:34,フェレお(フィニッシュ!),おつー！:folded_hands:
2022-01-01 19:37:36,O.J.I.,:folded_hands:
2022-01-01 19:37:45,自称ねこ耳,人
2022-01-01 19:37:49,MOKKA,南無阿弥陀仏南無阿弥陀仏〜
2022-01-01 19:37:50,4161きんた,:folded_hands:
2022-01-01 19:37:51,TSUNA,おつだぅ～
2022-01-01 19:37:51,ウルトラアル中マン,おつだう～！
2022-01-01 19:37:52,てかまきてかまき,おつだう:folded_hands:
2022-01-01 19:37:55,一眼レフ,なむなむ
2022-01-01 19:37:56,銀次,おつだうー
2022-01-01 19:37:59,O.J.I.,おつだう～（浄化
2022-01-01 19:38:00,ふやけたジブラルタル,南無。
2022-01-01 19:38:01,一眼レフ,おつだうー
2022-01-01 19:38:01,びーふにーたー,おつだうー
2022-01-01 19:38:03,ヒノモトきょう,おつだう〜
2022-01-01 19:38:06,TSUNA,おぎゃ～～
2022-01-01 19:38:07,にーと72,おつだう:folded_hands:
2022-01-01 19:38:08,メソヤマ,おつなむ〜
2022-01-01 19:38:12,屋根裏=サン,おつだうー
2022-01-01 19:38:12,ラジ丸,おつだう！
2022-01-01 19:38:13,MOKKA,おつだうー
2022-01-01 19:38:14,ほあでりあ,おつだう
2022-01-01 19:38:14,太田幼女,おつだう～～！
2022-01-01 19:38:16,コロ助,おつだうー
2022-01-01 19:38:21,K Ken,おつだう〜:folded_hands:
2022-01-01 19:38:21,TSUNA,ばぶばぶ～
2022-01-01 19:38:22,たで,おつだう〜
2022-01-01 19:38:22,フェレお(フィニッシュ!),おつだぅー今年もよろしくねー！
2022-01-01 19:38:25,4161きんた,おつだう〜
2022-01-01 19:38:26,ウルトラアル中マン,高音でなくなってて草
2022-01-01 19:38:29,ヒノモトきょう,無事逝けました
2022-01-01 19:38:36,ゲムタ,おつだうー
2022-01-01 19:38:40,ふやけたジブラルタル,お疲れ様だ。
2022-01-01 19:38:41,ウルトラアル中マン,ことよろばぶ～！
2022-01-01 19:38:43,びーふにーたー,よろしくー
2022-01-01 19:38:44,一眼レフ,だうだう
2022-01-01 19:38:44,TSUNA,ことよろ～
2022-01-01 19:38:46,てかまきてかまき,浄化された
2022-01-01 19:38:53,半分芯でいる。,乙乙～
2022-01-01 19:38:53,銀次,ことよろー
