2022-02-15 17:15:16,フェレお(フィニッシュ!),枠始まるまで寝とくか
2022-02-15 18:28:37,ウルトラアル中マン,待機バブ
2022-02-15 18:29:16,ドンブリ感情,がいようらんのりんくしんでる
2022-02-15 18:42:16,ウルトラアル中マン,リンク飛んで最新の情報にするクリックしたら観れたでよ
2022-02-15 18:47:34,しーちきん,待機
2022-02-15 18:50:02,foxですよ,間に合いました！待機だう
2022-02-15 18:52:28,かわいいべるちゃん,ばぶ！
2022-02-15 18:56:12,はらだいこ,待期
2022-02-15 18:56:31,昼酒,待機
2022-02-15 18:56:46,桜,だぁう
2022-02-15 18:56:57,銀次,待機
2022-02-15 18:58:15,shion* *,CM視聴ヨシ！
2022-02-15 19:00:13,櫻咲,待機
2022-02-15 19:00:43,はらだいこ,準備ok
2022-02-15 19:00:57,デビッ,たいき
2022-02-15 19:01:12,ウルトラアル中マン,いつでもイケるバブよ
2022-02-15 19:01:25,かわいいべるちゃん,おぎゃああああああ！！
2022-02-15 19:01:28,昼酒,きた
2022-02-15 19:01:31,かわいいべるちゃん,ばぶうううう！
2022-02-15 19:01:34,ウルトラアル中マン,手書きたすかる
2022-02-15 19:01:38,林啓太,こんだうー
2022-02-15 19:01:47,かわいいべるちゃん,ぺんぺんぺんぺん
2022-02-15 19:01:58,動画保管庫,他のタブ開いてるんだけどいきなり三味線何事かとおもったｗｗ
2022-02-15 19:01:58,しーちきん,こんだう～
2022-02-15 19:02:00,動画保管庫,こんだう
2022-02-15 19:02:18,にんげん,こんだぶううう
2022-02-15 19:02:28,ウルトラアル中マン,赤子文字なのにしっかり漢字書けてるのるの笑う
2022-02-15 19:02:37,スズキ雲,手書きできて偉い
2022-02-15 19:02:55,しーちきん,１５歳だから
2022-02-15 19:03:00,かわいいべるちゃん,はっほっあらよ！ばぶううううう！！
2022-02-15 19:03:18,tanikami,気絶中
2022-02-15 19:03:20,昼酒,ミュートじゃないよね？
2022-02-15 19:03:25,半分芯でいる。,こんだうー
2022-02-15 19:03:32,はらだいこ,こんだうーー
2022-02-15 19:03:36,shion* *,こんだうー
2022-02-15 19:03:39,ウルトラアル中マン,こんだう～！
2022-02-15 19:03:41,櫻咲,こんだうー
2022-02-15 19:03:44,銀次,こんだうー
2022-02-15 19:03:45,しーちきん,こんだう～
2022-02-15 19:03:45,4161きんた,こんだうー
2022-02-15 19:03:49,動画保管庫,こんだう
2022-02-15 19:03:50,かわいいべるちゃん,こんだうー！
2022-02-15 19:03:51,林啓太,こんだうー
2022-02-15 19:04:00,躁鬱ジンの生活保護でもGOGO日記,だうだうー:double_exclamation_mark:
2022-02-15 19:04:02,ふるべび,こんだう～
2022-02-15 19:04:02,昼酒,こんだうー！
2022-02-15 19:04:06,微糖,こんだうー
2022-02-15 19:04:06,ウルトラアル中マン,タイマー準備出来てるのエライ
2022-02-15 19:04:09,ほあでりあ,こんだう
2022-02-15 19:04:13,にんげん,こんだううう
2022-02-15 19:04:13,桜,こんだうー
2022-02-15 19:04:14,かわいいべるちゃん,ツイートできて偉い
2022-02-15 19:04:18,tanikami,こんだうー
2022-02-15 19:04:18,しーちきん,きこえた
2022-02-15 19:04:19,半分芯でいる。,おｋよ
2022-02-15 19:04:23,名無しA,今日もプルプルしてるなぁ
2022-02-15 19:04:26,昼酒,かわいい声が聞こえます
2022-02-15 19:04:40,ヤス,こんだうー
2022-02-15 19:04:41,やみひつじ,こんだうー
2022-02-15 19:04:42,ドンブリ感情,ウィスパーボイス
2022-02-15 19:04:56,ウルトラアル中マン,:baby:よっこいしょういち…
2022-02-15 19:05:08,しーちきん,リアタイした
2022-02-15 19:05:10,櫻咲,1週遅れぽいねえ
2022-02-15 19:05:14,銀次,なるほど
2022-02-15 19:05:19,サモエド,こんだう
2022-02-15 19:05:21,ウルトラアル中マン,アマプラアニメ周回遅れなるからねえ
2022-02-15 19:05:36,Alex,こんだう
2022-02-15 19:05:37,ほあでりあ,これ1週おくれなんや
2022-02-15 19:05:45,352万の男　※カウントダウン11,こんだうー
2022-02-15 19:05:48,かわいいべるちゃん,生チョコいいじゃん
2022-02-15 19:05:54,林啓太,リアタイは我慢できないわw
2022-02-15 19:06:02,動画保管庫,見ようと思いまｽｩｩｩｩｩ
2022-02-15 19:06:08,ウルトラアル中マン,ｄアニメストアが割かし遅くない
2022-02-15 19:06:15,かわいいべるちゃん,あずきカロリーあるよ
2022-02-15 19:06:18,完全剛体リジッド,あずき不人気悲しいたけ…
2022-02-15 19:06:21,ドンブリ感情,あずきうまそう
2022-02-15 19:06:23,かわいいべるちゃん,どーしよう
2022-02-15 19:06:26,tanikami,くちゃい
2022-02-15 19:06:28,ほあでりあ,くさいんかｗ
2022-02-15 19:06:28,銀次,そうなんだw
2022-02-15 19:06:37,かわいいべるちゃん,あー　ねー
2022-02-15 19:06:40,名無しA,小豆うまそうだけどなー
2022-02-15 19:06:42,ウルトラアル中マン,言いたい事は大体伝わる
2022-02-15 19:06:47,昼酒,それは臭いｗ
2022-02-15 19:06:51,ヤス,悪くないじゃん
2022-02-15 19:06:55,かわいいべるちゃん,見たよー
2022-02-15 19:06:59,はらだいこ,みたー
2022-02-15 19:07:01,ウルトラアル中マン,いつでもイケるばぶよ
2022-02-15 19:07:02,ほあでりあ,広告見た
2022-02-15 19:07:03,銀次,見たよー
2022-02-15 19:07:17,半分芯でいる。,広告後に止めてある
2022-02-15 19:07:18,tanikami,動物がおにぎり中
2022-02-15 19:07:23,動画保管庫,広告最初だけなんかな
2022-02-15 19:07:25,ウルトラアル中マン,ああ～＾大きな音～＾
2022-02-15 19:07:29,ドンブリ感情,広告でないのはうちのAdblockが優秀なのか
2022-02-15 19:07:34,名無し,こんだうー
2022-02-15 19:07:47,shion* *,入ったらドカ食いする
2022-02-15 19:07:47,seiichirou,Vter有識者いる？
2022-02-15 19:07:48,動画保管庫,みんなで違う広告をみんなで見る！！ｗ
2022-02-15 19:08:25,銀次,はい
2022-02-15 19:08:28,ほあでりあ,カウントダウンたすかる
2022-02-15 19:08:42,櫻咲,どん！
2022-02-15 19:08:44,微糖,DON！
2022-02-15 19:08:52,はらだいこ,ぷいきゃぁぁぁ
2022-02-15 19:08:53,tanikami,ゆいちゃん
2022-02-15 19:08:53,ウルトラアル中マン,皆さんまたお会いできましたね！
2022-02-15 19:08:54,完全剛体リジッド,美味しそう
2022-02-15 19:08:57,やみひつじ,どん！
2022-02-15 19:09:00,かわいいべるちゃん,オムライスかー
2022-02-15 19:09:03,はらだいこ,でりしゃすまいるー
2022-02-15 19:09:06,shion* *,パンパン来いよパンパン
2022-02-15 19:09:07,動画保管庫,俺も突然変身してぇな…
2022-02-15 19:09:20,ドンブリ感情,レシピッピで笑っちまうよ
2022-02-15 19:09:20,seiichirou,何かしら？
2022-02-15 19:09:38,ウルトラアル中マン,飯テロ(レシピッピ強奪)
2022-02-15 19:09:41,foxですよ,こんだう～
2022-02-15 19:09:45,かわいいべるちゃん,なんだこのクッキングのこの無難なキャラデザは
2022-02-15 19:10:22,林啓太,にぎにぎしたい
2022-02-15 19:10:30,ウルトラアル中マン,深層シルバニアファミリー
2022-02-15 19:10:34,はらだいこ,こめこめかわいい
2022-02-15 19:10:37,foxですよ,みんなかわいい
2022-02-15 19:10:42,ドンブリ感情,いまのたまごっちスマートオッチ型なんだよね
2022-02-15 19:10:43,オアシス・ゲーリー,こんだう
2022-02-15 19:10:53,tanikami,分け愛たい
2022-02-15 19:10:55,ぷらずまわい子,「ファミリー」
2022-02-15 19:10:56,かわいいべるちゃん,分け愛たい
2022-02-15 19:11:01,はらだいこ,タキシード仮面様
2022-02-15 19:11:03,seiichirou,タキシード仮面さまおるやん
2022-02-15 19:11:06,ウルトラアル中マン,っぱ青い子好みやわ
2022-02-15 19:11:12,ウルトラアル中マン,たまごっち・・・？
2022-02-15 19:11:13,ほあでりあ,かなしいたけじゃん
2022-02-15 19:11:13,shion* *,後ろにストーカーおる
2022-02-15 19:11:15,銀次,あらら
2022-02-15 19:11:21,foxですよ,はじめてみるけどおかまおる？
2022-02-15 19:11:25,にんげん,たまごっちのアプリかなんかがガチ介護すぎて話題になってたな
2022-02-15 19:11:25,かわいいべるちゃん,広告だ
2022-02-15 19:11:29,ドンブリ感情,たまごっち世代って30超えて…？
2022-02-15 19:11:29,shion* *,広告入ったw
2022-02-15 19:11:30,tanikami,白たまごっちは10万した
2022-02-15 19:11:31,seiichirou,草
2022-02-15 19:11:32,湯葉,cmwww
2022-02-15 19:11:33,ほあでりあ,CMあって草
2022-02-15 19:11:35,かわいいべるちゃん,ええやんもう広告で
2022-02-15 19:11:38,完全剛体リジッド,一瞬入ったｗ
2022-02-15 19:11:43,銀次,入ってない
2022-02-15 19:11:43,DLR瀬戸口,草
2022-02-15 19:11:43,みやびのママ,まま
2022-02-15 19:11:45,ウルトラアル中マン,命を蝕む穢刀―――
2022-02-15 19:11:46,foxですよ,40秒くらいCMあるで
2022-02-15 19:11:54,かわいいべるちゃん,うち入った
2022-02-15 19:11:57,ほあでりあ,俺も入った
2022-02-15 19:12:02,はらだいこ,CMうぜー
2022-02-15 19:12:03,櫻咲,CM入ってたよ
2022-02-15 19:12:03,動画保管庫,草
2022-02-15 19:12:04,foxですよ,おわた
2022-02-15 19:12:08,tanikami,終わった
2022-02-15 19:12:19,動画保管庫,ぶーぶーかわいい
2022-02-15 19:12:26,微糖,Tverさあ...
2022-02-15 19:12:27,ウルトラアル中マン,タイマー通りに再生時間すればいい？
2022-02-15 19:12:27,seiichirou,霜降り明星のCM流れた
2022-02-15 19:12:39,銀次,環境によるのかな？
2022-02-15 19:12:40,ドンブリ感情,うちのAdblockなぜか動作してるな
2022-02-15 19:12:44,オアシス・ゲーリー,000
2022-02-15 19:12:48,seiichirou,オムライスのアップ
2022-02-15 19:12:49,にんげん,これ3分くらいで広告きたってことはめっちゃ広告あるんじゃない？
2022-02-15 19:13:19,かわいいべるちゃん,ゆいちゃん退場なん？
2022-02-15 19:13:27,櫻咲,さよならイヤイヤ～
2022-02-15 19:13:29,seiichirou,セイント・テールっぽいぞ
2022-02-15 19:13:35,foxですよ,感想タイムいいかも？
2022-02-15 19:13:38,かわいいべるちゃん,テレビと同じ感覚で広告入ると予想
2022-02-15 19:13:40,みやびのママ,ばぶばぶ
2022-02-15 19:13:50,櫻咲,ぶんどるぶんどるー
2022-02-15 19:13:57,ウルトラアル中マン,肩にトゲ付きパッドついてますよ
2022-02-15 19:14:05,seiichirou,いやしんぼじゃん
2022-02-15 19:14:07,動画保管庫,オリジナルメニューならレシピ要らないよな…なんとかなりそう
2022-02-15 19:14:10,かわいいべるちゃん,ブンドルブンドルー
2022-02-15 19:14:13,はらだいこ,ぶんどるーぶんどるー
2022-02-15 19:14:14,ヤス,www
2022-02-15 19:14:18,はらだいこ,せーのがかわいい
2022-02-15 19:14:18,ほあでりあ,マッサルマッサル！
2022-02-15 19:14:19,foxですよ,クッキングなまえそのままじゃね？
2022-02-15 19:14:26,かわいいべるちゃん,クッキング絶対どっかで見たことある
2022-02-15 19:14:28,デビッ,クッキングで笑ってしまった
2022-02-15 19:14:52,seiichirou,ただのFaceTimeじゃん
2022-02-15 19:14:53,ウルトラアル中マン,萌え袖王
2022-02-15 19:15:02,林啓太,ブンドルブンドル好き
2022-02-15 19:15:02,ほあでりあ,クッキング燃え袖なの腹立つな
2022-02-15 19:15:12,foxですよ,ぷぺーぽぺぽぺ
2022-02-15 19:15:15,shion* *,飯ピッピ？
2022-02-15 19:15:18,櫻咲,いい歳こいて萌え袖やめろ
2022-02-15 19:15:27,微糖,玩具販促入った
2022-02-15 19:15:34,seiichirou,不況では？
2022-02-15 19:15:48,tanikami,任せた
2022-02-15 19:15:57,foxですよ,恋しちゃった？
2022-02-15 19:16:03,ウルトラアル中マン,:baby:勿論私は取り戻すで？拳で！
2022-02-15 19:16:05,shion* *,この辺の重役はハーブ系なのか
2022-02-15 19:16:20,動画保管庫,ふんす　かわいい
2022-02-15 19:16:23,櫻咲,マリちゃん:crying_face:
2022-02-15 19:16:28,完全剛体リジッド,ポジティブですねぇ
2022-02-15 19:16:48,shion* *,現金支給！
2022-02-15 19:16:51,foxですよ,５００円
2022-02-15 19:16:51,オアシス・ゲーリー,米うめぇよね
2022-02-15 19:16:53,動画保管庫,新500円玉だｗｗｗこまけぇｗｗ
2022-02-15 19:16:54,ほあでりあ,金！！！！！！！！
2022-02-15 19:16:56,ウルトラアル中マン,新しいファングッズでたな
2022-02-15 19:17:02,銀次,助かるわー
2022-02-15 19:17:08,shion* *,おばあちゃんがしがちな500円貯金
2022-02-15 19:17:15,ヤス,イケメン！！
2022-02-15 19:17:15,tanikami,モテそう
2022-02-15 19:17:15,ウルトラアル中マン,竿役従兄弟と同じ名前やめろ
2022-02-15 19:17:16,はらだいこ,イケメン
2022-02-15 19:17:21,foxですよ,おさななじみかな？
2022-02-15 19:17:28,seiichirou,硬貨だけなの使いづらいな
2022-02-15 19:17:34,foxですよ,いい尻
2022-02-15 19:17:39,動画保管庫,こめこめの拍手可愛すぎる
2022-02-15 19:17:41,微糖,確定申告どうすんだろう
2022-02-15 19:17:44,櫻咲,マリちゃんやべーやつだ・・・
2022-02-15 19:17:54,foxですよ,あー！:male_sign:
2022-02-15 19:18:01,ほあでりあ,うおおおおおおおおおおおおたくマリ
2022-02-15 19:18:05,かわいいべるちゃん,ローズマリーさんプリケツやな
2022-02-15 19:18:06,林啓太,たっくんツンツンでいいよね
2022-02-15 19:18:15,デクロボ,こんだう
2022-02-15 19:18:15,櫻咲,穢れが
2022-02-15 19:18:25,動画保管庫,たくみくんもプリキュアにならんかなぁ…
2022-02-15 19:18:31,foxですよ,とめとめ？
2022-02-15 19:18:37,微糖,ナレーションの朝ドラ感
2022-02-15 19:18:38,かわいいべるちゃん,コメ！
2022-02-15 19:18:40,ウルトラアル中マン,お母さんを僕に下さい！
2022-02-15 19:18:43,かわいいべるちゃん,コメコメ！
2022-02-15 19:18:48,銀次,かわいい
2022-02-15 19:18:52,tanikami,娘が得体の知れない動物連れてきた！
2022-02-15 19:18:56,shion* *,ママ適応力高すんぎ
2022-02-15 19:18:58,foxですよ,米米かｗ
2022-02-15 19:19:00,はらだいこ,こめー
2022-02-15 19:19:00,かわいいべるちゃん,コメー！
2022-02-15 19:19:00,ほあでりあ,淫獣だゾ
2022-02-15 19:19:08,櫻咲,いいママだね、ママ・・・
2022-02-15 19:19:11,seiichirou,ナレーション宮崎美子じゃん！
2022-02-15 19:19:14,微糖,家計が困ったら研究機関に売ろう
2022-02-15 19:19:19,ほあでりあ,かわいい
2022-02-15 19:19:23,shion* *,ﾆｬｯ！
2022-02-15 19:19:26,foxですよ,いまは・・・・
2022-02-15 19:19:40,かわいいべるちゃん,カリカリ食べろ
2022-02-15 19:19:42,shion* *,これが後のマリちゃんなんやろ（適当）
2022-02-15 19:19:47,seiichirou,ばあちゃんのCV宮崎美子だ
2022-02-15 19:20:00,銀次,猫派になりそう
2022-02-15 19:20:02,動画保管庫,＞ ＜
2022-02-15 19:20:09,櫻咲,ねこちゃん。。。
2022-02-15 19:20:09,かわいいべるちゃん,もういっとるやろ年齢的に
2022-02-15 19:20:25,ヤス,…
2022-02-15 19:20:26,櫻咲,そうだね、きっと元気だね
2022-02-15 19:20:40,shion* *,ガン見えよねｗ
2022-02-15 19:20:41,かわいいべるちゃん,覗きだ覗き
2022-02-15 19:20:41,デクロボ,たしかに
2022-02-15 19:20:42,ほあでりあ,うまそう
2022-02-15 19:20:45,かわいいべるちゃん,キュウリうまそ！
2022-02-15 19:20:45,林啓太,それw
2022-02-15 19:20:47,foxですよ,日本家屋だとｗ
2022-02-15 19:20:48,動画保管庫,きゅうりの食べ方よ…
2022-02-15 19:20:49,seiichirou,ばあちゃんは…
2022-02-15 19:20:50,櫻咲,いやだねえ
2022-02-15 19:20:55,ドンブリ感情,味噌つけないのか
2022-02-15 19:20:57,完全剛体リジッド,野菜スティック美味しそう
2022-02-15 19:20:59,かわいいべるちゃん,わかる　キュウリに味噌
2022-02-15 19:21:01,ほあでりあ,わかる
2022-02-15 19:21:02,動画保管庫,きゅうりと味噌はさっぱりしててええよな
2022-02-15 19:21:04,微糖,わかる
2022-02-15 19:21:10,shion* *,金山寺味噌とかああいう味噌好き
2022-02-15 19:21:11,ゆきたけ,甘い豆味噌がいいぞ
2022-02-15 19:21:12,完全剛体リジッド,ピクルスの可能性も！？
2022-02-15 19:21:13,デクロボ,マヨミソ
2022-02-15 19:21:20,foxですよ,Ｂ:multiply:
2022-02-15 19:21:23,ヤス,！？
2022-02-15 19:21:24,ほあでりあ,戦いを舐めすぎだろ
2022-02-15 19:21:31,デビッ,マリちゃんヘラってる？？
2022-02-15 19:21:34,はらだいこ,戦いは熾烈
2022-02-15 19:21:36,ウルトラアル中マン,オカマキャラキレると怖いよ・・・
2022-02-15 19:21:36,shion* *,どうしたんだい急に大声出して
2022-02-15 19:21:38,かわいいべるちゃん,戦いは命懸けだからね
2022-02-15 19:21:39,tanikami,負けたらどうなるんだ……
2022-02-15 19:21:40,櫻咲,舐めてるとマミるぞ
2022-02-15 19:21:51,foxですよ,盗まれる心配ｗ
2022-02-15 19:21:57,seiichirou,フラグか？
2022-02-15 19:22:07,林啓太,ヒスゴリは草
2022-02-15 19:22:14,shion* *,でたなポンデリング
2022-02-15 19:22:23,はらだいこ,から揚げうまそー
2022-02-15 19:22:27,foxですよ,こっちもとりから流行ってるか
2022-02-15 19:22:31,デクロボ,目立つ
2022-02-15 19:22:31,ほあでりあ,不審者すぎるだろ
2022-02-15 19:22:34,かわいいべるちゃん,ブンドル！
2022-02-15 19:22:35,seiichirou,ハロウィンは終わりましたよ
2022-02-15 19:22:37,動画保管庫,詠唱やるのワイだったらちょっとはずいｗ
2022-02-15 19:22:43,ほあでりあ,ぶんぶんどるどるかわいい
2022-02-15 19:22:45,完全剛体リジッド,一般人には見えてない？？
2022-02-15 19:22:49,tanikami,ぶん取られた
2022-02-15 19:22:59,ヤス,唐揚げ冷めちゃった？
2022-02-15 19:23:01,櫻咲,まずいとは言わないと引っかかるよね
2022-02-15 19:23:03,foxですよ,味変かな？
2022-02-15 19:23:04,ドンブリ感情,最近急に増えたからあげ屋のからあげはまずい
2022-02-15 19:23:12,seiichirou,唐揚げにレモンは荒れる
2022-02-15 19:23:14,銀次,便利だ
2022-02-15 19:23:14,foxですよ,えっろ
2022-02-15 19:23:15,湯葉,さてはレモンをかけてしまったのか…
2022-02-15 19:23:19,デクロボ,味ないなった？
2022-02-15 19:23:20,微糖,めっちゃ薄味になるとか？
2022-02-15 19:23:23,ヤス,えっちだ
2022-02-15 19:23:34,shion* *,CMぅぅぅうう
2022-02-15 19:23:37,デビッ,CM入りました
2022-02-15 19:23:38,ウルトラアル中マン,CM入りました～！
2022-02-15 19:23:41,櫻咲,マリちゃん嫉妬か？
2022-02-15 19:23:41,かわいいべるちゃん,うちも入ったー
2022-02-15 19:23:45,tanikami,入らなかった
2022-02-15 19:23:46,seiichirou,また霜降り明星だ
2022-02-15 19:23:49,foxですよ,どうなるのですかねー！
2022-02-15 19:23:50,ほあでりあ,粗品ぁ！
2022-02-15 19:23:55,動画保管庫,さっきあらかじめミュートで再生してたから入らんな…
2022-02-15 19:23:55,かわいいべるちゃん,ローズマリーさん　巻き込みたくないんやろな
2022-02-15 19:23:56,foxですよ,は？
2022-02-15 19:23:56,shion* *,読み上げんなｗ
2022-02-15 19:23:58,seiichirou,ロケラン？
2022-02-15 19:24:02,ドンブリ感情,まだ一回も入らんな
2022-02-15 19:24:02,動画保管庫,読み上げるのｗｗｗｗ
2022-02-15 19:24:04,foxですよ,オールインワンのＣＭゾ
2022-02-15 19:24:06,湯葉,すげえ気になるじゃん…
2022-02-15 19:24:08,銀次,TVだと入らないのかな
2022-02-15 19:24:09,はらだいこ,読み上げ草
2022-02-15 19:24:15,デクロボ,草
2022-02-15 19:24:25,ヤス,えっ？
2022-02-15 19:24:29,foxですよ,おわった
2022-02-15 19:24:30,かわいいべるちゃん,おわた
2022-02-15 19:24:33,ほあでりあ,おわった
2022-02-15 19:24:34,デクロボ,おわった
2022-02-15 19:24:39,はらだいこ,おわた
2022-02-15 19:24:41,ドンブリ感情,ニューブロックっていうAdblockだとブロックできるっぽい
2022-02-15 19:24:58,foxですよ,ｗｗｗｗｗｗ
2022-02-15 19:25:03,foxですよ,もうはじめちゃったよｗ
2022-02-15 19:25:06,tanikami,フェイント入りすぎ
2022-02-15 19:25:10,オアシス・ゲーリー,ドン
2022-02-15 19:25:20,微糖,カウントキャンセル草
2022-02-15 19:25:24,かわいいべるちゃん,カウント　１　よし　コメント読み∑
2022-02-15 19:25:28,櫻咲,フェイント草なんだ
2022-02-15 19:25:44,foxですよ,こしょうあれするやつだ
2022-02-15 19:25:55,動画保管庫,再生しとくと一応入ってないな。途中で「こいつ動画みてないな」って感じなのか止まってたけど。
2022-02-15 19:26:08,shion* *,そうそう
2022-02-15 19:26:08,かわいいべるちゃん,マリちゃんペンダントないのにどうやって戦うんや
2022-02-15 19:26:09,デクロボ,ミル？
2022-02-15 19:26:11,ウルトラアル中マン,茶色にその形は・・・
2022-02-15 19:26:16,shion* *,ペッパーミルってマリちゃんが
2022-02-15 19:26:17,オアシス・ゲーリー,ミル
2022-02-15 19:26:18,ほあでりあ, ネオアームストロングサイクロンジェットアームストロング砲じゃねーか、完成度高けーなオイ
2022-02-15 19:26:20,ヤス,今どこ？
2022-02-15 19:26:21,微糖,胡椒すりつぶすやつだね
2022-02-15 19:26:23,seiichirou,ギャバンのマクー空間だ
2022-02-15 19:26:24,林啓太,かしこ
2022-02-15 19:26:38,かわいいべるちゃん,やっぱペンダントなくて力でないんや
2022-02-15 19:26:38,完全剛体リジッド,拳で戦ってる
2022-02-15 19:26:43,foxですよ,やぱｐりプリキュアって物理なんだね～
2022-02-15 19:26:43,ほあでりあ,青の娘かわいい
2022-02-15 19:26:57,オアシス・ゲーリー,ミルクのミル
2022-02-15 19:26:59,ウルトラアル中マン,タイマーと同時進行なってる？
2022-02-15 19:27:00,オーレリア・ウェルギウス,こんだう～！
2022-02-15 19:27:01,foxですよ,そんなことできるの！
2022-02-15 19:27:02,shion* *,マリちゃん知らなかったのかよｗ
2022-02-15 19:27:05,かわいいべるちゃん,マリちゃん
2022-02-15 19:27:05,微糖,がばがば草
2022-02-15 19:27:07,林啓太,ハートギアウォッチ有能！
2022-02-15 19:27:12,ほあでりあ,マリちゃんええキャラやな
2022-02-15 19:27:15,foxですよ,変身バンク
2022-02-15 19:27:16,林啓太,にぎにぎ:red_heart:
2022-02-15 19:27:17,かわいいべるちゃん,伝説のプリキュアだし知らなくてもしゃーない
2022-02-15 19:27:19,shion* *,ｺﾒｺﾒ!!
2022-02-15 19:27:22,オーレリア・ウェルギウス,マリちゃんかわいい
2022-02-15 19:27:24,櫻咲,コメコメ～
2022-02-15 19:27:26,はらだいこ,にぎにぎ！
2022-02-15 19:27:27,seiichirou,動物虐待？
2022-02-15 19:27:30,動画保管庫,にぎにぎ
2022-02-15 19:27:30,ほあでりあ,俺のもにぎにぎしてくれ＾～
2022-02-15 19:27:30,完全剛体リジッド,食べるんや・・・
2022-02-15 19:27:34,はらだいこ,妖精捕食
2022-02-15 19:27:39,微糖,やっぱ変身いいなあ
2022-02-15 19:27:40,オアシス・ゲーリー,コメコメ美味そう
2022-02-15 19:27:42,ドンブリ感情,ここだけ240fpsある
2022-02-15 19:27:47,shion* *,コメコメ醤油つけて焼きたいよな
2022-02-15 19:27:50,かわいいべるちゃん,ふーん　えっちじゃん
2022-02-15 19:27:59,オーレリア・ウェルギウス,コメコメはおいしい
2022-02-15 19:28:00,かわいいべるちゃん,いまコメコメのことたたいた？
2022-02-15 19:28:06,やみひつじ,コメコメ！
2022-02-15 19:28:15,動画保管庫,草
2022-02-15 19:28:32,foxですよ,股間からとかさぁ・・・
2022-02-15 19:28:36,櫻咲,いたそう
2022-02-15 19:28:37,湯葉,なんてとこから弾出してんだよ…
2022-02-15 19:28:38,ほあでりあ,この見た目でそこから射撃するのやべえだろ
2022-02-15 19:28:42,shion* *,コメコメいちいちかわいいな
2022-02-15 19:28:42,微糖,股間から攻撃は卑猥
2022-02-15 19:28:44,ドンブリ感情,股間から無数の玉を…
2022-02-15 19:28:50,tanikami,ぶっちゃけあり得ない
2022-02-15 19:28:56,銀次,なんか草
2022-02-15 19:29:15,foxですよ,ぐへへへ
2022-02-15 19:29:20,櫻咲,すごいふっとぶじゃん
2022-02-15 19:29:23,オアシス・ゲーリー,女児向けと到底思えない攻撃
2022-02-15 19:29:29,tanikami,頭脳派を混ぜないと
2022-02-15 19:29:35,かわいいべるちゃん,人の子危険に合わせらんねぇよなぁ
2022-02-15 19:29:41,やみひつじ,がんばえ～
2022-02-15 19:29:44,ウルトラアル中マン,確かに年下の女戦わせるのはキツイ
2022-02-15 19:29:47,櫻咲,ノーダメすごい
2022-02-15 19:29:48,foxですよ,くやしいけどかわいい
2022-02-15 19:29:51,shion* *,ね、アングルよかった
2022-02-15 19:29:55,微糖,CQCの基本を叩き込まないと
2022-02-15 19:30:04,ほあでりあ,コメコメ真顔でじわる
2022-02-15 19:30:09,林啓太,おばあちゃんは言ってた（カブト）
2022-02-15 19:30:22,動画保管庫,誰かのために頑張る心…ええな…
2022-02-15 19:30:36,ポート,もみあげ口に入らんのかな
2022-02-15 19:30:40,かわいいべるちゃん,プリキュアだから心配ないけど実際死んだら行方不明になるんかな
2022-02-15 19:30:55,foxですよ,ただし攻撃は股間からでる
2022-02-15 19:30:57,かわいいべるちゃん,結局突っ込むのか
2022-02-15 19:30:59,tanikami,finaleだ
2022-02-15 19:31:00,seiichirou,ゲームか？
2022-02-15 19:31:01,オーレリア・ウェルギウス,おばあちゃんが言っていた！は強い
2022-02-15 19:31:03,はらだいこ,参謀マリー
2022-02-15 19:31:08,ほあでりあ,かわいい
2022-02-15 19:31:10,完全剛体リジッド,共闘いいぞ！
2022-02-15 19:31:20,ウルトラアル中マン,割と最適解攻撃やん
2022-02-15 19:31:22,湯葉,これが股間奥義…
2022-02-15 19:31:25,かわいいべるちゃん,マリちゃんやりおる
2022-02-15 19:31:28,foxですよ,へ
2022-02-15 19:31:32,動画保管庫,上へのうちかたｗ
2022-02-15 19:31:33,林啓太,マリちゃん有能！
2022-02-15 19:31:33,shion* *,500kcalだああああああ
2022-02-15 19:31:36,完全剛体リジッド,ブリッジ射撃は草ぁ！
2022-02-15 19:31:45,seiichirou,物理キュアだ
2022-02-15 19:31:47,微糖,500kcalきたああああああああああ
2022-02-15 19:31:48,foxですよ,幸せそう
2022-02-15 19:31:51,湯葉,絶頂
2022-02-15 19:31:51,ウルトラアル中マン,ヘヴン状態
2022-02-15 19:31:55,tanikami,リフレーッシュ
2022-02-15 19:31:57,かわいいべるちゃん,ごちそうさまでした
2022-02-15 19:31:58,はらだいこ,ごちそうさま
2022-02-15 19:31:59,オアシス・ゲーリー,最終的に何カロリーくらいまで上がるんやろか
2022-02-15 19:31:59,動画保管庫,ｵﾅｶｲｯﾊﾟｲ　すこ
2022-02-15 19:32:01,foxですよ,くぱ～
2022-02-15 19:32:05,はらだいこ,トリコやん
2022-02-15 19:32:06,ドンブリ感情,#ごちそうさまでした
2022-02-15 19:32:06,櫻咲,おぎゃり隊で「おなかいっぱい、ごちそうさまでした」ボイス録りたい
2022-02-15 19:32:11,完全剛体リジッド,全ての食材に感謝込めてそう
2022-02-15 19:32:24,湯葉,からあげレモンだ、吊るせ
2022-02-15 19:32:24,foxですよ,唐揚げレモン戦争はじまる？
2022-02-15 19:32:28,デクロボ,おいしそう
2022-02-15 19:32:29,オアシス・ゲーリー,war war 釘パンチ
2022-02-15 19:32:30,タカハシ,だいたい茶碗2杯分のカロリー
2022-02-15 19:32:34,ほあでりあ,パンチと倒してごちそうさまするのがトリコすぎる
2022-02-15 19:32:34,かわいいべるちゃん,飲みづらそう
2022-02-15 19:32:36,tanikami,クッキングダム
2022-02-15 19:32:41,shion* *,これはデリシャスマイル
2022-02-15 19:32:48,ウルトラアル中マン,美味しさ激盛～！
2022-02-15 19:32:48,林啓太,ｻｸｯ！
2022-02-15 19:32:49,かわいいべるちゃん,唐揚げめっちゃ山盛り
2022-02-15 19:32:49,はらだいこ,飯食うシーン好き
2022-02-15 19:32:57,銀次,唐揚げいいなー
2022-02-15 19:32:57,はらだいこ,このから揚げでハイボールが飲みたい
2022-02-15 19:32:58,微糖,グラスまで売るのか...
2022-02-15 19:33:01,林啓太,コメコメかわいい
2022-02-15 19:33:02,湯葉,この時間に揚げ物見せるとかテロでは
2022-02-15 19:33:03,shion* *,ｺﾒｺﾒ!!
2022-02-15 19:33:10,かわいいべるちゃん,マリちゃんだけで２羽くらいありそう
2022-02-15 19:33:10,動画保管庫,こめこめ握手かわよ…
2022-02-15 19:33:20,かわいいべるちゃん,美容ぼ秘訣
2022-02-15 19:33:24,櫻咲,娘と違って美への食いつきがいい
2022-02-15 19:33:24,ウルトラアル中マン,お母さんと仲良くなってますね・・・
2022-02-15 19:33:26,foxですよ,新しい家族ふえそう
2022-02-15 19:33:28,微糖,飛沫感染しそう
2022-02-15 19:33:41,林啓太,ドヤコメｗ
2022-02-15 19:33:43,完全剛体リジッド,レモンかける派か…
2022-02-15 19:33:44,動画保管庫,ポケモンかな
2022-02-15 19:33:45,はらだいこ,から揚げにはレモン
2022-02-15 19:33:50,foxですよ,これはグッズでますね
2022-02-15 19:33:50,seiichirou,ポストペットやん
2022-02-15 19:33:51,ほあでりあ,ママの前で大胆すぎるだろ
2022-02-15 19:33:54,櫻咲,ぼきも２次元に入りたいんだが？
2022-02-15 19:33:59,湯葉,これはたまごっちみたいなの出してきますね…
2022-02-15 19:34:00,かわいいべるちゃん,オムライスどうやって切り分けるんや
2022-02-15 19:34:01,デクロボ,おもちゃで出るだろうねえ
2022-02-15 19:34:02,デビッ,キッシュあるな
2022-02-15 19:34:03,林啓太,コメコメ成長するからねｗ
2022-02-15 19:34:06,shion* *,パンパン！？
2022-02-15 19:34:12,seiichirou,パム？
2022-02-15 19:34:15,ウルトラアル中マン,たまごっちみたいに世話しないと死ぬんかなコメコメ
2022-02-15 19:34:17,foxですよ,:buffering::buffering::buffering:
2022-02-15 19:34:19,林啓太,パンパン！
2022-02-15 19:34:25,foxですよ,ＣＭはいったで
2022-02-15 19:34:27,ほあでりあ,俺は広告入った
2022-02-15 19:34:29,微糖,CMはいった
2022-02-15 19:34:31,櫻咲,広告なう
2022-02-15 19:34:32,動画保管庫,はってない
2022-02-15 19:34:32,オアシス・ゲーリー,卑猥やん
2022-02-15 19:34:33,はらだいこ,イチゴジュース!
2022-02-15 19:34:33,銀次,入ってないよー
2022-02-15 19:34:34,タカハシ,広告中
2022-02-15 19:34:38,かわいいべるちゃん,今日は:strawberry:ジュース
2022-02-15 19:34:38,shion* *,入ってないな
2022-02-15 19:34:39,はらだいこ,ダンス可愛い
2022-02-15 19:34:49,やみひつじ,入ってない～
2022-02-15 19:34:49,tanikami,15ジュース
2022-02-15 19:34:53,foxですよ,ＣＭランダムなんかねこれ・・・・
2022-02-15 19:35:02,seiichirou,CMはいるのなんか基準あるのか？
2022-02-15 19:35:02,はらだいこ,へい！
2022-02-15 19:35:12,完全剛体リジッド,青い子可愛いですねぇ
2022-02-15 19:35:12,デクロボ,ランダムなんか
2022-02-15 19:35:16,やみひつじ,はい！はい！はい！
2022-02-15 19:35:17,はらだいこ,ヤムヤム可愛い
2022-02-15 19:35:24,半分芯でいる。,3D化したらこのダンス踊って欲しいわ
2022-02-15 19:35:28,ウルトラアル中マン,青い子好み
2022-02-15 19:35:31,foxですよ,黄色すきやな
2022-02-15 19:35:32,櫻咲,黄色かわいい
2022-02-15 19:35:34,ウルトラアル中マン,次にお母さん
2022-02-15 19:35:35,銀次,EDいいねぇ
2022-02-15 19:35:45,ポート,黄色の子タイトスカートなんだ
2022-02-15 19:35:51,林啓太,メンメン
2022-02-15 19:35:55,やみひつじ,黄色よき
2022-02-15 19:35:55,櫻咲,メンメン
2022-02-15 19:35:55,seiichirou,次回予告
2022-02-15 19:35:57,動画保管庫,ぷいきゅあがんばった！
2022-02-15 19:35:59,完全剛体リジッド,身長差良いね
2022-02-15 19:36:01,shion* *,青か
2022-02-15 19:36:04,林啓太,黄色可愛いよね
2022-02-15 19:36:24,tanikami,おわた
2022-02-15 19:36:26,ウルトラアル中マン,８８８８８８
2022-02-15 19:36:29,銀次,面白かった
2022-02-15 19:36:32,ほあでりあ,青再来週ぐらいなんかな
2022-02-15 19:36:33,湯葉,すげえ腹減ったんですけど
2022-02-15 19:36:35,foxですよ,そういえば何十年ぶりにプリキュアみたんだろ
2022-02-15 19:36:36,やみひつじ,実家に帰るのかな
2022-02-15 19:36:39,櫻咲,:clapping_hands::clapping_hands::clapping_hands::clapping_hands::clapping_hands:
2022-02-15 19:36:39,動画保管庫,こめこめマジでうちに来て欲しいわ…
2022-02-15 19:36:45,かわいいべるちゃん,新しい妖精が出たってことは来週は青が増えるんか
2022-02-15 19:36:55,にんげん,セバスチャンを踊らせろ
2022-02-15 19:36:55,はらだいこ,躍りたーい
2022-02-15 19:36:56,shion* *,ええやん
2022-02-15 19:36:56,foxですよ,おねがいしようｗ
2022-02-15 19:37:00,微糖,やっぱ24分一瞬だ
2022-02-15 19:37:01,はらだいこ,練習しないと
2022-02-15 19:37:01,ウルトラアル中マン,ぷいきゅあ観てそうな深層組メンツか～
2022-02-15 19:37:08,完全剛体リジッド,ダンス良いね！
2022-02-15 19:37:11,オアシス・ゲーリー,早いわね
2022-02-15 19:37:11,銀次,いいね
2022-02-15 19:37:14,デビッ,黄色の紙ビヨンビヨンしたい
2022-02-15 19:37:16,はらだいこ,超美麗3D配信見たい
2022-02-15 19:37:19,かわいいべるちゃん,おぎゃり隊からダンス募集するの？見たくないよ
2022-02-15 19:37:24,ドンブリ感情,はぶちゃんの3Dってハイハイするんか？
2022-02-15 19:37:29,foxですよ,いやいやなまほしちゃんやってくれるかも
2022-02-15 19:37:32,櫻咲,ばぶちゃんデリシャスマイルかわいいねえ
2022-02-15 19:37:35,半分芯でいる。,唐揚げ食いたい
2022-02-15 19:37:41,動画保管庫,おぎゃり隊から募集草
2022-02-15 19:37:43,デビッ,超美麗でエンディングダンスしてくれるんか？
2022-02-15 19:37:50,食ビ,スパイク～スパイク～血糖値スパイク～～
2022-02-15 19:37:58,ウルトラアル中マン,ハイハイ耐久動画助かる
2022-02-15 19:38:01,foxですよ,ひまわりのイメージがｗ
2022-02-15 19:38:08,銀次,超見たい
2022-02-15 19:38:13,櫻咲,高速ハイハイ全一披露して
2022-02-15 19:38:18,ウルトラアル中マン,元々あんま甘いの食わないからねバブちゃん
2022-02-15 19:38:20,デビッ,だいたい油やし
2022-02-15 19:38:25,動画保管庫,般若心経唱えながらハイハイかぁ…
2022-02-15 19:38:29,にんげん,ちょこちょこ食べるものだからね、チョコだけに
2022-02-15 19:38:34,くりのす,こんだうー　ちょっと出遅れました
2022-02-15 19:38:45,foxですよ,あるある
2022-02-15 19:38:51,完全剛体リジッド,感受性豊かなんですねぇ
2022-02-15 19:38:57,オアシス・ゲーリー,感受性15歳
2022-02-15 19:39:36,オアシス・ゲーリー,好き嫌い多いの？
2022-02-15 19:39:46,くりのす,アーカイブで同時視聴します...
2022-02-15 19:39:52,かわいいべるちゃん,贅沢な:rolling_on_the_floor_laughing:
2022-02-15 19:39:58,foxですよ,味をしってしまった赤子
2022-02-15 19:40:20,動画保管庫,登場人物に感情移入すると悲しくなくても涙でちゃう
2022-02-15 19:40:22,foxですよ,すぐみんな死ぬのはあんまりいやね
2022-02-15 19:40:23,ウルトラアル中マン,ちーちゃんはちょっと足りない　って漫画も中々だよ
2022-02-15 19:40:50,オアシス・ゲーリー,鬱漫画だとなるたるがオススメやで
2022-02-15 19:41:26,foxですよ,どきどき
2022-02-15 19:41:52,完全剛体リジッド,なるたるは…ね…
2022-02-15 19:42:01,はらだいこ,ブラッドハーレーの馬車も読んで
2022-02-15 19:42:03,cafe太郎,なるたるはあかんよ
2022-02-15 19:42:14,foxですよ,えらい
2022-02-15 19:42:33,ウルトラアル中マン,飯代が鬱漫画に…
2022-02-15 19:42:47,銀次,なるほどw
2022-02-15 19:42:52,ほあでりあ,草
2022-02-15 19:42:55,動画保管庫,草　その分食費にまわせるからええんちゃう？ｗ
2022-02-15 19:42:59,foxですよ,えｒｓくないかｗ
2022-02-15 19:43:06,微糖,娯楽も心の栄養だし...
2022-02-15 19:43:10,ポート,なんなら長期的な栄養をうしなっとる！
2022-02-15 19:43:20,オアシス・ゲーリー,鬱漫画で胸がいっぱいになれば実質食事
2022-02-15 19:43:49,動画保管庫,草
2022-02-15 19:43:50,foxですよ,え？
2022-02-15 19:43:54,ウルトラアル中マン,１５歳さん！？
2022-02-15 19:43:58,ほあでりあ,ん？
2022-02-15 19:43:59,スマイル,ばぶちゃん！？
2022-02-15 19:44:01,櫻咲,ジャンルは？
2022-02-15 19:44:04,tanikami,男向けか女向けか
2022-02-15 19:44:04,銀次,草
2022-02-15 19:44:19,やみひつじ,おっとぉ
2022-02-15 19:44:22,動画保管庫,その人もばぶちゃんが漫画楽しめたら喜ぶと思うｗｗ（メンタルの健康たもてるし）
2022-02-15 19:44:31,ヤス,だめじゃんw
2022-02-15 19:44:35,はらだいこ,好色な赤子
2022-02-15 19:44:38,完全剛体リジッド,心えぐられとるｗ
2022-02-15 19:44:43,shion* *,向いてないやん……
2022-02-15 19:44:48,ポート,ポップな自傷
2022-02-15 19:44:50,ウルトラアル中マン,怖い漫画なら　不安の種　面白いよ
2022-02-15 19:44:50,半分芯でいる。,今はアプリで配信されて色々無料で見られるからね
2022-02-15 19:45:01,foxですよ,そんあエロ漫画きらいｗ
2022-02-15 19:45:06,じんけうろ,Hな漫画代です。
2022-02-15 19:45:12,動画保管庫,マンガでえぐられたｗｗｗ
2022-02-15 19:45:32,foxですよ,niceエロ漫画
2022-02-15 19:45:43,ウルトラアル中マン,今追って買ってる漫画ゴブスレぐらいかなあ
2022-02-15 19:45:49,foxですよ,おちょぼさんだっけ？
2022-02-15 19:45:50,にんげん,ばぶちゃん最終兵器彼女みたことある？
2022-02-15 19:45:53,フライdoペンギン,Hな漫画代ナイスパ
2022-02-15 19:46:11,オアシス・ゲーリー,ドリフターズって漫画好きなんだけど作者が新刊出さない
2022-02-15 19:46:23,ウルトラアル中マン,ぷいきゅあもエッチなのでセーフ
2022-02-15 19:46:25,foxですよ,プリキュアがえっちになっちゃう
2022-02-15 19:46:31,微糖,Dlsite派なのね
2022-02-15 19:46:48,ゆきたけ,由浦かずやの「きざし」ってやつがいいぞ
2022-02-15 19:46:48,林啓太,ぷいきゅあはエッチやろ
2022-02-15 19:46:52,tanikami,アル中マンとそっくり同じコメントするとこだったぜ
2022-02-15 19:47:00,はらだいこ,おおきなおともだちはエッチなぷいきゅあが大好き
2022-02-15 19:47:04,N M,それFANZAのアカですよｗ
2022-02-15 19:47:20,foxですよ,ログインしなくても見るだけなら
2022-02-15 19:47:45,ウルトラアル中マン,いっといれ～
2022-02-15 19:47:46,オアシス・ゲーリー,トイレ行くべ
2022-02-15 19:47:51,完全剛体リジッド,チョコだけだと胃が荒れちゃうかもね…
2022-02-15 19:47:52,foxですよ,おいｗ
2022-02-15 19:47:53,ウルトラアル中マン,こらｗｗｗｗｗｗ
2022-02-15 19:47:55,ヤス,えっど
2022-02-15 19:47:55,ポート,ぽんぽん温めてくれ
2022-02-15 19:47:56,やみひつじ,え？
2022-02-15 19:47:57,動画保管庫,えぇ…ｗｗ
2022-02-15 19:47:58,微糖,草
2022-02-15 19:47:59,ほあでりあ,草
2022-02-15 19:48:02,ポート,表現よｗ
2022-02-15 19:48:04,銀次,草なんだ
2022-02-15 19:48:05,N M,栓しときなさい
2022-02-15 19:48:07,テラニコフ,草
2022-02-15 19:48:11,foxですよ,さきゅばぶでてるぞｗ
2022-02-15 19:48:13,tanikami,欲しがるな
2022-02-15 19:48:33,ウルトラアル中マン,やっぱりサキュバスじゃないか(錯乱)
2022-02-15 19:49:00,銀次,あぁー
2022-02-15 19:49:10,ウルトラアル中マン,セバスにお勧めしてあげなよサキュバス物
2022-02-15 19:49:28,にんげん,わかる
2022-02-15 19:49:43,名無し,今日はお休み(スペースやらないとはいってない)
2022-02-15 19:49:44,完全剛体リジッド,ご武運を…
2022-02-15 19:49:46,オアシス・ゲーリー,騒ぐと思う
2022-02-15 19:49:47,foxですよ,がーちゃがーちゃだね
2022-02-15 19:49:53,櫻咲,堕天使
2022-02-15 19:49:55,スマイル,恐ろしいガチャ
2022-02-15 19:50:03,tanikami,熱は平気だったんかな
2022-02-15 19:50:05,ウルトラアル中マン,ガチャは人を狂わせる・・・
2022-02-15 19:50:06,メソヤマ,こんだう
2022-02-15 19:50:19,shion* *,草
2022-02-15 19:50:38,foxですよ,１０連１回じゃすまないぞ
2022-02-15 19:50:40,にんげん,ばぶちゃんはもう狂ってるから大丈夫だね
2022-02-15 19:50:40,名無し,いい匂いする女がヤカンに進化するからね
2022-02-15 19:50:42,ウルトラアル中マン,それはそう。食ってもろて
2022-02-15 19:50:55,動画保管庫,血糖値低いとなんかテンションあがらん
2022-02-15 19:50:59,メソヤマ,カイジ達をみてる金持ちの気持ちになるですよ
2022-02-15 19:50:59,ドンブリ感情,やる気元気田淵電気！
2022-02-15 19:51:10,ウルトラアル中マン,これには修造もニッコリ
2022-02-15 19:51:11,銀次,その方がいいね
2022-02-15 19:51:15,foxですよ,白飯たべれないんよ糖尿で
2022-02-15 19:51:16,ほあでりあ,白米は腹持ちいいしカロリーコスパ最強だからな
2022-02-15 19:51:18,櫻咲,白ごはん毎日偉いねえ
2022-02-15 19:51:29,tanikami,白ごはん食うと気絶する
2022-02-15 19:51:30,オアシス・ゲーリー,ドカ食いで血糖値爆上げよ
2022-02-15 19:51:44,ウルトラアル中マン,糖尿病は糖質制限が大変そう
2022-02-15 19:51:47,ヤス,草
2022-02-15 19:51:48,tanikami,血糖値が急上昇
2022-02-15 19:51:59,テラニコフ,ドカ食い気絶部
2022-02-15 19:52:10,メソヤマ,コスパ優秀よな炊けば食べれるし…
2022-02-15 19:52:33,ウルトラアル中マン,グリセリック指数高いからねパン
2022-02-15 19:52:37,食ビ,砂糖直食いよ
2022-02-15 19:52:40,foxですよ,ピザたべる？
2022-02-15 19:52:45,にんげん,ばぶちゃんはもっと食べないと寿司食べられないぞ
2022-02-15 19:53:02,櫻咲,同時視聴してくれてありがとう
2022-02-15 19:53:18,foxですよ,昨日のスペースついていけなかったでｗ
2022-02-15 19:53:21,にんげん,昨日のスペースの後半ホンモノ集まっててやばかったね
2022-02-15 19:53:21,ウルトラアル中マン,昨日のスペースも楽しかったね
2022-02-15 19:53:21,ほあでりあ,昨日のスペースやばかったね・・・
2022-02-15 19:53:35,名無し,SCPはいいぞ
2022-02-15 19:53:35,櫻咲,最後の怒涛のラッシュすごかった
2022-02-15 19:53:36,オアシス・ゲーリー,こっちでも好きな話題でええんやで
2022-02-15 19:53:37,ウルトラアル中マン,ＳＣＰ特集会とかしてほしい
2022-02-15 19:53:43,foxですよ,楽しいのはわかたｔｗ
2022-02-15 19:53:49,デクロボ,ある程度考えて話す必要あるわね
2022-02-15 19:53:59,タカハシ,スペースいつの間にか終わってるから悲しい
2022-02-15 19:54:05,foxですよ,見たいねー
2022-02-15 19:54:06,かわいいべるちゃん,同時視聴たのしい
2022-02-15 19:54:08,Vおじ,わかる
2022-02-15 19:54:09,かわいいべるちゃん,わかる
2022-02-15 19:54:11,銀次,いいね
2022-02-15 19:54:11,ドンブリ感情,昨日のスペースはまさにディープウェブ
2022-02-15 19:54:14,名無し,わかる
2022-02-15 19:54:14,櫻咲,同時視聴たのしい
2022-02-15 19:54:19,動画保管庫,SCPは面白い。最近はゆっくり動画解説見てるｗｗ
2022-02-15 19:54:32,動画保管庫,草
2022-02-15 19:54:37,ほあでりあ,猛虎弁につられて野球の民めっちゃ集まってたの笑った
2022-02-15 19:54:39,デクロボ,草
2022-02-15 19:54:44,微糖,やべー人が大集合してて草だった
2022-02-15 19:54:44,名無し,昨日のスペース香ばしいの大量発生してて笑った
2022-02-15 19:54:44,メソヤマ,シュババババ！て感じ涌いてびっくりしちゃった
2022-02-15 19:54:50,オアシス・ゲーリー,本物集まるの面白い
2022-02-15 19:54:53,かわいいべるちゃん,アマプラで見れるので同時視聴するvtuber結構いるよね
2022-02-15 19:54:57,にんげん,深層組より深層なのが集まっててびびった
2022-02-15 19:54:57,はらだいこ,ぷいきゅあの映画も見よう
2022-02-15 19:55:10,櫻咲,猛〇弁ってツイートしたらいかんことがわかった。。。
2022-02-15 19:55:23,かわいいべるちゃん,国歌斉唱
2022-02-15 19:55:31,動画保管庫,深淵を覗く者は…
2022-02-15 19:55:39,Vおじ,草
2022-02-15 19:55:40,しおしおた,なんJ民のスカイプ会議　その１動画是非見てほしい
2022-02-15 19:55:42,かわいいべるちゃん,そんな楽しいスペースしてたのかー　見逃したー
2022-02-15 19:55:47,にんげん,今日はキャスとかやるの？
2022-02-15 19:55:47,ウルトラアル中マン,バブが代
2022-02-15 19:55:47,foxですよ,君が代を嫌う人おるしな
2022-02-15 19:55:48,名無し,どっかの5女に比べたら問題ない
2022-02-15 19:55:52,メソヤマ,愛国心があることは別に悪いことじゃないんですよね…
2022-02-15 19:55:59,オアシス・ゲーリー,きみがーよーおーはー
2022-02-15 19:56:09,こばち,深層組の国家はコンギョじゃないの？
2022-02-15 19:56:13,はらだいこ,バブが世
2022-02-15 19:56:15,ほあでりあ,そうなんや
2022-02-15 19:56:17,銀次,そうなんだ
2022-02-15 19:56:27,名無し,バブが代すき
2022-02-15 19:56:28,かわいいべるちゃん,ライフハックやねー　アマプラ無料期間
2022-02-15 19:56:35,動画保管庫,右左どっち側でも極端なのはよくないよな
2022-02-15 19:56:45,動画保管庫,草
2022-02-15 19:56:47,ドンブリ感情,アマプラは年払いでいつの間にか払ってるな
2022-02-15 19:56:50,foxですよ,ネトウヨなってまったｗ
2022-02-15 19:56:51,ウルトラアル中マン,ネトウヨ赤子は深層すぎる
2022-02-15 19:56:51,オアシス・ゲーリー,あっちは電撃戦だから
2022-02-15 19:56:58,ヤス,www
2022-02-15 19:57:04,林啓太,思想性が強い赤子
2022-02-15 19:57:15,foxですよ,よくなるんであればな人種です
2022-02-15 19:57:17,にんげん,ばぶちゃんサブ垢の1つで安倍晋三4ねとか言ってるのに安倍晋三の前世と知り合いなんでしょ
2022-02-15 19:57:23,ウルトラアル中マン,ソビエトマーチは良いぞ
2022-02-15 19:57:27,かわいいべるちゃん,鬼畜米英の企業であるアマプラに払う金は無いという愛国者の鑑
2022-02-15 19:57:27,完全剛体リジッド,赤子だけに赤いｗ
2022-02-15 19:57:30,ぷらずまわい子,ソ連国歌「デーン」
2022-02-15 19:57:36,動画保管庫,とめるちゃんがコンギョの音源作成依頼してたって聞いてワロタ
2022-02-15 19:57:38,メソヤマ,アカちゃんかぁ…
2022-02-15 19:57:47,微糖,草やはりおぎゃのらワイドショーが待たれる
2022-02-15 19:57:54,foxですよ,鬱にみえないんだよなぁ・・・
2022-02-15 19:57:57,名無し,赤い国家に生まれたから「赤子」か
2022-02-15 19:57:57,ウルトラアル中マン,いいねえ～
2022-02-15 19:57:59,オアシス・ゲーリー,このまま鉤十字掲げてヒトラー崇拝するべ
2022-02-15 19:57:59,はぐぅ,アマプラ入ってるならウォッチパーティやる？
2022-02-15 19:58:03,ヤス,雑談が一番面白い
2022-02-15 19:58:04,かわいいべるちゃん,おぎゃるまる
2022-02-15 19:58:06,ほあでりあ,「赤」子なのにネトウヨ
2022-02-15 19:58:09,ドンブリ感情,おじゃる丸たすかる
2022-02-15 19:58:10,やみひつじ,おじゃるたすかる
2022-02-15 19:58:15,かわいいべるちゃん,でんぼ〜でんぼ〜
2022-02-15 19:58:19,foxですよ,おじゃるまるさまぁ～
2022-02-15 19:58:24,foxですよ,あおれはあるけどｗ
2022-02-15 19:58:28,名無し,おぎゃる丸
2022-02-15 19:58:29,ウルトラアル中マン,肉体派おじゃる丸に似てるって言われた事ならある
2022-02-15 19:58:31,オアシス・ゲーリー,落差あるの分かる
2022-02-15 19:58:33,デクロボ,かじゅま～
2022-02-15 19:58:34,ドンブリ感情,躁鬱の
2022-02-15 19:58:40,ツター,こんばんは
2022-02-15 19:58:43,foxですよ,肉おじゃ草
2022-02-15 19:58:47,ツター,今日も可愛いね
2022-02-15 19:58:56,foxですよ,ミスとは鬱になるぞｗ
2022-02-15 19:58:59,オアシス・ゲーリー,ミスト今から同時視聴する？
2022-02-15 19:59:00,かわいいべるちゃん,ミストって洋画のミスト？
2022-02-15 19:59:00,ウルトラアル中マン,ミストは時期によって観れたり観れなかったりする
2022-02-15 19:59:05,デクロボ,ミスト草
2022-02-15 19:59:07,はぐぅ,ミストはｗ
2022-02-15 19:59:14,くりのす,ミストは草
2022-02-15 19:59:14,微糖,躁鬱だけど任せとけ！
2022-02-15 19:59:15,動画保管庫,ミストは最後がほんとキツイけど好き
2022-02-15 19:59:17,銀次,鬱になるやつ
2022-02-15 19:59:18,名無し,ミストはアカンのよ
2022-02-15 19:59:19,ドンブリ感情,ホロも最近ツイッチに侵略始まった
2022-02-15 19:59:21,foxですよ,宗教信じてた人があれだしな
2022-02-15 19:59:22,かわいいべるちゃん,ミストはもう見た
2022-02-15 19:59:23,ハンニバル,おギャル丸
2022-02-15 19:59:30,かわいいべるちゃん,見るんか
2022-02-15 19:59:35,オアシス・ゲーリー,変なおっさんのやつ
2022-02-15 19:59:40,foxですよ,やるか
2022-02-15 19:59:46,ポート,セブンも見てくれ
2022-02-15 19:59:46,デクロボ,ばっちこいよ
2022-02-15 19:59:48,ウルトラアル中マン,ミスト同時視聴イイネ！！！！！！！クトゥルフ要素？もあるよ！！！！！
2022-02-15 19:59:53,かわいいべるちゃん,どこまで鬱れるか試してみない？
2022-02-15 19:59:55,foxですよ,準備おｋ
2022-02-15 19:59:56,tanikami,吹き替え版あるよ
2022-02-15 20:00:02,ドンブリ感情,最近アマプラに追加されたスパイダーバースおすすめ
2022-02-15 20:00:03,くりのす,良い作品ではある
2022-02-15 20:00:03,にんげん,ばぶちゃん基本情緒おかしいからな
2022-02-15 20:00:03,オアシス・ゲーリー,落ち切ったら後は上がるだけだから
2022-02-15 20:00:07,ヤス,ミスト古くない？
2022-02-15 20:00:13,shion* *,なりたくないなら自分をちゃんと守ってくれ
2022-02-15 20:00:21,メソヤマ,鬱のときは“あえて”鬱を摂取するメソッド
2022-02-15 20:00:22,ハンニバル,バーフバリみよう
2022-02-15 20:00:26,ほあでりあ,俺も基本それぐらいやわ
2022-02-15 20:00:30,動画保管庫,かわいい
2022-02-15 20:00:35,ヤス,かわいい
2022-02-15 20:00:38,foxですよ,はーちゃままじにてるんだよなぁ
2022-02-15 20:00:40,メソヤマ,なんかいいバカ映画ないかなぁ
2022-02-15 20:00:43,オアシス・ゲーリー,はあたん
2022-02-15 20:00:45,櫻咲,はあちゃまのまねかわいい
2022-02-15 20:00:45,ウルトラアル中マン,はあちゃあ最近攻め過ぎてて変な笑い出た
2022-02-15 20:00:52,名無し,はあちゃまは昨日もやべー配信してましたね(白目)
2022-02-15 20:00:58,ほあでりあ,スパイダーバースすき
2022-02-15 20:01:21,オアシス・ゲーリー,ノーウェイホーム面白いよ
2022-02-15 20:01:23,微糖,スパイダーマンのアニメだね
2022-02-15 20:01:38,ウルトラアル中マン,スパイダーマン未修ならネトフリで色々あるからそっからのがええかも
2022-02-15 20:01:42,ほあでりあ,一応過去作まったく見てなくても問題はない見てたらより楽しめる要素はあるけど
2022-02-15 20:02:06,動画保管庫,わい鬱々してた時は大物youtubeｒ見てた。ほんと彼には助けられたわ。
2022-02-15 20:02:10,Azu -あず-,ですわよｗ
2022-02-15 20:02:10,ドンブリ感情,おぎゃちゃんの尖り方はあちゃまに近いよね
2022-02-15 20:02:17,ウルトラアル中マン,スパイダーマンの映画は
2022-02-15 20:02:22,ウルトラアル中マン,中々多いからね
2022-02-15 20:02:24,foxですよ,東映版スパイダーマで・・・
2022-02-15 20:02:31,オアシス・ゲーリー,ノーウェイホーム見るなら最低7作履修せなあかん
2022-02-15 20:02:33,にんげん,はあちゃま別に思想じゃないでしょw
2022-02-15 20:02:34,デクロボ,ジュラシックパーク？
2022-02-15 20:02:37,微糖,スパイダーマンは何個もシリーズある
2022-02-15 20:02:40,多羅尾伴内,フリントストーン
2022-02-15 20:02:59,foxですよ,ジラシッコパーク
2022-02-15 20:03:02,しーちきん,アベンジャーズもみないと…
2022-02-15 20:03:02,デクロボ,アイスエイジ？
2022-02-15 20:03:06,ウルトラアル中マン,マーベルならネトフリのパニッシャーとデアデビルすこすこ
2022-02-15 20:03:11,櫻咲,すご
2022-02-15 20:03:26,銀次,今度見ようかなー
2022-02-15 20:03:29,foxですよ,れっつごーれつごーみたいなのだっけ？
2022-02-15 20:03:40,多羅尾伴内,ヤバダバドゥー
2022-02-15 20:03:44,かわいいべるちゃん,フリントストーンってあのくそでかい石のお金でてくるやつ？
2022-02-15 20:03:48,櫻咲,アニメのこのおっさんはなんかみたことあるな
2022-02-15 20:03:52,ハンニバル,おくびょうなカーレッジくんって知ってる？
2022-02-15 20:04:02,デクロボ,最近テレビでやらないなぁ
2022-02-15 20:04:02,foxですよ,すてきなかーぞくーってのは覚えてる
2022-02-15 20:04:28,ハンニバル,マンモス肉食べるやつか
2022-02-15 20:04:32,スズキ雲,はあちゃまより、沙花叉っぽいんだよな。声が
2022-02-15 20:04:38,foxですよ,ジョーカー見る？
2022-02-15 20:04:41,しおしおた,安陪ンジャーズ！？
2022-02-15 20:04:42,オアシス・ゲーリー,アベンジャーズは大変やな追うのは
2022-02-15 20:04:47,ドンブリ感情,アベンジャーズめんどくさくて好きなやつしかみてない
2022-02-15 20:04:47,ウルトラアル中マン,マルチバースだから100％楽しむなら各作品知らんとなぁアベンジャーズ
2022-02-15 20:04:48,にんげん,シリーズ物見るよりも1作完結のほうがいいんじゃない
2022-02-15 20:04:50,しーちきん,アベンジャーズみないとスパイダーマン三期に繋がらない
2022-02-15 20:04:59,動画保管庫,アベンジャーズ系のあれって時系列分からないからどこから見ていいかわからんな…
2022-02-15 20:05:08,ほあでりあ,アベンジャーズシリーズ面白いけど追うの大変だしディズニープラス加入が必須になっちゃうね
2022-02-15 20:05:29,オアシス・ゲーリー,スパイダーマン関連だけでいいならシビルウォーからでいい
2022-02-15 20:05:41,ハンニバル,ドクターストレンジは単体で見れる
2022-02-15 20:05:43,動画保管庫,節度を守れる赤子　やはりIQが高い…
2022-02-15 20:05:45,ヤス,ジョーカー好き
2022-02-15 20:06:10,ドンブリ感情,スパイダーマンは権利がソニーだから割と話が独立してる
2022-02-15 20:06:24,スズキ雲,ハリーポッターは、バブちゃんらしい
2022-02-15 20:06:25,にんげん,見たことないひとほとんどいなそう
2022-02-15 20:06:29,微糖,ファンタビ３楽しみ
2022-02-15 20:06:29,ウルトラアル中マン,ハリーポッターもなついな
2022-02-15 20:06:32,CKハーマン,なにそれおもしろそう！
2022-02-15 20:06:34,動画保管庫,あのグミ食べてみたいんじゃ…
2022-02-15 20:06:38,オアシス・ゲーリー,ハリーポッター呪いの子ってその後の話のやつがすき
2022-02-15 20:06:49,foxですよ,みんな大きくなってくよね～
2022-02-15 20:06:53,ドンブリ感情,寧々丸ちゃんファンタビ大好きだった気がする
2022-02-15 20:06:57,デクロボ,100味ビーンズに当たりあるんやろか
2022-02-15 20:06:58,CKハーマン,うわー見てみてー
2022-02-15 20:06:58,櫻咲,ミリオンセラーだからねえ
2022-02-15 20:07:17,銀次,懐かしい
2022-02-15 20:07:19,ハンニバル,モンペポッターには笑った
2022-02-15 20:07:23,微糖,呪いの子、日本でも演るよね
2022-02-15 20:07:40,ドンブリ感情,2はつなぎの話だからはよ続きやれって感じだった
2022-02-15 20:07:52,かわいいべるちゃん,魔法使いたいよね
2022-02-15 20:07:53,foxですよ,異世界よ・・・
2022-02-15 20:08:05,にんげん,深層組リスナーは魔法使い多いよ
2022-02-15 20:08:07,じんけうろ,あの作品見ると、ロリは瞬間の美学と実感する
2022-02-15 20:08:09,完全剛体リジッド,ユニバにおいで！
2022-02-15 20:08:10,オアシス・ゲーリー,ハリポの作者ポリコレに対しての発言で案外まともな事言ってるのに触れてはいけない人扱いされてるらしいね
2022-02-15 20:08:15,スズキ雲,ゼロの使い魔は知ってる？
2022-02-15 20:08:18,tanikami,転生すっか
2022-02-15 20:08:25,櫻咲,へえ～！すごいねえ
2022-02-15 20:08:26,ウルトラアル中マン,魔法生物に食われそう
2022-02-15 20:08:28,ハンニバル,ジョニー・デップのグリンデルバルドもマッツ・ミケルセンのグリンデルバルドも好き
2022-02-15 20:08:35,微糖,日本にも魔法学校あるらしいよ
2022-02-15 20:08:36,銀次,へぇー
2022-02-15 20:08:56,ほあでりあ,たのしそう
2022-02-15 20:08:57,動画保管庫,流行り病が落ち着いたらのらくんと一緒に行けるとええな
2022-02-15 20:09:02,foxですよ,異世界トラック:articulated_lorry:ブォー
2022-02-15 20:09:08,ドンブリ感情,2キロは重い
2022-02-15 20:09:12,微糖,マッツのグリンデルバルドめっちゃ楽しみ
2022-02-15 20:09:16,オアシス・ゲーリー,無い無い尽くし
2022-02-15 20:09:18,ヤス,ご飯食べれば体力はつく
2022-02-15 20:09:22,櫻咲,ないないないないぷないぷない
2022-02-15 20:09:27,にんげん,ユニバいったことないな
2022-02-15 20:09:30,CKハーマン,吉幾三かな
2022-02-15 20:09:36,ウルトラアル中マン,２ｋｇって太刀ぐらいあるか？
2022-02-15 20:09:38,ヤス,お金の国
2022-02-15 20:09:43,foxですよ,草
2022-02-15 20:09:44,スズキ雲,男の子は30歳過ぎたら、魔法使いになれるらしいよ
2022-02-15 20:09:47,名無しA,案件ないなった
2022-02-15 20:09:49,ドンブリ感情,デズニーはパスで全部解決するから分かりやすいよね
2022-02-15 20:09:50,名無し,ユニバのモンハンのやつ8キロらしい
2022-02-15 20:09:56,ウルトラアル中マン,お金になるから
2022-02-15 20:10:02,ヤス,資本主義反対！
2022-02-15 20:10:06,ハンニバル,ユニバは金かかるけど面白い　アトラクションは前後左右に動くから酔うけど
2022-02-15 20:10:08,にんげん,ユニバってそんな感じなんか
2022-02-15 20:10:19,foxですよ,遠いし～
2022-02-15 20:10:28,ほあでりあ,ユニバーサルは行ったことないや
2022-02-15 20:10:32,櫻咲,ディズニーへいきなんだ
2022-02-15 20:10:36,shion* *,フライングダイナソーよかったわ、意外と安定感あるし
2022-02-15 20:11:10,foxですよ,Ｄとディズニー行くか！
2022-02-15 20:11:16,ウルトラアル中マン,ディズニーガチ勢週一で行くらしいからすげえわ
2022-02-15 20:11:29,オアシス・ゲーリー,ディズニー人多いからなぁ
2022-02-15 20:11:29,Accelerator,こんぺこ〜
2022-02-15 20:12:01,灰色珊瑚,足りないけどユニバ代に使ってください！
2022-02-15 20:12:04,銀次,怖すぎる
2022-02-15 20:12:06,完全剛体リジッド,足踏ん張れないの怖いよね
2022-02-15 20:12:21,微糖,あぶなかった
2022-02-15 20:12:33,フェレお(フィニッシュ!),こんだぅ！
2022-02-15 20:12:38,ドンブリ感情,ピューロランドは従業員が知り合いに居ると1500円くらいで入場できる
2022-02-15 20:12:44,動画保管庫,ﾅｲｽﾊﾟ
2022-02-15 20:13:08,フェレお(フィニッシュ!),お、いま妄想のお話？
2022-02-15 20:13:32,タカハシ,おぎゃまっちょになるしかねぇ
2022-02-15 20:13:45,ウルトラアル中マン,ユニバ行った事ねんだよなあ
2022-02-15 20:13:52,foxですよ,おぎゃまっちょ草
2022-02-15 20:14:00,オアシス・ゲーリー,西武園遊園地よく行ったなぁ
2022-02-15 20:14:02,foxですよ,地味に好きなコンテンツ
2022-02-15 20:14:02,ウルトラアル中マン,＃おぎゃマッチョ
2022-02-15 20:14:04,ほあでりあ,あれなんなのｗ
2022-02-15 20:14:07,フェレお(フィニッシュ!),おぎゃマッチョ大好き
2022-02-15 20:14:13,テラニコフ,あれ好き
2022-02-15 20:14:16,微糖,我々も分かりません
2022-02-15 20:14:17,かわいいべるちゃん,おぎゃまっちょ頑張ってみる
2022-02-15 20:14:22,灰色珊瑚,おぎゃまっちょタグ急に大量発生したうえでどれもクソコラで草
2022-02-15 20:14:27,動画保管庫,おぎゃまっちょｗｗｗ
2022-02-15 20:14:29,foxですよ,クソコラ許可でたぞｗ
2022-02-15 20:14:32,オアシス・ゲーリー,おぎゃマッチョってこれ以上は怒るよラインある？
2022-02-15 20:14:41,メソヤマ,おぎゃマッチョはそのうちガンに効くようになる
2022-02-15 20:14:49,shion* *,ああいうのはママのOKだけ心配だから
2022-02-15 20:14:54,星ことり,あれが15歳の姿か...
2022-02-15 20:14:54,ウルトラアル中マン,クソコラ作りたいけどバブちゃんの顔うまく切り抜けないので誰か素材下さい
2022-02-15 20:14:55,ヤス,おぎゃマッチョがんばってつくるね
2022-02-15 20:14:56,フェレお(フィニッシュ!),おぎゃマッチョ、みんなチクビ隠してない:angry_face_with_horns:
2022-02-15 20:15:00,スマイル,愛のあるクソコラで頼むぜ
2022-02-15 20:15:02,動画保管庫,火薬を詰めたノラ君を～～～っての笑ったｗｗｗ
2022-02-15 20:15:09,foxですよ,おちついたらジム行こうか＾ー＾
2022-02-15 20:15:19,ドンブリ感情,ばぶゾネス
2022-02-15 20:15:26,ヤス,プランクする？
2022-02-15 20:15:31,オアシス・ゲーリー,助かる
2022-02-15 20:15:32,にんげん,ゆ虐味ある
2022-02-15 20:15:49,ハンニバル,ソウシリーズとか見れんか…
2022-02-15 20:15:53,foxですよ,Twitterもなかったっけ？
2022-02-15 20:15:57,櫻咲,顔切り抜いたの誰かツイートしてた
2022-02-15 20:16:01,ウルトラアル中マン,あれ！？ファンボあんの！？
2022-02-15 20:16:11,オアシス・ゲーリー,バブ顔フリー素材欲しいね
2022-02-15 20:16:14,無在庫人生,誰かアーマードコアのスクショ素材つくっといて
2022-02-15 20:16:14,foxですよ,ファンボはじまっていただと！？
2022-02-15 20:16:18,ドンブリ感情,ファンボの素材ペイントで合成できるくらい使いやすい
2022-02-15 20:16:38,動画保管庫,クソコラ募集して動画にするの楽しそう
2022-02-15 20:16:42,ウルトラアル中マン,ファンボ知らんかったわ探す
2022-02-15 20:17:14,foxですよ,がんばて考えます！
2022-02-15 20:17:24,櫻咲,お虐
2022-02-15 20:17:34,ほあでりあ,ゆ虐すき
2022-02-15 20:17:42,フェレお(フィニッシュ!),バブちゃんのミーム流行れ...！（あ、お金入ったので限界飯してないから安心して受け取ってくれい）
2022-02-15 20:17:45,星ことり,遠心分離ゆぎゃくはさすがにきつかった
2022-02-15 20:17:58,動画保管庫,SCP化ｗｗ
2022-02-15 20:18:00,オアシス・ゲーリー,ゆ虐漫画で女の子が致し始める奴すき
2022-02-15 20:18:13,テラニコフ,#おぎゃみーむ
2022-02-15 20:18:14,スマイル,ゆっくり八景やる？
2022-02-15 20:18:22,フェレお(フィニッシュ!),ファンボ作ったん？
2022-02-15 20:18:28,foxですよ,小城夜ちゃんのファンボみたことなかったは
2022-02-15 20:18:36,ウルトラアル中マン,ファンボあった！！！！！ありがとう！！！
2022-02-15 20:18:46,フェレお(フィニッシュ!),＃おぎゃみーむ
2022-02-15 20:18:53,ほあでりあ,ばぶちゃんのファンボ探すのちょっとむずいよな
2022-02-15 20:18:58,櫻咲,ググると出てくるんじゃないかな
2022-02-15 20:19:17,foxですよ,あれよかったよ
2022-02-15 20:19:18,ドンブリ感情,プロフにファンボのURLいれてもろて
2022-02-15 20:19:34,ほあでりあ,ノラ君のファンボプラン事に色々更新しててがんばっとるね
2022-02-15 20:19:35,櫻咲,ググっても出てこんかったわ
2022-02-15 20:19:43,foxですよ,知ってる人は知っているファンボとかｗ
2022-02-15 20:19:44,ウルトラアル中マン,ファンボでフルネーム入れたら出てきた
2022-02-15 20:19:55,ヤス,www
2022-02-15 20:20:11,foxですよ,ファンボ書いたりTwitterかいてなかったよね？
2022-02-15 20:20:40,foxですよ,まじ？
2022-02-15 20:20:51,ほあでりあ,うなぎはタレが本体
2022-02-15 20:20:55,にんげん,3000円くらいするんじゃない
2022-02-15 20:21:02,動画保管庫,ウナギあぶら多いけど大丈夫なんかな
2022-02-15 20:21:06,ドンブリ感情,安い鰻はおいしくないから3000円くらいのちゃんとしたのおすすめ
2022-02-15 20:21:06,櫻咲,ちょっと前にツイートしてたと思う
2022-02-15 20:21:14,ほあでりあ,ぐぐっても出てこんね
2022-02-15 20:21:14,フェレお(フィニッシュ!),まだプラン無いのか
2022-02-15 20:21:18,オアシス・ゲーリー,中国産の奴ならスーパーとかで2000円くらいで買えるで
2022-02-15 20:21:21,櫻咲,ファンボのサイト内でフルネームで検索すると出る
2022-02-15 20:21:51,灰色珊瑚,見つけた！
2022-02-15 20:21:56,ウルトラアル中マン,バブちゃんの顔切り抜き素材見つからねえ…
2022-02-15 20:22:09,foxですよ,ちょｗ
2022-02-15 20:22:09,動画保管庫,また言うｗｗｗｗ
2022-02-15 20:22:10,ヤス,えっちだ
2022-02-15 20:22:14,ハンニバル,ｴｯｯｯ
2022-02-15 20:22:17,銀次,草
2022-02-15 20:22:26,オアシス・ゲーリー,ひくひくすな
2022-02-15 20:22:34,はらだいこ,国産のちゃんとしたうなぎは美味い
2022-02-15 20:22:39,完全剛体リジッド,胃腸弱いんですねｗ
2022-02-15 20:23:01,スマイル,3000円ぐらいのだとあんまり美味しくなかった
2022-02-15 20:23:19,にんげん,またセバスに連れていってもらおう
2022-02-15 20:23:32,foxですよ,あたｗ
2022-02-15 20:23:37,ほあでりあ,どうせ高いもんはケチらない方がいいね
2022-02-15 20:23:39,かわいいべるちゃん,冬にちゃんとしたお店いかないとだまされるよ鰻は
2022-02-15 20:23:46,灰色珊瑚,最近は養殖美味しいらしいです
2022-02-15 20:23:52,オアシス・ゲーリー,養殖は脂がくどい
2022-02-15 20:23:54,にんげん,意識したことないな
2022-02-15 20:24:00,じんけうろ,時期による
2022-02-15 20:24:02,櫻咲,お寿司かなあ
2022-02-15 20:24:02,くりのす,寿司じゃないかな？
2022-02-15 20:24:06,ハンニバル,みるくちゃんは洋食和食中華だったらどれが一番好き？
2022-02-15 20:24:11,ウルトラアル中マン,ウナギ安くても高くても旨い旨い
2022-02-15 20:24:14,ドンブリ感情,天然は絶滅危惧種だから基本養殖だと思ったほうがいい
2022-02-15 20:24:21,櫻咲,いや、まあ、なかなかだったと思うが:red_question_mark:
2022-02-15 20:24:23,ヤス,そうだよ！！
2022-02-15 20:24:23,foxですよ,みんなに消せっていわれるのは草
2022-02-15 20:24:28,フェレお(フィニッシュ!),アーカイブ面白かったみたいで、聞きたかった
2022-02-15 20:24:30,半分芯でいる。,なに話したん？
2022-02-15 20:24:33,ヤス,やったぜ
2022-02-15 20:24:38,くるみ団子,ききたかったです
2022-02-15 20:24:41,スマイル,深層組だとなんでもしていい理論草
2022-02-15 20:24:41,タカハシ,聞きたい
2022-02-15 20:24:41,完全剛体リジッド,復元できそうですか？
2022-02-15 20:24:43,たぬ,消さないといけないことまたしたの？
2022-02-15 20:24:51,銀次,楽しみ
2022-02-15 20:24:54,foxですよ,すっごい元気な赤子聞けたよｗ
2022-02-15 20:24:57,微糖,昨日はご機嫌だったね
2022-02-15 20:25:00,オアシス・ゲーリー,消せ（消すな）っていうダチョウ倶楽部的なやつだから
2022-02-15 20:25:06,櫻咲,ぺプルがRP的にアウトすぎて笑った
2022-02-15 20:25:11,テラニコフ,バブ右(う)が面白かった！
2022-02-15 20:25:15,じんけうろ,近くの川に餌付けて放置すれば釣れる
2022-02-15 20:25:16,foxですよ,カルト集団？
2022-02-15 20:25:19,たぬ,電波少女ミルク
2022-02-15 20:25:19,フェレお(フィニッシュ!),赤ちゃんが右寄りの話してたって噂は聞いた
2022-02-15 20:25:24,灰色珊瑚,コンギョ流さなかったからセーフ
2022-02-15 20:25:31,ハンニバル,都市伝説語りしたい
2022-02-15 20:25:35,ほあでりあ,昨日のスペース面白かったね
2022-02-15 20:25:37,どすこいツナマヨおにぎり,たうばんわー
2022-02-15 20:25:45,にんげん,ばぶちゃんキャスのノラくん寝息歌枠復活してよw
2022-02-15 20:25:53,foxですよ,頭が〇ーん
2022-02-15 20:25:58,動画保管庫,青野君は設定見る限り泣きそう
2022-02-15 20:26:13,foxですよ,チェンそーマンすぐ死なないかあれｗ
2022-02-15 20:26:16,しーちきん,チェーンソーマンはグロでは？
2022-02-15 20:26:16,ドンブリ感情,スペースの登場人物はマウントおばさん、○とちゃん、しゅっ○なんす、○くらみ○、安倍晋三
2022-02-15 20:26:19,中田朝香,初対面ですね。はじめまして中田朝香です。よろしくお願いします。
2022-02-15 20:26:23,くりのす,リゼさん好き
2022-02-15 20:26:41,たぬ,コンギョってフリー音源でしょ
2022-02-15 20:26:58,オアシス・ゲーリー,バブちゃん鬼強いから逆らう奴らみんなぶっ飛ばして行こうぜ
2022-02-15 20:27:08,半分芯でいる。,椎名うみ『青野くんに触りたいから死にたい』
2022-02-15 20:27:21,動画保管庫,まぁそれくらいでも反対側から見たらそうなるかもなｗ
2022-02-15 20:27:22,foxですよ,泣きそう＿？
2022-02-15 20:27:28,完全剛体リジッド,愛国無罪！
2022-02-15 20:27:31,銀次,右かな？
2022-02-15 20:27:36,たぬ,自分の国好きってのは正常だと思う
2022-02-15 20:27:45,かわいいべるちゃん,生まれた国好きなのあたりまえだよねぇ？
2022-02-15 20:27:47,にんげん,赤ちゃんなのに安倍やめろ！っていう裏アカもってるのか
2022-02-15 20:28:37,星ことり,白黒やしな
2022-02-15 20:28:41,ウルトラアル中マン,ちーちゃんはちょっと足りない　も良い鬱漫画だよ
2022-02-15 20:28:45,foxですよ,あっさりだからかね？グロ
2022-02-15 20:28:51,くりのす,もはやギャグ要素
2022-02-15 20:28:55,動画保管庫,現実的な奴だと想像しちゃうからな、痛みとかｗｗ
2022-02-15 20:29:03,ハンニバル,サイコパスってアニメ面白いよ
2022-02-15 20:29:08,オアシス・ゲーリー,チェンソーマンの作者ニコニコに動画上げてたみたいで草生えた
2022-02-15 20:29:34,しーちきん,サウスパークってアニメおもしろいよ
2022-02-15 20:29:44,じんけうろ,ありがとうございますm(_ _)m
2022-02-15 20:29:57,フェレお(フィニッシュ!),↑のコメントのニコニコの動画気になる！
2022-02-15 20:30:03,ウルトラアル中マン,たすかる
2022-02-15 20:30:05,ヤス,アドベンチャータイム良いよ
2022-02-15 20:30:24,foxですよ,安部？
2022-02-15 20:30:27,オアシス・ゲーリー,浮遊する俺で検索してみて
2022-02-15 20:30:40,メソヤマ,草
2022-02-15 20:30:49,櫻咲,い ま の 名 前
2022-02-15 20:30:49,ほあでりあ,今の名前ｗ
2022-02-15 20:30:52,ウルトラアル中マン,おっマジかあ
2022-02-15 20:30:58,フェレお(フィニッシュ!),なるなる、読もうぜ！
2022-02-15 20:31:15,ヤス,おやすみプンプンとかは？
2022-02-15 20:31:26,ウルトラアル中マン,俺はメチャ気分沈んだわアレ
2022-02-15 20:31:41,動画保管庫,コピー用紙で手を切るとか…
2022-02-15 20:32:22,微糖,結石はめっちゃ痛そう
2022-02-15 20:32:26,ドンブリ感情,とめるに取り出した結石の写真送ったとめらーおったな
2022-02-15 20:32:26,オアシス・ゲーリー,結石なるの怖いから水がぶがぶ飲んでる
2022-02-15 20:32:39,ウルトラアル中マン,クラスメイトは神崎美桜さんが世界救いに行ったって分かってるから大丈夫だよ
2022-02-15 20:33:09,メソヤマ,くっ、キツそうな漫画を避けてきたからおすすめできる作品がない…
2022-02-15 20:33:22,オアシス・ゲーリー,その人作者
2022-02-15 20:33:29,動画保管庫,どうしたのｗｗ
2022-02-15 20:33:38,ウルトラアル中マン,漫画家デビューしたら黒歴史漁られるの怖すぎる
2022-02-15 20:33:41,にんげん,ちょい前話題になったね
2022-02-15 20:33:52,フェレお(フィニッシュ!),サウスパークは劇薬やぞw
2022-02-15 20:34:13,ドンブリ感情,ばぶちゃんもフヒヒ…って笑うんだねぇ
2022-02-15 20:34:14,foxですよ,何事もデビュー後黒歴史はｗ
2022-02-15 20:34:22,フェレお(フィニッシュ!),タコピー？
2022-02-15 20:34:49,オアシス・ゲーリー,あと弾き語りもあげてるよ
2022-02-15 20:34:52,かわいいべるちゃん,処す？処す？
2022-02-15 20:35:04,かわいいべるちゃん,どうする兄者？処す？処す？
2022-02-15 20:35:35,ウルトラアル中マン,:baby:キャッキャッ
2022-02-15 20:35:39,foxですよ,フヒヒさーせん
2022-02-15 20:36:03,にんげん,ぷんぷんは鬱期待しすぎてるとアレよね
2022-02-15 20:36:08,foxですよ,うみめ？
2022-02-15 20:36:20,オアシス・ゲーリー,Youtubeにあるよ
2022-02-15 20:36:22,銀次,わからない
2022-02-15 20:36:34,フェレお(フィニッシュ!),リスナーのオススメで、赤ちゃんに偏った知識が積み上げられていくww
2022-02-15 20:36:37,櫻咲,知らないなあ
2022-02-15 20:36:46,フェレお(フィニッシュ!),草
2022-02-15 20:36:47,オアシス・ゲーリー,ピカチュウのクソ絵がサムネのやつ
2022-02-15 20:36:50,デクロボ,草
2022-02-15 20:36:52,foxですよ,おじバブでてんぞ
2022-02-15 20:37:00,林啓太,草
2022-02-15 20:37:04,ハンニバル,未来日記おすすめ
2022-02-15 20:37:08,ほあでりあ,さきゅばぶがよぉ！
2022-02-15 20:37:27,オアシス・ゲーリー,草
2022-02-15 20:37:46,自称ねこ耳,こんだぅ～
2022-02-15 20:37:55,自称ねこ耳,あいこちゃん？
2022-02-15 20:38:34,ウルトラアル中マン,子供の時は良く分からんかったけど大人になってから「NHKにようこそ！」読み直すと結構くるわ
2022-02-15 20:38:37,フェレお(フィニッシュ!),浅尾いにおの漫画は怖くて読めない
2022-02-15 20:38:54,ウルトラアル中マン,未来日記の作者の前の作品結構好きだった
2022-02-15 20:38:54,foxですよ,名前わすれちゃうなー
2022-02-15 20:39:10,foxですよ,浅野なんたらだっけ？
2022-02-15 20:39:20,foxですよ,ぜんぜんちがくて草
2022-02-15 20:39:26,自称ねこ耳,鬱系苦手だからぼくらのとか好き
2022-02-15 20:39:45,フェレお(フィニッシュ!),NHKにようこそ、懐かしいな
2022-02-15 20:39:45,ドンブリ感情,地球外少年少女はみた？
2022-02-15 20:39:50,にんげん,曲だけ知ってるなNHK
2022-02-15 20:39:54,星ことり,NHKにようこそハマったな
2022-02-15 20:40:02,完全剛体リジッド,岬ちゃん可愛いよ
2022-02-15 20:40:06,デクロボ,へー
2022-02-15 20:40:09,ヤス,踊る赤ちゃん人間
2022-02-15 20:40:10,銀次,見てみようかな
2022-02-15 20:40:21,フェレお(フィニッシュ!),デデデデデストラクションの言い方可愛いw
2022-02-15 20:40:23,オアシス・ゲーリー,でっでっでででで
2022-02-15 20:40:28,林啓太,NHKなっつ
2022-02-15 20:40:32,foxですよ,日本ひきこもり協会
2022-02-15 20:40:37,フェレお(フィニッシュ!),かーん
2022-02-15 20:40:37,ウルトラアル中マン,逆に漫画でしか読んだこと無いなNHKにようこそ
2022-02-15 20:40:38,デクロボ,いてら
2022-02-15 20:40:39,ウルトラアル中マン,てら
2022-02-15 20:40:41,自称ねこ耳,つけな。つけな
2022-02-15 20:40:42,銀次,はい
2022-02-15 20:40:43,完全剛体リジッド,暖まってもろて
2022-02-15 20:40:48,しーちきん,あったまって
2022-02-15 20:40:50,オアシス・ゲーリー,ええぞ
2022-02-15 20:41:10,foxですよ,暖房ついてなかったんかよ・・・
2022-02-15 20:41:19,スズキ雲,鬱系なら、山本直樹の漫画「ありがとう」
2022-02-15 20:41:33,じんけうろ,暖房は付けっぱなしが良いよ！
2022-02-15 20:41:38,ドンブリ感情,Nice boat.
2022-02-15 20:41:47,フェレお(フィニッシュ!),鬱系の漫画ってあんま知らないなぁ
2022-02-15 20:42:01,フェレお(フィニッシュ!),コルトピ長いな...
2022-02-15 20:42:01,動画保管庫,気温が低い日は気温が低いからな…
2022-02-15 20:42:02,foxですよ,中に何もいません
2022-02-15 20:42:25,オアシス・ゲーリー,うんコルトピ
2022-02-15 20:42:33,じんけうろ,悲しみの〜
2022-02-15 20:42:35,にんげん,暖房気持ち悪くなっちゃうからストーブ派
2022-02-15 20:42:38,微糖,虚無赤子
2022-02-15 20:42:44,foxですよ,最近タイトルや名前がほんと思い出せない
2022-02-15 20:43:03,フェレお(フィニッシュ!),暖房つけてこたつにも入る、これが贅沢よ！
2022-02-15 20:43:32,フェレお(フィニッシュ!),おかえりー
2022-02-15 20:43:34,銀次,おかえりー
2022-02-15 20:43:34,ウルトラアル中マン,おか
2022-02-15 20:43:35,櫻咲,おかぽよ～
2022-02-15 20:43:35,動画保管庫,おかえりなさい
2022-02-15 20:43:38,デクロボ,おかえりー
2022-02-15 20:43:39,foxですよ,おかだう～
2022-02-15 20:43:40,完全剛体リジッド,おかえり～
2022-02-15 20:43:40,くりのす,おかえりー
2022-02-15 20:43:44,オアシス・ゲーリー,おかえり
2022-02-15 20:43:47,灰色珊瑚,おかえりー
2022-02-15 20:43:51,キル,可愛い
2022-02-15 20:43:52,じんけうろ,暖房器具に火鉢買ったら後悔した
2022-02-15 20:44:04,動画保管庫,草 かわいい
2022-02-15 20:44:07,foxですよ,やばいなそれ
2022-02-15 20:44:15,星ことり,かわいい
2022-02-15 20:44:19,櫻咲,おばちゃん先生かわいいねえ　なかよしか
2022-02-15 20:44:19,フェレお(フィニッシュ!),草　仲良くで微笑ましい
2022-02-15 20:44:20,オアシス・ゲーリー,犬ええやん
2022-02-15 20:44:27,銀次,いいねぇ
2022-02-15 20:44:43,ドンブリ感情,やったねたえちゃん
2022-02-15 20:45:23,foxですよ,おばちゃん先生みてるー！！！！！？？？
2022-02-15 20:45:26,にんげん,ばぶちゃんも猫ちゃんと一緒にとって送れば？おばちゃん怖がると思うよ
2022-02-15 20:46:08,foxですよ,はめはずしてたなｗ
2022-02-15 20:46:11,櫻咲,ちょうど２月だねえ
2022-02-15 20:46:27,フェレお(フィニッシュ!),やったねたえちゃん知らなくて良かったw
2022-02-15 20:46:37,オアシス・ゲーリー,炎上とかしたら怖いもんねぇ
2022-02-15 20:46:46,星ことり,ねこはいます
2022-02-15 20:46:46,櫻咲,にゃぁ～:red_heart:
2022-02-15 20:46:47,foxですよ,今日は鳴かないね？
2022-02-15 20:46:49,ヤス,怖い
2022-02-15 20:46:54,たぬ,猫飼ってるんだ
2022-02-15 20:47:01,ウルトラアル中マン,そのおばちゃん先生マウントとってくる人は別？
2022-02-15 20:47:03,フェレお(フィニッシュ!),おいやめろ！
2022-02-15 20:47:03,完全剛体リジッド,いいなぁ～
2022-02-15 20:47:20,櫻咲,やったえちゃんはバーサーカーになってて少し救われた
2022-02-15 20:47:31,じんけうろ,そのネコ、おぎゃり隊なのでは・・・
2022-02-15 20:47:34,完全剛体リジッド,たえちゃん今では能力者やから…
2022-02-15 20:47:34,foxですよ,もうばれてる説
2022-02-15 20:47:36,ドンブリ感情,ばばーらいつもありがとう！
2022-02-15 20:47:57,ウルトラアル中マン,ん？ガチでみるくちゃんって呼んでくるの？？？
2022-02-15 20:48:12,櫻咲,みるくちゃん:red_heart:
2022-02-15 20:48:14,すず 千葉,こんばんは:night_with_stars:
2022-02-15 20:48:17,にゃんにゃん,セクハラだな
2022-02-15 20:48:18,ドンブリ感情,草
2022-02-15 20:48:19,銀次,ちゃん付けかーw
2022-02-15 20:48:23,ヤス,草
2022-02-15 20:48:26,名無し,草
2022-02-15 20:48:29,タカハシ,悲しい
2022-02-15 20:48:31,くりのす,呼ぶ人いるよねｗ
2022-02-15 20:48:31,にんげん,みるくちゃん:sweat_droplets::sweat_droplets::sweat_droplets:
2022-02-15 20:48:35,たぬ,ミルクちゃんはエッ
2022-02-15 20:48:39,フェレお(フィニッシュ!),悲しいなぁ
2022-02-15 20:48:41,オアシス・ゲーリー,他意は無いから許したってあげてくれ
2022-02-15 20:48:46,メソヤマ,男上司先生(俺も空気読んだ方がいいのかな…)
2022-02-15 20:48:46,かわいいべるちゃん,:man:みるくちゅわん
2022-02-15 20:48:46,完全剛体リジッド,そういう所やぞｗ
2022-02-15 20:48:50,ウルトラアル中マン,デビュー前から？
2022-02-15 20:48:51,foxですよ,みるくちゃんの:baby_bottle:
2022-02-15 20:49:23,動画保管庫,中間管理職のオス氏
2022-02-15 20:49:38,オアシス・ゲーリー,おじさんは若い子との距離感が分からないんや
2022-02-15 20:49:41,foxですよ,パン屋の保育園（
2022-02-15 20:50:02,名無し,ばぶちゃんだからね
2022-02-15 20:50:04,shion* *,客の前でもかｗそれは相当だなｗ
2022-02-15 20:50:14,ドンブリ感情,多い苗字だと下の名前で呼ぶことは有る
2022-02-15 20:50:15,ウルトラアル中マン,パン屋の保育園→清掃系保育園
2022-02-15 20:50:19,にんげん,ばぶちゃん普通にご飯食べたら？w
2022-02-15 20:50:20,櫻咲,今からでもごはんたびな
2022-02-15 20:50:23,完全剛体リジッド,パン屋の保育園ホント好き
2022-02-15 20:50:36,かわいいべるちゃん,いまってちゃんで呼ぶとセクハラになる筈なんよね
2022-02-15 20:50:41,フェレお(フィニッシュ!),なんだそのルールは
2022-02-15 20:50:52,foxですよ,普通は小城夜さんってよぶのに
2022-02-15 20:51:18,ウルトラアル中マン,職歴が歴戦すぎる赤子
2022-02-15 20:51:21,銀次,なるほどね
2022-02-15 20:51:33,オアシス・ゲーリー,→の間が鮨詰め
2022-02-15 20:51:52,foxですよ,１時！？
2022-02-15 20:51:53,かわいいべるちゃん,ご飯名に作るの？
2022-02-15 20:51:55,櫻咲,やだやだ作りながらおしゃべり
2022-02-15 20:52:23,オアシス・ゲーリー,明日保育園頑張って
2022-02-15 20:52:31,櫻咲,時間を逆算して計画立てられてえらいねえ
2022-02-15 20:52:32,フェレお(フィニッシュ!),昔だけど、ブック○フは「休憩時間中は職場のスタッフ皆と笑顔で歓談しなきゃいけない」ってルールがあってキモくて辞めた
2022-02-15 20:52:39,foxですよ,ぷーください
2022-02-15 20:52:52,foxですよ,セロリ好き
2022-02-15 20:52:55,ウルトラアル中マン,セロリ齧り赤子
2022-02-15 20:53:11,櫻咲,セロリ豚
2022-02-15 20:53:16,かわいいべるちゃん,セロリみじん切りにしてえんえん炒めてストックしとくの好き
2022-02-15 20:53:17,ドンブリ感情,アルチューからからがよく食べてるセロリ
2022-02-15 20:53:19,完全剛体リジッド,美味しそう
2022-02-15 20:53:33,ウルトラアル中マン,セロリ生噛りすると口臭エライ事にならん？
2022-02-15 20:53:33,オアシス・ゲーリー,セロリと豚の炒め物どんな味するんやろ
2022-02-15 20:53:36,動画保管庫,めんつゆはマジで独り暮らしで必須の万能調味料やな
2022-02-15 20:53:44,オアシス・ゲーリー,セロリの漬物美味しいよ
2022-02-15 20:54:07,ドンブリ感情,めんつゆと白だしは万能
2022-02-15 20:54:09,キル,こんだうー
2022-02-15 20:54:18,キル,セロリの漬物美味しそう〜
2022-02-15 20:54:19,にんげん,今年大学生になるからバイトとか気になるな
2022-02-15 20:54:21,foxですよ,結構女子力高くないですか！？
2022-02-15 20:54:22,フェレお(フィニッシュ!),セロリと言えばアル中カラカラを思い出す
2022-02-15 20:54:30,銀次,水餃子いいね
2022-02-15 20:54:34,北海道はアイヌ民族のものではない,お前が痩せているのは、食ってる料理がマズイからだ！毎日うまいもの食いまくれ！！
2022-02-15 20:54:46,foxですよ,お”い”じ”い”か”も”
2022-02-15 20:54:52,フェレお(フィニッシュ!),元気がない時に見るとクッソ元気になるよ、アル中カラカラ
2022-02-15 20:54:56,ウルトラアル中マン,世に絶望した時観てるはアル中カラカラ
2022-02-15 20:55:00,オアシス・ゲーリー,哺乳瓶カラカラ
2022-02-15 20:55:01,はぐぅ,おいしーかも
2022-02-15 20:55:07,完全剛体リジッド,おいしーかもー
2022-02-15 20:55:14,ヒノモトきょう,こんだう〜
2022-02-15 20:55:16,星ことり,アル中カラカラ見ると笑い止まらんくなるよ
2022-02-15 20:55:16,ウルトラアル中マン,セロリ丸齧りにしてんのかと思ってたバブちゃん
2022-02-15 20:55:24,動画保管庫,哺乳瓶カラカラ草
2022-02-15 20:55:28,foxですよ,野菜いっぱいたべるといろいろとすごいんすよ
2022-02-15 20:55:29,ドンブリ感情,すき家に一時あったセロリ牛丼は美味しかった
2022-02-15 20:55:49,はらだいこ,アル中カラカラのきったない絵面すこ
2022-02-15 20:55:50,フェレお(フィニッシュ!),大学で期間工は無理やw
2022-02-15 20:55:59,くるみ団子,セロリ生でアジシオだけでたびてる
2022-02-15 20:56:06,たぬ,バブ、バイト？してるんやね
2022-02-15 20:56:07,foxですよ,汚い畳でよくやるよね・・・
2022-02-15 20:56:15,動画保管庫,パンのピッキング（仕分けみたいなの）は離さんし帰りにパンもらえるし良かったな。
2022-02-15 20:56:19,ナッツ🥜 いふ民🤪,こんばんは初見です
2022-02-15 20:56:25,ウルトラアル中マン,ご褒美おちんぎん？！
2022-02-15 20:56:34,北海道はアイヌ民族のものではない,期間工ってどんなんや
2022-02-15 20:56:39,フェレお(フィニッシュ!),大学の清掃は朝早いんよね
2022-02-15 20:56:40,foxですよ,保育園ってご褒美賃金でるの？
2022-02-15 20:56:54,にんげん,中学高校男子校って地獄だったから不安だわ
2022-02-15 20:57:00,かわいいべるちゃん,本格的にやるならソフリットって言ってセロリ、玉ねぎ、人参をみじん切りにして炒めるんだけどセロリだけで充分やでセロリが一番うめぇ
2022-02-15 20:57:15,オアシス・ゲーリー,味噌マヨ美味しいよね
2022-02-15 20:57:16,メソヤマ,お腹すいてきた
2022-02-15 20:57:16,完全剛体リジッド,セロリ咀嚼ASMR！？
2022-02-15 20:57:22,ウルトラアル中マン,松屋最近豚丼再開したよね
2022-02-15 20:57:32,かわいいべるちゃん,トマトソースに炒めたみじん切りセロリ入れると味変わる
2022-02-15 20:57:40,ウルトラアル中マン,久々のガラガラ助かる
2022-02-15 20:57:51,foxですよ,ピッキングって聞いて鍵開け好きなのかっておもったじゃないですか
2022-02-15 20:57:53,にんげん,さっきからお賃金で笑いすぎでは
2022-02-15 20:58:45,北海道はアイヌ民族のものではない,就職asmr??
2022-02-15 20:58:53,ウルトラアル中マン,:unicorn:…
2022-02-15 20:58:53,フェレお(フィニッシュ!),派遣も意外と良いよー、フルタイムで入れる日選べば1日で１万くらい行くし、夜間なら１万2千円くらい行く
2022-02-15 20:59:00,名無し,思考盗聴?
2022-02-15 20:59:33,かわいいべるちゃん,セロリ入れると美味しいよね
2022-02-15 20:59:35,山d,エアーポッズでガラガラ聞くと精神が安定するw
2022-02-15 20:59:43,じんけうろ,コンビニの夜勤が良い
2022-02-15 20:59:45,ウルトラアル中マン,ご飯食べてもろて。その間にクソコラ作っとくわ
2022-02-15 20:59:57,かわいいべるちゃん,めっちゃされる　思考盗聴
2022-02-15 21:00:05,にんげん,高校の通学路で集団ストーカーに注意！！って張り紙張ってる家あったな
2022-02-15 21:00:18,ドンブリ感情,ガチ赤子が喜びそう
2022-02-15 21:00:25,じんけうろ,食材代
2022-02-15 21:00:27,動画保管庫,思考盗聴というか、「おまえ、聞こえているんだろ！？」って電車中で妄想してたな
2022-02-15 21:00:27,かわいいべるちゃん,思考盗聴されたと思われる日から頭にアルミホイル巻いて過ごしたのにやっぱ思考盗聴された
2022-02-15 21:00:28,櫻咲,ガラガラで還れそう
2022-02-15 21:00:28,foxですよ,派遣会社に登録
2022-02-15 21:00:31,ウルトラアル中マン,そら派遣会社保育園に登録するんや
2022-02-15 21:00:34,オアシス・ゲーリー,何故か精神病の人は思考盗聴されてるって話をするからやろな
2022-02-15 21:00:36,フェレお(フィニッシュ!),派遣業者に登録するだけやで
2022-02-15 21:00:48,北海道はアイヌ民族のものではない,派遣会社に登録して、バイト紹介してもらえたりするよ
2022-02-15 21:00:55,ドンブリ感情,派遣むかーし登録したけどシステムだるくて行かなかったな
2022-02-15 21:01:13,foxですよ,aiueo700見てみればわかるで
2022-02-15 21:01:18,くりのす,派遣会社があってそこに入園すると色んなところ行く感じですかね？
2022-02-15 21:01:22,完全剛体リジッド,やり繰り上手なんですねぇ！
2022-02-15 21:01:31,ドンブリ感情,1日の食費1500円くらい使っちゃうわ
2022-02-15 21:01:59,かわいいべるちゃん,基本テレワークで外でないけどたまには会社行かなきゃ行けないんだけど、俺が出社しようとすると決まって線路内人立ち入りで電車遅れたからアルミホイルしてたのに次出社しようとしたらまた人立ち入りした
2022-02-15 21:02:03,はぐぅ,ケムトレイルとか気にしだすとね...
2022-02-15 21:02:04,ウルトラアル中マン,５Gで最近しやすくなったらしいよね
2022-02-15 21:02:18,ウルトラアル中マン,煉獄さん！？
2022-02-15 21:02:19,foxですよ,草
2022-02-15 21:02:20,shion* *,そっちこそ何も問題なくないか
2022-02-15 21:02:24,半分芯でいる。,センシティブですよ
2022-02-15 21:02:26,にんげん,そんなシーンあるん？w
2022-02-15 21:02:27,動画保管庫,コンテンツｗｗ
2022-02-15 21:02:33,ドンブリ感情,草
2022-02-15 21:02:35,微糖,話題の強度変わってないw
2022-02-15 21:02:37,完全剛体リジッド,話題変わって無くね？
2022-02-15 21:02:38,北海道はアイヌ民族のものではない,ストーカーされてると思い込んで、目の前に起こった出来事をストーカーって解釈したら、思考盗聴の出来上がりやで〜〜
2022-02-15 21:02:44,櫻咲,目覚めよ
2022-02-15 21:02:45,銀次,草
2022-02-15 21:02:53,ポート,ふり幅狭すぎる
2022-02-15 21:02:56,山d,おれはしょうきにもどった！
2022-02-15 21:02:59,フェレお(フィニッシュ!),目が覚める瞬間？
2022-02-15 21:03:00,オアシス・ゲーリー,反ワクチン派の煉獄さん面白くて好き　最近は五条も入ってきた
2022-02-15 21:03:04,テラニコフ,aiueo700
2022-02-15 21:03:05,にんげん,ばぶちゃん煉獄さん好きでしょ山手線1周する方の
2022-02-15 21:03:12,shion* *,そもそも思考登頂なんてネタでアウトも何もない
2022-02-15 21:03:19,メソヤマ,ハッとしました。真実に気付き涙が止まりません…
2022-02-15 21:03:20,動画保管庫,大きな駅とかそういう所くらいかもな、５G
2022-02-15 21:03:22,foxですよ,５Ｇで鳥がたくさん死んだとかあったっけ？
2022-02-15 21:03:34,完全剛体リジッド,俺はお前が俺を見たのを見たぞ
2022-02-15 21:03:36,たぬ,バブもナンパされてるって思い込んでる
2022-02-15 21:03:38,ウルトラアル中マン,政府が表向きにそう言ってるだけでもう日本国民の9割は５G化されてるよ
2022-02-15 21:03:46,かわいいべるちゃん,俺が出社する日に限って線路立ち入ってる奴は俺のストーカーだったのか
2022-02-15 21:03:52,フェレお(フィニッシュ!),こわっ！
2022-02-15 21:03:53,ドンブリ感情,好きなDJが5G怖がっててフォロー外した
2022-02-15 21:03:56,スマイル,こわ
2022-02-15 21:03:58,銀次,えぇ…
2022-02-15 21:03:59,櫻咲,ひえ。。。
2022-02-15 21:04:02,もさ,あー、DVDに化けてたのオレ
2022-02-15 21:04:07,メソヤマ,こっわい…
2022-02-15 21:04:07,ヒノモトきょう,親が反ワクチンで幼少期から洗脳されて人生狂った女の記事読んだわ
2022-02-15 21:04:15,動画保管庫,おじさん許せねぇな…
2022-02-15 21:04:17,完全剛体リジッド,被害受けやすい体質なのかなぁ
2022-02-15 21:04:20,微糖,気をつけてもろて
2022-02-15 21:04:22,ウルトラアル中マン,おっかね
2022-02-15 21:04:24,名無し,こわ
2022-02-15 21:04:28,櫻咲,オス氏さぁ
2022-02-15 21:04:29,スマイル,同級生から…？
2022-02-15 21:04:32,北海道はアイヌ民族のものではない,ガスライティングっていうワードでtwitter検索かけてみろ。電波系は目の前の出来事を全てストーカーって解釈するから。
2022-02-15 21:04:34,foxですよ,女の子は特にこわいね
2022-02-15 21:04:35,フェレお(フィニッシュ!),可愛い顔してるんかね
2022-02-15 21:04:41,たぬ,同級生にストーカーされるの？
2022-02-15 21:04:42,テラニコフ,ひぇ……
2022-02-15 21:05:00,オアシス・ゲーリー,変な人に寄られる星の下に生まれてしまったんやな
2022-02-15 21:05:00,完全剛体リジッド,そっ閉じ…
2022-02-15 21:05:17,名無し,怒りで震えて涙が止まらない
2022-02-15 21:05:18,foxですよ,かえれって言われる煉獄さん・・・・
2022-02-15 21:05:20,オアシス・ゲーリー,そろそろ涙止めろよ干からびるぞ
2022-02-15 21:05:25,ウルトラアル中マン,反ワク煉獄さん永遠に笑って見れる
2022-02-15 21:05:28,にんげん,マスクを燃やせ！ファイザーを越えろ！
2022-02-15 21:05:28,動画保管庫,煉獄さんがマスク派に囲まれてるシーンはちょっと可哀想だったｗ
2022-02-15 21:05:35,フェレお(フィニッシュ!),その心笑ってるね！？
2022-02-15 21:05:36,tanikami,あいつは正直憎めんww
2022-02-15 21:05:43,ドンブリ感情,草
2022-02-15 21:05:48,ポート,だぁう～～
2022-02-15 21:05:48,foxですよ,たしかに怖いねｗ
2022-02-15 21:05:48,櫻咲,ちょんなあ:loudly_crying_face:
2022-02-15 21:05:52,たぬ,ヴィーガンについて話さないの？
2022-02-15 21:05:55,フェレお(フィニッシュ!),たしかにめっちゃ物騒なコメント欄になってきとるw
2022-02-15 21:05:55,メソヤマ,涙が止まりません…
2022-02-15 21:06:00,かわいいべるちゃん,はは（笑）
2022-02-15 21:06:00,ドンブリ感情,よもやよもや…
2022-02-15 21:06:02,うーあー,こんだうー
2022-02-15 21:06:03,ヒノモトきょう,物騒にしたのだれ？
2022-02-15 21:06:04,ヤス,お喋り金玉
2022-02-15 21:06:13,オアシス・ゲーリー,おつだう
2022-02-15 21:06:17,foxですよ,それはやめとこうｗ
2022-02-15 21:06:26,フェレお(フィニッシュ!),(あ、これは言うな)
2022-02-15 21:06:31,tanikami,西口地下で
2022-02-15 21:06:37,北海道はアイヌ民族のものではない,すまねえな
2022-02-15 21:06:40,ウルトラアル中マン,煉獄さんは剝けてない！
2022-02-15 21:06:42,銀次,あれはなんなんだろう
2022-02-15 21:06:50,はぐぅ,花粉症の季節はノーマスクの人たちどうするんだろうね
2022-02-15 21:06:50,foxですよ,人のせいにしちゃ　め！！！！
2022-02-15 21:07:01,ウルトラアル中マン,ツイキャスたすかる
2022-02-15 21:07:02,たぬ,おつだう
2022-02-15 21:07:02,かわいいべるちゃん,おつだうー
2022-02-15 21:07:04,ドンブリ感情,クッキングバブ
2022-02-15 21:07:13,メソヤマ,おつだう〜
2022-02-15 21:07:17,ウルトラアル中マン,おつだう～！
2022-02-15 21:07:19,にんげん,コメント欄にぞっとする、怒りに震えて涙が止まらない
2022-02-15 21:07:22,foxですよ,おつだう～
2022-02-15 21:07:23,スマイル,おつだうー
2022-02-15 21:07:24,にんげん,おつだう
2022-02-15 21:07:23,デクロボ,おつだうー
2022-02-15 21:07:25,完全剛体リジッド,楽しかった！おつかれさまでした～
2022-02-15 21:07:25,銀次,おつだうー
2022-02-15 21:07:27,フェレお(フィニッシュ!),おつだうー
2022-02-15 21:07:27,スマイル,草
2022-02-15 21:07:27,はらだいこ,おつだうー
2022-02-15 21:07:28,動画保管庫,ゆりかご欲しいな、大人が寝れるくらいの
2022-02-15 21:07:29,はぐぅ,おつだうー
2022-02-15 21:07:30,ドンブリ感情,草
2022-02-15 21:07:30,名無し,おつだうー
2022-02-15 21:07:30,くりのす,まったりできて落ちつけました　おつだうー
2022-02-15 21:07:31,ヤス,草
2022-02-15 21:07:32,北海道はアイヌ民族のものではない,草
2022-02-15 21:07:32,ポート,5G接続しないとな
2022-02-15 21:07:33,オアシス・ゲーリー,歩くような早さでいいべ
2022-02-15 21:07:34,フェレお(フィニッシュ!),草
2022-02-15 21:07:37,名無し,シュールすぎて草
2022-02-15 21:07:38,ヒノモトきょう,おつだう〜
2022-02-15 21:07:40,完全剛体リジッド,草ぁ！
2022-02-15 21:07:41,foxですよ,花粉症草
2022-02-15 21:07:50,動画保管庫,花粉症ｗｗｗ
2022-02-15 21:08:02,北海道はアイヌ民族のものではない,かわいそうなこと言ってやんなw
2022-02-15 21:08:05,ヒノモトきょう,鼻水ズヴィズダー
2022-02-15 21:08:10,foxですよ,花粉だけ通さないマスク
2022-02-15 21:08:14,オアシス・ゲーリー,花粉症の事すっかり忘れてた
2022-02-15 21:08:28,ウルトラアル中マン,使い分けしてこうな
2022-02-15 21:08:29,タカハシ,スペースはどんだけ殺伐としとるんや
2022-02-15 21:08:33,foxですよ,楽しかったｗ
2022-02-15 21:08:35,動画保管庫,二時間くらい待ったんですけどもぉ
2022-02-15 21:08:39,フェレお(フィニッシュ!),YouTubeでも速度出して、面白いからw
2022-02-15 21:08:40,tanikami,おつだうー
2022-02-15 21:08:42,じんけうろ,配信観れるだけで幸せです
2022-02-15 21:08:44,ヤス,楽しかった
2022-02-15 21:08:49,スマイル,おつだうー
2022-02-15 21:08:50,にんげん,おつだう～
2022-02-15 21:08:50,foxですよ,おつだう～
2022-02-15 21:08:52,櫻咲,おつだうー
2022-02-15 21:08:52,桜,おつだうー
2022-02-15 21:08:52,うーあー,おつだう～
2022-02-15 21:08:52,動画保管庫,おつだう～～
2022-02-15 21:08:53,かわいいべるちゃん,おつだうー
2022-02-15 21:08:54,フェレお(フィニッシュ!),おつだうー
2022-02-15 21:08:56,オアシス・ゲーリー,おつだう
2022-02-15 21:08:58,メソヤマ,おつだう〜
2022-02-15 21:08:58,ヤス,おつだうー
2022-02-15 21:08:58,くるみ団子,おつだうー
2022-02-15 21:09:01,ポート,楽しかったねぇ
2022-02-15 21:09:02,霜月こんX2,おつだう～
2022-02-15 21:09:07,Alex,おつだう
