2022-02-14 21:12:02,たぬ,ミロちゃんのチョコはどこで買えるの
2022-02-14 21:12:21,半分芯でいる。,移動しました
2022-02-14 21:12:37,玲仁 刹那。,待機
2022-02-14 21:12:38,陸太郎,たのしみ！
2022-02-14 21:12:40,たぬ,あれ、枠変わったのか
2022-02-14 21:12:49,おかゆ,待機
2022-02-14 21:12:58,しーちきん,待機
2022-02-14 21:13:14,IndianaZoo (Video Dir.),移動待機
2022-02-14 21:13:20,かわいいべるちゃん,大気:rainbow:
2022-02-14 21:13:29,cheruno,たいき
2022-02-14 21:13:30,とめラー提督,待機
2022-02-14 21:13:34,イカノウェスト,待機
2022-02-14 21:13:35,ヤス,待機
2022-02-14 21:13:36,メカラウロコ,52年後に飛ばされてたわ
2022-02-14 21:14:13,冬丸よきた,待機
2022-02-14 21:14:15,しーちきん,三番目の枠かな
2022-02-14 21:14:41,38号,待機
2022-02-14 21:14:42,牛丼屋の常連,待機！
2022-02-14 21:14:43,ka ta,待機
2022-02-14 21:14:48,すっぴんきつね,待機
2022-02-14 21:15:37,かわいいべるちゃん,（o>д<)o みーろーちー！
2022-02-14 21:15:40,玲仁 刹那。,こんなま
2022-02-14 21:15:40,権兵衛,大気
2022-02-14 21:15:43,すっぴんきつね,ふんふんふん
2022-02-14 21:15:48,陸太郎,こんなま
2022-02-14 21:15:48,シズレ,ふんふんふん
2022-02-14 21:15:49,玲仁 刹那。,ふんふん
2022-02-14 21:15:50,かわいいべるちゃん,きちゃーーーー！！！
2022-02-14 21:15:51,ささめん,ふんふんふん
2022-02-14 21:15:55,かわいいべるちゃん,こんなま
2022-02-14 21:15:56,北澤シャモたろう,ふんふんふん
2022-02-14 21:15:57,牛丼屋の常連,ふんふんふん
2022-02-14 21:15:57,IndianaZoo (Video Dir.),ふんふんふん
2022-02-14 21:15:57,権兵衛,ふんふん
2022-02-14 21:15:58,かわいいべるちゃん,ふんふんふん
2022-02-14 21:15:58,とめラー提督,ふんふんふん
2022-02-14 21:16:02,れっさぁぱんだ,こんなま
2022-02-14 21:16:05,陸太郎,声が入ってる！？
2022-02-14 21:16:10,半分芯でいる。,ふんふんふん
2022-02-14 21:16:11,イカノウェスト,ふんふんふん
2022-02-14 21:16:11,おかゆ,ふんふんふn
2022-02-14 21:16:15,あさぎ,ふんふんふん
2022-02-14 21:16:18,とめラー提督,！？！？
2022-02-14 21:16:18,玲仁 刹那。,ふんふんってこんな声だっけ...？
2022-02-14 21:16:19,ヤス,最高！
2022-02-14 21:16:24,陸太郎,こんばんは！
2022-02-14 21:16:26,IndianaZoo (Video Dir.),画面のコメ欄が前のもののままかな
2022-02-14 21:16:26,あさぎ,こん
2022-02-14 21:16:26,すっぴんきつね,待機の音性変わった？
2022-02-14 21:16:27,林啓太,げんなまー
2022-02-14 21:16:28,クモザブロー,こんなま
2022-02-14 21:16:29,しーちきん,こんなま～
2022-02-14 21:16:30,38号,げんなま〜
2022-02-14 21:16:34,牛丼屋の常連,こんなま～
2022-02-14 21:16:37,エアプL,52年前からこんなま
2022-02-14 21:16:37,たで,こんなまです！！！
2022-02-14 21:16:38,あさぎ,こんなま～
2022-02-14 21:16:42,とめラー提督,げんなま
2022-02-14 21:16:44,陸太郎,マイクミュート？
2022-02-14 21:16:44,昼酒,こんなまー
2022-02-14 21:16:46,半分芯でいる。,こんなま
2022-02-14 21:16:48,CKハーマン,音なし
2022-02-14 21:16:49,山本 重國 ,こんなまー
2022-02-14 21:16:50,ぽいなっぷる,こんにちは
2022-02-14 21:16:53,シズレ,おや
2022-02-14 21:16:53,イカノウェスト,こんなまー
2022-02-14 21:16:56,山本 重國 ,…ん？
2022-02-14 21:16:57,ささめん,こんなま～
2022-02-14 21:16:57,玲仁 刹那。,こんなま
2022-02-14 21:17:00,なまほしちゃん,マイク調整します
2022-02-14 21:17:05,かわいいべるちゃん,こんなまー！
2022-02-14 21:17:11,38号,一旦落ち着こう
2022-02-14 21:17:12,シズレ,りょ
2022-02-14 21:17:16,昼酒,はーい
2022-02-14 21:17:20,空太郎,はいよー
2022-02-14 21:17:31,かわいいべるちゃん,みろちゃん怒らないで:loudly_crying_face:
2022-02-14 21:17:49,冬丸よきた,こんなまー
2022-02-14 21:17:58,たぬ,げんなま
2022-02-14 21:18:06,cheruno,こんなまー
2022-02-14 21:18:11,たぬ,声聞こえない？
2022-02-14 21:18:19,cheruno,ささないでくださーい
2022-02-14 21:18:19,アル晴れ,こんなまです。
2022-02-14 21:18:45,エアプL,？？
2022-02-14 21:18:47,つきみ,こんなまー
2022-02-14 21:18:48,Flied-eggs,mute
2022-02-14 21:18:52,なまほしちゃん,？？？？？
2022-02-14 21:18:59,現実みろ / real miro,なっちゃんと今対応中です！
2022-02-14 21:19:02,つきみ,BGMだけですね。
2022-02-14 21:19:05,hiro,！？
2022-02-14 21:19:08,なまほしちゃん,マイクがバグっていて声が入りません
2022-02-14 21:19:09,runawk,不動
2022-02-14 21:19:11,つきみ,OK
2022-02-14 21:19:11,IndianaZoo (Video Dir.),なっちゃん!!!!!
2022-02-14 21:19:15,冬丸よきた,なんとぉ
2022-02-14 21:19:16,あさぎ,まってまーす
2022-02-14 21:19:18,つきみ,:chillwcat::yougotthis:
2022-02-14 21:19:23,ぽいなっぷる,マイクがんばれ
2022-02-14 21:19:24,オーレリア・ウェルギウス,こんなまー！
2022-02-14 21:19:26,玲仁 刹那。,がんばれなまほしちゃん！！
2022-02-14 21:19:28,牛丼屋の常連,マイクバクりょ
2022-02-14 21:19:28,陸太郎,かなしい
2022-02-14 21:19:31,北澤シャモたろう,OK
2022-02-14 21:19:33,38号,誰よその子
2022-02-14 21:19:33,昼酒,あらまあ
2022-02-14 21:19:37,陸太郎,テキストで会話する？
2022-02-14 21:19:40,アル晴れ,マイクくんがんばえー
2022-02-14 21:19:42,Flied-eggs,take your time
2022-02-14 21:19:42,たぬ,なっちゃん、りっちゃん
2022-02-14 21:19:57,cheruno,？？？
2022-02-14 21:20:10,なまほしちゃん,PCサイキしてきます
2022-02-14 21:20:10,IndianaZoo (Video Dir.),なっちゃんさんがんばって…
2022-02-14 21:20:20,38号,ん？
2022-02-14 21:27:20,たくや,きた！！
2022-02-14 21:27:22,クモザブロー,お？
2022-02-14 21:27:25,たぬ,BGM聞こえる
2022-02-14 21:27:30,スマイル,お？
2022-02-14 21:27:30,イカノウェスト,きた
2022-02-14 21:27:41,YAMAOKA,いい感じっぽい
2022-02-14 21:27:41,昼酒,お！！
2022-02-14 21:27:56,陸太郎,きた！
2022-02-14 21:28:00,たくや,あとはマイクか
2022-02-14 21:28:08,しーちきん,鍋煮えちゃった…
2022-02-14 21:28:11,けつあご,ざわ…
2022-02-14 21:28:19,現実みろ / real miro,マイクいってない！？
2022-02-14 21:28:29,陸太郎,マイクはまだ
2022-02-14 21:28:30,現実みろ / real miro,どうして…どうして…
2022-02-14 21:28:33,陸太郎,聞こえない
2022-02-14 21:28:33,cheruno,ぐつぐつぐつぐつ
2022-02-14 21:28:34,IndianaZoo (Video Dir.),きてない
2022-02-14 21:28:36,たぬ,声聞こえない
2022-02-14 21:28:36,スマイル,いってない
2022-02-14 21:28:40,たくや,マイクまだです
2022-02-14 21:28:44,cheruno,なんでやろ
2022-02-14 21:28:52,半分芯でいる。,聞こえない
2022-02-14 21:28:52,昼酒,まじか...
2022-02-14 21:28:53,らぶちゃん,待機中
2022-02-14 21:29:04,ギロチンマン,こんばんゴブリン
2022-02-14 21:29:04,IndianaZoo (Video Dir.),ミキサー?マイク?どこだろう
2022-02-14 21:29:10,ふじず,なべたいむ
2022-02-14 21:29:15,半分芯でいる。,また電池？
2022-02-14 21:29:16,みよッピ,今キタ！何故俺のスマホはなまほしちゃんの配信をリアタイすると過去に飛ばすのか………
2022-02-14 21:29:17,スマイル,お鍋冷めちゃう‥
2022-02-14 21:29:22,たぬ,聞こえた？
2022-02-14 21:29:33,陸太郎,別なマイクでやる？
2022-02-14 21:29:41,あい taki,うーん
2022-02-14 21:29:48,たぬ,あって聞こえた気がしたけど、幻聴か
2022-02-14 21:29:50,ビール男,56年前から来ました
2022-02-14 21:29:57,なまほしちゃん,マイクOBSの画面では入力になってるのに音が乗らないので今ちょっと頑張っています　
2022-02-14 21:29:58,陸太郎,いっそのことスマホでキャスかスペース？？
2022-02-14 21:30:00,IndianaZoo (Video Dir.),ベテラン配信者のなっちゃん先生でも難しいトラブルとは…
2022-02-14 21:30:10,陸太郎,了解しました、待ってますね！
2022-02-14 21:30:15,かわいいべるちゃん,チャットでなんとか
2022-02-14 21:30:20,ネーコース,応援してます。
2022-02-14 21:30:26,陸太郎,Youtubeくんの問題なのかなぁ
2022-02-14 21:30:27,冬丸よきた,はーい
2022-02-14 21:30:31,アル晴れ,BGMに合わせて踊って待ってますね
2022-02-14 21:31:02,クモザブロー,きた！
2022-02-14 21:31:03,やさい,きこえた！
2022-02-14 21:31:03,たくや,きたぞおおおおおおおおおおおおおおお
2022-02-14 21:31:04,陸太郎,きた！
2022-02-14 21:31:04,れっさぁぱんだ,聞こえた
2022-02-14 21:31:04,らぶちゃん,きた
2022-02-14 21:31:04,アル晴れ,きこえた
2022-02-14 21:31:07,ラタキア,きた！
2022-02-14 21:31:07,IndianaZoo (Video Dir.),きた!!
2022-02-14 21:31:07,mkaraki,きた
2022-02-14 21:31:08,シズレ,お！
2022-02-14 21:31:08,スマイル,きた！
2022-02-14 21:31:09,toohigh,きこえる
2022-02-14 21:31:09,昼酒,お！
2022-02-14 21:31:09,アル晴れ,やったぜ。
2022-02-14 21:31:10,玲仁 刹那。,きこえた！！
2022-02-14 21:31:10,なー＊,きこえた！
2022-02-14 21:31:11,イカノウェスト,声きた
2022-02-14 21:31:11,ふじず,きた
2022-02-14 21:31:12,冬丸よきた,聞こえまーす！
2022-02-14 21:31:13,岩おこし,きこえた
2022-02-14 21:31:13,ka ta,お
2022-02-14 21:31:13,かわいいべるちゃん,おおー！
2022-02-14 21:31:14,陸太郎,風呂みたい
2022-02-14 21:31:14,みよッピ,:ok_hand:
2022-02-14 21:31:16,cheruno,やったあああああああああ
2022-02-14 21:31:16,かわいいべるちゃん,さすなま
2022-02-14 21:31:18,ふじず,凄いマイク遠いけど聞こえる
2022-02-14 21:31:18,昼酒,聞こえます！
2022-02-14 21:31:18,権兵衛,きた！
2022-02-14 21:31:19,YAMAOKA,聞こえるけどなんかゴーゴーしてる
2022-02-14 21:31:19,玲仁 刹那。,かわいい声がする！！
2022-02-14 21:31:20,yoshi,きちゃ
2022-02-14 21:31:20,ネーコース,聞こえる！
2022-02-14 21:31:21,アル晴れ,完全勝利
2022-02-14 21:31:22,しーちきん,きたー
2022-02-14 21:31:23,cheruno,対あり
2022-02-14 21:31:24,アル晴れ,GG
2022-02-14 21:31:25,シズレ,56年後のなまほしちゃんこんばんわ
2022-02-14 21:31:27,なー＊,よかった！
2022-02-14 21:31:27,たで,56年待った甲斐があっま
2022-02-14 21:31:31,クモザブロー,こんなま
2022-02-14 21:31:32,陸太郎,こんなま〜
2022-02-14 21:31:35,冬丸よきた,後ろから「ご────」って聞こえる
2022-02-14 21:31:35,ヤマ.パンダ,今２０２２年では何が流行してるの？
2022-02-14 21:31:35,けつあご,お鍋冷めちゃった
2022-02-14 21:31:36,38号,良かった　良かった
2022-02-14 21:31:37,ひらたけ,キコ　エル
2022-02-14 21:31:37,スマイル,こんげんなまぁ
2022-02-14 21:31:38,まいまい,お前にリアル突き付ける、久々に聞きました
2022-02-14 21:31:39,アル晴れ,こんなまー
2022-02-14 21:31:39,けつあご,こんなまー
2022-02-14 21:31:39,ぼのぼの,枠もちなおしたんだ　よかった　こんなまー
2022-02-14 21:31:41,兎福もに,こんなまー
2022-02-14 21:31:41,なー＊,こんばんわー！
2022-02-14 21:31:42,陸太郎,ヤバい音する
2022-02-14 21:31:43,cheruno,げんなまー
2022-02-14 21:31:44,イカノウェスト,げんなまー
2022-02-14 21:31:44,IndianaZoo (Video Dir.),ステレオ!?
2022-02-14 21:31:45,しーちきん,こんなま～
2022-02-14 21:31:45,たぬ,鍋煮えちゃった
2022-02-14 21:31:46,九分ななりん,突きつけてー
2022-02-14 21:31:48,権兵衛,こんばんは！
2022-02-14 21:31:49,みよッピ,なまほしちゃん遠いな（笑）
2022-02-14 21:31:49,半分芯でいる。,なんかASMR感がある。
2022-02-14 21:31:49,すっぴんきつね,こんなまー
2022-02-14 21:31:50,アル晴れ,げんなまー
2022-02-14 21:31:50,患保護,こんなま！
2022-02-14 21:31:54,GreenArmy男,こんなま
2022-02-14 21:31:54,たくや,火の音かこれ？
2022-02-14 21:31:57,アル晴れ,56年前草
2022-02-14 21:31:59,かわいいべるちゃん,56歳です
2022-02-14 21:32:01,らぶちゃん,こんなま
2022-02-14 21:32:02,みよッピ,こんなまー
2022-02-14 21:32:02,cheruno,56年前からげんなまー
2022-02-14 21:32:04,ヤマ.パンダ,タイムリープ、した？
2022-02-14 21:32:08,アル晴れ,ソーダよ（瓶状）
2022-02-14 21:32:17,ton ton,こんなま
2022-02-14 21:32:18,かわいいべるちゃん,ゴーって火の音？
2022-02-14 21:32:18,シズレ,草
2022-02-14 21:32:22,らぶちゃん,げんなま
2022-02-14 21:32:23,陸太郎,細くざーっていってるの鍋の音？？
2022-02-14 21:32:25,こん,二人ともお疲れ様です～！
2022-02-14 21:32:27,かわいいべるちゃん,一番ウメェやつやん
2022-02-14 21:32:29,IndianaZoo (Video Dir.),さすがに鍋煮えちゃうからね
2022-02-14 21:32:32,まつ,うまいヤツ
2022-02-14 21:32:34,冬丸よきた,美味しそう
2022-02-14 21:32:35,たぬ,うまそう
2022-02-14 21:32:38,ひらたけ,うまそう
2022-02-14 21:32:42,けつあご,おしゃれ
2022-02-14 21:32:45,IndianaZoo (Video Dir.),なっちゃんみっちゃん?
2022-02-14 21:32:46,T T,こんばんは
2022-02-14 21:32:50,みよッピ,煮えてる音しとる
2022-02-14 21:32:54,まつ,寒いから鍋
2022-02-14 21:32:58,かわいいべるちゃん,ラザニアいいなー
2022-02-14 21:32:59,まつ,ラザニアすご
2022-02-14 21:33:00,けつあご,やっぱ鳥鍋よ
2022-02-14 21:33:03,陸太郎,ファンボックスのやつか！
2022-02-14 21:33:03,クモザブロー,いいなぁ
2022-02-14 21:33:06,たぬ,ラザニア！？
2022-02-14 21:33:17,シズレ,ええなあ
2022-02-14 21:33:18,ヤス,こんなまー
2022-02-14 21:33:20,けつあご,草
2022-02-14 21:33:22,かわいいべるちゃん,ファンボにあがってたけどクッソうまそうだったぞラザニア
2022-02-14 21:33:24,IndianaZoo (Video Dir.),そういう意味w
2022-02-14 21:33:24,アル晴れ,ほんとだｗｗ
2022-02-14 21:33:28,陸太郎,そういうことか！
2022-02-14 21:33:34,cheruno,草
2022-02-14 21:33:39,たぬ,なっちゃんは、みかんだよな
2022-02-14 21:33:43,シズレ,芸が細かいw
2022-02-14 21:34:03,かわいいべるちゃん,1粒いくらのやつ？
2022-02-14 21:34:07,IndianaZoo (Video Dir.),お、酒か!?
2022-02-14 21:34:09,サモエド,sake???
2022-02-14 21:34:15,IndianaZoo (Video Dir.),ビールの音?
2022-02-14 21:34:18,たぬ,酒か？
2022-02-14 21:34:27,みよッピ,王冠の音がw
2022-02-14 21:34:31,38号,かんぱーい
2022-02-14 21:34:33,陸太郎,なっちゃんも飲むの？
2022-02-14 21:34:34,たくや,キンキンに冷えてやがる？
2022-02-14 21:34:34,クリアマインド,深層でするお食事会ヤバそう
2022-02-14 21:34:39,けつあご,ｶﾝﾊﾟｲ
2022-02-14 21:34:40,北澤シャモたろう,リンゴ汁
2022-02-14 21:34:44,かわいいべるちゃん,りんごのお酒かー　いいなー
2022-02-14 21:34:45,IndianaZoo (Video Dir.),シードルじゃないのか
2022-02-14 21:34:45,陸太郎,シードル？
2022-02-14 21:34:47,半分芯でいる。,シードル？
2022-02-14 21:34:51,空太郎,草
2022-02-14 21:35:01,まいまい,シードル
2022-02-14 21:34:52,ぽいなっぷる,美味しそう
2022-02-14 21:34:53,すっぴんきつね,酒やないかい！
2022-02-14 21:34:53,シズレ,りんごジュース…w
2022-02-14 21:34:53,みよッピ,しーーどる？
2022-02-14 21:34:59,かわいいべるちゃん,あー　うまそう
2022-02-14 21:34:59,ヤス,りんご酒？
2022-02-14 21:35:01,まつ,女子会感w
2022-02-14 21:35:02,38号,ジュース？
2022-02-14 21:35:02,クリアマインド,何歳だっけ？
2022-02-14 21:35:03,ネーコース,ジュース？
2022-02-14 21:35:04,陸太郎,ばくじゅう
2022-02-14 21:35:05,けつあご,アップルキリン
2022-02-14 21:35:06,かわいいべるちゃん,りんごのビールだ
2022-02-14 21:35:10,オージャック,バクジュー
2022-02-14 21:35:11,陸太郎,ビールの原料だね
2022-02-14 21:35:16,おかゆ,戻ったんだね！よかた
2022-02-14 21:35:16,まつ,麦汁
2022-02-14 21:35:18,クモザブロー,ばくじゅうで変換できたわ
2022-02-14 21:35:21,アル晴れ,ばくじゅう♡
2022-02-14 21:35:22,cheruno,？？？？
2022-02-14 21:35:24,ヤス,えぇ…
2022-02-14 21:35:25,たくや,え？
2022-02-14 21:35:25,たぬ,わかんないw
2022-02-14 21:35:26,九分ななりん,なんでやねんｗｗ
2022-02-14 21:35:26,ネーコース,え……？
2022-02-14 21:35:27,権兵衛,？
2022-02-14 21:35:28,オージャック,わかる
2022-02-14 21:35:34,けつあご,どっちも正解かな
2022-02-14 21:35:36,ヒラボウ,シードルかと思った。ばくじゅうやとおもう
2022-02-14 21:35:37,YAMAOKA,むぎじる♡
2022-02-14 21:35:38,かわいいべるちゃん,何％？
2022-02-14 21:35:42,らぶちゃん,わかる
2022-02-14 21:35:45,IndianaZoo (Video Dir.),むぎじるでBANされちゃう?
2022-02-14 21:35:46,陸太郎,？？？？
2022-02-14 21:35:54,ヤス,少しわかってきたかも
2022-02-14 21:35:54,ゆにゆに,なんでそうなるww
2022-02-14 21:35:57,まつ,とんじるはエッチ
2022-02-14 21:35:59,みよッピ,麦「汁でちゃうー」
2022-02-14 21:35:59,かわいいべるちゃん,みろちゃんの麦汁　ほんとだ！:exploding_head:
2022-02-14 21:36:07,ヤス,豚汁はちがう
2022-02-14 21:36:09,北澤シャモたろう,麦汁だしちゃえ♡
2022-02-14 21:36:10,ぼのぼの,じゅうの音感？
2022-02-14 21:36:12,権兵衛,むぎじるはまだわかる
2022-02-14 21:36:13,cheruno,えっちかい？
2022-02-14 21:36:23,九分ななりん,麦が汁だしてんねんで
2022-02-14 21:36:39,cheruno,さすが
2022-02-14 21:36:39,シズレ,セリ好きやなw
2022-02-14 21:36:44,陸太郎,セリは苦くない？
2022-02-14 21:36:44,アル晴れ,芹ぃｗ
2022-02-14 21:36:46,昼酒,草
2022-02-14 21:36:48,IndianaZoo (Video Dir.),もしかしてベアレンビールのやつか?おいしいビールおいしい
2022-02-14 21:36:51,北澤シャモたろう,草
2022-02-14 21:36:51,クモザブロー,草
2022-02-14 21:36:53,けつあご,独占カード
2022-02-14 21:36:54,たくや,せりないなった
2022-02-14 21:36:55,みよッピ,芹って今日びきかんな
2022-02-14 21:36:56,cheruno,マジで好きな奴じゃん
2022-02-14 21:36:56,たぬ,芹いいい
2022-02-14 21:36:59,すっぴんきつね,草
2022-02-14 21:37:02,ヤス,草
2022-02-14 21:37:16,cheruno,固定コメントがずっと残ってる
2022-02-14 21:37:32,cheruno,根っこの茎が集まったとこうまいのわかる
2022-02-14 21:37:48,昼酒,じじばばｗ
2022-02-14 21:37:51,YAMAOKA,みろちゃんなんか元気だけど既に飲んでる？
2022-02-14 21:37:59,たぬ,ジジババ、ガキ、スラム街の言葉
2022-02-14 21:38:10,カメリア,こんばんは
2022-02-14 21:38:14,九分ななりん,赤い部分か
2022-02-14 21:38:26,ヤマ.パンダ,「なあ、くれよう。あるんだろ？（芹の根っこ）」
2022-02-14 21:38:30,北澤シャモたろう,草
2022-02-14 21:38:31,昼酒,草
2022-02-14 21:38:33,半分芯でいる。,ローソンのほうれん草のごま和え旨い
2022-02-14 21:38:33,IndianaZoo (Video Dir.),お勤めご苦労様でした
2022-02-14 21:38:42,しづき,こんなま〜
2022-02-14 21:38:45,陸太郎,お仕事お疲れさまー！
2022-02-14 21:38:48,けつあご,根っこあると泥が葉っぱについちゃって出荷がね…
2022-02-14 21:38:48,陸太郎,毒ｗ
2022-02-14 21:38:51,cheruno,寒いと赤くなったりせん？
2022-02-14 21:38:55,青鷹,こんばんはー
2022-02-14 21:38:56,クモザブロー,分かる。あの色は毒みたいで不安になる
2022-02-14 21:38:59,つきみ,あれ鉄分ですので大丈夫
2022-02-14 21:39:08,つきみ,あかいの
2022-02-14 21:39:41,IndianaZoo (Video Dir.),ベアレンのビールはハズレなしでうまい
2022-02-14 21:39:54,クモザブロー,草
2022-02-14 21:39:54,みよッピ,シャレオツなやつな
2022-02-14 21:39:56,陸太郎,ひどいｗ
2022-02-14 21:39:57,北澤シャモたろう,なまほしちゃんさぁ！
2022-02-14 21:39:57,まつ,ばれるｗ
2022-02-14 21:39:59,空太郎,草
2022-02-14 21:40:00,cheruno,草
2022-02-14 21:40:01,シズレ,あぶないw
2022-02-14 21:40:02,ポリギョン,外で言われるのきついｗ
2022-02-14 21:40:03,IndianaZoo (Video Dir.),DWUお姉さまさ…
2022-02-14 21:40:06,けつあご,草
2022-02-14 21:40:06,昼酒,ばれちゃう
2022-02-14 21:40:06,ターネイ,えっ、なまほしちゃん！？ってなる
2022-02-14 21:40:07,つきみ,やぶぇ...
2022-02-14 21:40:09,イカノウェスト,草
2022-02-14 21:40:11,けつあご,なっちゃん…
2022-02-14 21:40:13,ton ton,羞恥プレイすぎるｗ
2022-02-14 21:40:15,YAMAOKA,気を付けんと
2022-02-14 21:40:16,陸太郎,Ｄお嬢はずっと変わらないのね…
2022-02-14 21:40:18,まつ,素で言ってそう
2022-02-14 21:40:19,半分芯でいる。,お嬢・・・あかんぞ
2022-02-14 21:40:21,ばっくれ十郎行家,草
2022-02-14 21:40:22,cheruno,新人のお嬢さぁ
2022-02-14 21:40:25,アル晴れ,草
2022-02-14 21:40:30,けつあご,ディープウェブアンダーグラウンドさんやめてくださいよぉ～
2022-02-14 21:40:30,たくや,新人だからしょうがないね
2022-02-14 21:40:34,クモザブロー,お嬢はまだ新人名乗ってるから……
2022-02-14 21:40:35,たぬ,気にしないかも
2022-02-14 21:40:39,IndianaZoo (Video Dir.),加藤さんとかなにかないのか…
2022-02-14 21:40:41,yoshi,他箱の新人かよw
2022-02-14 21:40:41,cheruno,お姉さま！？
2022-02-14 21:40:43,ヤマ.パンダ,お姉さまは、お姉さまだしな
2022-02-14 21:40:55,シズレ,草
2022-02-14 21:40:55,ふじず,めちゃわらったｗｗ
2022-02-14 21:41:03,カメリア,流石深層組
2022-02-14 21:41:05,たで,草
2022-02-14 21:41:08,陸太郎,あの時そうだったのｗ
2022-02-14 21:41:13,冬丸よきた,草
2022-02-14 21:41:22,yoshi,新人Vtuberの面目躍如だな
2022-02-14 21:41:26,たくや,草
2022-02-14 21:41:30,ヤマ.パンダ,あぁ、あそこな
2022-02-14 21:41:30,たぬ,うさぎのV
2022-02-14 21:41:37,半分芯でいる。,だめじゃん
2022-02-14 21:41:44,たぬ,お姉様クビやぞ！？
2022-02-14 21:41:46,IndianaZoo (Video Dir.),あぁいい新人の集まらなかった…
2022-02-14 21:41:52,ターネイ,ゆにクリ・・
2022-02-14 21:41:53,かわいいべるちゃん,見たわ
2022-02-14 21:41:56,アル晴れ,えぇｗｗ
2022-02-14 21:41:59,水無瀬秀則,新人デビューゼロの悪夢のところか
2022-02-14 21:41:59,かわいいべるちゃん,契約解除したんよな
2022-02-14 21:41:59,みよッピ,お口ガバガバガバナンスw
2022-02-14 21:42:00,けつあご,ゆに・・・
2022-02-14 21:42:01,つきみ,ひま○ちゃん....ご愁傷...
2022-02-14 21:42:01,濃口ソース太朗,スタッフに●ねって言ったりする候補がいるところ...
2022-02-14 21:42:08,yoshi,ゆにくりあっ……
2022-02-14 21:42:09,ネーコース,えぇ……
2022-02-14 21:42:10,半分芯でいる。,〇ニクリエイトのことかｗ
2022-02-14 21:42:11,ヤマ.パンダ,リテラシーのない子が、中心人物だとどうなるのですか？
2022-02-14 21:42:13,クモザブロー,お嬢ほんまｗ
2022-02-14 21:42:14,Box Box,えぇww
2022-02-14 21:42:15,まつ,リテラシーがバグっているお姉さま？
2022-02-14 21:42:19,YAMAOKA,あれは英断だと思う
2022-02-14 21:42:21,牛丼屋の常連,ありえそうで怖い
2022-02-14 21:42:49,たぬ,解釈一致した
2022-02-14 21:42:53,陸太郎,普通にかぶってて笑った
2022-02-14 21:43:02,ふじず,あれ面白かったｗ
2022-02-14 21:43:08,Box Box,あれほんと草
2022-02-14 21:43:09,シズレ,ある意味期待通りw
2022-02-14 21:43:21,片手片手,こんなま〜
2022-02-14 21:43:25,IndianaZoo (Video Dir.),セバスに任せきりの結果が…
2022-02-14 21:43:28,たぬ,3年目の新人に対する配慮が足りなかったね
2022-02-14 21:43:32,しづき,不憫に思ったファン優しい…
2022-02-14 21:43:35,つきみ,予測の範囲内草
2022-02-14 21:43:41,cheruno,草
2022-02-14 21:43:46,クモザブロー,なまほしちゃんがチラ見えしてんのもお嬢らしくて好きだったわｗ
2022-02-14 21:43:49,ぼのぼの,お姉さまismを感じたｗ
2022-02-14 21:43:57,IndianaZoo (Video Dir.),そんなことまで把握してるんだw
2022-02-14 21:43:58,陸太郎,リスナー認知すごい
2022-02-14 21:44:08,cheruno,ファンの鏡
2022-02-14 21:44:10,Box Box,やさしいたけなリスナーじゃん・・・
2022-02-14 21:44:13,北澤シャモたろう,良い人だなぁ
2022-02-14 21:44:18,アル晴れ,草
2022-02-14 21:44:19,ターネイ,お嬢をﾓﾆｮﾓﾆｮ叩くなんて...
2022-02-14 21:44:19,半分芯でいる。,お嬢陽キャだけどITリテラリシー低いからな
2022-02-14 21:44:22,cheruno,運営スタッフの方かな？
2022-02-14 21:44:24,たくや,さすがなまほしちゃん
2022-02-14 21:44:25,ヤス,なんでも知ってるじゃん
2022-02-14 21:44:28,いすといすと,本人より、ファンが堪えられなくなって草
2022-02-14 21:44:32,陸太郎,静かに生きてるのに…
2022-02-14 21:44:41,cheruno,真に受けたり受けなかったりします
2022-02-14 21:44:44,すっぴんきつね,へー
2022-02-14 21:44:44,けつあご,アルミホイル頭に巻かなきゃ…
2022-02-14 21:44:46,牛丼屋の常連,ほぇ〜
2022-02-14 21:44:47,れっさぁぱんだ,さすセバ
2022-02-14 21:44:52,シズレ,ひえ
2022-02-14 21:44:52,たぬ,男にはされたくない
2022-02-14 21:44:53,アル晴れ,さすセバ
2022-02-14 21:44:56,しづき,大人しくしとこ…
2022-02-14 21:44:56,cheruno,あまり認知されてるとか考えると硬くなっちゃうからなぁ
2022-02-14 21:44:59,ヤマ.パンダ,ツイッターにアルミホイル巻かなきゃ
2022-02-14 21:45:01,ヤス,ひぇっ
2022-02-14 21:45:07,ばっくれ十郎行家,ゆのせば
2022-02-14 21:45:12,cheruno,草
2022-02-14 21:45:21,ton ton,セバスに認知されてるってドキドキしちゃう///
2022-02-14 21:45:23,みよッピ,天然のアンチがいなくなっちゃう！
2022-02-14 21:45:24,しーちきん,草
2022-02-14 21:45:25,昼酒,草
2022-02-14 21:45:25,cheruno,めっちゃ弄られてる社長草
2022-02-14 21:45:27,オージャック,草
2022-02-14 21:45:27,たくや,ツイッターフォローするの怖くなった
2022-02-14 21:45:28,クモザブロー,草
2022-02-14 21:45:29,アル晴れ,草
2022-02-14 21:45:31,冬丸よきた,草
2022-02-14 21:45:33,yoshi,社長がスパチャで殴ってくるの草
2022-02-14 21:45:35,北澤シャモたろう,草
2022-02-14 21:45:42,いすといすと,社長虹スパしてたw
2022-02-14 21:45:45,半分芯でいる。,草だなぁ
2022-02-14 21:45:46,ヤマ.パンダ,うーん。知能派
2022-02-14 21:45:47,38号,草
2022-02-14 21:45:48,cheruno,さすみろ
2022-02-14 21:45:50,陸太郎,虹スパすごかった
2022-02-14 21:45:50,IndianaZoo (Video Dir.),社長いたら返事てくださいは確定技すぎて草
2022-02-14 21:45:55,れっさぁぱんだ,業務連絡（スパチャ）
2022-02-14 21:45:56,シズレ,草
2022-02-14 21:45:57,cheruno,草
2022-02-14 21:46:03,昼酒,草
2022-02-14 21:46:06,陸太郎,し、し
2022-02-14 21:46:06,すっぴんきつね,湿気てんなは草
2022-02-14 21:46:07,牛丼屋の常連,しけてんな〜w
2022-02-14 21:46:09,Box Box,なんか（額が）たんねぇよなぁ？
2022-02-14 21:46:09,cheruno,しけてんなぁ！！
2022-02-14 21:46:10,イカノウェスト,草
2022-02-14 21:46:11,たくや,草
2022-02-14 21:46:13,北澤シャモたろう,しけてんなぁ！
2022-02-14 21:46:15,かわいいべるちゃん,しけてんなぁ
2022-02-14 21:46:17,シズレ,しけ…
2022-02-14 21:46:18,くらくらてるて,草
2022-02-14 21:46:25,cheruno,なんか色が寒いなぁ！
2022-02-14 21:46:30,かわいいべるちゃん,収益化記念配信あとで美那雄祖
2022-02-14 21:46:31,半分芯でいる。,コラボ先にも社長きとるの？
2022-02-14 21:46:37,いすといすと,湿気てんなは草
2022-02-14 21:46:42,けつあご,おら！飛んでみろよ社長！ﾁｬﾘﾝﾁｬﾘﾝﾝ　あんじゃねえか！
2022-02-14 21:46:49,たぬ,せめてw
2022-02-14 21:46:51,アル晴れ,草
2022-02-14 21:46:55,シズレ,くれたんだw
2022-02-14 21:46:59,牛丼屋の常連,社長の意地が見れたw
2022-02-14 21:47:03,cheruno,初めてが社長かぁ
2022-02-14 21:47:10,れっさぁぱんだ,虹スパする社長かわ
2022-02-14 21:47:10,北澤シャモたろう,初めてが社長…
2022-02-14 21:47:13,かわいいべるちゃん,初めては社長でした／／／
2022-02-14 21:47:14,クモザブロー,今見てるかなｗ
2022-02-14 21:47:24,けつあご,循環して結局Youtubeさんが儲かる
2022-02-14 21:47:25,Box Box,はじめてが社長だなんんてそんな・・・
2022-02-14 21:47:28,れっさぁぱんだ,〆麺はさり麺しか勝たん
2022-02-14 21:47:40,cheruno,社長ゆるせねぇ
2022-02-14 21:47:48,かわいいべるちゃん,食べるとおいしいんよ
2022-02-14 21:47:53,けつあご,〆は雑炊？うどん？
2022-02-14 21:47:55,陸太郎,せりは七草がゆぐらいしか食べたことないかも
2022-02-14 21:48:01,ヤス,すっご
2022-02-14 21:48:02,かわいいべるちゃん,割と和食党のみろちゃん
2022-02-14 21:48:06,Box Box,すご
2022-02-14 21:48:07,シズレ,え、すごw
2022-02-14 21:48:08,昼酒,えっすご！
2022-02-14 21:48:10,たで,すご
2022-02-14 21:48:12,かわいいべるちゃん,すげー
2022-02-14 21:48:13,陸太郎,はんごろしにします
2022-02-14 21:48:25,cheruno,つくった？？？
2022-02-14 21:48:41,cheruno,すごい
2022-02-14 21:48:43,みよッピ,これは女子力ありますわ
2022-02-14 21:48:52,Box Box,かしこい
2022-02-14 21:48:54,陸太郎,やってみるのが楽しいんだよね～
2022-02-14 21:48:56,水無瀬秀則,ソースも自作しそう
2022-02-14 21:49:00,cheruno,秋田
2022-02-14 21:49:00,アル晴れ,本場の味
2022-02-14 21:49:01,かわいいべるちゃん,郷土料理も家によって違うから
2022-02-14 21:49:04,陸太郎,あきた
2022-02-14 21:49:05,アル晴れ,秋田？
2022-02-14 21:49:12,cheruno,ながれてる
2022-02-14 21:49:13,ヤス,流れてない
2022-02-14 21:49:15,陸太郎,薄く流れてるよ
2022-02-14 21:49:18,かわいいべるちゃん,流れてるのか
2022-02-14 21:49:21,アル晴れ,BGM流れてますよ〜
2022-02-14 21:49:23,ヤス,流れた
2022-02-14 21:49:24,TT gedo,めっちゃ微小
2022-02-14 21:49:24,yoshi,ぶぉぉぉぉおて音にかき消されてる
2022-02-14 21:49:25,シズレ,流れてるよ
2022-02-14 21:49:27,かわいいべるちゃん,あ　聴こえた
2022-02-14 21:49:28,たぬ,小さめだけど、それでいいかな
2022-02-14 21:49:31,cheruno,やめてやめてええええええええええ
2022-02-14 21:49:36,ネーコース,小さめで流れてるよー
2022-02-14 21:49:38,オージャック,流れてる
2022-02-14 21:49:39,アル晴れ,草
2022-02-14 21:49:40,かわいいべるちゃん,なんも聞こえなくなった？
2022-02-14 21:49:41,陸太郎,さっきぐらい小さくてもいいよ
2022-02-14 21:49:44,権兵衛,ご容赦を…
2022-02-14 21:49:48,hisato:)),こんにちは:fox:
2022-02-14 21:50:04,けつあご,毒ゼリがあるからな…
2022-02-14 21:50:08,cheruno,鼓膜助かった、この二人なら”やる”凄味がある
2022-02-14 21:50:10,かわいいべるちゃん,ぶおーって何のおとー？
2022-02-14 21:50:30,cheruno,鍋の音～＾
2022-02-14 21:50:30,yoshi,とめるが人にプレゼントを？！
2022-02-14 21:50:56,みつかい,こんばんは
2022-02-14 21:50:59,アル晴れ,きこえるね
2022-02-14 21:51:04,半分芯でいる。,救急車聞こえないの少し悲しい
2022-02-14 21:51:07,ヤス,心臓の音まで聞こえそう
2022-02-14 21:51:11,みよッピ,止まった
2022-02-14 21:51:14,38号,エアコンかな
2022-02-14 21:51:14,cheruno,IHだね、そのあとにエアコンも聞こえるが
2022-02-14 21:51:23,ネーコース,止まった？
2022-02-14 21:51:37,38号,どっちも聞こえてる
2022-02-14 21:51:37,yoshi,IHが1番でかいね
2022-02-14 21:51:41,アル晴れ,臨場感
2022-02-14 21:51:44,cheruno,やったぜ
2022-02-14 21:51:44,けつあご,IH＞＞エアコンぐらいの音量
2022-02-14 21:51:49,ヤス,おお
2022-02-14 21:51:49,やさい,そのマイクを置きに行ってとめるちゃんはせっちゃんに会ってしまったのか
2022-02-14 21:51:53,かわいいべるちゃん,サラウンドヘッドホンにしたった　臨場感やばい
2022-02-14 21:51:53,九分ななりん,臨場感いっぱいや
2022-02-14 21:51:55,ヤマ.パンダ,どうせ、そのうち慣れる
2022-02-14 21:51:57,みよッピ,スタンドッ！
2022-02-14 21:52:00,ヤス,世界が広がった
2022-02-14 21:52:01,Box Box,エアコンASMRたすからない
2022-02-14 21:52:03,cheruno,めっちゃいい
2022-02-14 21:52:08,けつあご,Yetiマイクか
2022-02-14 21:52:16,陸太郎,いい
2022-02-14 21:52:20,たくや,部屋だわ
2022-02-14 21:52:24,cheruno,おこた最高
2022-02-14 21:52:24,かわいいべるちゃん,なんか興奮してきた
2022-02-14 21:52:24,ネーコース,たすからない……
2022-02-14 21:52:27,オージャック,いていいのか？
2022-02-14 21:52:30,ヤス,あっ
2022-02-14 21:52:30,たぬ,ミロちゃんのどこで買えるの
2022-02-14 21:52:30,かわいいべるちゃん,なんか注いでた
2022-02-14 21:52:31,yoshi,萌え声生主配信かな？？？
2022-02-14 21:52:32,38号,草
2022-02-14 21:52:34,けつあご,いいのか？
2022-02-14 21:52:35,Box Box,バレンタイン・・・？？？
2022-02-14 21:52:36,ヤマ.パンダ,鍋の音もするし
2022-02-14 21:52:36,ヤス,バレンタイン…
2022-02-14 21:52:39,アル晴れ,たすかっている
2022-02-14 21:52:49,cheruno,あ～～～
2022-02-14 21:52:52,Box Box,うわぁ・・・
2022-02-14 21:52:56,牛丼屋の常連,バレンタインだったかー(
2022-02-14 21:53:06,陸太郎,お菓子はちゃんと冷ましてからじゃないと形変わったりするよね
2022-02-14 21:53:13,IndianaZoo (Video Dir.),もう実質バレンタインオフ会だわこれ
2022-02-14 21:53:16,ネーコース,バレンタイン……？
2022-02-14 21:53:20,アル晴れ,たくましいｗ
2022-02-14 21:53:32,yoshi,もぐもぐASMRたすかる
2022-02-14 21:53:34,cheruno,友達TVで効率的な料理作ってる？
2022-02-14 21:53:41,ヤマ.パンダ,空間にあれば質量は一緒
2022-02-14 21:53:52,オージャック,あるある
2022-02-14 21:53:59,たぬ,食べちゃったのか
2022-02-14 21:54:19,cheruno,ぐつぐつぐつぐつ
2022-02-14 21:54:24,陸太郎,大人な味がいいんだね
2022-02-14 21:54:47,yoshi,2/27
2022-02-14 21:54:48,陸太郎,大人のレディ
2022-02-14 21:54:52,runawk,とちおとめとはいちごのこと
2022-02-14 21:54:55,たぬ,あのストア、なぜかミロちゃんの買えない
2022-02-14 21:54:55,かわいいべるちゃん,２個かったよー
2022-02-14 21:54:57,半分芯でいる。,予約しないと
2022-02-14 21:54:58,cheruno,うおおおおおおおお
2022-02-14 21:55:02,ヤマ.パンダ,宣伝たすかる
2022-02-14 21:55:04,TT gedo,しっかりしてんじゃん
2022-02-14 21:55:04,たくや,ナイス宣伝
2022-02-14 21:55:05,たで,草
2022-02-14 21:55:06,いすといすと,宣伝してて草
2022-02-14 21:55:06,シズレ,宣伝ありがとうw
2022-02-14 21:55:12,クモザブロー,草
2022-02-14 21:55:14,runawk,ナイス宣伝
2022-02-14 21:55:16,半分芯でいる。,メッセージカードも付くよ
2022-02-14 21:55:17,cheruno,みろちゃんのチョコはどこで売ってますか？
2022-02-14 21:55:22,牛丼屋の常連,ナイス宣伝w
2022-02-14 21:55:22,陸太郎,ナイス
2022-02-14 21:55:27,たぬ,今日貰えないからな…
2022-02-14 21:55:29,yoshi,深層組因縁の数字27
2022-02-14 21:55:30,カメリア,CMのお時間
2022-02-14 21:55:31,fueloisiioniku,みろちからもチョコ欲しい
2022-02-14 21:55:32,runawk,届くの3月やぞ
2022-02-14 21:55:37,Box Box,手書きはポイント高い
2022-02-14 21:55:39,ヤマ.パンダ,なんと今なら、タペストリーも買えちゃう！
2022-02-14 21:55:40,cheruno,魔法の数字27
2022-02-14 21:55:45,IndianaZoo (Video Dir.),みたいw
2022-02-14 21:55:50,空太郎,みたいやなw
2022-02-14 21:55:54,いすといすと,直筆(印刷)
2022-02-14 21:55:55,TT gedo,みたい…:crying_face:
2022-02-14 21:56:01,ヤマ.パンダ,アクスタ
2022-02-14 21:56:06,たぬ,社長さん、ミロちゃんのどこ
2022-02-14 21:56:07,半分芯でいる。,アクスタや
2022-02-14 21:56:11,IndianaZoo (Video Dir.),等身大はすごい
2022-02-14 21:56:18,ネーコース,届くの３月？つまりホワイトデー？
2022-02-14 21:56:20,ヤス,鍋のぐつぐつしてる音が聞こえる
2022-02-14 21:56:20,yoshi,予算内でどれを買うか迷ってる……おすすめは？
2022-02-14 21:56:21,陸太郎,お鍋ぐつぐつ
2022-02-14 21:56:38,陸太郎,セッちゃんセクシー
2022-02-14 21:56:40,IndianaZoo (Video Dir.),なまいきは同じ人だから統一感あってよい
2022-02-14 21:56:50,cheruno,セッちゃんせくしー
2022-02-14 21:56:56,アル晴れ,鍋の音いいなぁ
2022-02-14 21:57:07,yoshi,転生のご案内ww
2022-02-14 21:57:08,アル晴れ,草
2022-02-14 21:57:09,たぬ,BBQはありますか
2022-02-14 21:57:10,cheruno,転生のご案内
2022-02-14 21:57:21,yoshi,BBQ！BBQ！
2022-02-14 21:57:22,じぇろ,ブラック企業の誘い文句じゃん
2022-02-14 21:57:22,いすといすと,ブラック企業かな?
2022-02-14 21:57:22,cheruno,完全にセバスの悪乗りなんだよなぁ
2022-02-14 21:57:23,IndianaZoo (Video Dir.),追記がおもしろすぎる
2022-02-14 21:57:27,たこやきさらだ,ブラック求人ｗ
2022-02-14 21:57:28,空太郎,草
2022-02-14 21:57:28,TT gedo,福利厚生の手厚さを訴えていこう
2022-02-14 21:57:38,半分芯でいる。,BBQｗ
2022-02-14 21:57:38,昼酒,開催実績なし！
2022-02-14 21:57:39,TT gedo,BBQしたいのお嬢だけだろ:lying_face:
2022-02-14 21:57:39,クモザブロー,誰のことやろなぁｗ
2022-02-14 21:57:40,シズレ,ブラック企業欲張りセット
2022-02-14 21:57:41,ヤス,；；
2022-02-14 21:57:44,水無瀬秀則,クレーム…
2022-02-14 21:57:48,cheruno,新人には寿司です
2022-02-14 21:57:50,ネーコース,ブラック企業の求人広告？
2022-02-14 21:57:54,アル晴れ,ぼう狙い撃ちの人かぁｗ
2022-02-14 21:58:03,じぇろ,まだ身内でドア越し以外で会えない職場なのにバーベキューはね・・
2022-02-14 21:58:03,ヤマ.パンダ,Vの肖像の権利関係も、ちゃんと書いておけばいいと思うんだよね。
2022-02-14 21:58:08,runawk,BBQしたら家燃えそう
2022-02-14 21:58:14,スペースアニキ,とめるの家でやろうぜ！！！
2022-02-14 21:58:15,陸太郎,ひどｗ
2022-02-14 21:58:15,cheruno,社長泣いちゃう
2022-02-14 21:58:16,たぬ,社長さん泣いてるw
2022-02-14 21:58:17,シズレ,草
2022-02-14 21:58:18,れんこん職人,潰れたらw
2022-02-14 21:58:19,いすといすと,旧セバスかな？
2022-02-14 21:58:20,IndianaZoo (Video Dir.),もう潰れる想定w
2022-02-14 21:58:20,陸太郎,マイクじじじ
2022-02-14 21:58:21,yoshi,深層組BBQ派より圧倒的に寿司派がおおいんだよな
2022-02-14 21:58:24,TT gedo,社長泣くでｗ
2022-02-14 21:58:24,ton ton,草
2022-02-14 21:58:25,牛丼屋の常連,社長ww
2022-02-14 21:58:30,しづき,ジジジーーー
2022-02-14 21:58:30,TT gedo,謎のノイズが入ってるぞ
2022-02-14 21:58:36,空太郎,マイク接続不良か？
2022-02-14 21:58:38,九分ななりん,取って付けたような大丈夫
2022-02-14 21:58:39,クモザブロー,ノイズが
2022-02-14 21:58:44,たこやきさらだ,接触不良系のノイズが
2022-02-14 21:58:45,cheruno,全集買いは富豪
2022-02-14 21:58:47,いすといすと,虫が飛んでますw
2022-02-14 21:58:49,陸太郎,Ｌから謎のノイズが
2022-02-14 21:58:50,たぬ,じじじって何？髭剃ってるの
2022-02-14 21:58:51,cheruno,ｼﾞｰ
2022-02-14 21:58:55,IndianaZoo (Video Dir.),左側からノイズが
2022-02-14 21:58:57,Centrum,ジジジって音が
2022-02-14 21:59:02,牛丼屋の常連,ノイズがジジジー
2022-02-14 21:59:04,みよッピ,ジジ……ジジ…ジ…
2022-02-14 21:59:06,yoshi,予算20000で買えるおすすめは？？
2022-02-14 21:59:06,じぇろ,脳内に直接ノイズ入ったのかと思ってアルミホイル巻いてたわ
2022-02-14 21:59:09,cheruno,あぁ～＾耳がしびれる～
2022-02-14 21:59:11,スペースアニキ,ノイスで洗脳される
2022-02-14 21:59:15,しづき,全姉妹+自分の推しは2つってのみた
2022-02-14 21:59:24,ヤス,コバエが飛んでる
2022-02-14 21:59:31,いすといすと,ぐわあああ
2022-02-14 21:59:32,YAMAOKA,洗脳されてる
2022-02-14 21:59:36,昼酒,あばばばｂ
2022-02-14 21:59:37,たぬ,うーん:face_with_monocle:
2022-02-14 21:59:38,yoshi,買います！
2022-02-14 21:59:39,すっぴんきつね,ノイズがががが
2022-02-14 21:59:41,陸太郎,それ聞かせて！
2022-02-14 21:59:45,cheruno,ほえー
2022-02-14 21:59:46,TT gedo,まだでてないのにｗ
2022-02-14 21:59:47,ka ta,はげしくなった
2022-02-14 21:59:55,IndianaZoo (Video Dir.),みろちゃんのは音源をDL販売で買いましょう
2022-02-14 21:59:58,しづき,ノイズが、頭が、毒電波に犯され…
2022-02-14 22:00:07,ネーコース,アクリルスタンドほしい
2022-02-14 22:00:12,cheruno,ﾌﾞｯﾁｯﾁｯﾁｯﾁ
2022-02-14 22:00:13,みよッピ,これがもしや…催眠？！
2022-02-14 22:00:25,たで,ノイズ＞BGM
2022-02-14 22:00:26,cheruno,オリジナル曲？？？
2022-02-14 22:00:28,cheruno,まじか
2022-02-14 22:00:30,たぬ,ラブレス
2022-02-14 22:00:31,いすといすと,消えないノイズ
2022-02-14 22:00:31,でんちゅうあらた,ノイズASMR
2022-02-14 22:00:43,かわいいべるちゃん,うちも今日聞いた
2022-02-14 22:00:46,IndianaZoo (Video Dir.),やっぱりサブスクより音源買ったほうが入りますよね?
2022-02-14 22:00:50,ヤス,あれ良かった
2022-02-14 22:01:08,陸太郎,ハイレゾあるよね
2022-02-14 22:01:21,カメリア,買ったけど聴き方分からなくなっちゃって結局YouTubeで毎日聴いてる
2022-02-14 22:01:24,半分芯でいる。,収まった
2022-02-14 22:01:24,YAMAOKA,ラヴレス好き
2022-02-14 22:01:34,cheruno,草
2022-02-14 22:01:34,クモザブロー,草
2022-02-14 22:01:36,たぬ,正解
2022-02-14 22:01:40,すっぴんきつね,草
2022-02-14 22:01:42,れんこん職人,You Tubeより音全然いーね
2022-02-14 22:01:44,やさい,草
2022-02-14 22:01:45,オージャック,どっちもだった
2022-02-14 22:01:46,IndianaZoo (Video Dir.),たしかに
2022-02-14 22:01:46,ニート・ニートホッパー,こんなま
2022-02-14 22:01:47,じぇろ,タペストリーの服装とめるちゃんだけなんかえちちだわ
2022-02-14 22:01:47,シズレ,それはそうw
2022-02-14 22:01:54,たぬ,アカウト用意して何個も買おう
2022-02-14 22:01:55,YAMAOKA,ノイズすごい催眠音声みたい
2022-02-14 22:02:18,かわいいべるちゃん,moraで買ったー
2022-02-14 22:02:25,yoshi,ノイズ音コメ一生無視するやんww
2022-02-14 22:02:25,みよッピ,サブリミナル効果ありそうなノイズ
2022-02-14 22:02:42,たで,レコチョク懐
2022-02-14 22:02:57,クモザブロー,ノイズ直った
2022-02-14 22:02:59,38号,なおった
2022-02-14 22:02:59,ヤス,治った
2022-02-14 22:03:00,半分芯でいる。,thx
2022-02-14 22:03:00,yoshi,なおった
2022-02-14 22:03:02,IndianaZoo (Video Dir.),モノだと消えるね
2022-02-14 22:03:02,TT gedo,なおった。とても助かった
2022-02-14 22:03:03,しづき,消えました
2022-02-14 22:03:03,しーちきん,なおりました
2022-02-14 22:03:04,HOKE- HOKE-,このノイズワイのイヤホン産じゃなかったんだ
2022-02-14 22:03:07,アル晴れ,今は大丈夫かな
2022-02-14 22:03:07,オージャック,ありがとうね
2022-02-14 22:03:09,シズレ,治っちゃった
2022-02-14 22:03:09,ヤマ.パンダ,着メロはあるの？
2022-02-14 22:03:12,cheruno,斜め45度からチョップよ
2022-02-14 22:03:14,YAMAOKA,催眠解けた
2022-02-14 22:03:22,いすといすと,ヤバいノイズだったよ。
2022-02-14 22:03:24,IndianaZoo (Video Dir.),接触系のアナログノイズっぽかった
2022-02-14 22:03:26,昼酒,たたけば治る
2022-02-14 22:03:27,クモザブロー,左耳がやばかった
2022-02-14 22:03:29,かわいいべるちゃん,ヘッドホンいかれたかと思た
2022-02-14 22:03:39,れんこん職人,おまかんかと思ってた
2022-02-14 22:03:40,toohigh,電磁波みたいな音がしてた
2022-02-14 22:03:41,みよッピ,心霊現象かと思ったわw
2022-02-14 22:03:44,TT gedo,爆音系じゃないけどね
2022-02-14 22:03:52,ton ton,なまほしちゃんの鍋すすってる音じゃなかったのか
2022-02-14 22:03:52,牛丼屋の常連,おまかんw
2022-02-14 22:03:55,冬丸よきた,治ったよー
2022-02-14 22:03:56,たぬ,声聞き取れるからスルーできる
2022-02-14 22:04:03,オージャック,我慢できる範疇だった
2022-02-14 22:04:04,cheruno,左だけだとバランス悪いので右耳にも下さい
2022-02-14 22:04:04,たくや,自分のだと思ってましたｗ
2022-02-14 22:04:05,TT gedo,干渉っぽいね
2022-02-14 22:04:08,アル晴れ,おまかんたしかに
2022-02-14 22:04:09,ヤス,洗脳されそうな音だった
2022-02-14 22:04:15,ヤマ.パンダ,急になまほしちゃん、テクノに目覚めたのかと思った
2022-02-14 22:04:16,鷹彰【たかあき】,エアコンだかPCのファン音だとかの、ウィンウィンって音はずっと聴こえるよ
2022-02-14 22:04:22,YAMAOKA,バックの音もキレイになった感じする
2022-02-14 22:04:26,クモザブロー,とんでもねぇ奴がおるなｗ
2022-02-14 22:04:26,すっぴんきつね,自身の環境かと思って調べてた
2022-02-14 22:04:29,半分芯でいる。,若者だけ聞こえる音
2022-02-14 22:04:56,れんこん職人,EDMかな
2022-02-14 22:04:59,LPB,金髪ロリの子ね
2022-02-14 22:05:04,cheruno,急に音楽性切り替わるとビビるで
2022-02-14 22:05:05,アル晴れ,草
2022-02-14 22:05:38,冬丸よきた,こわいw
2022-02-14 22:05:48,みよッピ,ラーメン！ラーメン！
2022-02-14 22:06:02,たぬ,おばくく？
2022-02-14 22:06:07,陸太郎,気分的にね
2022-02-14 22:06:12,半分芯でいる。,二段階認証描けててもyoutube垢乗っ取られた事例あるからね
2022-02-14 22:06:13,牛丼屋の常連,そうだねw
2022-02-14 22:06:29,シズレ,そうかもw
2022-02-14 22:06:30,たぬ,リトライ速度がガチやった
2022-02-14 22:06:31,IndianaZoo (Video Dir.),あれは下手同士で罵り合うゲームかもしれない
2022-02-14 22:06:34,cheruno,世界取れそう
2022-02-14 22:06:48,陸太郎,中毒
2022-02-14 22:06:53,YAMAOKA,ゲームでも働いてるじゃん
2022-02-14 22:07:03,かわいいべるちゃん,バイトが上手いと感心して見れる　バイトがポンだと笑いながら見れる
2022-02-14 22:07:04,フル。フル。,なまほしさんって処女ですか？
2022-02-14 22:07:14,cheruno,神々の遊びやん
2022-02-14 22:07:19,かわいいべるちゃん,4人プレイ待ってる
2022-02-14 22:07:45,アル晴れ,うん
2022-02-14 22:07:50,みよッピ,切羽詰まってると笑えんな
2022-02-14 22:07:54,たぬ,教育出来ないからね
2022-02-14 22:08:17,たぬ,コラボでやることなのか審議中
2022-02-14 22:08:19,cheruno,仕事だあああああああああ
2022-02-14 22:08:19,YAMAOKA,怒らないで
2022-02-14 22:08:21,オージャック,ガチやん
2022-02-14 22:08:22,フル。フル。,なまほしさんって処女ですか？
2022-02-14 22:08:27,鷹彰【たかあき】,MMOあたりであるある
2022-02-14 22:08:35,cheruno,あったな
2022-02-14 22:08:38,かわいいべるちゃん,:rolling_on_the_floor_laughing::rolling_on_the_floor_laughing::rolling_on_the_floor_laughing:
2022-02-14 22:08:46,たぬ,教育してただけだよね
2022-02-14 22:08:50,かわいいべるちゃん,オバクのイメージ:cold_face:
2022-02-14 22:08:53,ヤマ.パンダ,ぶたないで、ほしいのだ。みろちゃん
2022-02-14 22:08:57,シズレ,草
2022-02-14 22:08:58,cheruno,みろちゃん今日は急にささないで
2022-02-14 22:09:11,陸太郎,辛辣
2022-02-14 22:09:13,cheruno,一番怖いこと言うじゃん
2022-02-14 22:09:16,TT gedo,こえええええ
2022-02-14 22:09:16,オージャック,常套句
2022-02-14 22:09:17,陸太郎,かなしい
2022-02-14 22:09:19,IndianaZoo (Video Dir.),言うね・・・
2022-02-14 22:09:20,しづき,わかる
2022-02-14 22:09:21,YAMAOKA,怖い
2022-02-14 22:09:22,みよッピ,舌打ちしないでほしいのだ…みろちゃん
2022-02-14 22:09:23,ヤマ.パンダ,早く見捨ててクレメンス
2022-02-14 22:09:24,cheruno,それはそう
2022-02-14 22:09:30,アル晴れ,それはマジそう
2022-02-14 22:09:32,フル。フル。,なまほしさんって処女ですか？
2022-02-14 22:09:38,ぽいなっぷる,パワハラ常套句で草
2022-02-14 22:09:41,IndianaZoo (Video Dir.),本当に怒ってたら冷たくなるから
2022-02-14 22:09:43,しづき,言われなくなってニコニコしてなんもお願いしなくなるよ
2022-02-14 22:09:46,cheruno,怒る理由を正当化して言わないでほしいのだ
2022-02-14 22:09:51,cheruno,草
2022-02-14 22:09:51,たぬ,コラボで舌打ち始めて聞いた
2022-02-14 22:09:58,かわいいべるちゃん,言われなくなったら終わりだよ:rolling_on_the_floor_laughing:
2022-02-14 22:10:03,冬丸よきた,草
2022-02-14 22:10:05,ヤス,草
2022-02-14 22:10:13,cheruno,たすかる
2022-02-14 22:10:21,みよッピ,((((；ﾟДﾟ))))ｶﾞｸｶﾞｸﾌﾞﾙﾌﾞﾙ
2022-02-14 22:10:37,IndianaZoo (Video Dir.),このガキww
2022-02-14 22:10:38,cheruno,舌打ちほしいな
2022-02-14 22:10:40,yoshi,主にとめるに
2022-02-14 22:10:40,フル。フル。,なまほしさんって処女ですか？
2022-02-14 22:10:47,アル晴れ,思ってて草
2022-02-14 22:10:56,冬丸よきた,とめるちゃん・・・w
2022-02-14 22:10:59,みよッピ,無言が一番怖い
2022-02-14 22:10:59,YAMAOKA,プロレスの舌打ち
2022-02-14 22:11:02,昼酒,誰に言ったかわかるｗ
2022-02-14 22:11:05,ヤマ.パンダ,言うのは、なまほしちゃんか、ひぐらしの鉄平くらい
2022-02-14 22:11:08,陸太郎,こわい
2022-02-14 22:11:17,アル晴れ,たしかに
2022-02-14 22:11:18,cheruno,プロの舌打ち
2022-02-14 22:11:21,陸太郎,なまほしちゃんのプロレスは安心できるけど舌打ちはこわい
2022-02-14 22:11:21,昼酒,？？？
2022-02-14 22:11:22,cheruno,どういうこと？？？？？
2022-02-14 22:11:23,いすといすと,くさ
2022-02-14 22:11:25,IndianaZoo (Video Dir.),MF!?
2022-02-14 22:11:25,オージャック,草
2022-02-14 22:11:26,ヤス,！？
2022-02-14 22:11:26,YAMAOKA,えぇ...
2022-02-14 22:11:29,cheruno,ﾏｻﾞﾌｧ！！！
2022-02-14 22:11:29,シズレ,？？
2022-02-14 22:11:33,アル晴れ,スラム街じゃんｗｗ
2022-02-14 22:11:34,TT gedo,毒親なんよなあ
2022-02-14 22:11:36,イカノウェスト,えぇ
2022-02-14 22:11:38,れんこん職人,こわっ
2022-02-14 22:11:40,フル。フル。,なまほしさんって処女ですか？
2022-02-14 22:11:40,ヤマ.パンダ,どんな家庭や。。。
2022-02-14 22:11:47,セシドア,草
2022-02-14 22:11:55,みよッピ,ドメスティック！
2022-02-14 22:11:55,れんこん職人,スパニッシュハーレム出身かな？
2022-02-14 22:11:56,かわいいべるちゃん,みろちゃんがゲームの挙動に怒ってる時にコラボ相手が自分のこと言われたって勘違いして怯えてたのほんとかわいそうで腹抱えてワロタ:rolling_on_the_floor_laughing::rolling_on_the_floor_laughing::rolling_on_the_floor_laughing:
2022-02-14 22:11:58,HOKE- HOKE-,親にマザーファッカーって言われるの意味わからないやろ
2022-02-14 22:11:59,ヤマ.パンダ,お前がマザーじゃいと言い返すしかないな
2022-02-14 22:12:08,オージャック,お母さんが「マザーファッカー」って言うの草
2022-02-14 22:12:17,yoshi,サミュエルジャクソンかよ
2022-02-14 22:12:25,ましまし_,お酒はなに飲んでる？
2022-02-14 22:12:31,フル。フル。,なまほしさんって処女ですか？
2022-02-14 22:12:35,アル晴れ,確かに親にまざーふぁっかー言われるの草
2022-02-14 22:12:39,TT gedo,良い話じゃん
2022-02-14 22:12:47,IndianaZoo (Video Dir.),みろちゃんから見たなま亭の新居のご感想聞きたい
2022-02-14 22:13:19,かわいいべるちゃん,ボーナスねーよ！:face_with_symbols_on_mouth:
2022-02-14 22:13:21,シズレ,うっ…
2022-02-14 22:13:23,IndianaZoo (Video Dir.),税金は払ってww
2022-02-14 22:13:27,オージャック,なになに急に…
2022-02-14 22:13:32,陸太郎,税金は早めになんとか…
2022-02-14 22:13:33,38号,普通はボーナスあるんだ
2022-02-14 22:13:34,アル晴れ,納税ｗ
2022-02-14 22:13:35,みよッピ,そんな楽園は地上にはない
2022-02-14 22:13:46,yoshi,ふつう……なに？どこ？ここ？？
2022-02-14 22:13:59,cheruno,えらいねぇ
2022-02-14 22:14:08,たぬ,甘やかすとまずいから、アンチしないと
2022-02-14 22:14:13,yoshi,今日も生きててエライ！！
2022-02-14 22:14:15,オージャック,実際えらいから
2022-02-14 22:14:18,TT gedo,物事を良くするために動くことは良い事に決まってっだろ
2022-02-14 22:14:21,cheruno,まず郵便番号から
2022-02-14 22:14:26,かわいいべるちゃん,引っ越しなんて連休狙うし平日したら有給とって回復測るが？
2022-02-14 22:14:44,れんこん職人,壁ありますか？
2022-02-14 22:14:46,IndianaZoo (Video Dir.),みろちゃんは両方の家行ってる唯一の配信者では?
2022-02-14 22:14:47,冬丸よきた,辛いことなのにできるのはなんでも偉い
2022-02-14 22:14:52,38号,人工太陽買った？
2022-02-14 22:14:55,しづき,壁できてよかった
2022-02-14 22:14:59,たぬ,人間の部屋になったんだ
2022-02-14 22:15:04,ポリバケツ,体がでかいからや
2022-02-14 22:15:05,じぇろ,雨風しのげる！すごい！
2022-02-14 22:15:10,陸太郎,みろちゃんも安心！
2022-02-14 22:15:14,cheruno,壁のある部屋でよかった
2022-02-14 22:15:21,みよッピ,超美麗3D配信期待してますm(_ _)m
2022-02-14 22:15:26,アル晴れ,これが文明か
2022-02-14 22:15:37,オージャック,また幻術なのか…
2022-02-14 22:15:46,IndianaZoo (Video Dir.),ピーポーないのがすごい
2022-02-14 22:15:51,cheruno,マッチ売りのなまほしちゃんの幻覚説
2022-02-14 22:15:59,シズレ,救急車聞こえないのだけが難点
2022-02-14 22:16:02,みよッピ,ロスサントス並の頻度だったな
2022-02-14 22:16:10,いすといすと,:ambulance:冷めちゃった
2022-02-14 22:16:15,かわいいべるちゃん,おおー
2022-02-14 22:16:16,cheruno,くるまだあああああああああ
2022-02-14 22:16:18,ニート・ニートホッパー,催眠でいえと思い込んでいたんか
2022-02-14 22:16:20,たぬ,部屋広くなっから一緒のベットで寝れない…？
2022-02-14 22:16:23,HOKE- HOKE-,車の音助かる
2022-02-14 22:16:26,かわいいべるちゃん,:oncoming_automobile:
2022-02-14 22:16:27,しづき,環境音…
2022-02-14 22:16:28,昼酒,草
2022-02-14 22:16:37,セシドア,救急車さん...
2022-02-14 22:16:43,cheruno,時々おジャ魔女も流そう
2022-02-14 22:16:51,YAMAOKA,ドップラー効果ガチ勢
2022-02-14 22:16:53,HOKE- HOKE-,それなら救急者よりもパトカーの方が良さそう防犯にもなるし
2022-02-14 22:16:59,アル晴れ,波長長くなるやつ
2022-02-14 22:17:13,冬丸よきた,救急車ASMR配信
2022-02-14 22:17:28,中澤由華,きゃーーーーーーーーーーーーーーーーーーーーーーーーーーーー
2022-02-14 22:17:31,ヤマ.パンダ,イキリバイクさん、まだーーーーー
2022-02-14 22:17:39,cheruno,救急車来なかったのかなしい
2022-02-14 22:17:39,陸太郎,かなしい
2022-02-14 22:17:40,中澤由華,うおーーーーーーーーーー
2022-02-14 22:17:44,シズレ,かなしいよ
2022-02-14 22:17:44,昼酒,草
2022-02-14 22:17:46,冬丸よきた,かなしいたけ
2022-02-14 22:17:49,YAMAOKA,かなしい
2022-02-14 22:17:49,たで,悲しいね
2022-02-14 22:17:49,陸太郎,思うようにならないね…
2022-02-14 22:17:53,TT gedo,:crying_face:
2022-02-14 22:17:58,ヤマ.パンダ,もう終わりや、生きる希望が
2022-02-14 22:18:00,じぇろ,救急車も冷えとるわ
2022-02-14 22:18:06,たぬ,マニアックすぎる
2022-02-14 22:18:07,cheruno,いや、いい事なんですけどね
2022-02-14 22:18:10,半分芯でいる。,かなしいたけ
2022-02-14 22:18:15,セシドア,かなしい...
2022-02-14 22:18:20,鷹彰【たかあき】,生放送的には救急車って住所特定のきっかけになって忌まわしいものじゃないの
2022-02-14 22:18:29,オージャック,確かに
2022-02-14 22:18:33,アル晴れ,救急車アーカイブｗｗ
2022-02-14 22:18:35,IndianaZoo (Video Dir.),救急車に最適なアーカイブはどの配信でしょうか?
2022-02-14 22:18:40,たぬ,ねこ！？
2022-02-14 22:18:41,cheruno,マジ？！？！？！？！？！
2022-02-14 22:18:44,cheruno,にゃー－－－－－
2022-02-14 22:18:45,昼酒,お！
2022-02-14 22:18:47,冬丸よきた,次はさおだけやかな
2022-02-14 22:18:48,cheruno,産むの！？？！？！？！？！？！？！
2022-02-14 22:18:48,ヤス,子供！？
2022-02-14 22:18:49,かわいいべるちゃん,妊娠？
2022-02-14 22:18:51,いすといすと,:weary_cat:
2022-02-14 22:18:52,イカノウェスト,！？
2022-02-14 22:18:52,ヤマ.パンダ,にーんしん。にーんしん
2022-02-14 22:18:52,yoshi,産む？！？！
2022-02-14 22:18:53,シズレ,産むは草
2022-02-14 22:18:54,TT gedo,ご出産おめでとうございます猫
2022-02-14 22:18:54,オージャック,産む！？
2022-02-14 22:18:55,昼酒,にゃんこ？
2022-02-14 22:18:55,じぇろ,うちは深夜に上階の人が「天井を叩くな！」ってドア越しに
2022-02-14 22:18:55,YAMAOKA,産むの？ｗ
2022-02-14 22:18:56,みよッピ,すでに調教済みなリスナーやから……
2022-02-14 22:18:56,鷹彰【たかあき】,うむ!?
2022-02-14 22:18:59,cheruno,誰の子よ！？！？？！！？
2022-02-14 22:18:59,Centrum,ご懐妊おめでとうございます
2022-02-14 22:19:00,かわいいべるちゃん,もう臨月
2022-02-14 22:19:02,ton ton,家族が増える！？:unicorn:
2022-02-14 22:19:02,権兵衛,産むの！？！？
2022-02-14 22:19:04,しづき,男か！？
2022-02-14 22:19:05,中澤由華,新しい家族！？
2022-02-14 22:19:05,たぬ,うっ、エンゲージリング
2022-02-14 22:19:06,セシドア,赤さん！？！？！？
2022-02-14 22:19:07,れんこん職人,まさか、歌い手が？
2022-02-14 22:19:09,いっち,おぎゃあ
2022-02-14 22:19:09,HOKE- HOKE-,ハムスターみたいなスピード感
2022-02-14 22:19:10,九分ななりん,産ませてよ！！！！１１１！！！
2022-02-14 22:19:12,ヤス,鳴神ぃ！！
2022-02-14 22:19:13,みよッピ,エイリアンやん
2022-02-14 22:19:17,中澤由華,どーいうこと
2022-02-14 22:19:22,yoshi,vtuberだから見えないのは盲点だったな
2022-02-14 22:19:24,しづき,たったいま生放送終わって帰る準備してるよ٩(ˊᗜˋ*)وなっちゃん
2022-02-14 22:19:25,cheruno,授かりもの！？！？？！？
2022-02-14 22:19:25,まいまい,おめでとうございます
2022-02-14 22:19:25,ヤマ.パンダ,なまほしちゃーん、新しい家族よー
2022-02-14 22:19:27,陸太郎,預かり？？
2022-02-14 22:19:29,かわいいべるちゃん,命を？体内に？
2022-02-14 22:19:29,オージャック,授かり！？
2022-02-14 22:19:33,中澤由華,子供って事
2022-02-14 22:19:45,IndianaZoo (Video Dir.),こども食堂の子を授かる!?
2022-02-14 22:19:46,いすといすと,草
2022-02-14 22:19:54,たで,草
2022-02-14 22:19:54,たぬ,ミロちゃん、その子認知してあげて
2022-02-14 22:19:54,中澤由華,なまほしさんの子供
2022-02-14 22:19:56,TT gedo,授かりもの:thinking_face:
2022-02-14 22:19:56,Centrum,神様から授かったみたいな
2022-02-14 22:20:03,TT gedo,物は言いようだな
2022-02-14 22:20:03,ヤマ.パンダ,おねショタってこと！？
2022-02-14 22:20:04,じぇろ,ボランティアに行ってるところで養子縁組を？？？
2022-02-14 22:20:04,かわいいべるちゃん,猫か
2022-02-14 22:20:09,みよッピ,胎教用の音楽用意しなきゃ
2022-02-14 22:20:09,いすといすと,授かり婚！?
2022-02-14 22:20:12,cheruno,おお
2022-02-14 22:20:16,yoshi,どるち
2022-02-14 22:20:27,cheruno,あー、アレルギーはかなしい
2022-02-14 22:20:28,かわいいべるちゃん,箱で猫飼う人いるとどんどん飼い始めるのvの箱あるあるなの？
2022-02-14 22:20:28,たぬ,なまほしちゃんもアレルギー大丈夫なの？
2022-02-14 22:20:29,中澤由華,なまほしさんは、何歳なんだ？
2022-02-14 22:20:45,中澤由華,生星ちゃん
2022-02-14 22:20:47,陸太郎,なるほどね
2022-02-14 22:20:49,アル晴れ,おー
2022-02-14 22:20:52,じぇろ,お試し期間か
2022-02-14 22:20:57,ターネイ,おおおお
2022-02-14 22:20:57,アル晴れ,にゃ～ん
2022-02-14 22:21:05,cheruno,預かりかー
2022-02-14 22:21:07,みよッピ,アニマルセラピー効果絶大やからな！
2022-02-14 22:21:08,IndianaZoo (Video Dir.),どるちみたいにお試ししてからね
2022-02-14 22:21:09,たくや,猫！！:cat:
2022-02-14 22:21:12,シズレ,チャンス！
2022-02-14 22:21:13,中澤由華,なまほしちゃん結婚してるの　
2022-02-14 22:21:14,cheruno,草
2022-02-14 22:21:18,イカノウェスト,いいね
2022-02-14 22:21:20,セシドア,草
2022-02-14 22:21:20,かわいいべるちゃん,:rolling_on_the_floor_laughing::rolling_on_the_floor_laughing::rolling_on_the_floor_laughing:
2022-02-14 22:21:23,しづき,エリオ？
2022-02-14 22:21:27,たぬ,雄なの！？赤ちゃん出来ちゃうかも
2022-02-14 22:21:31,ヤス,猫ちゃん混乱しちゃうよ
2022-02-14 22:21:31,cheruno,命授かりそうなのか
2022-02-14 22:21:32,いすといすと,猫は名前気にしないからw
2022-02-14 22:21:33,いっち,別の名前w
2022-02-14 22:21:37,オージャック,今日からお前の名前は○○だ
2022-02-14 22:21:40,Hatsuri Shinonome -DIY & Life style-,いけるw
2022-02-14 22:21:41,IndianaZoo (Video Dir.),命・・・
2022-02-14 22:21:43,かわいいべるちゃん,何歳？
2022-02-14 22:21:50,cheruno,呼ばれてるかどうかはわかる
2022-02-14 22:21:53,中澤由華,子供　動物どっち？
2022-02-14 22:21:57,れんこん職人,オークションで名前決めますか
2022-02-14 22:21:58,しづき,めっちゃ覚えてるよ
2022-02-14 22:22:02,昼酒,ん？
2022-02-14 22:22:08,中澤由華,なまほしちゃんの動物
2022-02-14 22:22:08,ヤス,猫頭悪そうだもんね
2022-02-14 22:22:09,みよッピ,でもよぶとくるよ？
2022-02-14 22:22:10,YAMAOKA,猫って呼べばいい
2022-02-14 22:22:13,鷹彰【たかあき】,ごはんの時のみ名前で呼んでたら。なんか覚えたよ
2022-02-14 22:22:17,たぬ,なまほしちゃんは呼びしてするとうるさいのに
2022-02-14 22:22:24,かわいいべるちゃん,餌や遊んでくれる掛け声
2022-02-14 22:22:25,青鷹,2匹同時に飼ってたことあるけど、それなりに覚えてるよ？
2022-02-14 22:22:27,中澤由華,なまほしち
2022-02-14 22:22:28,cheruno,いろんな研究あるよね、わかってるけど反応しないときもあるし
2022-02-14 22:22:29,ターネイ,Vと同じで改名は受け入れるけど名前は必要
2022-02-14 22:22:42,カメリア,実家に猫２匹いるけどそれぞれの名前で反応するから分かってるみたい
2022-02-14 22:22:46,たぬ,犬ならそれでいける
2022-02-14 22:22:50,九分ななりん,名前つけた方が愛着が生まれる
2022-02-14 22:22:53,Ember Lumieah,こんばんわー、個体差もあると思いますよー
2022-02-14 22:22:55,中澤由華,こんばんはこんばんはこんばんはこんばんはこんばんはこんばんはこんばんはこんばんはこんばんはこんばんはこんばんはこんばんはこんばんはこんばんはこんばんはこんばんはこんばんはこんばんはこんばんはこんばんはこんばんはこんばんはこんばんはこんばんはこんばんはこんばんはこんばんはこんばんはこんばんはこんばんはこんばんはこんばんはこんばんはこんばんはこんばんはこんばんはこんばんはこんばんは
2022-02-14 22:22:56,HOKE- HOKE-,うちの犬は多分自分の名前認識してなかった
2022-02-14 22:22:57,cheruno,ネコもできるよ
2022-02-14 22:22:58,アル晴れ,バキュンできるんかな
2022-02-14 22:23:06,ヤマ.パンダ,玉乗り、仕込みたいね
2022-02-14 22:23:06,かわいいべるちゃん,猫に芸仕込むの根気入そう
2022-02-14 22:23:07,中澤由華,こんばんはこんばんはこんばんはこんばんはこんばんはこんばんはこんばんはこんばんはこんばんはこんばんはこんばんはこんばんはこんばんはこんばんはこんばんはこんばんはこんばんはこんばんはこんばんはこんばんはこんばんはこんばんはこんばんは
2022-02-14 22:23:10,IndianaZoo (Video Dir.),猫でショットガンみたいにするやつ好き
2022-02-14 22:23:11,シズレ,こわw
2022-02-14 22:23:11,いすといすと,犬に比べると名前に反応しない
2022-02-14 22:23:15,セシドア,びっくりした
2022-02-14 22:23:15,鷹彰【たかあき】,お手ぐらいなら覚えそう
2022-02-14 22:23:20,まいまい,我々は飼われる側
2022-02-14 22:23:25,アル晴れ,こんばんはマンｗ
2022-02-14 22:23:27,かわいいべるちゃん,クリッカーつまんなくない？
2022-02-14 22:23:31,yoshi,なまほしちゃん公認スパム飼ってるの？？？
2022-02-14 22:23:33,オージャック,荒らしも色々いるんやな
2022-02-14 22:23:35,HOKE- HOKE-,こんばんは荒らし草
2022-02-14 22:23:36,れんこん職人,こんばんはbot
2022-02-14 22:23:48,ヤス,発作的スパム
2022-02-14 22:23:53,みよッピ,お座りくらいなら勝手に覚える
2022-02-14 22:23:53,ヤマ.パンダ,音で変わるタイプの催眠か
2022-02-14 22:23:55,アル晴れ,はぇー
2022-02-14 22:23:58,陸太郎,ﾈｺﾁｬﾝかわいいね
2022-02-14 22:23:59,ターネイ,犬とかは効きそうだけど猫はどうだろ
2022-02-14 22:24:02,かわいいべるちゃん,カチッと音すると芸して褒められるって条件付けされる
2022-02-14 22:24:05,きまぐれ鉛筆,行動分析学に基づいたものでたぶん強力な方法
2022-02-14 22:24:07,れんこん職人,パブロフの犬かな？
2022-02-14 22:24:09,たぬ,叩いて躾けるのはNG
2022-02-14 22:24:12,cheruno,あまり餌だけでしつけたくないなぁ
2022-02-14 22:24:14,つきみ,カチってのが条件反射の条件なのかと
2022-02-14 22:24:14,YAMAOKA,躾けられたいかも
2022-02-14 22:24:18,かわいいべるちゃん,クリッカーより　お手！とかお座り！とかで従わせたい
2022-02-14 22:24:30,しづき,トイレとご飯と爪とぎの場所間違えなければもうオッケーよ
2022-02-14 22:24:32,みよッピ,猫貯金はどれくらいになった？
2022-02-14 22:24:39,中澤由華,猫、コワラ、ラッコ、コウモリ、リス、スズメ、メダカ、カラス、
2022-02-14 22:24:40,九分ななりん,餌やるタイプの躾は飼う方が愛着わかない
2022-02-14 22:24:47,カメリア,オーバークックでいい動きしてたらカチって鳴らそう
2022-02-14 22:24:48,yoshi,ご飯屋さんなのに動物大丈夫なんだ？
2022-02-14 22:24:53,たぬ,ここの人間躾けられるんだから猫ぐらい余裕でしょ
2022-02-14 22:24:59,IndianaZoo (Video Dir.),みろちゃん働きすぎ
2022-02-14 22:25:03,Hatsuri Shinonome -DIY & Life style-,
2022-02-14 22:25:06,九分ななりん,ウサギやハムスターもいるぞ
2022-02-14 22:25:08,アル晴れ,おーー
2022-02-14 22:25:19,yoshi,深層Vが動物みたいなとこある
2022-02-14 22:25:22,ターネイ,写真みたーい
2022-02-14 22:25:30,つきみ,深層組に猫がどんどん
2022-02-14 22:25:36,ton ton,家具組み立てた・・・猫タワーだったのか！？
2022-02-14 22:25:38,中澤由華,なまほしちゃんの家には、ライオンがいます:lion:
2022-02-14 22:25:44,かわいいべるちゃん,働いた分もらえてるんけ？:thinking_face:
2022-02-14 22:25:48,れんこん職人,キャットタワー欲しいね
2022-02-14 22:25:54,しーちきん,ケージ
2022-02-14 22:26:16,たぬ,モンハンしてた
2022-02-14 22:26:19,いすといすと,猫は基本寝てる
2022-02-14 22:26:21,cheruno,実際は猫に我々がしつけられているのだ
2022-02-14 22:26:24,つきみ,良き親だ...:thanksdoc::chillwcat:
2022-02-14 22:26:35,中澤由華,猫の進化形は、なまほしちゃん
2022-02-14 22:26:42,冬丸よきた,おお
2022-02-14 22:26:57,陸太郎,学習するのね
2022-02-14 22:26:57,かわいいべるちゃん,水飲むの上手？撒き散らさない？
2022-02-14 22:26:58,しづき,おくすりツイートも卒業、いいっすか？
2022-02-14 22:27:00,YAMAOKA,猫はいいけど配信には載せてほしくない
2022-02-14 22:27:10,アル晴れ,はぇー
2022-02-14 22:27:13,中澤由華,猫のトイレって臭いのかな？
2022-02-14 22:27:20,たぬ,自分でシート片付けさせよう
2022-02-14 22:27:25,かわいいべるちゃん,お猫様やぞ
2022-02-14 22:27:29,つきみ,衛生観念あるらしいですね
2022-02-14 22:27:31,みよッピ,気に入らんと布団とかでされる（泣）
2022-02-14 22:27:32,cheruno,猫のトイレは匂うからなぁ
2022-02-14 22:27:35,ニート・ニートホッパー,トイレでしてくれるのえらいな
2022-02-14 22:27:45,鷹彰【たかあき】,とめるちゃんも猫を理由に放送終了したりしてたし。やっぱVの人は猫を飼った方が、生活が健康的になる説
2022-02-14 22:28:07,ふろー,(=^ω^)ﾉこんにちは！
2022-02-14 22:28:09,壇ノ浦飯田橋,中には、ヒトのトイレで躾けてる家庭もあるらしいですね
2022-02-14 22:28:09,しづき,なまほしちゃんが忘れず飲めるなら心置きなく卒業できます
2022-02-14 22:28:09,れんこん職人,深層組も猫ブームくるか
2022-02-14 22:28:26,YAMAOKA,逆もある
2022-02-14 22:28:33,鷹彰【たかあき】,最近のだいたいの猫砂って消臭効果あるだろうから、匂い問題は大体大丈夫なんじゃね
2022-02-14 22:28:39,九分ななりん,お互いにオキシトシンが分泌される説
2022-02-14 22:28:44,オージャック,欲望は尽きぬ
2022-02-14 22:28:50,れんこん職人,アニマテラピーいいかもね
2022-02-14 22:28:54,ニート・ニートホッパー,爬虫類は放置してもい週間以上生きるから不健康のままです
2022-02-14 22:29:11,陸太郎,アニマルセラピーいいかもね
2022-02-14 22:29:11,つきみ,チーズとかの乳製品、牛肉とかをメインで食べてると、おしっこの匂いが強くなる感じがする
2022-02-14 22:29:13,かわいいべるちゃん,綺麗にして猫がグースカ寝てれば平気
2022-02-14 22:29:14,cheruno,アレルギー出ちゃうともうきついよなぁ
2022-02-14 22:29:16,中澤由華,なまほしちゃんの猫は、何色？黒、白、茶色、
2022-02-14 22:29:21,きまぐれ鉛筆,おお……段階ふむ仕方があるんだ
2022-02-14 22:29:23,陸太郎,一生家から出られなくなりそうだけどw
2022-02-14 22:29:25,onigiri3670,職業とか聞かれるのか
2022-02-14 22:29:47,TT gedo,俺だってかわいいわ
2022-02-14 22:29:51,cheruno,こたつでついつい寝ちゃうけど体だるくなっちゃう
2022-02-14 22:29:51,みよッピ,アレルギー出ても今は薬ですぐ問題なくなるよ
2022-02-14 22:30:00,かわいいべるちゃん,ペット可の賃貸　周りがうるせーんだよな
2022-02-14 22:30:05,鷹彰【たかあき】,自分がしっかりしてないとこの子は駄目なんだって思うといきるきり
2022-02-14 22:30:06,cheruno,嘘は言ってない
2022-02-14 22:30:09,IndianaZoo (Video Dir.),MIC一本で食ってるって言わないと
2022-02-14 22:30:09,オージャック,自営業ですIT系です
2022-02-14 22:30:09,セシドア,嘘ではない
2022-02-14 22:30:10,ポリバケツ,自衛？
2022-02-14 22:30:11,yoshi,なまほしちゃんの場合プロデュース業て言えるやん
2022-02-14 22:30:15,シズレ,まあ合ってるw
2022-02-14 22:30:20,鷹彰【たかあき】,ペットがいると生きる気力わいてきそうね
2022-02-14 22:30:22,れんこん職人,間違ってはないかな
2022-02-14 22:30:31,みよッピ,在宅ワークでおけ
2022-02-14 22:30:35,鷹彰【たかあき】,だいたいあってる
2022-02-14 22:30:42,壇ノ浦飯田橋,え！？得意言語は？
2022-02-14 22:30:42,ヤス,w
2022-02-14 22:30:42,YAMAOKA,アキネーターシステム
2022-02-14 22:30:46,IndianaZoo (Video Dir.),部分的に歌ってる
2022-02-14 22:30:47,アル晴れ,分からない
2022-02-14 22:30:51,れんこん職人,アキネーター
2022-02-14 22:30:52,シズレ,プロレスラーですとか
2022-02-14 22:30:52,yoshi,アキネイターw
2022-02-14 22:30:56,つきみ,言われてみればVって最新の職業の一つなのか
2022-02-14 22:30:58,ポリバケツ,丸の内サディスティック
2022-02-14 22:31:05,たぬ,ラザニアいいな
2022-02-14 22:31:06,cheruno,ハイパードラゴニックエグゼクティブプロデューサー 
2022-02-14 22:31:09,れんこん職人,二次元ですか？
2022-02-14 22:31:18,陸太郎,ラザニア美味しそうだった！
2022-02-14 22:31:33,onigiri3670,そんなビニール袋あるんか
2022-02-14 22:31:33,中澤由華,猫ーーーーーーーーーーーーーーーーーーーーーーーーーーーーーーーーーーーーーーーーーーーーーーーーーーーーーーーーーーーー
2022-02-14 22:31:52,たぬ,え、のせてほしい
2022-02-14 22:31:58,ヤマ.パンダ,♯なまほしちゃんの家にあるビニール袋全てたたみ隊
2022-02-14 22:32:05,YAMAOKA,ごめん、ちょっと苦手なんです
2022-02-14 22:32:06,ターネイ,それはそう
2022-02-14 22:32:07,中澤由華,ねーーーーーーーのーーーーーーーうーーーーんーーーーーち
2022-02-14 22:32:09,たで,猫アレルギーなんじゃない
2022-02-14 22:32:18,かわいいべるちゃん,むしろ猫だけでも良い勢い
2022-02-14 22:32:19,yoshi,リアルなのがなまほしちゃんのいいところなのに
2022-02-14 22:32:21,cheruno,ヒトという動物
2022-02-14 22:32:27,つきみ,アニマル！
2022-02-14 22:32:28,しづき,リスナーと話しないで猫の話ばっかりなるからじゃない？
2022-02-14 22:32:29,中澤由華,ねーーーーーーーーこーーーーーーーのーーーーーうーーーーーんーーーーーち
2022-02-14 22:32:32,肴屋うおろく,仲間と組んで、IT系の仕事してるんです。で大丈夫だと思う。
2022-02-14 22:32:32,壇ノ浦飯田橋,飼い猫に負けた気がするんや
2022-02-14 22:32:33,たぬ,なっちゃんも猫やん
2022-02-14 22:32:37,れんこん職人,動物嫌いな人一定数おるよなあ
2022-02-14 22:32:38,IndianaZoo (Video Dir.),深層組はドキュメンタリーだから
2022-02-14 22:32:43,アル晴れ,あー
2022-02-14 22:32:46,cheruno,まぁ苦手な人もおるのはしゃあないで
2022-02-14 22:32:48,中澤由華,うんちうんちうんちうんちうんちうんちうんちうんちうんちうんちうんちうんちうんちうんちうんちうんちうんちうんちうんちうんちうんちうんちうんち:pile_of_poo:
2022-02-14 22:32:50,ヤマ.パンダ,人間嫌いで動物嫌いで地球嫌いで
2022-02-14 22:32:51,たぬ,とめるちゃん！？
2022-02-14 22:33:03,cheruno,突然のわたしです
2022-02-14 22:33:14,今賀好機,もっとサツバツとしたインターネッツ
2022-02-14 22:33:15,しづき,とめるちゃんスパムになったの？
2022-02-14 22:33:15,フェレお(フィニッシュ!),こんなま
2022-02-14 22:33:29,cheruno,中身とめるってマジ？
2022-02-14 22:33:33,yoshi,猫を便乗の餌にしてるのが嫌なのでは？
2022-02-14 22:33:33,セシドア,うっ
2022-02-14 22:33:34,つきみ,あ.....
2022-02-14 22:33:35,ヤマ.パンダ,とめるは元々スパムだろ、いい加減にしろ
2022-02-14 22:33:40,シズレ,あっ
2022-02-14 22:33:42,たぬ,刺された
2022-02-14 22:33:44,cheruno,くるぞ……
2022-02-14 22:33:47,TT gedo,:crying_face:
2022-02-14 22:33:48,IndianaZoo (Video Dir.),暮らしのレベルか
2022-02-14 22:33:48,ヤマ.パンダ,猫に勝てるわけないだろ
2022-02-14 22:33:51,Centrum,ド正論パンチｗ
2022-02-14 22:33:54,cheruno,今日は刺さないって！！！！！！！
2022-02-14 22:33:58,ヤス,；；
2022-02-14 22:34:01,cheruno,今日は刺さないって！！！！！！！！！！！！！！！！！！
2022-02-14 22:34:01,陸太郎,かなし
2022-02-14 22:34:03,たぬ,ここのチャット欄がスラム街で無くなるのは悲しい
2022-02-14 22:34:04,アル晴れ,猫様
2022-02-14 22:34:04,たで,草
2022-02-14 22:34:09,かわいいべるちゃん,お猫様に勝とうとするほうがおこがましい　猫は王族
2022-02-14 22:34:10,きまぐれ鉛筆,プロレスに刃物は禁止
2022-02-14 22:34:12,れんこん職人,マジレス
2022-02-14 22:34:14,しづき,スパチャで生計立ててるのに…
2022-02-14 22:34:14,TT gedo,頑張って生きてるんです…
2022-02-14 22:34:16,中澤由華,猫のある色、赤、白、黄色、茶色、黒
2022-02-14 22:34:16,シズレ,プロレスにナイフは反則やぞ！
2022-02-14 22:34:17,cheruno,言ってなかった
2022-02-14 22:34:17,壇ノ浦飯田橋,何にも勝ってない現実を知りたくないだけなんや。実際は飼い猫に負けてるのは重々承知や。バレンタインに滅びます。
2022-02-14 22:34:18,みよッピ,クリティカル！涙が溢れた
2022-02-14 22:34:23,陸太郎,ああ
2022-02-14 22:34:24,しづき,今日の配信、キツめだね
2022-02-14 22:34:28,肴屋うおろく,げはっ！
2022-02-14 22:34:30,九分ななりん,それがみろちのいいところ
2022-02-14 22:34:36,アル晴れ,プロレス<マジレス
2022-02-14 22:34:39,yoshi,リスナーに刃物で抵抗する配信者くさ
2022-02-14 22:34:39,IndianaZoo (Video Dir.),働かないで生活できて甘やかしてくれる状態かぁ
2022-02-14 22:34:39,れんこん職人,急に刺してきた
2022-02-14 22:34:42,光,TVでも動物と赤ちゃんには勝てんのやで
2022-02-14 22:34:44,セシドア,程よく刺さっていい感じです
2022-02-14 22:34:46,たぬ,猫ちゃんには愛、僕達にはストレスぶつけて欲しい
2022-02-14 22:34:51,coffee2 BLACK,こんちゃぁーーーー！初見でーす
2022-02-14 22:35:04,たくや,ありがとうございます！！
2022-02-14 22:35:08,YAMAOKA,DV彼女
2022-02-14 22:35:09,TT gedo,愛こっわ
2022-02-14 22:35:11,ネーコース,まだやってて嬉しい
2022-02-14 22:35:14,かわいいべるちゃん,めっちゃ愛感じるです:smiling_face_with_hearts:
2022-02-14 22:35:23,れんこん職人,過激派だ
2022-02-14 22:35:23,yoshi,なまほしちゃん最近ラヴしか言ってない
2022-02-14 22:35:26,ヤマ.パンダ,それを、なまほしちゃん相手に言うの怖
2022-02-14 22:35:29,onigiri3670,まさかのＤＶ彼女
2022-02-14 22:35:30,cheruno,ナイフじゃなくてパイプ椅子くらいにして
2022-02-14 22:35:37,陸太郎,デザートあるのもいいね
2022-02-14 22:35:38,ポリバケツ,ネコとかアクセサリーでしょ
2022-02-14 22:35:39,かわいいべるちゃん,何イチゴですか？
2022-02-14 22:35:42,ネーコース,ビニール袋の音助かる！
2022-02-14 22:35:54,かわいいべるちゃん,オバクくるか？
2022-02-14 22:35:56,IndianaZoo (Video Dir.),おとまりてえてえ
2022-02-14 22:35:56,たぬ,オバククで教育する
2022-02-14 22:35:59,シズレ,オーバークック？
2022-02-14 22:36:01,星ことり,cuphead協力プレイとか
2022-02-14 22:36:12,中澤由華,猫のーーーーーーーーーレアはーーーーーーーー目がーーーーーーー右ーーーーーーー左ーーーーーーーで、違う猫ーーーーーーー
2022-02-14 22:36:19,かわいいべるちゃん,スイッチのオバクくるか？
2022-02-14 22:36:27,たぬ,泊まりなの？
2022-02-14 22:36:44,かわいいべるちゃん,みろちゃん嵌りそう
2022-02-14 22:36:50,シズレ,なまほしちゃんキラーのゲーム
2022-02-14 22:37:03,かわいいべるちゃん,酒のんだし泊まりやろなぁ
2022-02-14 22:37:05,ton ton,頭塾とか・・・なまほしちゃんトラウマだいじょうぶ！？
2022-02-14 22:37:10,cheruno,ダッシュで買ってきま……買ってあった
2022-02-14 22:37:11,IndianaZoo (Video Dir.),ホスピタリティ★5
2022-02-14 22:37:14,yoshi,匂わせだ！ｷﾔｯｷｬ
2022-02-14 22:37:17,cheruno,さすなま
2022-02-14 22:37:19,YAMAOKA,歯ブラシ置いてあるの
2022-02-14 22:37:27,cheruno,かってあるよ（はぁと
2022-02-14 22:37:28,YAMAOKA,同棲？
2022-02-14 22:37:40,IndianaZoo (Video Dir.),同棲してるんですか?
2022-02-14 22:37:47,cheruno,ｷｬｯｷｬ
2022-02-14 22:37:50,シズレ,今やばいネタw
2022-02-14 22:37:55,たで,草
2022-02-14 22:38:01,星ことり,なっちゃん...
2022-02-14 22:38:04,れんこん職人,あっ
2022-02-14 22:38:07,つきみ,、、、今から、、帰るよ、、、
2022-02-14 22:38:12,スペースアニキ,そろそろ同棲アカウントが出来るな
2022-02-14 22:38:13,cheruno,ネタには鮮度がありますからね
2022-02-14 22:38:14,陸太郎,突っ込んでいく
2022-02-14 22:38:14,IndianaZoo (Video Dir.),たったいま生放送終わって、帰る準備してるよ
2022-02-14 22:38:18,たぬ,歯ブラシがあるってことはそういうこと
2022-02-14 22:38:23,かわいいべるちゃん,帰る準備してるよ٩(´ᗜ`*)งなっちゃん……
2022-02-14 22:38:23,cheruno,＠げんなま
2022-02-14 22:38:28,ton ton,仕事終わったよなっちゃんってディスコが！？
2022-02-14 22:38:32,陸太郎,二人が一緒に暮らしてたらほっこりする
2022-02-14 22:38:37,肴屋うおろく,そのネタはｗ
2022-02-14 22:38:43,cheruno,草
2022-02-14 22:38:45,アル晴れ,たしかにｗｗ
2022-02-14 22:38:50,TT gedo,丁寧な納税
2022-02-14 22:38:52,たぬ,オバクク上手くなるのに税金関係ないから
2022-02-14 22:38:52,IndianaZoo (Video Dir.),税金払えた・・・？
2022-02-14 22:38:54,昼酒,草
2022-02-14 22:39:00,みよッピ,遅くなったね。お寿司買って帰ろうか？
2022-02-14 22:39:02,YAMAOKA,草
2022-02-14 22:39:02,セシドア,草
2022-02-14 22:39:04,cheruno,仮に払ってなかったらじきに捕まる
2022-02-14 22:39:05,今賀好機,丁寧にも差があるから…
2022-02-14 22:39:06,シズレ,うんw
2022-02-14 22:39:10,つきみ,税金滞納系Vなんね
2022-02-14 22:39:27,陸太郎,いつもありがとうね
2022-02-14 22:39:28,ネーコース,丁寧とは……？
2022-02-14 22:39:37,たぬ,でも税金は払わなくてー
2022-02-14 22:39:40,ポリギョン,脱税系Vtuber
2022-02-14 22:39:45,アル晴れ,おーー
2022-02-14 22:39:52,つきみ,女子力上昇中
2022-02-14 22:39:53,YAMAOKA,炊飯器のご飯はカピカピにならない
2022-02-14 22:39:56,シズレ,なんでやw
2022-02-14 22:39:59,かわいいべるちゃん,税金だけは早いとこ片付けた方が差し押さえなくなるから手取り上がるで
2022-02-14 22:40:02,IndianaZoo (Video Dir.),いちごより納税よ…
2022-02-14 22:40:03,今賀好機,オチが強すぎる
2022-02-14 22:40:04,権兵衛,ガス電気も忘れないで
2022-02-14 22:40:19,cheruno,きっちり納税するのが一番節税って
2022-02-14 22:40:19,れんこん職人,社不の鏡
2022-02-14 22:40:22,IndianaZoo (Video Dir.),もしかして役所にまだ行ってない…?
2022-02-14 22:40:23,みよッピ,時間に余裕のある生活が理想
2022-02-14 22:40:25,アル晴れ,あー
2022-02-14 22:40:38,yoshi,なまほしちゃんが隣にいるの強いな
2022-02-14 22:40:42,壇ノ浦飯田橋,とりあえず分割払いも出来るから、税務署に相談行ってみて
2022-02-14 22:40:49,たぬ,コロナで伸びたりしないの？
2022-02-14 22:40:52,陸太郎,出来れば作ったほうが…
2022-02-14 22:40:58,陸太郎,住民票がね
2022-02-14 22:41:07,IndianaZoo (Video Dir.),なまほしさんもセッちゃんも今年確定申告デビューか
2022-02-14 22:41:19,cheruno,そろそろ持ってると便利から持ってないと不便にシフトされる
2022-02-14 22:41:22,yoshi,YAGOO？？
2022-02-14 22:41:32,ニート・ニートホッパー,脱税社長！！
2022-02-14 22:41:33,みよッピ,ネットでできるようになってからかなり楽
2022-02-14 22:41:34,つきみ,いっそマイナンバーを証明できる携帯アプリを開発して欲しい
2022-02-14 22:41:35,しーちきん,一人親方か
2022-02-14 22:41:37,壇ノ浦飯田橋,マイナンバーあると、電子申告出来るだけですね。マイナンバー無しの書面でも申告自体は出来ますよ。
2022-02-14 22:41:49,肴屋うおろく,なまほし(ちゃん)社長。　はじめしゃちょーみたいだね
2022-02-14 22:41:49,つきみ,あと印鑑滅べ
2022-02-14 22:41:51,かわいいべるちゃん,明日役所行って分納の相談するって言い続けてもう1ヶ月くらい？
2022-02-14 22:41:52,cheruno,株式会社現なま
2022-02-14 22:41:59,ニート・ニートホッパー,おつなま
2022-02-14 22:42:09,陸太郎,おつなま！
2022-02-14 22:42:09,アル晴れ,のんびりたすかった
2022-02-14 22:42:12,YAMAOKA,棘はあったよ
2022-02-14 22:42:15,アル晴れ,経キャラ感ｗｗ
2022-02-14 22:42:16,たぬ,刺してくれてありがとう
2022-02-14 22:42:17,たで,トゲのない…？
2022-02-14 22:42:19,cheruno,致命傷で済んだ
2022-02-14 22:42:22,れんこん職人,チクチクしてた
2022-02-14 22:42:22,しーちきん,おつなまでした～
2022-02-14 22:42:24,IndianaZoo (Video Dir.),蚊の感覚でね…
2022-02-14 22:42:25,かわいいべるちゃん,冬に蚊？妙だな:thinking_face:
2022-02-14 22:42:28,肴屋うおろく,幸せな時間で癒されたｗ
2022-02-14 22:42:33,鷹彰【たかあき】,虫刺されはイジメだった
2022-02-14 22:42:34,たくや,よかったです
2022-02-14 22:42:35,青鷹,お疲れ様でしたー
2022-02-14 22:42:37,TT gedo,屈しません！
2022-02-14 22:42:40,38号,おつなま～
2022-02-14 22:42:40,権兵衛,今日もありがとうございます
2022-02-14 22:42:42,きまぐれ鉛筆,くっするな
2022-02-14 22:42:48,かわいいべるちゃん,おつかれさまでした
2022-02-14 22:42:48,IndianaZoo (Video Dir.),催眠
2022-02-14 22:42:51,cheruno,おつなま～
2022-02-14 22:42:51,みよッピ,おつなまー
2022-02-14 22:42:53,フェイク,お疲れ様～です！
2022-02-14 22:42:58,かわいいべるちゃん,ばいばーい
2022-02-14 22:42:58,シズレ,おつげんなまー
2022-02-14 22:42:59,こん,お疲れさまでした～！美味しいものたくさん食べてね！
2022-02-14 22:42:59,権兵衛,おつなま～
2022-02-14 22:43:00,イカノウェスト,おつなまー
2022-02-14 22:43:00,やさい,おつなまー
2022-02-14 22:43:00,肴屋うおろく,おつなまー
2022-02-14 22:43:00,陸太郎,ばいばい〜
2022-02-14 22:43:02,きまぐれ鉛筆,おつなまばいばーい
2022-02-14 22:43:03,sibusibuyanyan,今来たのに...
2022-02-14 22:43:03,権兵衛,おやすみなさい
2022-02-14 22:43:04,ターネイ,おつなまー
2022-02-14 22:43:04,yoshi,ばいばいー！
2022-02-14 22:43:05,青身切身うまうま,ばいばーい
2022-02-14 22:43:07,ネーコース,おつなまー
2022-02-14 22:43:07,昼酒,おつなまー
