2022-01-25 22:01:44,たぬ,シーズン1で最終話？読み切りってこと？
2022-01-25 22:15:43,昼酒,終わっちゃうの？；；
2022-01-25 22:27:53,ヤス,待機
2022-01-25 22:27:57,Rally,待機
2022-01-25 22:28:17,夜長月よながつき,待機
2022-01-25 22:28:18,古波,待機
2022-01-25 22:28:23,冥土,待機
2022-01-25 22:28:24,たくや,待機
2022-01-25 22:28:30,すっぴんきつね,待機
2022-01-25 22:28:31,Rally,ふんふんふん
2022-01-25 22:28:32,冥土,ふんふんふん
2022-01-25 22:28:33,林啓太,ふんふんふん
2022-01-25 22:28:36,Centrum,シーズン1終わるのか
2022-01-25 22:28:36,ささめん,ふんふんふん
2022-01-25 22:28:36,runawk,なまほしちゃんchapter2まだ？
2022-01-25 22:28:38,ものらる猫,ふんふんふん
2022-01-25 22:28:38,G hunter,コラボから来ました
2022-01-25 22:28:41,けつあご,ふんふんふんふんふうふふふふふふん
2022-01-25 22:28:43,Sally Sally,ふんふんふん
2022-01-25 22:28:44,フクロウ,ふんふんふん
2022-01-25 22:28:49,紅蝶伽,なまほしちゃん最終章
2022-01-25 22:28:55,古波,ふんふんふん
2022-01-25 22:28:57,コウヘイ(カワダ・コウヘイ),待機
2022-01-25 22:28:59,38号,ふんふんふんふん
2022-01-25 22:29:03,はっぽん,ふんふんハローなまチューブ
2022-01-25 22:29:08,いーえく,海外ドラマだと気になるとこで終わるやつ
2022-01-25 22:29:09,桜,ふんふんふん
2022-01-25 22:29:11,DLR瀬戸口,ふふふふん
2022-01-25 22:29:16,つきみ,ふんふんふん:musical_notes:
2022-01-25 22:29:20,ししとう,2回行動？助かる
2022-01-25 22:29:20,シズレ,ふんふんふん
2022-01-25 22:29:32,しばづけ,ふふふふん
2022-01-25 22:29:41,c c,ふんふんふん
2022-01-25 22:29:49,GUEST,ふんふんふん
2022-01-25 22:30:00,レクイエム課長,こんばんは:sushi::sushi:
2022-01-25 22:30:00,スマイル,ふんふんふん
2022-01-25 22:30:09,昼酒,ふんふんふん
2022-01-25 22:30:20,セシドア,ふんふんふん
2022-01-25 22:30:24,冬丸よきた,ふんふんふん
2022-01-25 22:30:30,とめラー提督,ふんふんふん
2022-01-25 22:30:31,てぃろ,こんなまー
2022-01-25 22:30:34,昼酒,こんなまー
2022-01-25 22:30:34,シノ,こんなまー
2022-01-25 22:30:35,ヤス,こんなまー
2022-01-25 22:30:35,goshu/ごーしゅ,こんなま
2022-01-25 22:30:36,Rally,こんなまー
2022-01-25 22:30:37,⁂みのる⁂,こんなまー
2022-01-25 22:30:37,TP(てぃーぴー),こんなまー
2022-01-25 22:30:37,桜,こんなまあ
2022-01-25 22:30:38,シズレ,こんなまー
2022-01-25 22:30:38,スマイル,こんなま～
2022-01-25 22:30:38,Sally Sally,劇場版なまほしちゃん　序
2022-01-25 22:30:38,冥土,こんなまー
2022-01-25 22:30:40,夜長月よながつき,こんなまー
2022-01-25 22:30:41,冬丸よきた,こんなまー
2022-01-25 22:30:41,ささめん,こんなま～
2022-01-25 22:30:41,櫻咲,こんなまー
2022-01-25 22:30:41,たくや,こんなま！
2022-01-25 22:30:42,しづき,こんなまー
2022-01-25 22:30:42,たで,こんなま
2022-01-25 22:30:44,いーえく,こんなま！
2022-01-25 22:30:45,とめラー提督,こんなま
2022-01-25 22:30:45,GUEST,こんなまー
2022-01-25 22:30:46,38号,こんなま～
2022-01-25 22:30:46,トリメ,こんなま～
2022-01-25 22:30:48,権兵衛,こんなま
2022-01-25 22:30:48,Sally Sally,こんなま
2022-01-25 22:30:49,c c,こんなまー
2022-01-25 22:30:49,フクロウ,こんなまー
2022-01-25 22:30:50,林啓太,こんなまー
2022-01-25 22:30:52,-ToA-,こんなま
2022-01-25 22:30:53,ta ta,こんなまー
2022-01-25 22:30:54,けつあご,こんなまー
2022-01-25 22:30:55,SJW,こんなまー
2022-01-25 22:30:55,にんげん,こんなま
2022-01-25 22:30:56,るりえ,こんなまー
2022-01-25 22:31:02,果樹園kajuen,こんなまー
2022-01-25 22:31:02,冬丸よきた,よかった
2022-01-25 22:31:03,みよッピ,こんなまー
2022-01-25 22:31:03,ありあるりえーる,こんなま〜
2022-01-25 22:31:04,カナガタ_セッサク中,こんなまー
2022-01-25 22:31:05,微糖,こんなま
2022-01-25 22:31:06,たんいモルモット,こんなまー
2022-01-25 22:31:06,昼酒,よかった
2022-01-25 22:31:06,SJW,次回シーズン２だもの
2022-01-25 22:31:09,目指せ天才ちゃん！椎葉透 Shiiba Tooru,こんなま〜
2022-01-25 22:31:09,はっぽん,なんか声ちゃうなとおもった
2022-01-25 22:31:09,しづき,今までありがとう…楽しかったよ！
2022-01-25 22:31:12,おじじさん,こんなまー
2022-01-25 22:31:13,runawk,転生かぁ
2022-01-25 22:31:14,屋根裏=サン,こんなまー
2022-01-25 22:31:18,そーたん,こんなまー
2022-01-25 22:31:18,すっぴんきつね,そんな海外ドラマみたいなw
2022-01-25 22:31:19,なー＊,こんなまー！
2022-01-25 22:31:21,ものらる猫,こんなまー
2022-01-25 22:31:21,分隊長,シーズン2は実写ですか？
2022-01-25 22:31:22,ta ta,シーズン２楽しみだなー
2022-01-25 22:31:27,-ToA-,なんでシーズン制にしたの？
2022-01-25 22:31:27,kouzie,引退詐欺で稼ぐバンドか？
2022-01-25 22:31:28,紅蝶伽,ホロ転生！？
2022-01-25 22:31:32,null,TT
2022-01-25 22:31:32,もび,いきなり安心助かる
2022-01-25 22:31:36,サモエド,こんなま！
2022-01-25 22:31:56,Than Levia,人生一週目最終話なのか、北口最終話なのか
2022-01-25 22:31:56,ka ta,ほう
2022-01-25 22:32:00,人運勢,シーズン2とか続編は副題を凝ったものにするといいらしい
2022-01-25 22:32:07,スマイル,！？
2022-01-25 22:32:08,ヤス,え！
2022-01-25 22:32:09,ニート・ニートホッパー,こんなま
2022-01-25 22:32:09,昼酒,おおー
2022-01-25 22:32:10,GUEST,！？
2022-01-25 22:32:11,るりえ,おーそうなのか
2022-01-25 22:32:12,⁂みのる⁂,まじか
2022-01-25 22:32:12,夜長月よながつき,おぉ
2022-01-25 22:32:13,林啓太,まじか！
2022-01-25 22:32:14,Sally Sally,:exclamation_question_mark:
2022-01-25 22:32:15,冬丸よきた,おおー
2022-01-25 22:32:15,-ToA-,あのとめるちゃんが！？
2022-01-25 22:32:15,櫻咲,変わっちまったな・・・
2022-01-25 22:32:16,DLR瀬戸口,！？？
2022-01-25 22:32:16,にんげん,信じがたい
2022-01-25 22:32:17,ヤス,すごすぎる
2022-01-25 22:32:17,セシドア,ノラちゃんRP守ってて偉かった
2022-01-25 22:32:17,Rally,とめるから誘ったの！？
2022-01-25 22:32:17,Centrum,とめる手動で始めたんか
2022-01-25 22:32:17,うるちん,成長…
2022-01-25 22:32:18,ゴーストゆっくり,まじか
2022-01-25 22:32:18,しづき,感動じゃん
2022-01-25 22:32:19,深海生物,中の人:thinking_face:
2022-01-25 22:32:20,水月EX,なんと！
2022-01-25 22:32:22,セシドア,おお！
2022-01-25 22:32:23,紅蝶伽,とめるが！？世界の終わりだ...
2022-01-25 22:32:24,湯葉,とめるお嬢様ご立派になられて…
2022-01-25 22:32:26,ボン太.,マ！？
2022-01-25 22:32:27,ささめん,成長したな…
2022-01-25 22:32:30,-ToA-,とめるちゃんが手加減してて謎の涙出てきた
2022-01-25 22:32:31,たくや,圧倒的成長！！
2022-01-25 22:32:31,桜,変わっちまった
2022-01-25 22:32:32,ヤマ.パンダ,変わったなぁ（後方彼氏面）
2022-01-25 22:32:34,みよッピ,成長に涙が……
2022-01-25 22:32:35,微糖,泣ける
2022-01-25 22:32:36,シズレ,変わっちまったな…嬉
2022-01-25 22:32:36,林啓太,とめるしゅご
2022-01-25 22:32:38,〇から生まれた〇太郎,とめる育成編終了
2022-01-25 22:32:40,けつあご,変わっちまったな…
2022-01-25 22:32:41,いーえく,とめる感動秘話
2022-01-25 22:32:44,ta ta,とめる、成長したのか
2022-01-25 22:32:44,ドンブリ感情,ﾅﾐﾀﾞﾎﾟﾛﾘﾁｬﾈﾗ
2022-01-25 22:32:45,Rally,感涙；；
2022-01-25 22:32:45,DLR瀬戸口,兆し
2022-01-25 22:32:49,夜長月よながつき,あれ、涙が
2022-01-25 22:32:52,はっぽん,後方腕組み彼氏
2022-01-25 22:32:56,シノ,とめるちゃん；；
2022-01-25 22:32:57,スズキ雲,珍しいメンバーだった
2022-01-25 22:33:00,⁂みのる⁂,成長しちまったか
2022-01-25 22:33:00,BlueParker HATI TV,とめるちゃんものすごく成長してる
2022-01-25 22:33:00,Than Levia,おっきくなっちゃったｗ
2022-01-25 22:33:02,ありあるりえーる,:loudly_crying_face:
2022-01-25 22:33:05,昼酒,ｗｗ
2022-01-25 22:33:06,夜長月よながつき,せやな
2022-01-25 22:33:07,冬丸よきた,後方腕組みなまほちちゃんもにっこり
2022-01-25 22:33:07,胡桃さん,俺ら、泣いてもいいっスか
2022-01-25 22:33:08,Sally Sally,涙ちょちょぎれちゃう
2022-01-25 22:33:10,c c,草
2022-01-25 22:33:14,runawk,これがらぶ
2022-01-25 22:33:18,ネクラマンサー,とめるの成長の結果ノラくんが犠牲にｗｗ
2022-01-25 22:33:21,昼酒,さすなま
2022-01-25 22:33:21,English Practice,心理的安全性のある職場だ…
2022-01-25 22:33:22,タンドリー,；；
2022-01-25 22:33:23,微糖,立派な先輩になった
2022-01-25 22:33:24,ささめん,信頼がすごい
2022-01-25 22:33:25,くらげ,初見です！！！
2022-01-25 22:33:26,櫻咲,ないしょね
2022-01-25 22:33:26,c c,猫は人間を成長させる
2022-01-25 22:33:30,38号,内緒ね
2022-01-25 22:33:34,ニート・ニートホッパー,性格は成長してないけども
2022-01-25 22:33:34,DLR瀬戸口,:shushing_face:
2022-01-25 22:33:35,林啓太,内緒了解！
2022-01-25 22:33:36,ゴーストゆっくり,ノラちゃんが犠牲になったのか
2022-01-25 22:33:39,しづき,お疲れさまでした〜
2022-01-25 22:33:39,にんげん,深層組は成長物語よな
2022-01-25 22:33:41,オーレリア・ウェルギウス,こんなまー！LOVEカンストした？
2022-01-25 22:33:44,いーえく,猫ってすげー
2022-01-25 22:33:53,Sally Sally,それはそう
2022-01-25 22:33:54,c c,シーズン１地獄生活保護編　完
2022-01-25 22:33:57,BlueParker HATI TV,シーズン２はもっと幸せになって
2022-01-25 22:33:57,Than Levia,俺たちの闘いはこれからだッ！
2022-01-25 22:34:08,[祈祷師]Rasputin,スタッフロール流れちゃう?
2022-01-25 22:34:09,分隊長,生活保護編後日談までやってシーズン1なのね
2022-01-25 22:34:10,深海生物,もうなまほしちゃんを支えてくれた:ambulance:はいないんだな…
2022-01-25 22:34:10,Than Levia,これからカイジみたいにｇｄｇｄになっていくのか･･･
2022-01-25 22:34:11,ヤマ.パンダ,シーズン２　けものフレンズ編
2022-01-25 22:34:11,林啓太,へへ、いいってことよ
2022-01-25 22:34:12,けつあご,誰がその息根とめるって人を連れてきたんでしたっけ？
2022-01-25 22:34:13,Sally Sally,キングクリムゾンくる:exclamation_question_mark:
2022-01-25 22:34:14,English Practice,シーズン2は何編？
2022-01-25 22:34:14,ドンブリ感情,深層プライムビデオ
2022-01-25 22:34:14,おじさんの みな,胃
2022-01-25 22:34:16,片手片手,こんなま〜♪ 〜なまほしちゃんにLOVEを込めて〜
2022-01-25 22:34:18,スズキ雲,シーズン２は物まねし放題？
2022-01-25 22:34:21,ししとう,いやよかったですよ・・・
2022-01-25 22:34:27,はっぽん,新参だからなあ
2022-01-25 22:34:27,しづき,さすなま
2022-01-25 22:34:29,かっぱっぽいの,シーズン２から見始めてもわかりますか？
2022-01-25 22:34:34,c c,にわかです
2022-01-25 22:34:38,るるる,クリフハンガーなオチがつかなくて良かった
2022-01-25 22:34:42,分隊長,出戻ったら丁度アカギに狂ってたんですよ
2022-01-25 22:34:45,たで,そうね
2022-01-25 22:34:46,コウヘイ(カワダ・コウヘイ),出戻り組です
2022-01-25 22:34:52,ドンブリ感情,最終シーズンでスイスに行くんだろうな
2022-01-25 22:34:54,Than Levia,シーズン４には３億逃亡編とかになるんでしょ
2022-01-25 22:35:02,林啓太,ほぼ最初から見てるけど、これからも応援するぞ（後方腕組み
2022-01-25 22:35:06,ヤマ,うん
2022-01-25 22:35:23,ゴーストゆっくり,ふむふむ
2022-01-25 22:35:39,BlueParker HATI TV,シーズン３で試練編とか　乗り越えて深層組の絆P
2022-01-25 22:35:40,しづき,A抜け…うっ
2022-01-25 22:35:40,c c,グーディアンTシャツ
2022-01-25 22:35:49,Than Levia,π乙Ｔシャツが喜ばれてたね
2022-01-25 22:35:51,kool,言ったよなぁ！？
2022-01-25 22:35:52,山本 重國 ,各姉妹のメンタルケアとか金感情とか面倒見てあげて
2022-01-25 22:35:53,-ToA-,俺も買う買う
2022-01-25 22:35:56,runawk,そこそこ売れた？
2022-01-25 22:36:05,夜長月よながつき,あったけぇ
2022-01-25 22:36:06,すっぴんきつね,なるほどな
2022-01-25 22:36:07,〇から生まれた〇太郎,えらい
2022-01-25 22:36:08,k k,監視w
2022-01-25 22:36:09,にんげん,エゴサの鬼！
2022-01-25 22:36:11,シノ,2枚買えた
2022-01-25 22:36:14,林啓太,買った！
2022-01-25 22:36:30,foxですよ,こんなま～
2022-01-25 22:36:32,みよッピ,知ったときには売ってなかったorz
2022-01-25 22:36:36,ヤマ.パンダ,買ってないのバレたか（普通に買ったけど）
2022-01-25 22:36:41,SJW,もしやLOVE
2022-01-25 22:36:45,goshu/ごーしゅ,:revolving_hearts::grinning_cat::revolving_hearts:
2022-01-25 22:36:53,runawk,ラブだね
2022-01-25 22:36:59,冬丸よきた,なまほしちゃんシーズン２も楽しみ！
2022-01-25 22:36:59,るりえ,すばらしい
2022-01-25 22:37:06,ヤマ.パンダ,グッズはノーキャンセルで
2022-01-25 22:37:12,Than Levia,使用用①、使用用②、使用用③、布教用、配布用、で５枚か
2022-01-25 22:37:15,GUEST,着心地よくて快適に過ごせてます
2022-01-25 22:37:30,零時,しったのが、そのあとだったから、かっこいいT着たかった
2022-01-25 22:37:36,ニート・ニートホッパー,おめでとう
2022-01-25 22:37:47,すっぴんきつね,Tシャツは今も着てる～
2022-01-25 22:37:49,みよッピ,第二弾出して！
2022-01-25 22:37:49,38号,プロレスの件あたりから見始めました。グッズ買えて良かった。
2022-01-25 22:37:52,TP(てぃーぴー),草
2022-01-25 22:37:52,ヤス,？
2022-01-25 22:37:53,はっぽん,ん？
2022-01-25 22:37:55,けつあご,おっと
2022-01-25 22:37:56,SJW,ナイスブレーキ
2022-01-25 22:37:57,セシドア,耐えたぁ
2022-01-25 22:37:58,シズレ,はやく？
2022-01-25 22:37:58,なー＊,ｗ
2022-01-25 22:37:58,しづき,早く…何？
2022-01-25 22:37:59,冬丸よきた,おくちがばりかけたｗ
2022-01-25 22:37:59,るりえ,旧セバスには早く…？
2022-01-25 22:38:01,深海生物,いっちゃえいっちゃえｗ
2022-01-25 22:38:03,にんげん,名前を言ってはいけないあの人定期
2022-01-25 22:38:04,おじじさん,！？？
2022-01-25 22:38:05,cafe太郎,おやおや
2022-01-25 22:38:06,フクロウ,ん？
2022-01-25 22:38:07,runawk,草
2022-01-25 22:38:07,すっぴんきつね,急ブレーキw
2022-01-25 22:38:09,ヤマ.パンダ,お金払えとかかな
2022-01-25 22:38:10,微糖,あぶないあぶない
2022-01-25 22:38:10,BlueParker HATI TV,あやうくP音でしたね
2022-01-25 22:38:12,⁂みのる⁂,？
2022-01-25 22:38:15,Centrum,早く…
2022-01-25 22:38:15,分隊長,未払いかなぁ
2022-01-25 22:38:19,ターネイ,ふばｒ...
2022-01-25 22:38:20,目指せ天才ちゃん！椎葉透 Shiiba Tooru,旧セバス…
2022-01-25 22:38:25,はっぽん,今日も口滑らせてんね、油でも刺してる？
2022-01-25 22:38:30,オーレリア・ウェルギウス,お、おう
2022-01-25 22:38:30,kouzie,笑えない方向のヤベー奴
2022-01-25 22:38:31,DLR瀬戸口,自首
2022-01-25 22:38:32,つきみ,逃がした魚は大きい:fish:
2022-01-25 22:38:33,林啓太,草
2022-01-25 22:38:34,ニート・ニートホッパー,お金？
2022-01-25 22:38:36,しづき,未納を払え
2022-01-25 22:38:37,jun iwata,お金返せ？
2022-01-25 22:38:38,みよッピ,お金？
2022-01-25 22:38:39,スマイル,未払いやろな…
2022-01-25 22:38:41,ししとう,返済・・・？
2022-01-25 22:38:41,Than Levia,早くスイスに行って～～しろ
2022-01-25 22:38:41,はっぽん,自主！？
2022-01-25 22:38:42,kool,ハラキリ！？
2022-01-25 22:38:43,ヤマ.パンダ,大喜利始まったな
2022-01-25 22:38:44,SJW,性転換しろ？
2022-01-25 22:38:47,ヤマ.パンダ,女装しろ
2022-01-25 22:38:47,たくや,金払え
2022-01-25 22:38:47,⁂みのる⁂,お金はらえ
2022-01-25 22:38:48,もび,解脱
2022-01-25 22:38:48,goshu/ごーしゅ,:fearful_face:
2022-01-25 22:38:51,TP(てぃーぴー),ここテスト出ますか？
2022-01-25 22:38:52,括弧E魚弱,野球
2022-01-25 22:38:55,あぱぱはみ,出頭しろ
2022-01-25 22:38:55,るりえ,去勢かな？
2022-01-25 22:38:56,Rally,罰ゲームの喘ぎ配信しろ？
2022-01-25 22:38:56,権兵衛,配信
2022-01-25 22:38:57,runawk,自首
2022-01-25 22:39:00,すっぴんきつね,宗教
2022-01-25 22:39:03,おたおじ,こんなま～（出遅れ
2022-01-25 22:39:05,yoshi,旧セバはいんで欲しいけどなまほしちゃんを深層組に入れてくれたことは悪く言えないな
2022-01-25 22:39:05,分隊長,返済、振込、自首あたりやろなぁ…
2022-01-25 22:39:12,まろにえ,早く罪を償ってですかね
2022-01-25 22:39:12,冥土,早くバ美肉しろ
2022-01-25 22:39:33,goshu/ごーしゅ,:crying_cat:
2022-01-25 22:39:39,Than Levia,怨(ｵﾝ)がたくさんあるんですね…
2022-01-25 22:39:38,すっぴんきつね,懐かしいな…
2022-01-25 22:39:42,るりえ,やっぱりそうだったのか…
2022-01-25 22:39:47,goshu/ごーしゅ,さすなま
2022-01-25 22:39:47,jun iwata,早くユニクリエイトにシナリオ代払って？
2022-01-25 22:39:48,Centrum,ほんと危ういケンカだったな
2022-01-25 22:39:50,冬丸よきた,懐かしの冒険
2022-01-25 22:39:51,林啓太,そんなこともあったね
2022-01-25 22:39:51,⁂みのる⁂,さすなま
2022-01-25 22:39:51,いすといすと,草
2022-01-25 22:39:52,冥土,別の世界線
2022-01-25 22:39:53,シズレ,色々と出来事重なりまくってて濃かったなあ…w
2022-01-25 22:39:53,GUEST,本当にありがとうございます
2022-01-25 22:39:54,しづき,タイムリープつからったね…
2022-01-25 22:39:56,はっぽん,腕捲ったら数字書いてありそう
2022-01-25 22:39:57,fueloisiioniku,シュタゲかな
2022-01-25 22:39:58,ニート・ニートホッパー,シュタインズ・ゲートはここにあった
2022-01-25 22:39:59,零時,何回目だったんだ
2022-01-25 22:40:00,微糖,大冒険だったね
2022-01-25 22:40:09,Sally Sally,シーズン2に進むのに何回やり直したんだ
2022-01-25 22:40:10,⁂みのる⁂,シーズン１濃いな
2022-01-25 22:40:10,おじじさん,何周もしてくれてありがとう
2022-01-25 22:40:11,BlueParker HATI TV,オタクが乾くケンカでしたね
2022-01-25 22:40:12,ターネイ,あったねぇ
2022-01-25 22:40:12,シノ,あったね
2022-01-25 22:40:14,夜長月よながつき,平和な世界線まで何度タイムリープしたんやろぅ
2022-01-25 22:40:17,goshu/ごーしゅ,あった
2022-01-25 22:40:17,昼酒,マジか
2022-01-25 22:40:20,けつあご,病室からツイキャスできたのか…
2022-01-25 22:40:21,にんげん,大変だなぁ
2022-01-25 22:40:22,フクロウ,あったなぁ
2022-01-25 22:40:23,-ToA-,なんでツイキャスしてんの？あれお金稼げるの？
2022-01-25 22:40:25,Centrum,病室からは凄い
2022-01-25 22:40:25,ゴーストゆっくり,知らなかった
2022-01-25 22:40:30,林啓太,藤和さーん
2022-01-25 22:40:34,るりえ,あの時のなまほしちゃんのおかげで今の深層組の良好な関係があると思います　ホントありがとうございました
2022-01-25 22:40:35,Than Levia,大東亜帝国さーん
2022-01-25 22:40:40,すっぴんきつね,草
2022-01-25 22:40:44,[祈祷師]Rasputin,加藤里香さーん
2022-01-25 22:40:45,a,藤和さーん
2022-01-25 22:40:45,るりえ,実名バレる環境は草
2022-01-25 22:40:46,-ToA-,トウアさんってなにｗ
2022-01-25 22:41:05,しづき,いろんなブーストがかかったね
2022-01-25 22:41:09,jun iwata,股間奥義さーん？
2022-01-25 22:41:21,しづき,やっぱLOVE？
2022-01-25 22:41:23,〇から生まれた〇太郎,改名しなきゃね
2022-01-25 22:41:32,ニート・ニートホッパー,お涙頂戴
2022-01-25 22:41:35,goshu/ごーしゅ,:microphone::cat:
2022-01-25 22:41:38,ベルボーイ,次はちゃんと納税！
2022-01-25 22:41:39,BlueParker HATI TV,めでたいよー
2022-01-25 22:41:45,Than Levia,ＭｃＡＴがどうしたって？
2022-01-25 22:41:49,西野つばめ,専業おめでとう
2022-01-25 22:42:00,goshu/ごーしゅ,:crying_cat:
2022-01-25 22:42:00,cheruno,えぐいて
2022-01-25 22:42:02,ヤス,許せない
2022-01-25 22:42:03,ニート・ニートホッパー,現金ないなった
2022-01-25 22:42:04,みよッピ,MIC:studio_microphone:
2022-01-25 22:42:04,ターネイ,犯人はスリの銀次
2022-01-25 22:42:05,⁂みのる⁂,うわぁ
2022-01-25 22:42:09,夜長月よながつき,許せねぇよなぁ
2022-01-25 22:42:11,つきみ,本当におめでとうなんよ
2022-01-25 22:42:14,ゴーストゆっくり,うわ
2022-01-25 22:42:17,けつあご,つれえわ
2022-01-25 22:42:18,微糖,波瀾万丈すぎる
2022-01-25 22:42:19,-ToA-,そもそも銀行に預けておかないなまほしちゃんサイドにも問題がある
2022-01-25 22:42:19,つきみ,えぇぇぇ........
2022-01-25 22:42:19,[祈祷師]Rasputin,めっちゃ濃くて草
2022-01-25 22:42:20,冥土,スリの銀次だったか…
2022-01-25 22:42:27,shellbottle1374,保護脱却からの嫉妬かなあ…
2022-01-25 22:42:28,おろしもち,悲しい
2022-01-25 22:42:30,シャローム[Shalom],つらい
2022-01-25 22:42:33,るりえ,信頼を踏みにじられたってのはメンタルやられる
2022-01-25 22:42:34,ヤマ,；；
2022-01-25 22:42:35,オーレリア・ウェルギウス,ほんとこええ
2022-01-25 22:42:37,貝カルシウム,こんなま～
2022-01-25 22:42:38,Centrum,プライスレスなものが消えちゃったもんな
2022-01-25 22:42:43,みよッピ,信頼度激減ショック
2022-01-25 22:42:44,水原:梛沙:ナギサ,深層組ってなんで人生ルナティックモードなん・・・？
2022-01-25 22:42:55,けつあご,生活保護だと銀行に入れるとアレだったりするからね…
2022-01-25 22:42:57,-ToA-,せめて1～2万ずつとってほしかったよなぁ！？
2022-01-25 22:43:01,微糖,人間不信になるわ
2022-01-25 22:43:05,おたおじ,こわいよねえ
2022-01-25 22:43:08,ニート・ニートホッパー,僕のためにお金入れてくれてるのかな？　って持って行った
2022-01-25 22:43:10,シズレ,人間は愚か
2022-01-25 22:43:11,goshu/ごーしゅ,:crying_face:
2022-01-25 22:43:19,けつあご,1－2万ならまだわからなかったかもしれない
2022-01-25 22:43:26,kool,深い
2022-01-25 22:43:28,めaガチ恋勢,空き巣でしょ
2022-01-25 22:43:28,⁂みのる⁂,ごっそりもってかれたぁ
2022-01-25 22:43:31,つきみ,寮とかでも財布の中身抜かれたりあったけど、信頼関係は無かった分なまほしちゃんの件のほうがしんどい
2022-01-25 22:43:32,Than Levia,しんにょうでけんよ
2022-01-25 22:43:32,ありあるりえーる,辛い
2022-01-25 22:43:34,runawk,おろかおろか
2022-01-25 22:43:47,yoshi,人はお金で買えるけど信頼はお金で買えんからね……
2022-01-25 22:43:57,林啓太,俺らも悲しむぞ
2022-01-25 22:43:58,kool,気づき
2022-01-25 22:43:59,月代八朔(はっさく),なるほど
2022-01-25 22:43:59,-ToA-,そうだぞ！反省しろよ！
2022-01-25 22:44:00,アキト,おお、成長やん:double_exclamation_mark:
2022-01-25 22:44:04,ニート・ニートホッパー,バイト先のロッカーから財布抜かれたりね
2022-01-25 22:44:06,Centrum,まあリアルな犯罪被害だもんな
2022-01-25 22:44:06,おたおじ,ええ話や
2022-01-25 22:44:09,赤松,似たようなこととめるちゃんもいってたな
2022-01-25 22:44:12,微糖,LOVEだね
2022-01-25 22:44:15,るりえ,なまほしちゃんもとめるもそれを知ってくれて嬉しい
2022-01-25 22:44:17,⁂みのる⁂,それはよかった
2022-01-25 22:44:22,ヤス,おお
2022-01-25 22:44:24,ゴーストゆっくり,これがｌｏｖｅだな
2022-01-25 22:44:26,cheruno,LOVEじゃん
2022-01-25 22:44:40,ターネイ,うわー。。。
2022-01-25 22:44:42,-ToA-,もうその話はいいから
2022-01-25 22:44:43,るりえ,それでスイスの話を思い出したのね…
2022-01-25 22:44:44,めaガチ恋勢,あんらく
2022-01-25 22:44:48,おろしもち,なるほどね
2022-01-25 22:44:48,シズレ,全部繋がってたのか…
2022-01-25 22:44:49,水原:梛沙:ナギサ,あ・・・
2022-01-25 22:44:50,ししとう,なるほど
2022-01-25 22:44:50,yoshi,なるほど
2022-01-25 22:44:50,Than Levia,お金は大事だよー。〇ぬにも生きるにも大事。
2022-01-25 22:44:51,ヤス,なるほど
2022-01-25 22:44:52,昼酒,その話は......
2022-01-25 22:44:53,ゴーストゆっくり,あー
2022-01-25 22:44:53,cheruno,そこで思い出したんか
2022-01-25 22:44:54,冥土,スイスか
2022-01-25 22:44:55,Centrum,人間不信からのあの配信か
2022-01-25 22:44:55,フクロウ,伏線だった
2022-01-25 22:44:55,夜長月よながつき,なるほどね
2022-01-25 22:44:56,Azu -あず-,こんなまー
2022-01-25 22:44:58,零時,そういうじけいれつなんだ
2022-01-25 22:44:58,もび,あの放送は泣いたな
2022-01-25 22:44:59,微糖,あーそういう事か
2022-01-25 22:44:59,いすといすと,なるなる
2022-01-25 22:45:01,⁂みのる⁂,なるほど
2022-01-25 22:45:03,ターネイ,りかりかりか理解した
2022-01-25 22:45:06,ニート・ニートホッパー,全て思い出したか
2022-01-25 22:45:09,レジドラゴ,スイスはファイナルシーズン
2022-01-25 22:45:10,アキト,ああ、なるほど。そこからスイスに繋がるのか。
2022-01-25 22:45:11,38号,アーカイブ参照
2022-01-25 22:45:11,林啓太,なるほど
2022-01-25 22:45:11,kool,伏線回収が鮮やか
2022-01-25 22:45:13,-ToA-,だから精神がぐちゃぐちゃになっていたのか　そりゃそうなるわ
2022-01-25 22:45:14,GUEST,なるほど
2022-01-25 22:45:16,権兵衛,詳しくはアーカイブで
2022-01-25 22:45:18,屋根裏=サン,ふむふむ
2022-01-25 22:45:19,yoshi,ワイは限界感情を揺さぶられるから好きやでスイス
2022-01-25 22:45:23,foxですよ,綴る！
2022-01-25 22:45:25,Than Levia,あー、スイス銀行に振り込んでゴルゴに依頼してアンチを抹〇する話ね。
2022-01-25 22:45:29,水原:梛沙:ナギサ,メンタル壊れちゃったのか・・・
2022-01-25 22:45:29,runawk,なるほど
2022-01-25 22:45:32,jun iwata,全部繋がってたんだな…
2022-01-25 22:45:48,デュタステ,そりゃネガティブにもなるわな
2022-01-25 22:45:57,kool,漏れてる
2022-01-25 22:45:59,-ToA-,良い事だよ
2022-01-25 22:46:00,つきみ,精神負荷がかかりまくってたのね...
2022-01-25 22:46:06,林啓太,いいこと
2022-01-25 22:46:07,jun iwata,深層組はリアル
2022-01-25 22:46:07,アキト,良かった良かった！
2022-01-25 22:46:08,るりえ,嬉しい
2022-01-25 22:46:10,オーレリア・ウェルギウス,本当に楽しくなってくれて良かったよ
2022-01-25 22:46:14,ゴーストゆっくり,良いことじゃないですか
2022-01-25 22:46:14,うーあー,いいね
2022-01-25 22:46:15,おろしもち,よかった…
2022-01-25 22:46:15,foxですよ,充実できるといいですんよなｗ
2022-01-25 22:46:15,いすといすと,フラグ立てたのですね
2022-01-25 22:46:16,微糖,良かった
2022-01-25 22:46:16,ぽち,いいぞいいぞ
2022-01-25 22:46:17,bbd,いいことや
2022-01-25 22:46:20,うさナエル,よかった
2022-01-25 22:46:20,冥土,良かった
2022-01-25 22:46:24,ヤマ,うんうん
2022-01-25 22:46:25,38号,良かった
2022-01-25 22:46:25,ニート・ニートホッパー,歓期
2022-01-25 22:46:26,⁂みのる⁂,いいですねぇ
2022-01-25 22:46:26,mochimochiyaki,うれしい
2022-01-25 22:46:29,おたおじ,ええな
2022-01-25 22:46:30,pol pol,よかった:smiling_face_with_smiling_eyes:
2022-01-25 22:46:31,林啓太,うれしいたけ
2022-01-25 22:46:32,雨宮ナッツ-モンドベル,良き良き
2022-01-25 22:46:32,夜長月よながつき,本気で怒って心配してくれる人がいる、素敵なことです
2022-01-25 22:46:33,cheruno,こっちもありがとうなんだよなぁ
2022-01-25 22:46:34,foxですよ,イキイキしてるの見るとこっちも楽しい
2022-01-25 22:46:38,runawk,いいね
2022-01-25 22:46:38,月代八朔(はっさく),これまでの分取り返そう
2022-01-25 22:46:40,ヤス,よかった
2022-01-25 22:46:41,冬丸よきた,よかった
2022-01-25 22:46:41,キル,なまほしにゃん好きになるからやめてくれ
2022-01-25 22:46:44,kool,神回
2022-01-25 22:46:45,夜長月よながつき,よかったよ
2022-01-25 22:46:46,杉チャン,琴浦さんかな
2022-01-25 22:46:46,つきみ,colorful
2022-01-25 22:46:47,ささめん,エモい
2022-01-25 22:46:47,Than Levia,すみれセプテンバーＬＯＶＥみたいな？
2022-01-25 22:46:47,おろしもち,うれしいたけ
2022-01-25 22:46:54,目指せ天才ちゃん！椎葉透 Shiiba Tooru,最終話だ…
2022-01-25 22:46:55,ターネイ,おっ、どうしたどうした
2022-01-25 22:46:57,もび,うれしい
2022-01-25 22:46:58,いすといすと,カラほしちゃん
2022-01-25 22:47:02,水原:梛沙:ナギサ,イイハナシダナー
2022-01-25 22:47:04,jun iwata,自分の人生に彩りがあるなんて誰でもできることじゃない
2022-01-25 22:47:04,セシドア,よかったぁ
2022-01-25 22:47:09,fueloisiioniku,最終回や
2022-01-25 22:47:11,kool,～fin～
2022-01-25 22:47:13,ありあるりえーる,良かったね:loudly_crying_face:
2022-01-25 22:47:15,はっぽん,まるで最終回みたいだ
2022-01-25 22:47:18,kippee,どっかのアニメで見たような…？
2022-01-25 22:47:19,cheruno,いかないで…
2022-01-25 22:47:20,きなこゲーム実況チャンネル,初スパチャです！なまほしちゃん生きててくれてよかった
2022-01-25 22:47:27,しづき,まじで最終回じゃない？
2022-01-25 22:47:30,フクロウ,いい最終回だった
2022-01-25 22:47:31,ニート・ニートホッパー,深層組の裏の支配者
2022-01-25 22:47:33,bbd,俺たちの戦いはこれからだ！
2022-01-25 22:47:36,キル,お疲れ様です:white_exclamation_mark:アーカイブで見ます
2022-01-25 22:47:36,-ToA-,なんだこの不安感
2022-01-25 22:47:37,ターネイ,落差来る前兆か！？
2022-01-25 22:47:37,Rally,なまほしちゃんの戦いはこれからだ！
2022-01-25 22:47:38,Than Levia,裏番長として取り仕切っていくゥ！
2022-01-25 22:47:44,冥土,いい最終回だ:loudly_crying_face:
2022-01-25 22:47:47,零時,まるで、卒業式
2022-01-25 22:47:47,みよッピ,苦しいこといっぱいあって、それを乗り越えて見えた景色はより色付いてみえる
2022-01-25 22:47:49,-ToA-,うわーなんか怖いわまじで
2022-01-25 22:47:49,オーレリア・ウェルギウス,ちゃっ　を捨てれてえらいぞ
2022-01-25 22:47:49,DLR瀬戸口,うーんLOVE
2022-01-25 22:47:51,jun iwata,あの頃は死亡フラグじゃないかと不安にすらなりました
2022-01-25 22:47:52,コウヘイ(カワダ・コウヘイ),あれ?最終回?
2022-01-25 22:47:53,るりえ,言葉が変わったのは気持ちの変化を感じて嬉しい
2022-01-25 22:47:54,いすといすと,シーズン2
2022-01-25 22:47:56,貝カルシウム,最終回！？？
2022-01-25 22:47:57,Centrum,前向きでよろしいですね
2022-01-25 22:47:59,pol pol,素敵やん
2022-01-25 22:48:01,mochimochiyaki,シーズン2ですね
2022-01-25 22:48:03,サモエド,なまほしちゃん好き
2022-01-25 22:48:16,微糖,まさにシーズン1最終回だ
2022-01-25 22:48:21,みよッピ,俺たちの人生はこれからだ！
2022-01-25 22:48:23,-ToA-,なるほどシーズン1完結だもんな
2022-01-25 22:48:23,Than Levia,プリズンブレイク　シーズン２みたいになるんだね（ほっこり
2022-01-25 22:48:26,yoshi,最近のとめるちゃんといい、入るとどんどん人生が幸せになってく深層組、もうそういう施設じゃん
2022-01-25 22:48:27,林啓太,てぇてぇ
2022-01-25 22:48:30,runawk,セバスやん
2022-01-25 22:48:30,冬丸よきた,なまほしちゃんが幸せそうでうれしい
2022-01-25 22:48:32,ニート・ニートホッパー,最終回にふさわしい
2022-01-25 22:48:32,3232qeq,いい最終日
2022-01-25 22:48:32,にんげん,そういえば1月末の新人さんはどうなってるんだ
2022-01-25 22:48:38,たか,頑張ったね
2022-01-25 22:48:40,ゴーストゆっくり,てぇてぇ
2022-01-25 22:48:42,Than Levia,改札？
2022-01-25 22:48:42,おじじさん,なまほしちゃんいい子過ぎる
2022-01-25 22:48:43,るりえ,最後の手段として取っておくって意味ではね
2022-01-25 22:48:43,濃口ソース太朗,なまほしちゃんのサポート力、なまほしちゃんがセバスなのでは？
2022-01-25 22:48:49,オーレリア・ウェルギウス,うんうん
2022-01-25 22:48:50,山下クロヲ,そうね
2022-01-25 22:48:51,林啓太,その選択肢がないのも袋小路になるからね
2022-01-25 22:48:57,赤松,シーズン1での進歩が
2022-01-25 22:48:58,ターネイ,ここ映画バトルシップ
2022-01-25 22:48:58,おたおじ,選択肢自体は否定しないけど、まだ先でいいよね
2022-01-25 22:48:59,cheruno,今じゃない、ね
2022-01-25 22:49:05,月代八朔(はっさく),そうか
2022-01-25 22:49:05,デュタステ,まあ本当にいつでも選べるもんな
2022-01-25 22:49:05,冥土,いい変化
2022-01-25 22:49:06,cafe太郎,せやな
2022-01-25 22:49:07,ヤマ.パンダ,それで十分さ
2022-01-25 22:49:13,おろしもち,楽しいうちは生きよう
2022-01-25 22:49:14,ありあるりえーる,いつか死ぬなら、死ぬまで生きよう
2022-01-25 22:49:14,マルセル,同意
2022-01-25 22:49:16,オーレリア・ウェルギウス,来世に期待すべきだが　今世が楽しいなら何よりって感じ
2022-01-25 22:49:17,夜長月よながつき,そうだ、まだまだ止まれねぇよな、ゴールはまだまだ先だ
2022-01-25 22:49:21,MOKKA,だが今日じゃない
2022-01-25 22:49:25,微糖,まだ楽しめる
2022-01-25 22:49:25,Than Levia,プレイバック　Ｐａｒｔ２
2022-01-25 22:49:31,ニート・ニートホッパー,終活
2022-01-25 22:49:35,-ToA-,まぁとりあえずはそれでいいわ
2022-01-25 22:49:36,樺沢郁也,アライブ　最終進化的少年みたいっすね
2022-01-25 22:49:42,にんげん,ここからの人生でその価値観が変わるといいな
2022-01-25 22:49:50,つきみ,まだ人生楽しめることがあるうちは、踏みとどまっても良いはず
2022-01-25 22:49:50,貝カルシウム,良い変化でよかった
2022-01-25 22:50:00,-ToA-,引っ越しでシーズン1終わるのか
2022-01-25 22:50:08,38号,AIも進化しまっせ～～
2022-01-25 22:50:18,冥土,聞けてよかったよ
2022-01-25 22:50:21,mochimochiyaki,よかったLOVEだわ
2022-01-25 22:50:21,runawk,loveだね
2022-01-25 22:50:22,水原:梛沙:ナギサ,これがなまほしちゃん補完計画の完成か・・・
2022-01-25 22:50:27,夜長月よながつき,いつもたくさんもらってるよ
2022-01-25 22:50:27,オーレリア・ウェルギウス,LOVE！
2022-01-25 22:50:28,つきみ,キツいこともあるだろうけど、現世に留まってほしい
2022-01-25 22:50:28,零時,LOVE
2022-01-25 22:50:30,ta ta,良い変化を迎えて、シーズン切り替えか良いね
2022-01-25 22:50:30,GUEST,ありがたいです
2022-01-25 22:50:30,bbd,なまほしちゃんのラブたすかる
2022-01-25 22:50:32,林啓太,ありがてぇ
2022-01-25 22:50:33,-ToA-,Bleachのクインシーにこんなキャラいたな
2022-01-25 22:50:37,櫻咲,偉大なるLove
2022-01-25 22:50:37,C-Low,シーズン２待ってます
2022-01-25 22:50:38,ゴーストゆっくり,ｌｏｖｅですね
2022-01-25 22:50:40,マルセル,とめる氏をサポートしたからやな
2022-01-25 22:50:43,なー＊,
2022-01-25 22:50:43,山下クロヲ,金庫代
2022-01-25 22:50:44,⁂みのる⁂,良いことがきけた
2022-01-25 22:50:46,みよッピ,:clapping_hands::clapping_hands::clapping_hands::clapping_hands::clapping_hands:
2022-01-25 22:50:48,jun iwata,だからなまほしちゃんを好きになっちゃったんだよ…
2022-01-25 22:50:52,ニート・ニートホッパー,よかったよかった
2022-01-25 22:50:54,深海生物,そのLoveをノラ君に分けてあげて…
2022-01-25 22:51:00,ありあるりえーる,ハッピーエンドだ〜:clapping_hands:
2022-01-25 22:51:09,mochimochiyaki,ふふ
2022-01-25 22:51:15,cheruno,ええやん
2022-01-25 22:51:15,ゴーストゆっくり,そうやね
2022-01-25 22:51:18,にゃん 猫,全部やっていこう
2022-01-25 22:51:21,goshu/ごーしゅ,:cat:
2022-01-25 22:51:22,櫻咲,ﾈｺを崇めよ
2022-01-25 22:51:25,いんどり,猫に志願します
2022-01-25 22:51:28,今賀好機,ぬこ
2022-01-25 22:51:31,jun iwata,止まるんじゃねえぞ…
2022-01-25 22:51:31,にんげん,ドルチほーんとかわいいよね
2022-01-25 22:51:37,たくや,なまほしちゃんも猫でハッピー
2022-01-25 22:51:40,cheruno,ネコの国は近づいた
2022-01-25 22:51:40,おたおじ,猫を飼ったらますます死ぬ選択肢が遠くなるね、善哉
2022-01-25 22:51:51,ゴーストゆっくり,確かに祭りだったね
2022-01-25 22:52:07,みよッピ,心の余裕は人間性を増やすしね
2022-01-25 22:52:27,シノ,よかった
2022-01-25 22:52:27,GUEST,無理のない程度にね
2022-01-25 22:52:34,ヤス,よかった
2022-01-25 22:52:39,SJW,無理なときは本当に無理なのでお気遣いなく
2022-01-25 22:52:45,runawk,盛り上げを期待
2022-01-25 22:52:50,Than Levia,きっとみんな大富豪なんだよ
2022-01-25 22:53:00,すっぴんきつね,？？？
2022-01-25 22:53:08,cheruno,急に！？
2022-01-25 22:53:14,cheruno,草
2022-01-25 22:53:19,林啓太,無理してないよん
2022-01-25 22:53:20,ゴーストゆっくり,急に赤スパチャ
2022-01-25 22:53:21,ニート・ニートホッパー,急に凍結しなければ
2022-01-25 22:53:24,CL,草
2022-01-25 22:53:24,冥土,草
2022-01-25 22:53:24,38号,草
2022-01-25 22:53:26,Centrum,syamuほしさん
2022-01-25 22:53:30,jun iwata,オフ会どこでも駆けつけます
2022-01-25 22:53:30,runawk,燃えたらあうつ
2022-01-25 22:53:39,水原:梛沙:ナギサ,混乱赤スパは草
2022-01-25 22:53:47,みよッピ,画像がチベスナw
2022-01-25 22:53:52,たくや,泉南イオン
2022-01-25 22:54:04,コムギ,こんなまー
2022-01-25 22:54:15,fueloisiioniku,尊い
2022-01-25 22:54:19,ニート・ニートホッパー,不死だから大丈夫
2022-01-25 22:54:19,Than Levia,マクドナルドだけあれば生きてけるよな
2022-01-25 22:54:22,いすといすと,なくてもいいけど、あっても幸せ
2022-01-25 22:54:24,yoshi,赤スパニキなまほしちゃんの発言に混乱してるの草
2022-01-25 22:54:24,水原:梛沙:ナギサ,壺もあるしねｗ
2022-01-25 22:54:29,moon bomber,永遠に続いて
2022-01-25 22:54:30,GUEST,そう言ってもらえて嬉しいです
2022-01-25 22:54:45,ヤマ.パンダ,良い話で泣いた。　とりあえず色がないコメント欄に、あったかい系の色流しておきます。
2022-01-25 22:54:58,cheruno,今登り始めたばかりだからよ
2022-01-25 22:55:04,Centrum,まあ楽しめるだけ楽しんで
2022-01-25 22:55:04,ターネイ,そうなってくれよぉ！
2022-01-25 22:55:08,ゴーストゆっくり,それがいい
2022-01-25 22:55:11,jun iwata,:exploding_head:
2022-01-25 22:55:12,runawk,演者なまほしちゃん2nd
2022-01-25 22:55:13,夜長月よながつき,いいじゃん
2022-01-25 22:55:14,pol pol,せやせや
2022-01-25 22:55:14,たぬ,普通が難しいからね
2022-01-25 22:55:16,月代八朔(はっさく),いいんだよ
2022-01-25 22:55:18,Than Levia,消息を絶ったら加藤純一のヨメになったと思っておきます
2022-01-25 22:55:21,cheruno,ええぞ
2022-01-25 22:55:21,ヤス,いいね
2022-01-25 22:55:21,おろしもち,好きなだけ幸せになれ
2022-01-25 22:55:21,たくや,素敵やん
2022-01-25 22:55:22,C-Low,シーズン１ナマポ編　シーズン２普通のおんなのこ編
2022-01-25 22:55:22,cafe太郎,幸せになる権利は誰にでも
2022-01-25 22:55:23,ヤマ.パンダ,いいじゃん
2022-01-25 22:55:23,冥土,それがいいね
2022-01-25 22:55:24,ニート・ニートホッパー,普通が一番難しい
2022-01-25 22:55:24,すっぴんきつね,いいよ、今からやり直しな
2022-01-25 22:55:24,イカノウェスト,いいね
2022-01-25 22:55:25,みよッピ,おれが死ぬ前にはフルダイブ出来るようになってほしいなー
2022-01-25 22:55:26,つきみ,謳歌してほしい
2022-01-25 22:55:28,コウヘイ(カワダ・コウヘイ),いいねぇ
2022-01-25 22:55:29,mochimochiyaki,楽しめるよ
2022-01-25 22:55:32,⁂みのる⁂,いいね
2022-01-25 22:55:33,微糖,それでいいそれがいい
2022-01-25 22:55:37,猫犬,なまほしちゃん3D可愛いね
2022-01-25 22:55:43,絡繰茶々丸,いいね
2022-01-25 22:55:45,しづき,どんなことになってもおしゃべりモンスターだし、面白い女だよ君は
2022-01-25 22:55:50,1127ぺゃっつ,エレンやん
2022-01-25 22:55:52,うさナエル,もやが晴れた
2022-01-25 22:55:53,runawk,vとしての幸せとは
2022-01-25 22:55:55,ボン太.,良い変化だ
2022-01-25 22:56:00,たぬ,普通目指すのが難しいから頑張ろうな
2022-01-25 22:56:01,いすといすと,ゆっくりしていってね
2022-01-25 22:56:07,フクロウ,幸せになって
2022-01-25 22:56:13,ヤマ.パンダ,それがワイらの気持ちなんだよなぁ
2022-01-25 22:56:14,オーレリア・ウェルギウス,猫にメロメロよ
2022-01-25 22:56:16,猫犬,ハッピーなのが1番
2022-01-25 22:56:17,おたおじ,良い関係だよね
2022-01-25 22:56:18,ニート・ニートホッパー,それは友達だからだよ
2022-01-25 22:56:19,空太郎,いいね
2022-01-25 22:56:21,ワラスボ,面倒見なきゃいけない奴らに関わったから…
2022-01-25 22:56:22,ばななしるこ,良い傾向ですね
2022-01-25 22:56:23,runawk,最も幸せなvtuberとは何か
2022-01-25 22:56:23,Than Levia,イキー＝ソイデル（新種）
2022-01-25 22:56:25,林啓太,うんうん
2022-01-25 22:56:32,mochimochiyaki,そうやで
2022-01-25 22:56:37,水原:梛沙:ナギサ,おめでとう！
2022-01-25 22:56:43,Hashimoto,美味しい水を飲んでいこうや
2022-01-25 22:56:44,夜長月よながつき,うんうん
2022-01-25 22:56:45,るりえ,二人共「幸せだと人間強度下がる」とか言ってたけど、幸せな二人を見てるのも楽しいですよ
2022-01-25 22:56:49,すっぴんきつね,草
2022-01-25 22:56:51,DLR瀬戸口,草
2022-01-25 22:56:51,Vおじ,ふぉごしゃしゃん
2022-01-25 22:56:52,林啓太,草
2022-01-25 22:56:52,ゴーストゆっくり,草
2022-01-25 22:56:53,c c,ごめんて
2022-01-25 22:56:53,オーレリア・ウェルギウス,かわいい
2022-01-25 22:56:54,goshu/ごーしゅ,:knocked_out_face:
2022-01-25 22:56:54,冥土,唐突にキレるw
2022-01-25 22:56:55,月代八朔(はっさく),草
2022-01-25 22:56:55,kool,ご、ごめん・・・
2022-01-25 22:56:56,ヤマ.パンダ,い　ま　さ　ら　？
2022-01-25 22:56:56,ヤス,草
2022-01-25 22:56:56,ヤマ,ｗ
2022-01-25 22:56:57,猫犬,舌っ足らずでかわいいぞ
2022-01-25 22:56:57,ささめん,突然キレるｗ
2022-01-25 22:56:57,昼酒,頑張ってｗ
2022-01-25 22:56:57,冬丸よきた,草
2022-01-25 22:56:58,セシドア,草
2022-01-25 22:56:58,⁂みのる⁂,草
2022-01-25 22:56:58,夜長月よながつき,草
2022-01-25 22:57:00,cheruno,かわいい
2022-01-25 22:57:00,おじじさん,かわいい
2022-01-25 22:57:01,微糖,幸せ村の幸せ合戦よ
2022-01-25 22:57:01,ターネイ,急に叫ぶやつ
2022-01-25 22:57:03,たで,すまん
2022-01-25 22:57:04,38号,たまにはプロレスをお願いします
2022-01-25 22:57:04,ワラスボ,ふぉごしゃさんですよ～
2022-01-25 22:57:07,cafe太郎,急に切れる若者か？？？
2022-01-25 22:57:08,ボン太.,草
2022-01-25 22:57:09,シズレ,シーズン2になるし名前変えるかあ
2022-01-25 22:57:09,kouzie,情緒不安定
2022-01-25 22:57:09,るりえ,今日だけは「ほごしゃん」でどうぞ
2022-01-25 22:57:10,林啓太,甘噛みきもちぃ～～～！
2022-01-25 22:57:12,フクロウ,草
2022-01-25 22:57:12,夜長月よながつき,照れ隠しすんなよｗ
2022-01-25 22:57:12,いすといすと,グーディアンにしとく?
2022-01-25 22:57:12,濃口ソース太朗,ふぉごしゃです
2022-01-25 22:57:14,Than Levia,この竹垣に竹立てかけたのは竹立てかけたったので竹立てかけたのです
2022-01-25 22:57:17,みよッピ,ほごしゃしゃん
2022-01-25 22:57:18,runawk,ボイトレ行こう
2022-01-25 22:57:20,にしきの,切り抜き意識するのやめなー
2022-01-25 22:57:20,kouichi taguchi,はむはむ
2022-01-25 22:57:24,moon bomber,ｲｲﾊﾅｼﾀﾞﾅｧ
2022-01-25 22:57:28,にしきの,ふうん
2022-01-25 22:57:30,ゴーストゆっくり,ｌｏｖｅは大事
2022-01-25 22:57:36,おじじさん,全米が泣いた
2022-01-25 22:57:37,Sally Sally,Aが足りない
2022-01-25 22:57:37,フクロウ,最終回でカミカミなまほしちゃん
2022-01-25 22:57:39,goshu/ごーしゅ,:revolving_hearts::cat::revolving_hearts:
2022-01-25 22:57:42,runawk,結局はラブだね
2022-01-25 22:57:54,シズレ,幸せとは…哲学だなあ
2022-01-25 22:57:54,cheruno,これからよこれから
2022-01-25 22:57:55,コムギ,幸せだなーって思うのが幸せになること
2022-01-25 22:57:55,ターネイ,幸せ初心者の方かな
2022-01-25 22:57:57,BlueParker HATI TV,幸せはどこにでもあるよ
2022-01-25 22:57:58,猫犬,なんだろう
2022-01-25 22:58:05,みよッピ,それはみんなわからない
2022-01-25 22:58:06,yoshi,入った少女達が幸せになる深層組という孤児院があるらしいぞ
2022-01-25 22:58:08,jun iwata,幸せになる過程が幸せだったと思う
2022-01-25 22:58:09,rapo55,浄水器が導入できることじゃろ？
2022-01-25 22:58:11,ニート・ニートホッパー,最終回　舌消失編
2022-01-25 22:58:11,pol pol,楽しかったらええんや
2022-01-25 22:58:11,るりえ,どうぞどうぞ
2022-01-25 22:58:14,猫犬,ちょっと分かるかも
2022-01-25 22:58:15,Vおじ,草
2022-01-25 22:58:19,よいち,幸せだったり、元気だったりしろ
2022-01-25 22:58:20,c c,幸せnoobかな？
2022-01-25 22:58:23,胡桃さん,まだまだこれからやぞ！
2022-01-25 22:58:28,yoshi,幸せが怖いのはわかる
2022-01-25 22:58:30,微糖,楽しいに身を任せればよい
2022-01-25 22:58:31,コムギ,どんな金持ちでも不幸だ不幸だって思ってる人もいる
2022-01-25 22:58:34,しづき,幸せのステップ上がっていこ
2022-01-25 22:58:37,おじじさん,大丈夫だよ！今までの反動だから
2022-01-25 22:58:45,mochimochiyaki,のんびりいこうね
2022-01-25 22:58:45,cheruno,幸せnoob……なるほど？
2022-01-25 22:58:45,るりえ,むしろいままでのマイナスのツケが返済されて一気に良いことが来てるだけじゃない？
2022-01-25 22:58:46,林啓太,り！
2022-01-25 22:58:54,Centrum,リアル人生ゲーム
2022-01-25 22:58:54,kouzie,幸せになったら不幸になるって純愛系のエロゲみたいな世界観だな
2022-01-25 22:58:58,ニート・ニートホッパー,見たり見なかったりする
2022-01-25 22:58:58,すっぴんきつね,人生はクソゲー、間違いない
2022-01-25 22:58:59,よもぎやよもぎ,無理しすぎて台詞カミカミになってるぞー
2022-01-25 22:59:02,樺沢郁也,幸せは波だと思ってるので、落差があるほど幸せを感じるはず。
2022-01-25 22:59:04,ゴーストゆっくり,確かに
2022-01-25 22:59:05,Than Levia,あやとりとかね
2022-01-25 22:59:06,夜長月よながつき,のんびりやってこうぜ
2022-01-25 22:59:21,微糖,人生は寄り道が一番楽しい
2022-01-25 22:59:21,cheruno,クソゲーも楽しめる部分があったりなかったりするし
2022-01-25 22:59:25,rgmrnda,人生はクソゲーだけどショトカいっぱい隠れてるぞ
2022-01-25 22:59:29,オーレリア・ウェルギウス,ぶっちゃけクソゲークソゲー言ってるがエンドコンテンツ豊富すぎるし下振れと上振れが激しすぎるだけだからな
2022-01-25 22:59:31,もさ,人生って何だっけ
2022-01-25 22:59:33,かっぱっぽいの,希少アチーブメントもちすぎ
2022-01-25 22:59:40,いすといすと,日々積み重ねる?
2022-01-25 22:59:43,Sally Sally,決めつけの刃
2022-01-25 22:59:49,ありあるりえーる,何でもないようなことが幸せだったと思う
2022-01-25 22:59:49,runawk,哲学系vtuber
2022-01-25 22:59:55,kouzie,なんでもないようなことが幸せだったと思う
2022-01-25 22:59:57,つきみ,本当にしんどい人生だったのだろうと察せる
2022-01-25 23:00:04,†おーたん†,強制ログインさせらるクソゲーなのでね……
2022-01-25 23:00:13,もさ,遊び人経由の賢者ルート
2022-01-25 23:00:18,pol pol,虎舞竜がおるな
2022-01-25 23:00:21,Than Levia,むきエビをふるさと納税で頼むのね
2022-01-25 23:00:22,夜長月よながつき,せやな
2022-01-25 23:00:23,みよッピ,実は普通の幸せって勝ち組よ？
2022-01-25 23:00:26,kouzie,ロード系Vtuber
2022-01-25 23:00:27,goshu/ごーしゅ,:clapping_hands::clapping_hands::clapping_hands::clapping_hands:
2022-01-25 23:00:31,ヤマ.パンダ,なんでもない夜のこと、このまま続いていく夜
2022-01-25 23:00:37,微糖,:clapping_hands::clapping_hands::clapping_hands::clapping_hands::clapping_hands:
2022-01-25 23:00:38,ゴーストゆっくり,:clapping_hands::clapping_hands::clapping_hands::clapping_hands:
2022-01-25 23:00:45,Than Levia,でたアーチャーｗ
2022-01-25 23:00:49,シズレ,それは死亡フラグw
2022-01-25 23:00:51,るりえ,クソゲーだがつまらないってわけじゃないもんね
2022-01-25 23:00:52,ヒノモトきょう,それフラグやん
2022-01-25 23:00:52,冥土,:clapping_hands::clapping_hands::clapping_hands::clapping_hands::clapping_hands:
2022-01-25 23:00:52,いすといすと,シーズン2所信表明?
2022-01-25 23:00:52,もさ,:clapping_hands::clapping_hands::clapping_hands::clapping_hands::clapping_hands:
2022-01-25 23:00:53,ししとう,それは死亡フラグなんよ
2022-01-25 23:00:55,しづき,幸せお気持ち表明ありがとう
2022-01-25 23:00:55,ヤマ.パンダ,８８８８８８８８
2022-01-25 23:00:56,38号,これからも楽しませていただきます
2022-01-25 23:00:59,昼酒,:clapping_hands::clapping_hands::clapping_hands::clapping_hands::clapping_hands::clapping_hands::clapping_hands::clapping_hands:
2022-01-25 23:01:02,猫犬,:clapping_hands::clapping_hands::clapping_hands::clapping_hands::clapping_hands:
2022-01-25 23:01:02,⁂みのる⁂,それあかんやつｗｗ
2022-01-25 23:01:04,Than Levia,バーサーカーにぼこぼこにされるやつｗ
2022-01-25 23:01:05,冥土,草
2022-01-25 23:01:06,ヤス,w
2022-01-25 23:01:06,moon bomber,幸せなんて思ったもん勝ちやど
2022-01-25 23:01:08,夜長月よながつき,最高の人生にしちゃおうぜ
2022-01-25 23:01:09,にしきの,眠れる獅子、なまほ獅子
2022-01-25 23:01:19,水原:梛沙:ナギサ,ガッツリフラグを立てるスタイルｗ
2022-01-25 23:01:19,cheruno,FUUUUUUUUUU！！！
2022-01-25 23:01:27,みよッピ,伝説が………今始まる！
2022-01-25 23:01:28,ほねぶと,なまほしちゃんneedy girl overdoseやらんの？
2022-01-25 23:01:30,kouzie,13章くらい続けて
2022-01-25 23:01:32,ゴーストゆっくり,確かに
2022-01-25 23:01:34,Centrum,キャラクリのやり直しは無いもんな
2022-01-25 23:01:35,オーレリア・ウェルギウス,筋力ステは伸ばしとけ
2022-01-25 23:01:35,林啓太,いいとおもう！
2022-01-25 23:01:37,ニート・ニートホッパー,そうだそうだ
2022-01-25 23:01:42,猫犬,vtuber最強！
2022-01-25 23:01:53,cafe太郎,成っちまえばいいじゃん！幸せに！
2022-01-25 23:01:55,pol pol,ラスボス(ホ〇ライブ)倒しに行こうぜ
2022-01-25 23:02:00,cheruno,最初に配られた手札はなぁ
2022-01-25 23:02:03,ありあるりえーる,ゴミじゃないよ
2022-01-25 23:02:05,コムギ,アバター変えたい
2022-01-25 23:02:06,しづき,一人でタコパしてもいいんやで
2022-01-25 23:02:11,Than Levia,みんな脱がしに行きたい（ゲス
2022-01-25 23:02:11,Sally Sally,なったな
2022-01-25 23:02:13,runawk,お嬢は最強、なまほしちゃんは最幸を目指そう
2022-01-25 23:02:16,濃口ソース太朗,胸の見た目アドすごいアバターならええやん
2022-01-25 23:02:17,GUEST,バッドステータスが盛られすぎてる...
2022-01-25 23:02:26,ターネイ,最高にエンジョイしてる
2022-01-25 23:02:29,yoshi,現実の世界で虚弱だった私がバーチャルの世界で最強Vを目指す件
2022-01-25 23:02:32,今賀好機,なんか強くなれた
2022-01-25 23:02:32,おじじさん,声が出る限りやってほしい
2022-01-25 23:02:36,moon bomber,おっそうだな
2022-01-25 23:02:47,林啓太,いえーーーーーーーーーーーい！
2022-01-25 23:02:52,ありあるりえーる,いえーい:victory_hand:
2022-01-25 23:02:54,Sally Sally,Wピース
2022-01-25 23:02:55,bbd,かわいい
2022-01-25 23:02:59,goshu/ごーしゅ,:loudly_crying_face:
2022-01-25 23:03:00,コムギ,なまほしおばあちゃん
2022-01-25 23:03:02,夜長月よながつき,いえぇぇぇい
2022-01-25 23:03:03,runawk,はばほしちゃん
2022-01-25 23:03:04,Centrum,ヴァーチャルおばあほしちゃん
2022-01-25 23:03:04,ゴーストゆっくり,草
2022-01-25 23:03:05,cheruno,なまさん！？
2022-01-25 23:03:05,ターネイ,枯草
2022-01-25 23:03:06,c c,草
2022-01-25 23:03:06,冥土,なまばあちゃんw
2022-01-25 23:03:07,ニート・ニートホッパー,こっちが先に死ぬわｗｗ
2022-01-25 23:03:07,しづき,なまほしおばぁ！
2022-01-25 23:03:08,めしいか,草
2022-01-25 23:03:10,るりえ,なまほしちゃん87(12)
2022-01-25 23:03:10,Hunk,草
2022-01-25 23:03:10,ささめん,草
2022-01-25 23:03:11,微糖,おいおい
2022-01-25 23:03:11,Than Levia,なまほしちゃんさん（８０）
2022-01-25 23:03:13,mochimochiyaki,なまほしばぁちゃん
2022-01-25 23:03:13,⁂みのる⁂,草
2022-01-25 23:03:14,cafe太郎,12歳BBA！
2022-01-25 23:03:15,ヤス,草
2022-01-25 23:03:16,たで,草
2022-01-25 23:03:17,夜長月よながつき,草
2022-01-25 23:03:18,星ことり,112歳まで
2022-01-25 23:03:19,yoshi,とめるおばあちゃんとのコラボ配信はよ
2022-01-25 23:03:20,シズレ,声出なくなってもやって
2022-01-25 23:03:22,GUEST,草
2022-01-25 23:03:23,pol pol,強い
2022-01-25 23:03:25,bbd,一生5959してくれ
2022-01-25 23:03:26,コムギ,永遠の12歳
2022-01-25 23:03:27,ヤマ.パンダ,年金スパチャは任せろ！！
2022-01-25 23:03:27,林啓太,いいじゃんｗ
2022-01-25 23:03:27,Sally Sally,なまばぁちゃん
2022-01-25 23:03:27,セシドア,草
2022-01-25 23:03:28,YAMAOKA,俺らの声が出ないかもしれない
2022-01-25 23:03:32,シノ,草
2022-01-25 23:03:35,レジドラゴ,草
2022-01-25 23:03:36,おじじさん,なまほしちゃんの配信見ながら老衰するねw
2022-01-25 23:03:38,jun iwata,御年12のでぇベテランだ！
2022-01-25 23:03:40,すっぴんきつね,草
2022-01-25 23:03:40,ありあるりえーる,これが本当のロリババアだな
2022-01-25 23:03:41,シズレ,草
2022-01-25 23:03:41,goshu/ごーしゅ,:fearful_face:
2022-01-25 23:03:42,ターネイ,かいごしゃさんじゃん
2022-01-25 23:03:42,ゴーストゆっくり,草
2022-01-25 23:03:43,猫犬,草
2022-01-25 23:03:43,イカノウェスト,草
2022-01-25 23:03:44,セシドア,老人ホームオフ会しような
2022-01-25 23:03:44,cheruno,保護者さんの意味合いがあれよ
2022-01-25 23:03:45,kouzie,催眠以前にボケてそう
2022-01-25 23:03:45,ヤス,保護者さん半分ぐらい死んでそう
2022-01-25 23:03:47,叶姉妹のじゃない方,和風総本家の催眠音声じゃん
2022-01-25 23:03:47,Sally Sally,もっとフガフガしてもろて
2022-01-25 23:03:51,壇ノ浦飯田橋,なまほし（12）、芸歴は60年
2022-01-25 23:03:52,cheruno,かかってこいよ！
2022-01-25 23:03:54,Centrum,年とってもギラついてて草
2022-01-25 23:03:54,ししとう,幸せになる催眠・・・
2022-01-25 23:03:55,微糖,そんな余生もいいね
2022-01-25 23:03:56,⁂みのる⁂,催眠というより…
2022-01-25 23:03:59,DLR瀬戸口,先にこっちが旅立ちそう
2022-01-25 23:03:59,にんげん,シーズン2ババア編かな
2022-01-25 23:04:05,fueloisiioniku,ロックやん
2022-01-25 23:04:08,冬丸よきた,あと70年くらいか……
2022-01-25 23:04:08,星ことり,米寿記念配信
2022-01-25 23:04:12,ニート・ニートホッパー,80で初期配信見たら何思うんだろう
2022-01-25 23:04:12,サモエド,同じホームで聴いてるかもしれん
2022-01-25 23:04:14,ゴーストゆっくり,草
2022-01-25 23:04:14,Sally Sally,草
2022-01-25 23:04:15,壇ノ浦飯田橋,やっぱ相棒はトメさん？
2022-01-25 23:04:15,るりえ,これは歯が12本しか無い
2022-01-25 23:04:15,いすといすと,ばばあV で人気の人もいるから
2022-01-25 23:04:17,猫犬,歯なさそう
2022-01-25 23:04:17,コムギ,そのころには俺はもう…
2022-01-25 23:04:17,cheruno,入れ歯忘れてますよ
2022-01-25 23:04:17,Than Levia,催眠なんてかかるわけない（難聴
2022-01-25 23:04:17,cafe太郎,黒柳徹子やないかい！
2022-01-25 23:04:18,rapo55,ババーチャルtuber
2022-01-25 23:04:22,jun iwata,コンピューターおばあちゃんやん！
2022-01-25 23:04:23,うさナエル,ふがほしちゃん
2022-01-25 23:04:23,Vおじ,ふがふが
2022-01-25 23:04:25,fueloisiioniku,上手いw
2022-01-25 23:04:25,とりさし,なまほし(80）「おいオタク起きてるか？」オタク「…（死んでる）」
2022-01-25 23:04:25,冥土,新人婆ちゃるYouTuber
2022-01-25 23:04:25,夜長月よながつき,耳が遠くなって聞こえないんじゃが
2022-01-25 23:04:26,つきみ,深層組が覇権とってる世界線だ
2022-01-25 23:04:26,おじじさん,やってるの想像したら爆笑してる
2022-01-25 23:04:26,ヤマ.パンダ,わしのコメントはまだかのぉ
2022-01-25 23:04:29,yoshi,トメさんは草
2022-01-25 23:04:30,runawk,12から急にババアとは恐れ入った
2022-01-25 23:04:32,林啓太,入歯入れて！！なまばあちゃん！
2022-01-25 23:04:33,ひかる,トメさん
2022-01-25 23:04:35,みよッピ,最古参Vチューバーw
2022-01-25 23:04:36,フクロウ,そのときには保護者もヘルパーさん呼んでるぞ
2022-01-25 23:04:36,⁂みのる⁂,とめさんより歯ありそう
2022-01-25 23:04:38,moon bomber,健康の話ばっかしてそう
2022-01-25 23:04:40,冥土,トメさんw
2022-01-25 23:04:42,シノ,その頃になったらDM送ればいいってとめるちゃんが言ってた！
2022-01-25 23:04:45,〇から生まれた〇太郎,とめさんの息の根とまっとる
2022-01-25 23:04:45,cheruno,とめさんなまさん
2022-01-25 23:04:46,ドンブリ感情,とめさん歯ないよ
2022-01-25 23:04:46,Vおじ,草
2022-01-25 23:04:46,ゴーストゆっくり,草
2022-01-25 23:04:47,とりさし,なまさん　トメさん
2022-01-25 23:04:48,るりえ,コメ欄もフガフガしてそう
2022-01-25 23:04:49,ターネイ,超美麗３Dゲートボール
2022-01-25 23:04:49,たくや,なまほしちゃん87歳の時は俺らが死んどるかもしれんｗ
2022-01-25 23:04:49,bbd,マジで息根がとまっちゃう
2022-01-25 23:04:49,ひかる,トメさんホシさん
2022-01-25 23:04:50,goshu/ごーしゅ,草
2022-01-25 23:04:54,DLR瀬戸口,トメさん歯が…！
2022-01-25 23:04:56,Than Levia,ハルさんはご存命？！
2022-01-25 23:04:57,fueloisiioniku,ねねさんもいるよ
2022-01-25 23:04:57,おろしもち,草
2022-01-25 23:05:00,星ことり,トメさん難聴なっとるやん
2022-01-25 23:05:03,叶姉妹のじゃない方,おばあちゃんさっきもスパチャ貰ったでしょ
2022-01-25 23:05:05,いすといすと,意外と自然な声で草
2022-01-25 23:05:05,コムギ,ああ…今日もなまほしちゃんはかわいいな…（昇天
2022-01-25 23:05:09,るりえ,二人共100歳のトメさんナマさん
2022-01-25 23:05:10,猫犬,トメさんナマさんw
2022-01-25 23:05:11,cheruno,ねねさんもおる
2022-01-25 23:05:17,デュタステ,本当のインターネット老人会になっちゃう
2022-01-25 23:05:26,〇から生まれた〇太郎,現在のVで最高齢ってしずりん？
2022-01-25 23:05:30,Vおじ,幸せですかー！！
2022-01-25 23:05:31,kouzie,幸福なのは義務なんです
2022-01-25 23:05:32,コムギ,なまほし教
2022-01-25 23:05:32,冬丸よきた,みんなしあわせ
2022-01-25 23:05:33,セシドア,草
2022-01-25 23:05:33,pol pol,深層教
2022-01-25 23:05:37,櫻咲,皆で幸せになりましょう
2022-01-25 23:05:37,シズレ,なまほしちゃん教を崇めよ
2022-01-25 23:05:38,Sally Sally,深層最強:double_exclamation_mark:深層最強:double_exclamation_mark:深層最強:double_exclamation_mark:
2022-01-25 23:05:38,にんげん,宗教法人するか！
2022-01-25 23:05:41,Than Levia,ネコのさばきは来る
2022-01-25 23:05:41,めしいか,:folded_hands:
2022-01-25 23:05:42,cheruno,幸せになるぞ！！幸せになるぞ！！
2022-01-25 23:05:42,jun iwata,うちは浄土宗なんで…
2022-01-25 23:05:43,冬丸よきた,入信します！
2022-01-25 23:05:44,林啓太,サイコーですか？！
2022-01-25 23:05:45,MOKKA,最高ですかー！
2022-01-25 23:05:45,猫犬,信じるものは救われるアーメン
2022-01-25 23:05:46,moon bomber,なまほしちゃん推せば幸せになれますかー？
2022-01-25 23:05:46,yoshi,深層教
2022-01-25 23:05:46,コムギ,（´・人・｀）パンパン
2022-01-25 23:05:48,昼酒,トメさんは100歳ナマさんも100歳
2022-01-25 23:05:51,ゴーストゆっくり,崇めよ
2022-01-25 23:05:53,ものらる猫,幸せになりたい...!
2022-01-25 23:05:55,GUEST,最高の夢！
2022-01-25 23:05:55,みよッピ,入信はこちらですか？
2022-01-25 23:05:57,kouzie,修行するぞ！修行するぞ！
2022-01-25 23:05:57,夜長月よながつき,見ようや
2022-01-25 23:05:57,水原:梛沙:ナギサ,保護者の幸福は義務です
2022-01-25 23:05:58,コムギ,深層教ｗ
2022-01-25 23:06:00,runawk,哲学∽宗教
2022-01-25 23:06:01,Centrum,組から教にｗ
2022-01-25 23:06:03,cafe太郎,い甘辛は入れる宗教ありますか？
2022-01-25 23:06:03,jun iwata,南無阿弥陀仏
2022-01-25 23:06:04,ヒノモトきょう,シスターなまほし
2022-01-25 23:06:04,ターネイ,おー－－っとぉ？？？
2022-01-25 23:06:04,たくや,修行するぞ修行するぞ
2022-01-25 23:06:04,Vおじ,まじ？
2022-01-25 23:06:05,にしきの,深層組の上弦の一
2022-01-25 23:06:06,微糖,深層と共にあらんことを
2022-01-25 23:06:06,林啓太,かのじょ……？？？？
2022-01-25 23:06:07,cheruno,-人-
2022-01-25 23:06:08,たぬ,逃げないと
2022-01-25 23:06:08,goshu/ごーしゅ,:relieved_face:
2022-01-25 23:06:09,TP(てぃーぴー),催眠より怖いw
2022-01-25 23:06:10,DuxRyK 【デューク】,こんなまー
2022-01-25 23:06:11,ヤマ.パンダ,お墓も用意されてます
2022-01-25 23:06:12,ふじしろけい,友達はいらないなあ
2022-01-25 23:06:14,昼酒,彼...女...?
2022-01-25 23:06:15,MOKKA,深層水売ろう
2022-01-25 23:06:17,しづき,末代組なのに？？
2022-01-25 23:06:18,フクロウ,人間は愚か！
2022-01-25 23:06:19,ターネイ,あー、、、これ訴えられる奴だ
2022-01-25 23:06:21,チョコ人,空飛ぶスパゲッティモンスター教なんですみません
2022-01-25 23:06:21,にんげん,深層組に入った人が幸せになってるのは事実
2022-01-25 23:06:22,Than Levia,ﾎﾟｽｻﾞｰで子宝に？！(;´Д`)
2022-01-25 23:06:22,ボン太.,それは嘘
2022-01-25 23:06:25,runawk,催眠イヤ
2022-01-25 23:06:27,いすといすと,バンされそうw
2022-01-25 23:06:28,とりさし,シスター・なまほし…！
2022-01-25 23:06:28,yoshi,深層教に入ると幸せになるらしいぞいそげー
2022-01-25 23:06:28,cheruno,草
2022-01-25 23:06:28,水無瀬秀則,深層教…
2022-01-25 23:06:29,Vおじ,入信しよかな？
2022-01-25 23:06:31,TP(てぃーぴー),草
2022-01-25 23:06:32,ありあるりえーる,催眠なんてかかるわけないじゃないですか‥:face_with_spiral_eyes:
2022-01-25 23:06:33,jun iwata,なまほしちゃん以外の彼女はいらないんだよなあ
2022-01-25 23:06:33,みよッピ,（金の）神の加護があらんことを
2022-01-25 23:06:33,ヤス,彼女はできません
2022-01-25 23:06:35,セシドア,末代組に子宝…
2022-01-25 23:06:35,もび,別れた妻も帰ってきますか？
2022-01-25 23:06:35,goshu/ごーしゅ,:face_screaming_in_fear:
2022-01-25 23:06:37,冥土,深層教に入ったら子どもに逃げられそうw
2022-01-25 23:06:38,ふじしろけい,無料ですか？
2022-01-25 23:06:42,シズレ,壺いくらで売ってますか？
2022-01-25 23:06:42,かっぱっぽいの,お話しします
2022-01-25 23:06:42,〇から生まれた〇太郎,ここにいるの孤独なおっさんしかいないから流行りそう
2022-01-25 23:06:44,cheruno,壺売ってください
2022-01-25 23:06:45,DLR瀬戸口,？？？？？
2022-01-25 23:06:45,c c,グッズに水とか壺とか増えそう
2022-01-25 23:06:48,まろにえ,会費いくらですか？
2022-01-25 23:06:48,コムギ,一生ソロなので子宝はむり
2022-01-25 23:06:52,おじじさん,悟り開きすぎ
2022-01-25 23:06:52,runawk,絵は買いません
2022-01-25 23:06:55,すっぴんきつね,危ない宗教かw
2022-01-25 23:06:56,九分ななりん,出来るよ！僕には出来た！層〇学会青〇会みたいな
2022-01-25 23:06:56,とりさし,子宝（ポストに体液）
2022-01-25 23:06:56,†れおんちゃん†,イアイア深層組
2022-01-25 23:06:57,貝カルシウム,くろさう今日もAIに感謝☩
2022-01-25 23:06:57,オーレリア・ウェルギウス,底辺中の底辺やぞ
2022-01-25 23:06:57,SJW,まあ神秘主義でしょうな
2022-01-25 23:06:58,bbd,悪魔崇拝
2022-01-25 23:07:00,夜長月よながつき,なんかあやしい宗教になってきたｗ
2022-01-25 23:07:00,ベルボーイ,なまほし水を売ってください！
2022-01-25 23:07:03,にんげん,本拠地は5chです
2022-01-25 23:07:04,水原:梛沙:ナギサ,ルルイエが総本山になってそうｗ
2022-01-25 23:07:05,ゴーストゆっくり,入会金おいくらですか？
2022-01-25 23:07:06,昼酒,邪教ｗｗ
2022-01-25 23:07:08,〇から生まれた〇太郎,スパチャ（お布施）
2022-01-25 23:07:09,ヤマ.パンダ,免罪符代
2022-01-25 23:07:11,みよッピ,寄付は一口千円からですか？
2022-01-25 23:07:11,Vおじ,入深
2022-01-25 23:07:12,つきみ,邪教徒〜！
2022-01-25 23:07:15,おたおじ,既に胡散臭いｗ
2022-01-25 23:07:16,DLR瀬戸口,禊
2022-01-25 23:07:19,よもぎやよもぎ,貧乏神いるしなぁｗ
2022-01-25 23:07:19,おじじさん,グッズで数珠でも売る？
2022-01-25 23:07:26,林啓太,おお！
2022-01-25 23:07:29,cafe太郎,2万人おめでとう！
2022-01-25 23:07:30,冬丸よきた,おお！
2022-01-25 23:07:32,T I,してません
2022-01-25 23:07:33,たくや,いねぇよなぁ？
2022-01-25 23:07:33,オーレリア・ウェルギウス,深層教とかニーチェもドン引きしてるわ
2022-01-25 23:07:36,昼酒,ほんとだ
2022-01-25 23:07:37,おじじさん,2万人配信！？
2022-01-25 23:07:38,冥土,おお
2022-01-25 23:07:38,pol pol,おらんやろ～
2022-01-25 23:07:39,櫻咲,まさかね
2022-01-25 23:07:40,a,2回押した
2022-01-25 23:07:40,みよッピ,？！
2022-01-25 23:07:41,cheruno,ここで急に100人増えたら笑う
2022-01-25 23:07:42,38号,あと少しだね
2022-01-25 23:07:42,まろにえ,ぎく...
2022-01-25 23:07:43,おたおじ,二回押しておきます
2022-01-25 23:07:43,貝カルシウム,おらんやろ…
2022-01-25 23:07:43,ネクラマンサー,まっさかー
2022-01-25 23:07:46,ヤス,まさかね
2022-01-25 23:07:47,SJW,サブ垢３つあるけどいる？
2022-01-25 23:07:47,夜長月よながつき,いねぇよなぁ？
2022-01-25 23:07:48,Than Levia,高評価押しときます
2022-01-25 23:07:51,bbd,いるわけないじゃないですかー
2022-01-25 23:07:52,コウヘイ(カワダ・コウヘイ),あと200人か
2022-01-25 23:07:53,貝カルシウム,初見です
2022-01-25 23:07:56,たくや,おったわｗ
2022-01-25 23:07:58,昼酒,いるわけねえよなぁ？
2022-01-25 23:07:58,c c,草
2022-01-25 23:07:59,cafe太郎,草
2022-01-25 23:07:59,おじじさん,9回押して来ますね
2022-01-25 23:07:59,すっぴんきつね,草
2022-01-25 23:08:00,いすといすと,モグリをあぶり出すちゃん
2022-01-25 23:08:00,おたおじ,草
2022-01-25 23:08:01,Vおじ,草
2022-01-25 23:08:01,冥土,草
2022-01-25 23:08:02,mochimochiyaki,おったｗｗ
2022-01-25 23:08:03,深海生物,いたのかw
2022-01-25 23:08:05,⁂みのる⁂,草
2022-01-25 23:08:05,セシドア,そ、そんなわけないよなぁ
2022-01-25 23:08:05,DLR瀬戸口,草
2022-01-25 23:08:05,ゴーストゆっくり,草
2022-01-25 23:08:05,sibusibuyanyan,残念ながら誰も登録しないと決めてるんで
2022-01-25 23:08:05,コムギ,初見かもしれんだろ
2022-01-25 23:08:05,フクロウ,草
2022-01-25 23:08:06,コウヘイ(カワダ・コウヘイ),ｗｗ
2022-01-25 23:08:07,冬丸よきた,いねえよなぁ！？
2022-01-25 23:08:08,おろしもち,草
2022-01-25 23:08:09,ボン太.,草
2022-01-25 23:08:10,ヤス,おお
2022-01-25 23:08:11,cheruno,草
2022-01-25 23:08:12,シズレ,草
2022-01-25 23:08:12,GUEST,草
2022-01-25 23:08:12,昼酒,いるんかーい！！！
2022-01-25 23:08:13,もび,くさぁ
2022-01-25 23:08:13,貝カルシウム,草
2022-01-25 23:08:14,Than Levia,おるぅ？
2022-01-25 23:08:14,T I,すみません、いまぽちりました
2022-01-25 23:08:16,⁂みのる⁂,今がチャンス
2022-01-25 23:08:17,けんじょー,Kusa
2022-01-25 23:08:17,〇から生まれた〇太郎,ユダを探せ
2022-01-25 23:08:18,Sally Sally,燻したら出てきた
2022-01-25 23:08:19,夜長月よながつき,いるんじゃねぇか
2022-01-25 23:08:21,runawk,そりゃ居ますよね
2022-01-25 23:08:21,みよッピ,監視されてるw
2022-01-25 23:08:22,38号,草
2022-01-25 23:08:23,しづき,言っといてよかったな！！
2022-01-25 23:08:23,SJW,草
2022-01-25 23:08:24,ばななしるこ,増えてるんだｗ
2022-01-25 23:08:24,ネクラマンサー,草
2022-01-25 23:08:25,水原:梛沙:ナギサ,ちょっとジャンプしてみ？（チャリンチャリン）
2022-01-25 23:08:26,おたおじ,草ぁｗ
2022-01-25 23:08:27,cheruno,いますねぇ!
2022-01-25 23:08:27,goshu/ごーしゅ,草
2022-01-25 23:08:29,にんげん,チャンネル登録よろしくって効果あるんだな
2022-01-25 23:08:30,人運勢,登録数実況中
2022-01-25 23:08:37,shellbottle1374,もう少しで2万ですねえ
2022-01-25 23:08:39,Than Levia,これが２万人記念配信になるか
2022-01-25 23:08:45,夜長月よながつき,特定班出番ですよぉｗ
2022-01-25 23:08:46,コムギ,意外に登録して、高評価押して、っていうと押してくれる
2022-01-25 23:08:49,九分ななりん,メンシ設定してないから登録する意味感じない的な人もいそう
2022-01-25 23:08:52,微糖,シーズン1に滑り込むんだー
2022-01-25 23:08:54,yoshi,チャンネル登録特典:幸せになれます
2022-01-25 23:08:56,いすといすと,:thumbs_up:ボタンからいっておこう
2022-01-25 23:08:57,たくや,ナイス登録
2022-01-25 23:09:07,pol pol,登録ボタン連打するわ
2022-01-25 23:09:13,cheruno,おれ！おれ！
2022-01-25 23:09:15,Sally Sally,あーあー
2022-01-25 23:09:17,Vおじ,草
2022-01-25 23:09:21,おじじさん,いいテンションだ
2022-01-25 23:09:22,林啓太,草
2022-01-25 23:09:26,kouzie,ってなんで俺くんが！？
2022-01-25 23:09:26,TP(てぃーぴー),真夏のジャンボリー
2022-01-25 23:09:29,とりさし,俺:exclamation_question_mark:俺:red_exclamation_mark:俺:red_exclamation_mark:俺:red_exclamation_mark:俺:red_exclamation_mark:俺:double_exclamation_mark: Ah～↑↑↑:collision::collision:真夏の:sun_with_face::palm_tree::person_surfing:Jamboree〜〜:double_exclamation_mark::double_exclamation_mark:レゲエ🇯🇲:woman_dancing:砂浜:hibiscus::beach_with_umbrella::palm_tree::sun_with_face:Big Wave!!:water_wave::water_wave::collision::collision::collision:
2022-01-25 23:09:29,猫犬,10代に伝わらんて
2022-01-25 23:09:30,cheruno,まなつーのじゃんぼりー
2022-01-25 23:09:37,貝カルシウム,なんで俺君が！？
2022-01-25 23:09:41,おじじさん,うんちチェックたすかる
2022-01-25 23:09:44,Than Levia,たけたて
2022-01-25 23:09:49,おたおじ,なんでその単語で滑舌を確認する
2022-01-25 23:09:49,ニート・ニートホッパー,脳に何かあった？
2022-01-25 23:09:52,いすといすと,悪いもの食べた？
2022-01-25 23:09:59,cheruno,なまほしちゃんすしねこ
2022-01-25 23:10:09,jun iwata,ドーパミンどっぱどぱなんだな
2022-01-25 23:10:29,櫻咲,ほんとにそう
2022-01-25 23:10:39,目指せ天才ちゃん！椎葉透 Shiiba Tooru,シーズン2も応援！
2022-01-25 23:10:43,yoshi,なれない幸せ配信で呂律がわちゃわちゃしてるなまほしちゃんてぇてぇ
2022-01-25 23:10:50,はっぽん,銀行
2022-01-25 23:10:50,すっぴんきつね,オススメの金庫w
2022-01-25 23:10:51,TP(てぃーぴー),俺の財布
2022-01-25 23:10:52,コムギ,金庫なんて買ったことないｗ
2022-01-25 23:10:52,ヤマ.パンダ,銀行っていう金庫がオススメ
2022-01-25 23:10:53,冥土,金庫なんて買った事ないわw
2022-01-25 23:10:55,kouzie,銀行口座に入れればいいでしょ
2022-01-25 23:10:56,おたおじ,ぐぐれ！
2022-01-25 23:10:57,シズレ,金庫は分からんなw
2022-01-25 23:11:02,anija,金庫なんて詳しくないよ・・・
2022-01-25 23:11:03,おじじさん,おすすめの金庫……
2022-01-25 23:11:05,櫻咲,みずほ銀行
2022-01-25 23:11:09,みよッピ,指紋認証ありのやつ
2022-01-25 23:11:10,runawk,金庫重いぞ
2022-01-25 23:11:13,cheruno,銀行かなぁ
2022-01-25 23:11:15,るりえ,おすすめはなかなか…
2022-01-25 23:11:20,コウヘイ(カワダ・コウヘイ),金庫、安くて、重いやつでいいのでは?
2022-01-25 23:11:21,すっぴんきつね,いいよ
2022-01-25 23:11:22,jun iwata,おまえらみずほ銀行の前でも同じこと言えるのか？
2022-01-25 23:11:23,ばななしるこ,金庫は鍵無くして開かなくなる
2022-01-25 23:11:27,ゴーストゆっくり,:clapping_hands::clapping_hands::clapping_hands::clapping_hands::clapping_hands:
2022-01-25 23:11:28,cheruno,いいよ
2022-01-25 23:11:30,yoshi,ATMみたいな金庫はゴミなので買うな
2022-01-25 23:11:30,ヤマ.パンダ,めでてぇな！
2022-01-25 23:11:32,おたおじ,すーしーええなっ
2022-01-25 23:11:33,しづき,寿司を食わないと死ぬぜ！！！
2022-01-25 23:11:34,Sally Sally,半額お寿司いいねぇ
2022-01-25 23:11:36,おじじさん,
2022-01-25 23:11:36,冥土,めでたくなくても寿司は早く食べないとw
2022-01-25 23:11:37,ヤス,:party_popper::party_popper::party_popper::party_popper::party_popper:
2022-01-25 23:11:37,kouzie,半額だから早く食べないと悪くなるで
2022-01-25 23:11:38,goshu/ごーしゅ,:sushi::cat:
2022-01-25 23:11:39,ヤマ.パンダ,すまん。みずほはないわ
2022-01-25 23:11:46,Sally Sally,祝ぇ:double_exclamation_mark:
2022-01-25 23:11:46,jun iwata,お寿司はいいよな
2022-01-25 23:11:47,Than Levia,その辺で売ってる〇んこは本体ごと持ってかれるからお薦め出来ない
2022-01-25 23:11:47,pol pol,食欲あって健康的や
2022-01-25 23:11:47,しづき,寿司！美味すぎる！！！ふざけるな！！
2022-01-25 23:11:49,夜長月よながつき,めでてぇめでてぇ
2022-01-25 23:11:49,コムギ,銀行の貸金庫が最強
2022-01-25 23:11:52,jun iwata,あ、どうも…
2022-01-25 23:11:54,cheruno,みずほ銀行は停止したらガチャ引けるしいいぞ
2022-01-25 23:11:58,ありあるりえーる,寿司食いねぇ:sushi:
2022-01-25 23:12:03,みよッピ,:sushi:
2022-01-25 23:12:09,Rally,金庫→隠し金庫をDIYするとか
2022-01-25 23:12:10,めしいか,オタクくん隣の家に住まわせればいい金庫になるよ
2022-01-25 23:12:13,ボン太.,賃貸によっては重量制限あるから気をつけてね
2022-01-25 23:12:14,Vおじ,あ、あ、あ、あ、
2022-01-25 23:12:15,はっぽん,↑の人がなぐった
2022-01-25 23:12:16,pol pol,:sushi:
2022-01-25 23:12:18,ゴーストゆっくり,あっ
2022-01-25 23:12:21,林啓太,っす……
2022-01-25 23:12:21,たくや,金庫いうてもごっついのじゃないとそのまま持ってかれるしなぁ
2022-01-25 23:12:22,シズレ,もももちろん
2022-01-25 23:12:24,ヤマ,;;
2022-01-25 23:12:25,38号,反省しろ！寿司！
2022-01-25 23:12:29,moon bomber,（俺はこいつらとは違うんだ･･･）
2022-01-25 23:12:31,GUEST,えっ...あっ...ども...
2022-01-25 23:12:33,コムギ,金庫売れ筋ランキング
2022-01-25 23:12:33,貝カルシウム,アッ、は、話さなきゃ…
2022-01-25 23:12:33,櫻咲,さささささ最近さむいねｯ・・・
2022-01-25 23:12:36,runawk,あっあっ
2022-01-25 23:12:40,DLR瀬戸口,寒い…っすね
2022-01-25 23:12:44,水無瀬秀則,銀行に預けてキャッシュレス、クレカの履歴が信用情報にも影響するから使ったほうがいい。
2022-01-25 23:12:44,濃口ソース太朗,おう、なんだぁ！？やんのかこら？
2022-01-25 23:12:45,yoshi,あっ……ども……
2022-01-25 23:12:47,冬丸よきた,スゥー
2022-01-25 23:12:48,コムギ,わいも金庫買おうかな
2022-01-25 23:12:51,†れおんちゃん†,アマゾンで2万以内で重くて性能いい金庫買えるっぽいね
2022-01-25 23:12:52,にゃん 猫,あ...あうあうあうあ...
2022-01-25 23:12:57,cheruno,レジにて半額
2022-01-25 23:12:58,猫犬,海鮮美味しそう
2022-01-25 23:13:01,jun iwata,最終回記念寿司
2022-01-25 23:13:07,タナパット,セコムと契約するとか
2022-01-25 23:13:08,みよッピ,もぐもぐタイム
2022-01-25 23:13:08,goshu/ごーしゅ,:face_savoring_food:
2022-01-25 23:13:09,hati,沢山食べて
2022-01-25 23:13:10,九分ななりん,スーパー寿司食う時はせめてお吸い物付けよう
2022-01-25 23:13:12,ヤマ.パンダ,飯テロだ！？
2022-01-25 23:13:13,runawk,わさびわさび
2022-01-25 23:13:20,昼酒,大丈夫？
2022-01-25 23:13:23,コウヘイ(カワダ・コウヘイ),金庫って、通販で買うと高いね(送料がえげつない
2022-01-25 23:13:26,pol pol,飯テロや・・・
2022-01-25 23:13:26,はっぽん,ところで外に出ないなら現金使わないだろうし金庫いらないのでは？
2022-01-25 23:13:30,cheruno,草
2022-01-25 23:13:31,すっぴんきつね,痛いやつ
2022-01-25 23:13:31,おろしもち,痛そう
2022-01-25 23:13:33,ネクラマンサー,あるある
2022-01-25 23:13:34,TP(てぃーぴー),醤油の猛攻
2022-01-25 23:13:37,jun iwata,あるあるw
2022-01-25 23:13:37,Centrum,爪の間は痛そう
2022-01-25 23:13:38,水原:梛沙:ナギサ,地味に痛いヤーツ
2022-01-25 23:13:39,Than Levia,ポータブルの金庫は基本的に火事対策だけで防犯は出来ないと考えるのが正しいのよ
2022-01-25 23:13:39,いすといすと,器用な怪我で草
2022-01-25 23:13:40,微糖,醤油許せねえ
2022-01-25 23:13:42,ボン太.,あるある
2022-01-25 23:13:47,ニート・ニートホッパー,醤油の氾濫
2022-01-25 23:13:48,たくや,なまほしちゃんvsしょうゆ
2022-01-25 23:13:54,c c,:fish::fish::fish::fish:
2022-01-25 23:14:04,しづき,サイコ〜！！
2022-01-25 23:14:06,櫻咲,そうだね
2022-01-25 23:14:16,cheruno,なまほしちゃんvs醤油はなまほしちゃん負けそう
2022-01-25 23:14:16,いすといすと,寿司2パック目きた
2022-01-25 23:14:19,ニート・ニートホッパー,いいぞいいぞ
2022-01-25 23:14:22,Than Levia,謎の歌、素晴らしき
2022-01-25 23:14:23,微糖,なっちゃえー！
2022-01-25 23:14:23,DuxRyK 【デューク】,幸せになっちゃいなよ！！
2022-01-25 23:14:30,九分ななりん,幸せになってしまえ！
2022-01-25 23:14:30,cheruno,赤いんよ
2022-01-25 23:14:32,たくや,魚群
2022-01-25 23:14:33,シズレ,マグロだあ！
2022-01-25 23:14:43,猫犬,赤身
2022-01-25 23:14:53,すっぴんきつね,「あーあ、幸せになっちゃった…」って言わせて
2022-01-25 23:14:55,38号,活きが良い
2022-01-25 23:15:03,Than Levia,細く長く搾り取ろう(∩´∀｀)∩
2022-01-25 23:15:08,みよッピ,大漁ダァー！
2022-01-25 23:15:11,ヤマ.パンダ,ちょっと！昨日現金回収車来なかったんだけど！今日も来ないの！
2022-01-25 23:15:19,runawk,season2に備えとく
2022-01-25 23:15:33,コムギ,ダミーで金庫置いて、大切なものは別に隠すのもありか
2022-01-25 23:15:38,九分ななりん,最近、現実世界がスパチャ狩りしたがってるぞ
2022-01-25 23:15:39,c c,草
2022-01-25 23:15:51,Vおじ,無料で？！
2022-01-25 23:15:57,Than Levia,玄関先まで家具持ってったら引取料取られるやつ？！
2022-01-25 23:16:01,ヤマ.パンダ,良かったー、回収してくれて
2022-01-25 23:16:03,cafe太郎,プペ西野の金集め方式かな
2022-01-25 23:16:09,おじじさん,少ないけど
2022-01-25 23:16:12,cheruno,せやねんな
2022-01-25 23:16:15,しづき,ンニュー…
2022-01-25 23:16:20,はっぽん,税金みたいなこと言わんでいいぞ
2022-01-25 23:16:27,いすといすと,命あっての物種だし
2022-01-25 23:16:31,オーレリア・ウェルギウス,許せねぇよなぁ！？
2022-01-25 23:16:33,シズレ,気にせんでもろて
2022-01-25 23:16:37,pol pol,盗んだやつが悪いよ
2022-01-25 23:16:37,cheruno,かなしいたけよ
2022-01-25 23:16:40,ヤス,取った人が悪いよ
2022-01-25 23:16:42,cafe太郎,謝るくらいなら毎秒配信しろ
2022-01-25 23:16:45,るりえ,悪いのは100盗んだやつだから
2022-01-25 23:16:51,微糖,人間は愚かだからね
2022-01-25 23:16:55,冥土,家具全部金庫に変えよう。タンスも引き出しも…
2022-01-25 23:16:55,ゴーストゆっくり,取ったひとがわるい
2022-01-25 23:16:55,よいち,それはそう
2022-01-25 23:16:56,みよッピ,応援の気持ちは盗めねぇよ
2022-01-25 23:16:57,たくや,取られたのが金だけでよかったで
2022-01-25 23:16:59,moon bomber,；；
2022-01-25 23:17:01,しづき,:pleading_face::pleading_face::pleading_face::pleading_face::pleading_face:
2022-01-25 23:17:02,ヤマ.パンダ,それはそう
2022-01-25 23:17:03,ばななしるこ,それはそうだ
2022-01-25 23:17:03,goshu/ごーしゅ,:crying_cat:
2022-01-25 23:17:05,cheruno,盗んだ奴が100悪いで
2022-01-25 23:17:07,GUEST,こればっかりはしゃあない
2022-01-25 23:17:08,おろしもち,盗むやつが悪い
2022-01-25 23:17:12,⁂みのる⁂,ひどい話だ
2022-01-25 23:17:16,yosida,おそろしい
2022-01-25 23:17:16,コムギ,泥棒は仕方ない
2022-01-25 23:17:17,猫犬,酷いよね
2022-01-25 23:17:18,Than Levia,オラこんな池袋北口イヤだー♪
2022-01-25 23:17:18,Kenny,悲しい
2022-01-25 23:17:19,ボン太.,盗む奴が悪い
2022-01-25 23:17:21,kei nac,ひええ
2022-01-25 23:17:39,DuxRyK 【デューク】,なんで隠し場所知ってたんだろう
2022-01-25 23:17:45,夜長月よながつき,盗む奴が悪い
2022-01-25 23:17:46,runawk,スラム街北池袋
2022-01-25 23:17:50,水原:梛沙:ナギサ,人間不信が加速しちゃう
2022-01-25 23:17:52,鷹彰【たかあき】,確かにそれはくやしい
2022-01-25 23:17:56,Vおじ,草
2022-01-25 23:18:02,おろしもち,捕まるといいね
2022-01-25 23:18:04,九分ななりん,なんか演説みたいやな、選挙でるんちゃう
2022-01-25 23:18:04,Kenny,草
2022-01-25 23:18:06,貝カルシウム,かなしいたけ
2022-01-25 23:18:08,ばななしるこ,スラム街ｗ
2022-01-25 23:18:09,runawk,寿司を食え
2022-01-25 23:18:09,cafe太郎,おさとがしれますわよ！
2022-01-25 23:18:09,cheruno,スラム街が悪いよ
2022-01-25 23:18:17,おたおじ,性善説の限界よねえ…残念だけど
2022-01-25 23:18:20,yoshi,やは現実くそ
2022-01-25 23:18:22,冥土,エゴサしたるるるちゃんみたいになっちゃう
2022-01-25 23:18:23,鷹彰【たかあき】,仕方ねえ。また積み立て預金するか
2022-01-25 23:18:25,cheruno,寿司食いねぇ
2022-01-25 23:18:31,しづき,とりあえず寿司くお
2022-01-25 23:18:32,goshu/ごーしゅ,:sushi::cat:
2022-01-25 23:18:33,jun iwata,新居は大声出して大丈夫なのか
2022-01-25 23:18:33,猫犬,食べてもろて
2022-01-25 23:18:35,おたおじ,寿司は全てを解決する
2022-01-25 23:18:36,コムギ,食いねぇ食いねぇ寿司食いねぇ
2022-01-25 23:18:37,kouzie,引っ越し早々騒音で追い出されたら悔しいので抑えてもろて
2022-01-25 23:18:45,Kenny,北池はまあねぇ……
2022-01-25 23:18:47,38号,感情は幸せの印
2022-01-25 23:18:50,Than Levia,落ち着く為に火鍋食うと良いよ
2022-01-25 23:18:57,シズレ,世界にloveが足りないね…
2022-01-25 23:18:59,ばななしるこ,もぐもぐ
2022-01-25 23:19:04,cheruno,新居での本気出したASMR楽しみ
2022-01-25 23:19:09,九分ななりん,寿司ばかり食って飽きんの
2022-01-25 23:19:11,鷹彰【たかあき】,Sushi is justice.
2022-01-25 23:19:19,MOKKA,mgmg
2022-01-25 23:19:27,よもぎやよもぎ,けど、ヘルパーさんとかだと類似な事件を起こしてバレるってのが常やで
2022-01-25 23:19:36,どせいじん,スラム街の人もLove（お金）があればそんなことしないんや…
2022-01-25 23:19:36,yoshi,もぐもくASMR配信マダー
2022-01-25 23:19:36,水原:梛沙:ナギサ,オーガニック・スシは大抵の問題を解決してくれる。
2022-01-25 23:19:37,Kenny,米ばっか食っても飽きないだろ
2022-01-25 23:19:38,ばななしるこ,ワサビ付けたか？
2022-01-25 23:19:46,itsumi,毎日スシローいいよね
2022-01-25 23:19:48,すっぴんきつね,それはそう
2022-01-25 23:19:48,しづき,鍋も食べるしお弁当も食べるよな
2022-01-25 23:19:49,ゴーストゆっくり,草
2022-01-25 23:19:50,はっぽん,今なんのネタ食ってるか実況して
2022-01-25 23:19:52,九分ななりん,毎日食べてるイメージｗｗ
2022-01-25 23:19:55,cheruno,盗みは常習になるでな
2022-01-25 23:19:58,jun iwata,なまほしちゃんは月に一回のお寿司以外は食べ物を口にしないって本当ですか？
2022-01-25 23:19:58,MOKKA,のけぞりエッッ
2022-01-25 23:19:59,貝カルシウム,ふふ
2022-01-25 23:20:04,シズレ,本当に飽きないか試して見て欲しい
2022-01-25 23:20:07,cheruno,虚無も食べる
2022-01-25 23:20:12,c c,飽きるほど寿司食えるようになろう
2022-01-25 23:20:12,とりさし,寿司鍋！？！？！
2022-01-25 23:20:12,るりえ,𝒮𝓊𝓈𝒽𝒾は心を救う
2022-01-25 23:20:13,ヤマ.パンダ,ええやん
2022-01-25 23:20:13,Than Levia,アルミ鍋？鉄鍋？
2022-01-25 23:20:14,水無瀬秀則,ニンジャも手負いの時はスシを食べる
2022-01-25 23:20:18,runawk,いいね
2022-01-25 23:20:18,微糖,鍋いいね
2022-01-25 23:20:21,しづき,わーい
2022-01-25 23:20:21,Kenny,胡麻豆乳鍋！？
2022-01-25 23:20:23,goshu/ごーしゅ,:pot_of_food::cat:
2022-01-25 23:20:26,みよッピ,寿司好きになったきっかけとかあるの？
2022-01-25 23:20:27,コムギ,この前まいばすけっとでチキン南蛮食べたけど美味しかった
2022-01-25 23:20:33,たか,寿司はいいぞ、心を豊かにする
2022-01-25 23:20:36,cheruno,なまほしちゃんはニンジャだった……！？
2022-01-25 23:20:38,Kenny,土鍋、あれはいいものだ
2022-01-25 23:20:39,GUEST,何て美味しそうなもんを...
2022-01-25 23:20:42,jun iwata,ニトリ！？
2022-01-25 23:20:44,Than Levia,土鍋食ったんかーいッ！Σ(ﾟДﾟ；
2022-01-25 23:20:48,ヤマ.パンダ,ニトリは重い毛布が良いらしい
2022-01-25 23:20:57,ニート・ニートホッパー,流れるような宣伝
2022-01-25 23:20:59,y y,寿司はネタいろいろあるし飽きない
2022-01-25 23:20:59,いすといすと,ゴマ豆乳鍋はいつも途中で飽きちゃう
2022-01-25 23:21:00,レジドラゴ,遺書も読める
2022-01-25 23:21:13,Kenny,ダイレクトマーケティング
2022-01-25 23:21:20,ヤマ.パンダ,そういえば月の遺書はどうなるんやろ？
2022-01-25 23:21:21,jun iwata,カリフォルニアロール食べてみたい
2022-01-25 23:21:23,houten,すごいですね
2022-01-25 23:21:28,Bun A,へーおやすい！
2022-01-25 23:21:29,コムギ,ようつべぼったくり？
2022-01-25 23:21:32,ボン太.,しょばだいw
2022-01-25 23:21:33,Kenny,遺書はちょっと……
2022-01-25 23:21:33,水原:梛沙:ナギサ,自然なCM
2022-01-25 23:21:37,冥土,遺書も読めるVtuberは珍しい
2022-01-25 23:21:40,38号,もう遺書読めないじゃん！
2022-01-25 23:21:41,しづき,遺書は用意しといて悪いことはないので
2022-01-25 23:21:42,いすといすと,ショバ代1割
2022-01-25 23:21:43,人運勢,ダイナミックマーケティング
2022-01-25 23:21:45,jun iwata,松本人志『遺書』より
2022-01-25 23:21:45,貝カルシウム,わからん…
2022-01-25 23:21:47,c c,例の鬱日記の過去ログも読めるあのFANBOXが５００円から！？
2022-01-25 23:21:51,るりえ,遺書が読みたい時、ありますよね！そんなあなたにピッタリ！
2022-01-25 23:21:55,Makimac,初見です！なんで頭にメトロノームつけてるんですか？
2022-01-25 23:21:57,cheruno,遺書は更新するものだし
2022-01-25 23:22:02,yacc,誰かの遺書を読めるってかなりレアでは
2022-01-25 23:22:03,ボン太.,この流れで遺書言う？
2022-01-25 23:22:09,Than Levia,ネコ様の処遇で遺書の記載が複雑化してゆくという･･･
2022-01-25 23:22:10,Bun A,それ今じゃなくてもいいんじゃない♪
2022-01-25 23:22:12,昼酒,来月増額します
2022-01-25 23:22:19,しづき,膀胱？
2022-01-25 23:22:20,コムギ,やつは大変なものを盗んでいきました
2022-01-25 23:22:37,Than Levia,なまほしちゃんの膀胱盗られたら一大事よ
2022-01-25 23:22:41,cheruno,ルパーン
2022-01-25 23:22:46,るりえ,めったに無いですｗ
2022-01-25 23:22:47,貝カルシウム,心配かけるより痛いとかが先でしょうが！！　そういうこと無くてよかった
2022-01-25 23:22:47,どせいじん,誰　に　も　盗　ま　せ　な　い
2022-01-25 23:22:48,Kenny,よくある事だよ
2022-01-25 23:22:48,ニート・ニートホッパー,あるよ
2022-01-25 23:22:50,おじじさん,起きんやろw
2022-01-25 23:22:51,鷹彰【たかあき】,まあ普通は盗まれる体験のほうが少ないかもなあ
2022-01-25 23:22:51,c c,覚えがないです
2022-01-25 23:22:52,cheruno,（そんなには）ないです
2022-01-25 23:22:52,TP(てぃーぴー),起こってたまるかw
2022-01-25 23:22:56,jun iwata,クイックモーション練習しないと
2022-01-25 23:22:59,たで,レアだよね
2022-01-25 23:22:59,コムギ,しょっちゅう空き巣に入られる芸能人はいる
2022-01-25 23:22:59,いすといすと,財布落としたら現金は諦めるよね
2022-01-25 23:23:01,Centrum,日本だと基本的に無いわな
2022-01-25 23:23:02,ヤマ.パンダ,盗まれる前に盗めばいいのさ
2022-01-25 23:23:09,†れおんちゃん†,家族に盗まれるってことはあったけど他人はないな
2022-01-25 23:23:16,cafe太郎,漫画の主人公かな
2022-01-25 23:23:16,貝カルシウム,スラム…
2022-01-25 23:23:17,ヒノモトきょう,賽の河原かな
2022-01-25 23:23:19,jun iwata,煉獄さんみたいだな
2022-01-25 23:23:20,微糖,世の中には悪いやつもいるのよ
2022-01-25 23:23:22,鷹彰【たかあき】,子供が親のサイフから抜くというケースならありそう
2022-01-25 23:23:22,つきみ,悲しいたけ
2022-01-25 23:23:26,ヤス,スラム過ぎる
2022-01-25 23:23:27,ニート・ニートホッパー,家の柱に括り付けて置ける金庫がいいよ
2022-01-25 23:23:28,どせいじん,そんなこと言うやついるぅ？！いねぇよなぁ！？
2022-01-25 23:23:29,Kenny,盗まれないように使わなきゃ……
2022-01-25 23:23:29,かのう,市場にはよく金取られてんで
2022-01-25 23:23:30,cheruno,日本に住んだ方がいいよ
2022-01-25 23:23:33,もび,実績解除だねww
2022-01-25 23:23:34,おじじさん,職場のロッカーとか結構あるみたいだけど
2022-01-25 23:23:34,つきみ,うまい！
2022-01-25 23:23:42,しづき,獣が赤スパを投げる配信
2022-01-25 23:23:43,⁂みのる⁂,少額積立金
2022-01-25 23:23:46,kouzie,お金以外のものを盗まれたことはある
2022-01-25 23:23:47,Than Levia,パック寿司、せちがらし
2022-01-25 23:23:48,みよッピ,前向きにネタになったと思ったほうがいいな
2022-01-25 23:23:54,水原:梛沙:ナギサ,スラムやなぁ・・・
2022-01-25 23:23:55,jun iwata,なまほしちゃんは負けてない！
2022-01-25 23:23:57,runawk,物はスラムだとよく盗まれるね
2022-01-25 23:24:00,Kenny,装飾品買って身につければ盗まれない
2022-01-25 23:24:02,ヤマ.パンダ,スマホゲーがよくお金盗むんですが、通報した方が良いですか？
2022-01-25 23:24:21,鷹彰【たかあき】,盗んだ人も社会的弱者って考えると、不幸の連鎖みたいだな
2022-01-25 23:24:22,ニート・ニートホッパー,そもそも携帯金庫でも結構重いからなまほしちゃん持てるの？
2022-01-25 23:24:34,どせいじん,ん？
2022-01-25 23:24:38,cheruno,治安悪いんか？
2022-01-25 23:24:42,おたおじ,勘
2022-01-25 23:24:44,yoshi,流れ変わったな
2022-01-25 23:24:44,昼酒,え？
2022-01-25 23:24:45,権兵衛,西だと思ってた
2022-01-25 23:24:45,Kenny,北が一番荒れてるから
2022-01-25 23:24:46,おじじさん,北池は昔から治安悪い
2022-01-25 23:24:49,cafe太郎,じゃあIWGPかな
2022-01-25 23:24:50,まろにえ,これはあたりか
2022-01-25 23:24:51,おろしもち,北の方が治安悪くない？
2022-01-25 23:24:53,みよッピ,おや？
2022-01-25 23:24:53,コムギ,池袋ウェストゲートパーク
2022-01-25 23:24:53,水無瀬秀則,治安じゃないかな
2022-01-25 23:24:55,てつてつ,北は病院多いね
2022-01-25 23:25:03,Than Levia,だって小肥羊(ｼｬｵﾌｪｲﾔﾝ)引っ掛かったし救急車多いじゃん(； ･`д･´)
2022-01-25 23:25:05,どせいじん,なんでやろなぁ…
2022-01-25 23:25:13,みよッピ,特定班がバレた？
2022-01-25 23:25:14,kei nac,池袋だいたい治安悪いエリア
2022-01-25 23:25:20,c c,救急車かぁ
2022-01-25 23:25:20,Than Levia,西池袋はそないやないやろ
2022-01-25 23:25:20,runawk,南はお高いから外れる
2022-01-25 23:25:20,おじじさん,夜の店とラブホが多いのが北
2022-01-25 23:25:21,水無瀬秀則,西はホテル街のイメージ？
2022-01-25 23:25:25,Centrum,救急車からか
2022-01-25 23:25:27,ヤス,救急車の音でバレた？
2022-01-25 23:25:30,Azu -あず-,カラーギャングいる方か
2022-01-25 23:25:35,Kenny,辺鄙で外国人が多いから
2022-01-25 23:25:35,Rally,特定班がうろついてたから
2022-01-25 23:25:42,鷹彰【たかあき】,真面目に考えると、北西から南にかけてが安い賃貸が多いのは知識として知ってる
2022-01-25 23:25:48,おたおじ,救急車の音に特徴があってな？
2022-01-25 23:26:02,cheruno,どっちもスラムだよかわらん
2022-01-25 23:26:03,水原:梛沙:ナギサ,救急搬送に対応してるのは範囲特定されそう
2022-01-25 23:26:10,ししとう,大々的にあるのは北のイメージ
2022-01-25 23:26:11,まろにえ,で、どっち住んでたの？
2022-01-25 23:26:16,Than Levia,いわゆる西池袋ってIWGPみたいな、劇場とかソッチ方面だから
2022-01-25 23:26:29,Rally,ダウジング
2022-01-25 23:26:30,鷹彰【たかあき】,ラブホが多いのは、豆腐屋か小籠包屋の付近かな
2022-01-25 23:26:31,貝カルシウム,北口にラブホ集中してるイメージで西はほんとわかんないや　安々しか行ったことない
2022-01-25 23:26:39,cheruno,草
2022-01-25 23:26:42,Than Levia,キングじゃん
2022-01-25 23:26:45,DLR瀬戸口,あぅ
2022-01-25 23:26:47,いすといすと,答え合わせ始まった？
2022-01-25 23:26:47,るりえ,へー
2022-01-25 23:26:48,シズレ,ほへー
2022-01-25 23:26:48,たで,言うんだ
2022-01-25 23:26:52,権兵衛,あってた
2022-01-25 23:26:52,Kenny,北西か
2022-01-25 23:26:55,おたおじ,草
2022-01-25 23:27:00,貝カルシウム,西の民
2022-01-25 23:27:00,cafe太郎,家賃5万で済めるところあるんか
2022-01-25 23:27:00,おじじさん,あーあの辺か
2022-01-25 23:27:02,38号,へー
2022-01-25 23:27:05,Azu -あず-,Gボーイズじゃん
2022-01-25 23:27:05,Kenny,商店街近く？
2022-01-25 23:27:06,まろにえ,北西
2022-01-25 23:27:08,cheruno,答え合わせの時間だああ
2022-01-25 23:27:09,たくや,Gボーイズ
2022-01-25 23:27:13,もび,IWSP
2022-01-25 23:27:15,いすといすと,家じゃなかった
2022-01-25 23:27:16,Centrum,IWGPだったか
2022-01-25 23:27:17,Than Levia,北口を認めたくないなまほしちゃんさんの意地
2022-01-25 23:27:18,しづき,もっかい探してみて
2022-01-25 23:27:19,runawk,結構駅に近いんだ
2022-01-25 23:27:25,jun iwata,まじかよ、元西武西口最低だな
2022-01-25 23:27:26,cheruno,！？
2022-01-25 23:27:28,ニート・ニートホッパー,家の形してないのか
2022-01-25 23:27:28,ヤス,草
2022-01-25 23:27:29,るりえ,ふぁーｗｗ
2022-01-25 23:27:29,TP(てぃーぴー),草
2022-01-25 23:27:30,おろしもち,えぇ
2022-01-25 23:27:30,Vおじ,こわ
2022-01-25 23:27:30,フクロウ,実は北断定が釣りだった説
2022-01-25 23:27:31,kouzie,ﾋｴｯ
2022-01-25 23:27:31,イカノウェスト,！？
2022-01-25 23:27:32,おじじさん,こっわ
2022-01-25 23:27:32,Kenny,あぁ……
2022-01-25 23:27:32,シズレ,反社w
2022-01-25 23:27:33,cheruno,深層組は？？？
2022-01-25 23:27:33,GUEST,えぇ...
2022-01-25 23:27:33,goshu/ごーしゅ,:fearful_face:
2022-01-25 23:27:33,コムギ,やばくね
2022-01-25 23:27:34,Sally Sally,草
2022-01-25 23:27:35,冥土,草
2022-01-25 23:27:35,⁂みのる⁂,893事務所？
2022-01-25 23:27:35,林啓太,やはり深層組は反社
2022-01-25 23:27:36,猫犬,ひえ
2022-01-25 23:27:37,yoshi,まーたはんしゃの話するやん
2022-01-25 23:27:39,鷹彰【たかあき】,アウトローって匂いがした?
2022-01-25 23:27:40,おたおじ,深層も反社だしねえ
2022-01-25 23:27:40,水原:梛沙:ナギサ,ノラと繋がった！？
2022-01-25 23:27:43,runawk,深層組は反社ではありません
2022-01-25 23:27:43,フクロウ,草
2022-01-25 23:27:45,つきみ,ほうほう。なかなか
2022-01-25 23:27:47,ボン太.,また反社かw
2022-01-25 23:27:48,るりえ,つまりそういう人でも借りられる物件だったってことなのね
2022-01-25 23:27:48,Than Levia,ヤクザハウスのトメさんもいるしね
2022-01-25 23:27:48,貝カルシウム,前の住民って調べられるもんなの！？って思ったけどお向かいさんか…
2022-01-25 23:27:51,ヤマ.パンダ,なんだ、深層組じゃないか
2022-01-25 23:27:52,いすといすと,Uberも来ませんわ
2022-01-25 23:27:53,水無瀬秀則,ノラちゃんかな
2022-01-25 23:27:55,スズキ雲,関野病院の近く？
2022-01-25 23:27:55,冥土,ノラちゃんのおじいちゃん？
2022-01-25 23:27:59,微糖,深層組は...
2022-01-25 23:28:00,cheruno,はい
2022-01-25 23:28:04,ニート・ニートホッパー,これだから深層は…
2022-01-25 23:28:09,みよッピ,反社？おむかえさんが反社だよ★
2022-01-25 23:28:15,夜長月よながつき,ノラ君のじいちゃんだよそれ
2022-01-25 23:28:16,おじじさん,草
2022-01-25 23:28:22,とりのタレと,関わり持っちゃったな
2022-01-25 23:28:26,Kenny,部屋で足音分かる部屋だからか……
2022-01-25 23:28:33,山田太郎,はんぐれ
2022-01-25 23:28:34,鷹彰【たかあき】,生活保護って、反社の養分にされてる可能性があるって事?
2022-01-25 23:28:36,goshu/ごーしゅ,:weary_cat:
2022-01-25 23:28:38,おろしもち,草
2022-01-25 23:28:49,おじじさん,ガサ来なくてよかったね
2022-01-25 23:28:49,Than Levia,札幌では保護の人が覚〇剤でベンツ暴走させたという事件が３年位前に･･･
2022-01-25 23:28:50,九分ななりん,念を押されたのかｗ
2022-01-25 23:28:50,Kenny,グレかもな
2022-01-25 23:29:01,mochimochiyaki,Oh...
2022-01-25 23:29:03,貝カルシウム,ｺﾜ~
2022-01-25 23:29:07,てつてつ,深層も反社ですか？
2022-01-25 23:29:12,とりのタレと,入居してから関係を持つ場合は…
2022-01-25 23:29:15,cheruno,生保ビジネスは闇
2022-01-25 23:29:15,オーレリア・ウェルギウス,大変だねぇ
2022-01-25 23:29:17,おたおじ,ハンティング・グレート…大型狩猟犬ぽい
2022-01-25 23:29:18,⁂みのる⁂,20代の女の子が住んでたって実績出来たな
2022-01-25 23:29:31,鷹彰【たかあき】,治安は悪いけど、ランチは500～800ぐらいの店が多くて好きだったよ
2022-01-25 23:29:33,c c,半グレは暴対法適応外だし条例適応されないからセーフ
2022-01-25 23:29:33,yoshi,半グレと関わりがある深層組とかいう宗教施設とは一体……:thinking_face:
2022-01-25 23:29:37,pol pol,深層組は宗教法人やぞ
2022-01-25 23:29:38,yosida,しのぎってやつ
2022-01-25 23:29:39,cafe太郎,悪魔の照明だ
2022-01-25 23:29:42,るりえ,生活保護が反社に食われるパターンは反社が持ってる物件に生活保護の人をぶち込んで受給日に現金をむしり取るんですよね
2022-01-25 23:29:44,とりさし,半グレだもんね！
2022-01-25 23:29:44,hati,底辺ビジネスは怖いからね
2022-01-25 23:29:46,rgmrnda,深層ってそういう・・・
2022-01-25 23:29:48,鷹彰【たかあき】,反社よりあるいみやべえ
2022-01-25 23:29:48,たくや,あぶねぇｗ
2022-01-25 23:29:49,すっぴんきつね,20代？
2022-01-25 23:29:50,深海生物,本当に？(ノラ君を見ながら)
2022-01-25 23:29:51,はっぽん,27歳さん！？
2022-01-25 23:29:52,Vおじ,に
2022-01-25 23:29:52,DLR瀬戸口,ん？
2022-01-25 23:29:54,ヤス,２０代！？
2022-01-25 23:29:54,Kenny,反社っぽいけど反社じゃない深層組
2022-01-25 23:29:55,微糖,深層組は宗教だもんね
2022-01-25 23:29:56,大爆笑カレー,ん？
2022-01-25 23:29:57,しづき,あっ
2022-01-25 23:29:57,林啓太,うん？？
2022-01-25 23:30:02,cheruno,やっべ
2022-01-25 23:30:03,c c,あっ
2022-01-25 23:30:03,いすといすと,反射する社不たちの集い
2022-01-25 23:30:05,もも:メロ,27？
2022-01-25 23:30:06,⁂みのる⁂,ん？
2022-01-25 23:30:08,runawk,え？
2022-01-25 23:30:08,かっぱっぽいの,12歳は結局犯罪臭
2022-01-25 23:30:08,みよッピ,フロント企業？
2022-01-25 23:30:09,Than Levia,未成年独居ってなおさらヤバいじゃん
2022-01-25 23:30:10,鷹彰【たかあき】,あっ
2022-01-25 23:30:10,とりのタレと,っっす
2022-01-25 23:30:11,シズレ,ひえ…
2022-01-25 23:30:11,権兵衛,？
2022-01-25 23:30:12,すっぴんきつね,（お口チャック）
2022-01-25 23:30:13,水原:梛沙:ナギサ,○○の科学かな？
2022-01-25 23:30:15,よいち,ふ～ん
2022-01-25 23:30:16,yoshi,ごめんなさい
2022-01-25 23:30:17,コムギ,深層組若頭
2022-01-25 23:30:21,大爆笑カレー,こめんなさい
2022-01-25 23:30:21,セシドア,ひえっ
2022-01-25 23:30:21,ヤマ.パンダ,北、行く？
2022-01-25 23:30:22,ポンジュ,うっす！
2022-01-25 23:30:23,フクロウ,草ァ！
2022-01-25 23:30:23,Vおじ,はい！！
2022-01-25 23:30:25,cheruno,なまえもーん
2022-01-25 23:30:25,るりえ,あんまりナメた口聞いてるとスパチャ送らんぞ
2022-01-25 23:30:26,jun iwata,ジークジオン
2022-01-25 23:30:26,とりのタレと,とばされる！！！
2022-01-25 23:30:26,とりさし,今の「飛ばす」って業界の隠語？
2022-01-25 23:30:28,たくや,12歳！！！
2022-01-25 23:30:28,おじじさん,893やん
2022-01-25 23:30:28,rgmrnda,反社的な態度ちょっｔ怖いです・・・
2022-01-25 23:30:29,めがみいんばす,幸せです！
2022-01-25 23:30:30,はっぽん,これは反社のやり口
2022-01-25 23:30:31,えむう,歯医者行かなきゃな
2022-01-25 23:30:32,Rally,電撃が流れるとか？
2022-01-25 23:30:36,貝カルシウム,百式観音でぶっとばされちまう
2022-01-25 23:30:37,いすといすと,干支ってなにかな？
2022-01-25 23:30:43,みよッピ,対粛清防御！
2022-01-25 23:30:50,goshu/ごーしゅ,:face_savoring_food:
2022-01-25 23:30:52,cheruno,これは反社の圧
2022-01-25 23:30:52,フクロウ,反社のやり口は草
2022-01-25 23:30:54,Than Levia,小肥羊になッ！
2022-01-25 23:30:56,ニート・ニートホッパー,おつなまー
2022-01-25 23:31:00,おろしもち,たまに行ってる
2022-01-25 23:31:06,cheruno,さんざし？
2022-01-25 23:31:07,Kenny,スラム街の飯は美味い
2022-01-25 23:31:07,サモエド,そのうち行ってみようかな！
2022-01-25 23:31:16,goshu/ごーしゅ,サンザシよき！
2022-01-25 23:31:18,jun iwata,日雇礼子さん的な配信期待しています
2022-01-25 23:31:26,おじじさん,今度買いに行ってみるー
2022-01-25 23:31:32,yosida,スラム街名物
2022-01-25 23:31:40,cheruno,スラム街の飯はうめぇか不味いか極端なイメージ
2022-01-25 23:31:43,yoshi,池袋、はんしゃ、中華料理店……ふーん察し
2022-01-25 23:31:50,水原:梛沙:ナギサ,サンザシ酒好き
2022-01-25 23:31:50,鷹彰【たかあき】,スラムって名称に草
2022-01-25 23:31:54,Than Levia,超美麗なアレか
2022-01-25 23:31:56,昼酒,へー
2022-01-25 23:32:02,とりのタレと,そうなのか！！
2022-01-25 23:32:04,Kenny,へぇ
2022-01-25 23:32:07,cheruno,ほえー
2022-01-25 23:32:07,runawk,へー
2022-01-25 23:32:08,c c,知らなかった…
2022-01-25 23:32:09,まろにえ,バーチャルその日暮らしおねぇさん知ってるのかよ
2022-01-25 23:32:11,jun iwata,そうなのか！？
2022-01-25 23:32:14,ヤス,おお
2022-01-25 23:32:18,林啓太,草
2022-01-25 23:32:19,貝カルシウム,遠い親戚みたいな
2022-01-25 23:32:22,cheruno,すやパパやばくね？
2022-01-25 23:32:22,クリアマインド,スラム街生まれ深層育ち
2022-01-25 23:32:24,昼酒,しらんかった
2022-01-25 23:32:25,微糖,異母姉妹？
2022-01-25 23:32:29,水無瀬秀則,バーチャル日暮おねえさん
2022-01-25 23:32:30,冥土,草
2022-01-25 23:32:31,Than Levia,日雇氏に負けず劣らずケンタッキー食いに行こうぜ(∩´∀｀)∩
2022-01-25 23:32:32,Kenny,パパのファンアート凄すぎ
2022-01-25 23:32:32,替玉,西成は飛田あるから良い土地だよ
2022-01-25 23:32:39,猫犬,ファンアート！？
2022-01-25 23:32:42,38号,ファンアートかよ草
2022-01-25 23:32:47,鷹彰【たかあき】,北口スラムの骨董品屋は、犯罪スレスレのものが売ってるのも面白いで
2022-01-25 23:32:58,Kenny,札束をポンとやりたいのか
2022-01-25 23:32:58,jun iwata,偽装を装備しよう
2022-01-25 23:32:59,ヤマ.パンダ,タペストリー待ってます
2022-01-25 23:33:00,めしいか,東京のディープなスポット紹介配信待っとります
2022-01-25 23:33:02,とりのタレと,でっけぇファンアート
2022-01-25 23:33:14,鷹彰【たかあき】,美味しくたべてね
2022-01-25 23:33:15,yoshi,こちらこそありがとうございました
2022-01-25 23:33:19,runawk,おつ
2022-01-25 23:33:19,Vおじ,ﾁｭﾝﾁｭﾝ
2022-01-25 23:33:20,冥土,おつなまー
2022-01-25 23:33:22,はっぽん,おやすやすや
2022-01-25 23:33:23,cheruno,おつなまー
2022-01-25 23:33:24,GUEST,いい最終回でした！
2022-01-25 23:33:24,フクロウ,おつなまー
2022-01-25 23:33:25,シズレ,おつなまー
2022-01-25 23:33:25,DuxRyK 【デューク】,おつなまー
2022-01-25 23:33:25,38号,おつなま～
2022-01-25 23:33:25,おろしもち,おつなま～
2022-01-25 23:33:26,ネクラマンサー,おつなま
2022-01-25 23:33:26,るりえ,すしなまー
2022-01-25 23:33:26,c c,おつなま
2022-01-25 23:33:27,おたおじ,おつなま～
2022-01-25 23:33:27,サモエド,おつなま〜
2022-01-25 23:33:28,めしいか,おつなまー
2022-01-25 23:33:28,Rally,おつなまー
2022-01-25 23:33:28,たくや,おつなまー
2022-01-25 23:33:28,おじじさん,おつなまー
2022-01-25 23:33:28,てつてつ,おつなまー
2022-01-25 23:33:29,Kenny,おつなまー
2022-01-25 23:33:29,⁂みのる⁂,おつなまー
2022-01-25 23:33:29,林啓太,おつなまー
2022-01-25 23:33:30,オーレリア・ウェルギウス,お疲れ様でしたー
2022-01-25 23:33:30,イカノウェスト,おつなまー
2022-01-25 23:33:31,みよッピ,おつなまー
2022-01-25 23:33:32,桜,おつなまー
2022-01-25 23:33:32,pol pol,おつなま～～
2022-01-25 23:33:32,†れおんちゃん†,おつなまー
2022-01-25 23:33:33,ありあるりえーる,おつなま〜
2022-01-25 23:33:35,はっぽん,シーズン2期待してます
2022-01-25 23:33:35,オーレリア・ウェルギウス,おつなまー！
2022-01-25 23:33:36,Than Levia,ｵﾂﾅﾏｰｰ
2022-01-25 23:33:36,GUEST,おつなまー、楽しかったです
2022-01-25 23:33:37,いすといすと,おつなま
2022-01-25 23:33:37,jun iwata,おつなま〜
2022-01-25 23:33:37,甘党,おつなまー
2022-01-25 23:33:39,貝カルシウム,おつなま～
2022-01-25 23:33:39,なー＊,おつなまー！
2022-01-25 23:33:39,青鷹,おつなまー
2022-01-25 23:33:39,つきみ,おつなま
2022-01-25 23:33:40,Azu -あず-,おつなまー
2022-01-25 23:33:40,微糖,シーズン1 完
2022-01-25 23:33:42,DLR瀬戸口,おつなま
2022-01-25 23:33:43,夜長月よながつき,おつなまー
2022-01-25 23:33:44,けたろう,おつなまー
2022-01-25 23:33:45,カナガタ_セッサク中,おつなま
2022-01-25 23:33:46,もび,おつなまー
2022-01-25 23:33:47,ボン太.,おつなまー
2022-01-25 23:33:48,九分ななりん,ありなまー
2022-01-25 23:33:48,昼酒,おつなまー
2022-01-25 23:33:48,ささめん,おつなま～
2022-01-25 23:33:49,たか,おつなまー
