2022-01-16 16:32:12,林啓太,ふんふんふん
2022-01-16 16:32:19,ヤス,ふんふんふん
2022-01-16 16:32:29,キチア,ふんふんふん
2022-01-16 16:32:29,玲仁 刹那。,ふんふん
2022-01-16 16:32:34,シノ,ふんふん
2022-01-16 16:32:56,Nezha,たーいき
2022-01-16 16:32:57,キル,その猫の手袋ちょうだい
2022-01-16 16:33:02,とらの前の彼,ふんふんかわいい:smiling_face_with_heart_eyes:
2022-01-16 16:33:03,我が名はおみこ,ふんふんふん
2022-01-16 16:33:07,すっぴんきつね,ふんふんふん
2022-01-16 16:33:10,なまほしちゃん,ちょっと一回OBS再起動
2022-01-16 16:34:47,cheruno,ふふふふふふん
2022-01-16 16:35:04,玲仁 刹那。,ふんふん
2022-01-16 16:36:14,ヤス,なんか途切れ途切れになってる？
2022-01-16 16:36:23,cheruno,こんなまー
2022-01-16 16:36:27,ヤス,こんなまー
2022-01-16 16:36:31,goshu/ごーしゅ,こんなま
2022-01-16 16:36:33,躁鬱ジンの生活保護でもGOGO日記,こんちゃーす！
2022-01-16 16:36:34,キチア,こんなまー
2022-01-16 16:36:35,Nezha,こんなまー
2022-01-16 16:36:37,林啓太,こんなまー
2022-01-16 16:36:38,なー＊,こんなまー！
2022-01-16 16:36:38,cafe太郎,おはなま～
2022-01-16 16:36:39,隆明【Takaaki】,こんなまー
2022-01-16 16:36:42,johndoo,こんなま
2022-01-16 16:36:46,おろしもち,こんなまー
2022-01-16 16:37:00,すっぴんきつね,こんなまー
2022-01-16 16:37:09,玲仁 刹那。,こんなま
2022-01-16 16:37:10,Nezha,古戦場のお供にちょうどいいからありがたい
2022-01-16 16:37:17,なー＊,ｗ
2022-01-16 16:37:20,johndoo,欲望に忠実なのね
2022-01-16 16:37:24,yacc,若干カクカク
2022-01-16 16:37:25,キチア,明日できる事は今日やらないが最強
2022-01-16 16:37:26,[祈祷師]Rasputin,:ambulance:
2022-01-16 16:37:28,cheruno,そろそろモンハンをしないと死ぬぜ！！
2022-01-16 16:37:28,キル,なまなまほし
2022-01-16 16:37:29,シノ,やったー
2022-01-16 16:37:33,cafe太郎,ちょいカクッてるかな
2022-01-16 16:37:33,ヤス,；；
2022-01-16 16:38:05,Nezha,おま環じゃなければカックカクだわ
2022-01-16 16:38:06,キチア,ゲムがカクってるかも
2022-01-16 16:39:26,みよッピ,こんなまー……来てそうそうぐるぐる(T_T)
2022-01-16 16:39:28,cafe太郎,なめらかになった！
2022-01-16 16:39:34,tino peperon,おっ？
2022-01-16 16:39:38,林啓太,きこえてるー
2022-01-16 16:39:55,キチア,ゲームのグラフィック設定で影の設定下げるとグラボの負担減るからおすすめよ
2022-01-16 16:39:55,なまほしちゃん,OBS更新したので　ブラウザ更新してみて下し
2022-01-16 16:40:24,Nezha,きれいになったわ
2022-01-16 16:40:24,cheruno,良さげ
2022-01-16 16:40:30,みよッピ,直った？
2022-01-16 16:40:32,goshu/ごーしゅ,:yougotthis:
2022-01-16 16:40:33,キチア,滑らかになった！！！！！
2022-01-16 16:40:42,cheruno,草
2022-01-16 16:40:42,ぷらずまわい子,Chrome は最新の状態です
2022-01-16 16:40:44,tino peperon,草
2022-01-16 16:40:44,Nezha,逆張りオタク？
2022-01-16 16:40:45,ムタイユメカ,良い
2022-01-16 16:41:03,cheruno,逆張りオタク君と反転アンチさん
2022-01-16 16:41:04,cafe太郎,今作で弱い武器なんだろ
2022-01-16 16:41:16,林啓太,太刀はカッコいいしつよい
2022-01-16 16:41:20,Nezha,太刀楽しいよ。急にリズムゲーになるけど
2022-01-16 16:41:29,キチア,太刀は強いね
2022-01-16 16:41:30,シノ,解釈一致
2022-01-16 16:41:35,たで,ガンランス好き
2022-01-16 16:41:36,山本 重國 ,太刀はロマンやね〜
2022-01-16 16:41:42,cheruno,太刀は間合い長いし簡単だからなのでは
2022-01-16 16:41:45,goshu/ごーしゅ,:loudly_crying_face:
2022-01-16 16:41:48,Nezha,ボッチがよぉ
2022-01-16 16:41:48,ヤス,あぁ
2022-01-16 16:41:55,ヤス,うぅ…
2022-01-16 16:41:55,†れおんちゃん†,ライズはぶっちぎりでランスガンスが弱いんよ・・・
2022-01-16 16:41:59,cafe太郎,笛強くなったから逆張りできない
2022-01-16 16:42:03,ついたち,スラアクばっか使ってるからカウンター苦手
2022-01-16 16:42:03,林啓太,草
2022-01-16 16:42:06,キチア,ガンランスで味方吹き飛ばすよなあ！？
2022-01-16 16:42:08,tino peperon,草
2022-01-16 16:42:11,ムタイユメカ,笛………
2022-01-16 16:42:13,johndoo,びっくりしたw
2022-01-16 16:42:20,Nezha,笛はキャリーするための武器じゃないんですか？
2022-01-16 16:42:20,cafe太郎,笛がPT専用？バカにしやがって！
2022-01-16 16:42:20,ムタイユメカ,草
2022-01-16 16:42:24,山本 重國 ,ロマン砲よりも大迷惑回転斬りはやめろやって怒られた思い出
2022-01-16 16:42:27,なー＊,草
2022-01-16 16:42:27,cheruno,笛は誰も言ってなかったの草
2022-01-16 16:42:28,yacc,俺たちのために吹いてくれ
2022-01-16 16:42:29,[祈祷師]Rasputin,俺も逆張りで操虫棍使ってなかった
2022-01-16 16:42:34,みよッピ,バグったかと思ったw
2022-01-16 16:42:36,おろしもち,ソロプレイで笛は実際よくわからない
2022-01-16 16:42:39,たぬ,アルミホイル巻く？
2022-01-16 16:42:40,トと,草
2022-01-16 16:42:41,マーベラスピントグラス,絶好調だね:red_heart:
2022-01-16 16:42:42,しづき,こんなま、脳内アンチくん見てる〜？
2022-01-16 16:42:43,ヤス,新しい人格？
2022-01-16 16:42:46,シノ,それは本当にまずいやつじゃ
2022-01-16 16:42:50,ムタイユメカ,脳内に直接語り掛けるアンチやん
2022-01-16 16:42:54,すっぴんきつね,自己バフとスキル補えるからソロ笛は有効!!
2022-01-16 16:42:54,キル,なまほしちゃんて時々すごく冷たい目するよな
2022-01-16 16:42:55,johndoo,もっとツッコミが必要ってこと？w
2022-01-16 16:42:56,ヤス,アルミホイル巻かなきゃ
2022-01-16 16:43:01,cheruno,よりによってアンチ人格生み出すの草
2022-01-16 16:43:03,たで,草
2022-01-16 16:43:04,Nezha,まだ、頭にアルミホイル巻いてないの？
2022-01-16 16:43:04,すっぴんきつね,草
2022-01-16 16:43:05,林啓太,大丈夫？？アンチしよか？？
2022-01-16 16:43:07,おろしもち,草
2022-01-16 16:43:08,同定,
2022-01-16 16:43:12,山本 重國 ,それを読み上げると言わないでw
2022-01-16 16:43:13,rgmrnda,友達とやるために笛練習してるけど誘ってくれる友達がいないってまじ？
2022-01-16 16:43:22,我が名はおみこ,ランスもいいゾ～
2022-01-16 16:43:30,cafe太郎,笛専は仲間見つけるとはしゃぐ
2022-01-16 16:43:30,ヤス,！？
2022-01-16 16:43:44,馬場拓那,俺らも脳内でなまほしちゃんの配信実況してるよ
2022-01-16 16:43:48,キル,病気なん？
2022-01-16 16:43:55,[祈祷師]Rasputin,アンチコメに対する反論考えちゃう
2022-01-16 16:44:02,tino peperon,いてら！
2022-01-16 16:44:03,Nezha,手を洗わないなら良いよ
2022-01-16 16:44:04,キル,はや
2022-01-16 16:44:09,ついたち,ええで
2022-01-16 16:44:10,ムタイユメカ,いてら
2022-01-16 16:44:13,ヤス,いっといれ
2022-01-16 16:44:15,キチア,いてら
2022-01-16 16:44:20,わんわん,いてら
2022-01-16 16:44:25,山本 重國 ,スッキリしてから一狩り行こう
2022-01-16 16:44:31,cafe太郎,ハンマー(音のしない笛)
2022-01-16 16:44:49,[祈祷師]Rasputin,:women’s_room:
2022-01-16 16:45:21,ヤス,トイレなっが
2022-01-16 16:45:23,躁鬱ジンの生活保護でもGOGO日記,おトイレ:exclamation_question_mark:
2022-01-16 16:45:36,フチンカン,リアルな犬だ
2022-01-16 16:45:41,わんわん,おかえり
2022-01-16 16:45:43,goshu/ごーしゅ,おかえりー
2022-01-16 16:45:44,牛丼屋の常連,こんなまーおかえりー
2022-01-16 16:45:47,Nezha,手洗った？
2022-01-16 16:46:03,すっぴんきつね,草
2022-01-16 16:46:04,林啓太,草
2022-01-16 16:46:06,狐蛇狼(こたろう),こんなまー
2022-01-16 16:46:06,C地区ビー,こんなまなま
2022-01-16 16:46:07,フチンカン,つらい
2022-01-16 16:46:08,キル,そりゃ大変
2022-01-16 16:46:11,ヤス,なるほど
2022-01-16 16:46:20,johndoo,トイレのドア外開きなら気を付けた方がいいよ
2022-01-16 16:46:21,cheruno,トイレ入ってる時に荷物崩れて閉じ込められないように気を付けてね（一敗）
2022-01-16 16:46:22,Nezha,草
2022-01-16 16:46:23,林啓太,だんだんダンボール
2022-01-16 16:46:42,[祈祷師]Rasputin,家がマリオのステージみたいになってそう
2022-01-16 16:46:50,goshu/ごーしゅ,:package::weary_cat::package:
2022-01-16 16:46:56,とろろ昆布,段ボール場所とるよね
2022-01-16 16:47:00,Nezha,セバスがただただ保護者になって来てるなｗ
2022-01-16 16:47:02,cheruno,配信中だったら助かるな……
2022-01-16 16:47:09,牛丼屋の常連,スマンホホで見てるのか
2022-01-16 16:47:18,†れおんちゃん†,つみです。
2022-01-16 16:47:23,cafe太郎,トイレの星さまじゃん
2022-01-16 16:47:24,cheruno,セバスぅ！！！！！なまほしちゃんが！！！！！！！
2022-01-16 16:47:24,すっぴんきつね,草
2022-01-16 16:47:26,johndoo,了解w
2022-01-16 16:47:27,goshu/ごーしゅ,:fearful_face:
2022-01-16 16:47:27,フチンカン,トイレが迫真すぎる
2022-01-16 16:47:27,林啓太,了解ｗ
2022-01-16 16:47:37,紅蝶伽,草
2022-01-16 16:47:47,cheruno,心得た
2022-01-16 16:47:54,cafe太郎,威厳が損なわれる
2022-01-16 16:47:56,C地区ビー,その時はね
2022-01-16 16:48:03,†れおんちゃん†,太刀に浮気するの？
2022-01-16 16:48:04,キチア,おけ
2022-01-16 16:48:05,ついたち,命懸けのお花摘みか
2022-01-16 16:48:16,†れおんちゃん†,ナルガ一択なレベル
2022-01-16 16:48:16,フチンカン,鉄派生
2022-01-16 16:48:17,Nezha,ナルガ太刀が入り版楽
2022-01-16 16:48:18,キチア,ナルガのがおすすめかな
2022-01-16 16:48:20,紅蝶伽,太刀ポンになるのか
2022-01-16 16:48:21,cafe太郎,すまねぇ、太刀はさっぱりなんだ
2022-01-16 16:48:23,[祈祷師]Rasputin,時が来れば正義の鳩になれる
2022-01-16 16:48:28,静馬,武器はとりあえずナルガ作っておけばいいのでは
2022-01-16 16:48:38,cheruno,手数が多い武器なら会心が生きる
2022-01-16 16:48:45,静馬,迅竜
2022-01-16 16:48:48,すっぴんきつね,迅竜
2022-01-16 16:48:49,cheruno,迅龍
2022-01-16 16:48:50,rgmrnda,どうせおすすめ作れないから鉄刀でいいよ
2022-01-16 16:48:50,フチンカン,迅竜
2022-01-16 16:48:50,cafe太郎,ナルガは上位からじゃね
2022-01-16 16:48:50,Nezha,迅速龍
2022-01-16 16:48:53,ついたち,迅竜
2022-01-16 16:48:54,シノ,迅なんとか
2022-01-16 16:48:55,†れおんちゃん†,迅竜
2022-01-16 16:48:59,キチア,迅竜
2022-01-16 16:49:02,まんたけ,右の方
2022-01-16 16:49:06,みよッピ,目指すべきは切れ味＋かな
2022-01-16 16:49:07,しづき,そもそも倒した？
2022-01-16 16:49:08,Nezha,まだストーリーで倒してないんでね？
2022-01-16 16:49:12,johndoo,???派生か
2022-01-16 16:49:16,キチア,鉄刀派生だけどない？
2022-01-16 16:49:28,U.N.Owen.Jpn.,とりあえず太刀か双剣からやればいい、ただ村クエのうちはとりあえず作れるやつでさっさと攻略しちゃうのがいい
2022-01-16 16:49:28,Nezha,まだ作れるところまで進んでないっぽい
2022-01-16 16:49:29,C地区ビー,まだ表示されて無い感じ？
2022-01-16 16:49:35,フチンカン,骨から作ってけば？
2022-01-16 16:49:36,たで,まだない？
2022-01-16 16:49:45,オクラ,まだ倒してないよ
2022-01-16 16:49:47,フチンカン,鉄か
2022-01-16 16:49:50,たで,まだなかった
2022-01-16 16:49:50,まんたけ,出てないか
2022-01-16 16:49:51,†れおんちゃん†,そもそも村進めないと作れんわ
2022-01-16 16:50:00,シノ,太刀、納刀術ほしい
2022-01-16 16:50:06,キチア,まだ倒してない感じか
2022-01-16 16:50:12,オクラ,戦ってないから？表紙
2022-01-16 16:50:12,紅蝶伽,そら出てないわな
2022-01-16 16:50:17,Nezha,ナルガとティガが2強いだと思ってる。
2022-01-16 16:50:31,cafe太郎,太刀の必須スキルって納刀くらい？
2022-01-16 16:50:31,紅蝶伽,ランク足りてなくね？
2022-01-16 16:50:32,Nezha,もっと進めてからですなｗ
2022-01-16 16:50:33,フチンカン,なーるがくるが♪
2022-01-16 16:50:43,オクラ,クエスト進めたらナルガクルガ出てくるよ
2022-01-16 16:50:45,キチア,ランク上げなきゃか
2022-01-16 16:50:46,みよッピ,ランク足りない
2022-01-16 16:50:47,牛丼屋の常連,☆いくつだったっけ？
2022-01-16 16:50:49,塩カル,いまきた これ相棒選べるやつ？
2022-01-16 16:50:51,ついたち,鉱石派生でよくないか？
2022-01-16 16:51:00,Nezha,全部やった方が良いよ
2022-01-16 16:51:02,johndoo,★3以降なのでは
2022-01-16 16:51:02,U.N.Owen.Jpn.,集会所だけでいいと思ってる
2022-01-16 16:51:04,キチア,序盤はアケノシルムの太刀もおすすめ
2022-01-16 16:51:18,ドンブリ感情,マガマガ
2022-01-16 16:51:19,cafe太郎,マガマガ君
2022-01-16 16:51:21,オクラ,村クエは正直、集会所だけ進めたらええよ
2022-01-16 16:51:24,キチア,村クエ全部やると集会所の下位飛ばせるやで
2022-01-16 16:51:24,johndoo,そっちか
2022-01-16 16:51:25,U.N.Owen.Jpn.,ナルガおるやんけ！
2022-01-16 16:51:32,紅蝶伽,村と集会所どっちでも良くなかったけ？
2022-01-16 16:51:32,フチンカン,倒したれや
2022-01-16 16:51:34,みよッピ,村クエのほうがソロ用だからHP少ない
2022-01-16 16:51:36,Nezha,6までやったら集会場で飛び級できる
2022-01-16 16:51:38,C地区ビー,暇つぶしに全部やったからわかんね
2022-01-16 16:51:43,†れおんちゃん†,村でオロミドロやっといた方がいいしね
2022-01-16 16:51:47,U.N.Owen.Jpn.,村クエ完遂してもろて
2022-01-16 16:51:59,牛丼屋の常連,ソロなら村クエ全部やっちゃってもいいかも
2022-01-16 16:52:03,紅蝶伽,流石アラサー詐欺組
2022-01-16 16:52:04,ヤス,いいよぉ
2022-01-16 16:52:05,まんたけ,どうぞどうぞ
2022-01-16 16:52:06,cafe太郎,よいわよ
2022-01-16 16:52:06,cheruno,じゃあ一時間くらいやな！
2022-01-16 16:52:08,Nezha,嘘つき！良いわよ！
2022-01-16 16:52:15,キチア,よいわよ
2022-01-16 16:52:16,たぬ,ナルガ可愛い
2022-01-16 16:52:24,塩カル,みそみそはうそつき
2022-01-16 16:52:26,みよッピ,初ナルガ
2022-01-16 16:52:26,静馬,じゃあ太刀作ったくらいに戻ってくるわ
2022-01-16 16:52:30,†れおんちゃん†,もっとあるよ
2022-01-16 16:52:46,cafe太郎,ナルにゃん可愛いし弱いし武器強いし好っき
2022-01-16 16:52:49,オクラ,そもそもナルガクルガに勝てるのかにゃ
2022-01-16 16:53:11,Nezha,4つやったら緊急クエストでしょ？もうちょいあるよ
2022-01-16 16:53:25,cheruno,笛とナルガかぁ
2022-01-16 16:53:25,C地区ビー,笛なら簡単よ
2022-01-16 16:53:38,オクラ,やばいな
2022-01-16 16:53:40,rgmrnda,余裕余裕
2022-01-16 16:53:46,みよッピ,太刀の練習兼ねて鉄刀強化してったら？
2022-01-16 16:53:52,†れおんちゃん†,日和ってる？
2022-01-16 16:53:53,キチア,いけるいける
2022-01-16 16:53:54,Nezha,村クエは防御なくても勝てるよ。大技以外ワンパンはされない
2022-01-16 16:53:55,雄いわな,いけるいける
2022-01-16 16:53:56,cafe太郎,当たらなきゃ余裕よ
2022-01-16 16:53:59,紅蝶伽,ナルガは旧作とそこまで変わってないイメージあるしいけるっしょ
2022-01-16 16:54:05,ついたち,防御力よりスキル重要では？
2022-01-16 16:54:14,キチア,なら余裕
2022-01-16 16:54:15,フチンカン,ｽｶｯ
2022-01-16 16:54:16,U.N.Owen.Jpn.,深層の面々はどうしてこうゲームが上手いのか
2022-01-16 16:54:26,Nezha,何で素振りしたの？
2022-01-16 16:54:46,牛丼屋の常連,笛いいね〜！
2022-01-16 16:54:57,†れおんちゃん†,そこのフンコロガシめっちゃスタンしやすくなるアイテムだよ
2022-01-16 16:55:04,ウタ・タネン准尉,いつのまにかもうこんなに進んでたのか
2022-01-16 16:55:09,フチンカン,クルガぬるぬるや
2022-01-16 16:55:49,キチア,Steamの方でボタン配置かえれんかったっけ
2022-01-16 16:55:50,かけるかける,片付け進んでる？
2022-01-16 16:55:56,紅蝶伽,ｐ２Gが初のモンスターのはずだしな
2022-01-16 16:56:12,cafe太郎,咆哮に合わせて虫技するとスパアマで殴れる
2022-01-16 16:56:13,[祈祷師]Rasputin,前世がティガレックスなんでしょ
2022-01-16 16:56:27,goshu/ごーしゅ,はえー:frowning_face_with_open_mouth:
2022-01-16 16:56:28,紅蝶伽,セールまで待ちたい
2022-01-16 16:56:33,[祈祷師]Rasputin,144fpsはすごい
2022-01-16 16:56:37,cafe太郎,飛べない竜()
2022-01-16 16:56:39,ドンブリ感情,キーマウ操作が思ったより快適だった
2022-01-16 16:56:49,cheruno,モニターが対応してないと意味ないゾ
2022-01-16 16:56:50,Nezha,PC雑魚雑魚なのともう一回装備作り直しがだるくて移行してないなぁ
2022-01-16 16:56:55,Daniel Ramirez,nihon no josei no oshiri iinioi 
2022-01-16 16:56:56,キチア,30には戻れなくなる
2022-01-16 16:56:57,Daniel Ramirez,domo 
2022-01-16 16:57:01,Daniel Ramirez,nihon no josei naisu oshiri 
2022-01-16 16:57:06,Daniel Ramirez,nihon no josei oshiri kirei :smiling_face_with_smiling_eyes::smiling_face:
2022-01-16 16:57:12,みよッピ,躁竜！
2022-01-16 16:57:17,Daniel Ramirez,nihon no josei no pantsu iinioi :face_with_steam_from_nose::face_with_steam_from_nose:
2022-01-16 16:57:18,牛丼屋の常連,アオアシラ食べられちゃう
2022-01-16 16:57:21,シノ,まあ落とし物もらえるし
2022-01-16 16:57:21,ドンブリ感情,PC版は被写界深度オンにするとめちゃくちゃ綺麗
2022-01-16 16:57:23,Nezha,さすがに乗ってた方が強いぞ
2022-01-16 16:57:23,雄いわな,そうだね
2022-01-16 16:57:28,たぬ,催眠にかかったなまほしちゃん頑張れ
2022-01-16 16:57:31,cafe太郎,攻撃に合わせて回避すると良いで
2022-01-16 16:57:46,Daniel Ramirez,Ojousan show pantsu domo 
2022-01-16 16:57:48,牛丼屋の常連,ナイスコンボ！
2022-01-16 16:58:02,フチンカン,操竜カッコいいなー
2022-01-16 16:58:27,ドンブリ感情,笛たのしいよな～
2022-01-16 16:58:50,キチア,上手
2022-01-16 16:58:50,牛丼屋の常連,ティガレックスの舞
2022-01-16 16:59:13,cafe太郎,黒ティガかな
2022-01-16 16:59:31,しづき,笛でソロってなにが楽しいんですかァ？？？(煽)
2022-01-16 16:59:56,紅蝶伽,壁ハメはモンハンの伝統芸能
2022-01-16 17:00:12,Nezha,こういう時に太刀だと居合しまくれるので楽しいんですよね
2022-01-16 17:00:20,cheruno,草
2022-01-16 17:00:23,goshu/ごーしゅ,:loudly_crying_face:
2022-01-16 17:00:25,たぬ,笛ソロすることで友達出来た時の準備ができる
2022-01-16 17:00:26,キチア,草
2022-01-16 17:00:31,cafe太郎,笛ソロは音色を静かに楽しめるだろ！
2022-01-16 17:00:37,紅蝶伽,笛奴隷ちゃんも自立出来たんだね
2022-01-16 17:00:40,C地区ビー,笛ソロに人権を！
2022-01-16 17:00:50,たぬ,ハンマーで良くね
2022-01-16 17:00:55,fake aog,こんにちは、笛は種類によって音色が違うんですよ！
2022-01-16 17:00:57,Nezha,それってハンマーで良くないですか？
2022-01-16 17:00:58,しづき,わかる(ハンマー使いより)
2022-01-16 17:01:04,[祈祷師]Rasputin,ハンマーでいいじゃん
2022-01-16 17:01:06,ぷらずまわい子,協力してると大家が来ますので
2022-01-16 17:01:07,cafe太郎,でも今作はへんまーに人権ないんすよね
2022-01-16 17:01:10,キチア,じ、自強化できるし…
2022-01-16 17:01:10,紅蝶伽,片手でスタン取れますよ^^;
2022-01-16 17:01:25,fake aog,砥石警察だ
2022-01-16 17:01:29,Nezha,流石にまだ弱ってないよ
2022-01-16 17:01:55,cafe太郎,音の鳴らない笛と言われるくらいには
2022-01-16 17:01:59,Nezha,素振り好きなん？
2022-01-16 17:02:00,シノ,笛吹名人ってもうつけましたっけ？
2022-01-16 17:02:26,†れおんちゃん†,ガチで人権あるのは太刀双剣と遠距離3種だけなんすよ・・・
2022-01-16 17:03:06,TT gedo,ぽーぺー♩
2022-01-16 17:03:25,シノ,回避距離欲しいね
2022-01-16 17:03:29,すっぴんきつね,見てるだけｗ
2022-01-16 17:03:31,Nezha,笛とか眼中になかったからムーブ知らないや
2022-01-16 17:03:34,cafe太郎,前作よりかは武器移動遅くなったよ
2022-01-16 17:03:46,紅蝶伽,とめーにゃは信念をもって働かないので...
2022-01-16 17:03:52,ついたち,回避距離+1が欲しいな
2022-01-16 17:04:06,Nezha,なまほしちゃんがとめーにゃに飼われてるんじゃないの？
2022-01-16 17:04:34,†れおんちゃん†,やってる分には笛は楽しいからいいんだよ
2022-01-16 17:05:05,Nezha,笛が強武器ってマジ？使ってないから偏見だったわ
2022-01-16 17:05:08,しづき,ナイスゥ〜
2022-01-16 17:05:12,cafe太郎,前作までの経験者程、今の笛使いにくい
2022-01-16 17:05:13,rgmrnda,ハンマーより全然強いよ
2022-01-16 17:05:27,もも:メロ,ソロ笛おもろそうやな太刀使います
2022-01-16 17:05:28,キチア,ハンマーより笛は全然ある
2022-01-16 17:05:32,紅蝶伽,ライズのハンマー君終わってるイメージある
2022-01-16 17:05:42,Nezha,なまほしちゃんの脳内アンチの戯言じゃないのか
2022-01-16 17:05:48,みよッピ,かなり昔のイメージでクソだとおもってたわ
2022-01-16 17:05:49,cafe太郎,本当に笛はガチ武器やで
2022-01-16 17:06:21,†れおんちゃん†,笛のDPSは全武器でで中間くらい
2022-01-16 17:06:28,Nezha,笛吹きモーションが無くなったんだっけ？
2022-01-16 17:06:34,狐蛇狼(こたろう),笛ソロ面白そうだったのでライズ買って笛始めてみました
2022-01-16 17:06:47,cafe太郎,叩くだけで演奏工がが出るようになった
2022-01-16 17:06:48,紅蝶伽,歴戦の姫
2022-01-16 17:07:03,シノ,「奏」結構強いからもっと振ってもいいかも。気炎ゲームも溜まる。
2022-01-16 17:07:06,goshu/ごーしゅ,:grinning_cat:
2022-01-16 17:07:45,Nezha,笛なのに音色奏でてないってま？
2022-01-16 17:08:07,ポリバケツ,ケツに入れて一番痛くない武器
2022-01-16 17:08:09,Nezha,私は眠り装備で統一してた
2022-01-16 17:08:16,cafe太郎,脳死で叩くだけでＰＴ貢献する
2022-01-16 17:08:20,[祈祷師]Rasputin,:ambulance:
2022-01-16 17:08:28,rgmrnda,麻痺猫信用できないわ
2022-01-16 17:08:39,たぬ,おめかししてあげないと、とめ婚勢いなくなる
2022-01-16 17:08:44,フチンカン,悪魔ねこ？
2022-01-16 17:08:46,にゃん 猫,強そうな猫ですね
2022-01-16 17:09:20,シノ,通常攻撃→奏ループが震打ない時はDPS高め
2022-01-16 17:09:25,Nezha,毒はポータブルで罪を犯して懲役中だと思ってるんだけど強いんか？
2022-01-16 17:09:27,たで,それだ
2022-01-16 17:09:35,Nezha,それそれ。そいつの強化語がつよい
2022-01-16 17:09:37,U.N.Owen.Jpn.,毒片手剣もなかなかいい
2022-01-16 17:09:38,キチア,それだ
2022-01-16 17:09:44,cafe太郎,毒はまぁ・・・
2022-01-16 17:10:00,やまたろう,わこつー
2022-01-16 17:10:08,みよッピ,イエス
2022-01-16 17:10:11,キチア,そいつ強化すると最後まで使えるくらいつおい
2022-01-16 17:10:16,Nezha,鉄刀から強化したティガも強いので余裕があったら是非作ってほしい
2022-01-16 17:10:31,なまほしちゃん,太刀の素材集めてます
2022-01-16 17:10:34,にゃん 猫,笛使うと怒られるの
2022-01-16 17:10:40,シノ,草
2022-01-16 17:10:47,たで,草
2022-01-16 17:10:48,かけるかける,予防線草
2022-01-16 17:10:49,U.N.Owen.Jpn.,そんなことで怒られるのか……
2022-01-16 17:10:50,valdy jack,予防線えらい
2022-01-16 17:10:52,cafe太郎,笛みたいな太刀やぞ
2022-01-16 17:10:55,Nezha,お前の太刀、笛みたいな形してんな！
2022-01-16 17:10:57,にゃん 猫,脳内アンチ
2022-01-16 17:10:58,シズレ,これには太刀信者も納得
2022-01-16 17:11:00,林啓太,草
2022-01-16 17:11:05,紅蝶伽,詐欺辞めろ！
2022-01-16 17:11:09,とろろ昆布,別の人格がね
2022-01-16 17:11:10,水無瀬秀則,草
2022-01-16 17:11:11,ヤス,草
2022-01-16 17:11:22,フチンカン,だいぶ強火の太刀信者だ
2022-01-16 17:11:33,林啓太,お薬案件ですわｗ
2022-01-16 17:11:42,valdy jack,とうｓ・・・
2022-01-16 17:11:46,にゃん 猫,脳内のイメージとシャドーボクシングしてる
2022-01-16 17:11:47,林啓太,マジであるからねｗ
2022-01-16 17:11:51,rgmrnda,なまほしちゃんの脳内のアンチ、そのうちコメント書き込みそうだよね
2022-01-16 17:11:52,紅蝶伽,がちの統失にｗ
2022-01-16 17:11:54,しづき,トウノシツ…
2022-01-16 17:12:01,たぬ,芯があれば他人の落書きは気にならなくなる
2022-01-16 17:12:04,Q Nakakura,統合ほにゃらら…
2022-01-16 17:12:04,Nezha,脳内の信者と現実のワイらは徐々にリンクしていくからな。注意するんやで
2022-01-16 17:13:17,シノ,ナイス怯み
2022-01-16 17:13:32,みよッピ,:ambulance:
2022-01-16 17:13:34,valdy jack,乙
2022-01-16 17:13:34,Nezha,乙ってんよ
2022-01-16 17:13:35,にゃん 猫,１乙
2022-01-16 17:13:37,しづき,おつとめ〜
2022-01-16 17:13:40,たぬ,とめるちゃんの配信なら終わりやぞ
2022-01-16 17:13:42,ヤス,おつなま？
2022-01-16 17:13:44,かけるかける,脳内では加藤里香さんと付き合ってるよ俺は
2022-01-16 17:13:46,たで,やっちゃいました
2022-01-16 17:13:52,Nezha,ニャルガの逆襲
2022-01-16 17:13:53,cafe太郎,おつと
2022-01-16 17:14:08,にゃん 猫,我々も脳内のイメージとして頑張ります
2022-01-16 17:14:18,Nezha,何で防具着てるんですか？
2022-01-16 17:14:37,シノ,受け身頑張って
2022-01-16 17:15:03,cafe太郎,平和主義者？
2022-01-16 17:15:09,Nezha,俺たちはアンチ活動を強いられているんだ！！
2022-01-16 17:15:21,空太郎,ダウンロード防具使わんかったんやね
2022-01-16 17:15:32,しづき,クエストにとりあえず着ていける部屋着みたいなアレ
2022-01-16 17:15:37,ついたち,スキルが貧弱すぎる
2022-01-16 17:15:40,にゃん 猫,赤く光っててかっこいい
2022-01-16 17:15:41,cafe太郎,下位はファンゴフェイク(尚見た目)
2022-01-16 17:15:44,空太郎,たぶんね、郵便さんから受け取ってないよ
2022-01-16 17:15:56,みよッピ,保護者全員がアンチになったら病むわなm
2022-01-16 17:15:56,狐蛇狼(こたろう),Steam版始めたら貰えましたよ
2022-01-16 17:16:11,†れおんちゃん†,マジか
2022-01-16 17:16:41,みよッピ,ボコボコのボコw
2022-01-16 17:17:17,cafe太郎,選ばれたのは　奏　でした
2022-01-16 17:17:28,Nezha,もっとイキってほしいよ
2022-01-16 17:17:33,にゃん 猫,何度でも立ち上がるぜ！
2022-01-16 17:17:45,rice oriental,ナルガクルガさんやん
2022-01-16 17:18:08,キチア,うまい
2022-01-16 17:18:39,ついたち,そうだったらハンマーは泣いていない
2022-01-16 17:18:45,みよッピ,部位破壊ナイスゥー
2022-01-16 17:19:03,†れおんちゃん†,スタン中は蓄積されないみたいです
2022-01-16 17:19:09,Nezha,打撃武器使ったことないから知らないけど多聞溜まらないんでね？溜まったらハンマーが弱くならない
2022-01-16 17:19:33,シノ,ナイス乗り換え
2022-01-16 17:19:43,にゃん 猫,神プレイじゃん
2022-01-16 17:19:53,valdy jack,どかーん
2022-01-16 17:20:07,たで,かっこいいな
2022-01-16 17:20:16,シノ,操竜で攻撃後に回避で後隙消せます
2022-01-16 17:20:27,cafe太郎,はずい
2022-01-16 17:20:40,にゃん 猫,いいポケモンバトルだった
2022-01-16 17:20:56,キチア,良いはたらくのりものだった
2022-01-16 17:21:22,シノ,砥石警察だ！
2022-01-16 17:21:23,rice oriental,砥石警察です:woman_police_officer:
2022-01-16 17:21:27,cafe太郎,砥石警察だ！
2022-01-16 17:21:28,Nezha,大分前から怒られてたよ？
2022-01-16 17:21:47,rgmrnda,ちゃんとノラくんに乗ってから研いで
2022-01-16 17:21:50,みよッピ,もうちょい！
2022-01-16 17:22:04,シノ,更にガルク騎乗で砥石しろ警察だ！
2022-01-16 17:22:29,Nezha,ナルガに吹っ飛ばされた先にホーミング生肉君が突っ込んできたねｗ
2022-01-16 17:23:45,シノ,受け身警察だ！
2022-01-16 17:23:45,ないふ,設定からカメラ距離100にしてくれると視聴者的に助かる
2022-01-16 17:23:58,たぬ,見逃そう
2022-01-16 17:23:58,Nezha,そういや、太刀作成にしっぽ要らないっけ？笛でどうするんだろ
2022-01-16 17:24:12,アズサ,初見ですこんばんは〜
2022-01-16 17:24:14,アオバズクし,太刀素材集めてる所なのね
2022-01-16 17:24:17,にゃん 猫,魅せプレイでした
2022-01-16 17:24:48,シノ,ごめんて
2022-01-16 17:24:56,たで,草
2022-01-16 17:24:58,たぬ,さすなま
2022-01-16 17:25:07,Bun A,おこってる？
2022-01-16 17:25:11,cheruno,さすなま
2022-01-16 17:25:24,もも:メロ,センキュー脳内アンチ
2022-01-16 17:25:26,森のゴブリン,ごきげんよう
2022-01-16 17:25:35,アオバズクし,なるほどね
2022-01-16 17:25:41,にゃん 猫,脳内シャドーボクシングが役に立った
2022-01-16 17:25:56,Bun A,bgmが毎度コナンみたいですき
2022-01-16 17:26:00,たで,いきなりは無理だな
2022-01-16 17:26:16,Nezha,それはちゃんと強化しないとダメっぽい？
2022-01-16 17:26:18,にゃん 猫,更に強くなってしまうのか
2022-01-16 17:26:19,キチア,強化先だね
2022-01-16 17:26:20,狐蛇狼(こたろう),生産マークついてないね
2022-01-16 17:26:23,Nezha,お金足りてる？
2022-01-16 17:26:24,ついたち,せやで
2022-01-16 17:26:43,みよッピ,せやな
2022-01-16 17:26:44,空太郎,火山やね
2022-01-16 17:26:56,Bun A,古のハンターだから鉱石集めは根詰めてた記憶
2022-01-16 17:26:57,†れおんちゃん†,火山おすすめ
2022-01-16 17:26:59,Nezha,火山と雪山みたいなところ
2022-01-16 17:27:11,ついたち,火山と水没林だっけか？
2022-01-16 17:27:16,森のゴブリン,結構面倒くさいシステムですね　がんばってください
2022-01-16 17:27:35,みよッピ,水没林一択だな
2022-01-16 17:27:40,Bun A,シコシコ刀を研ぐ職人さん
2022-01-16 17:27:54,シノ,マガド笛強いですよ
2022-01-16 17:28:15,Nezha,ナルガ太刀だと百竜スキル何が良いんだろ？強化前から引っ張ってこないといけないのか？
2022-01-16 17:28:24,Bun A,太刀は最終強化するのかな
2022-01-16 17:28:32,たぬ,これからは太刀使うから
2022-01-16 17:28:40,†れおんちゃん†,百竜はエンドコンテンツしないとザコ
2022-01-16 17:28:44,†れおんちゃん†,あってるよ
2022-01-16 17:28:48,Nezha,そこで合ってるよ
2022-01-16 17:28:48,DuxRyK 【デューク】,火山だよ
2022-01-16 17:28:49,みよッピ,あるんかーい
2022-01-16 17:28:51,シノ,百竜は（最終的に）強い
2022-01-16 17:28:54,キチア,溶岩胴が火山よ
2022-01-16 17:29:16,林啓太,草
2022-01-16 17:29:17,DuxRyK 【デューク】,もってるよーPC版
2022-01-16 17:29:18,Bun A,ソロがんばれ！
2022-01-16 17:29:18,Nezha,お前がスイッチに来るんだよ！
2022-01-16 17:29:19,隆明【Takaaki】,スイッチ版ならあるんだけどｗ
2022-01-16 17:29:21,たで,今から新しく始めるのはな…
2022-01-16 17:29:22,たぬ,ソロ用に太刀では…？
2022-01-16 17:29:32,みよッピ,あってます。すいませんでしたorz
2022-01-16 17:29:37,†れおんちゃん†,鉱石おすすめポイントはマップ14の右上のエリア
2022-01-16 17:29:43,空太郎,買ったから是非参加型しておくれ
2022-01-16 17:29:43,シノ,草
2022-01-16 17:29:51,Nezha,ワイらの方が進んでるが？
2022-01-16 17:29:53,シズレ,はい
2022-01-16 17:29:54,DuxRyK 【デューク】,しかも画質が落ちる
2022-01-16 17:29:55,アオバズクし,PC版やるにはPC買う所からやらないといけないんだよね…
2022-01-16 17:29:59,Bun A,もう体がつくられてるのに…
2022-01-16 17:30:10,たぬ,スイッチはリングフィットの時しか握らないから
2022-01-16 17:30:22,Bun A,Switchも慣れればヌメヌメ
2022-01-16 17:30:23,rgmrnda,PC版買ってなにか得があるの？
2022-01-16 17:30:27,みよッピ,PC難民なんで……
2022-01-16 17:30:28,†れおんちゃん†,できますよ
2022-01-16 17:30:31,小熊,PADならR2
2022-01-16 17:30:36,ないふ,できるけどPC版は知らん
2022-01-16 17:30:46,Nezha,出来ますね。PCの操作分からんけど
2022-01-16 17:30:47,無在庫人生,元30fpsが144fpsのぬるぬるになった時の衝撃
2022-01-16 17:30:48,キチア,そっかキーマウか
2022-01-16 17:30:48,空太郎,コントローラーだとR2で飛ぶよ
2022-01-16 17:30:49,Bun A,キャラの声かわいい
2022-01-16 17:31:03,Bun A,これはSwitch買い替えの布石w
2022-01-16 17:31:10,ぷらずまわい子,パソコンは部屋から生えるものです
2022-01-16 17:31:17,†れおんちゃん†,環境情報が鉱石量アップか？
2022-01-16 17:31:20,Nezha,ライズ炭鉱夫あんまりしなくていいから楽
2022-01-16 17:31:32,隆明【Takaaki】,ローカルでチームプレイするならスイッチ一択なんだけどなぁ
2022-01-16 17:31:35,シノ,環境が「鉱石増殖」になってると増える
2022-01-16 17:31:47,U.N.Owen.Jpn.,沼地のオート稼ぎでドラグライト出たっけ
2022-01-16 17:32:09,Bun A,進研ゼミか
2022-01-16 17:32:09,みよッピ,うっ！神御守が出ない……
2022-01-16 17:32:13,Nezha,そりゃチュートリアルだからなｗ
2022-01-16 17:32:20,しづき,なにもしてないのに壊れたんですけど！！
2022-01-16 17:32:21,キチア,ハンターノートしか勝たんな
2022-01-16 17:32:33,Bun A,珍鉱石
2022-01-16 17:32:44,Nezha,全部巡れば良いんや
2022-01-16 17:33:05,隆明【Takaaki】,全部回ろう
2022-01-16 17:33:13,†れおんちゃん†,見つけてないと表示されないんだっけこれ
2022-01-16 17:33:16,Bun A,そこは等価交換ですよ
2022-01-16 17:33:16,キチア,まぁまぁ見にくいよね
2022-01-16 17:33:28,Nezha,翼竜×まなほしちゃんか。えっちだな
2022-01-16 17:33:35,小熊,暗記よ
2022-01-16 17:33:40,Nezha,出来ないっすね
2022-01-16 17:33:42,ついたち,出来るはず
2022-01-16 17:33:44,狐蛇狼(こたろう),ミニマップ拡大時は表示される？
2022-01-16 17:33:48,Bun A,モンハンワールドアイスボーンならあった気がする
2022-01-16 17:33:48,空太郎,マップを拡大にすると表示されるよ
2022-01-16 17:33:52,†れおんちゃん†,この辺も柱の上とかにある
2022-01-16 17:34:03,キチア,分からんかったから覚えてやった…
2022-01-16 17:34:13,ついたち,マップ画面で拡大に固定できる
2022-01-16 17:34:20,琥珀,ミニマップの常時拡大ってっできなかったっけ
2022-01-16 17:34:23,みよッピ,下ダヨ
2022-01-16 17:34:24,Nezha,マップを拡大表示すると表示されるけどミニマップのままだとできない
2022-01-16 17:34:35,†れおんちゃん†,もっといっぱいありますよ
2022-01-16 17:35:33,†れおんちゃん†,マップ14は採掘ポイント10か所くらいある
2022-01-16 17:36:01,Nezha,サブキャンって全部のマップに2個ずつあった気が
2022-01-16 17:36:08,†れおんちゃん†,サブキャンは10からずっと山のぼりする
2022-01-16 17:36:32,狐蛇狼(こたろう),10の北端にサブキャンプ
2022-01-16 17:36:35,Nezha,ガルクから降りなくても採掘できるよ？
2022-01-16 17:37:24,ついたち,炭鉱夫をご存じでない？
2022-01-16 17:37:26,小熊,斜め移動きつい
2022-01-16 17:37:42,Nezha,コントローラー握ったら解決よ
2022-01-16 17:37:47,beniimoEX,金策中です？
2022-01-16 17:37:55,りょっけん,近接をキーボードでやるの無理だわ…
2022-01-16 17:38:16,EK OG,サムネのなまほしちゃん可愛い
2022-01-16 17:38:31,Nezha,取り残しは多そう
2022-01-16 17:38:33,†れおんちゃん†,サブキャン見つけて無くて草
2022-01-16 17:39:07,たぬ,とめーにゃ！？チキン冷める配信しそうな名前
2022-01-16 17:39:09,Nezha,でもそいつのクエスト進めないとガルクの新武器が使えないんよ
2022-01-16 17:39:33,ついたち,オプションで拡大マップをデフォにできるからおすすめ
2022-01-16 17:39:37,狐蛇狼(こたろう),まず最初の生産から
2022-01-16 17:39:47,†れおんちゃん†,いったい何を？
2022-01-16 17:40:01,†れおんちゃん†,もってないが
2022-01-16 17:40:02,Nezha,それ村長の百竜太刀じゃね？
2022-01-16 17:40:27,Nezha,あーあ
2022-01-16 17:40:56,たぬ,たいこ
2022-01-16 17:41:08,Nezha,端材要求面倒よな
2022-01-16 17:41:08,†れおんちゃん†,今回はさびた、古は無いです
2022-01-16 17:41:30,空太郎,過去作の錆びた系やね
2022-01-16 17:41:56,Nezha,納刀術があった方がタイミングが楽
2022-01-16 17:42:09,Nezha,無くても運用できるよ。しんどいけど
2022-01-16 17:42:11,ないふ,村クエぐらいなくてもいける
2022-01-16 17:42:50,シノ,納刀術付いた太刀が楽し過ぎるからね
2022-01-16 17:42:53,Nezha,余裕余裕
2022-01-16 17:43:19,Nezha,なかった希ガス。解放してないだけかも知らん
2022-01-16 17:43:28,ないふ,おだんご納刀術あったら強すぎるわ
2022-01-16 17:43:41,ついたち,強欲なまほし
2022-01-16 17:43:53,シノ,今作、一生お金足りん
2022-01-16 17:44:11,Nezha,太刀って居合で避けるんだけど納刀術が付いてる付いてないで1秒ぐらい変わったはず
2022-01-16 17:44:16,†れおんちゃん†,特殊納刀でバチバチにカウンターキメる武器だからそれが遅いと間に合わないことがある
2022-01-16 17:44:17,林啓太,ひん
2022-01-16 17:44:20,たぬ,強い言葉使うと脳内戦闘起きるから。引っ越し作業で疲れてるからね？
2022-01-16 17:44:25,Nezha,頑張ってよいしょするよ。
2022-01-16 17:44:33,キチア,配信ボタンを人質に取られてる
2022-01-16 17:44:51,シノ,初太刀だときつくない…？
2022-01-16 17:45:05,ないふ,4Gの太刀とは別物よ
2022-01-16 17:45:09,たぬ,死んだらナイスーがいいですか？
2022-01-16 17:45:12,Nezha,今作から動き方一新されたから昔に使ってたとか正直関係ないよ♡
2022-01-16 17:45:15,rice oriental,太刀は私的に慣れないと難しいかな
2022-01-16 17:45:15,空太郎,いきなり実戦？
2022-01-16 17:45:27,シズレ,下手くそ:red_heart:こんな感じ？
2022-01-16 17:45:28,ついたち,死にそう……死んだな♡
2022-01-16 17:45:30,たで,草
2022-01-16 17:45:33,Nezha,馬鹿が代♡
2022-01-16 17:45:37,キチア,わかった♡
2022-01-16 17:45:40,シノ,たぶん無理:red_heart:
2022-01-16 17:45:44,林啓太,ざぁこ:red_heart:ざあぁこ:red_heart:
2022-01-16 17:45:44,cheruno,ざぁこ♡はそっちのやくめでしょ
2022-01-16 17:45:53,空太郎,結構むずかしいかもw
2022-01-16 17:46:06,狐蛇狼(こたろう),ガンバレ:red_heart:
2022-01-16 17:46:08,Nezha,納刀モーションだけ見といた方が良いよ♡
2022-01-16 17:46:20,逆さま,こんなま
2022-01-16 17:46:21,にゃん 猫,ざぁこ:red_heart:助かる
2022-01-16 17:46:29,シノ,せめて納刀の仕様だけでも把握して:red_heart:
2022-01-16 17:46:34,スガノガス,カウンターむずい
2022-01-16 17:46:34,たぬ,煽ってるようなコメント欄なってオモロい
2022-01-16 17:46:44,Gググる,訓練所で確認した方が無難
2022-01-16 17:47:00,シノ,特殊納刀
2022-01-16 17:47:01,Nezha,攻撃、回避。全部居合で完結するから。
2022-01-16 17:47:06,Nezha,特殊納刀が居合
2022-01-16 17:47:18,シノ,特殊納刀からのカウンター抜刀が最強
2022-01-16 17:47:40,TT gedo,( ˘ω˘)ｽﾔｧ
2022-01-16 17:47:48,逆さま,やっぱり居合が最強！
2022-01-16 17:48:05,Nezha,特殊納刀からカウンター納刀でれんきゲージ稼いで百竜攻撃で消費してダメージを稼ぐ感じっすね
2022-01-16 17:48:12,†れおんちゃん†,正直操作難易度は高くなってるよ♡
2022-01-16 17:48:16,シノ,抜刀はいいけど、楽しく使うなら納刀はほぼ必須
2022-01-16 17:48:25,にゃん 猫,ベテランニキすごい
2022-01-16 17:48:25,逆さま,無限狩猟編始まってる
2022-01-16 17:48:30,Nezha,納刀自体はできるよ
2022-01-16 17:48:37,ないふ,空振りでも行ける
2022-01-16 17:48:41,Gググる,太刀初心者の動画を見た方が理解は早まるかと
2022-01-16 17:48:53,Nezha,多分、同時推しが出来てない
2022-01-16 17:48:55,ついたち,そんな訳ないだろ♡
2022-01-16 17:48:57,シノ,ボタン間違ってる:red_heart:
2022-01-16 17:49:15,Nezha,同時に押せてない
2022-01-16 17:49:15,シノ,それそれ
2022-01-16 17:49:31,Nezha,そっちじゃないほうの居合切りをしてほしい
2022-01-16 17:49:46,ふるべび,コントローラーじゃないとむずそう
2022-01-16 17:49:53,Nezha,今やってる方で大丈夫だ。すまん
2022-01-16 17:50:26,にゃん 猫,かっこいい
2022-01-16 17:50:28,Hiro Hiro,スキルで納刀術つけないと遅くてカウンター対応できないよ。
2022-01-16 17:50:32,ないふ,特殊納刀からもっかいサイドボタン
2022-01-16 17:50:42,Nezha,特殊納刀後の攻撃って2種類あるのよ
2022-01-16 17:50:43,ふるべび,できた
2022-01-16 17:50:55,Nezha,特殊ボタンの方の居合切りで対応してほしい
2022-01-16 17:51:02,キチア,それやると敵の攻撃受け流せる
2022-01-16 17:51:05,TT gedo,:thumbs_up:
2022-01-16 17:51:14,Nezha,あとは敵の攻撃に合わせてそれができるか
2022-01-16 17:51:21,逆さま,呼吸法を身に付けたなまほしちゃん
2022-01-16 17:51:23,ないふ,青いエフェクト出てる間に攻撃受けるとカウンター
2022-01-16 17:51:24,にゃん 猫,また強くなってしまったか
2022-01-16 17:51:54,ぷらずまわい子,待ちます
2022-01-16 17:52:26,Nezha,待つよ♡
2022-01-16 17:52:54,ひなつき,特殊納刀は前のモーション中に先行入力しておくと暴発しにくいよ
2022-01-16 17:52:55,とろろ昆布,あ
2022-01-16 17:52:59,シノ,なんかきた
2022-01-16 17:52:59,†れおんちゃん†,錬気ゲージ貯めないと並武器以下だから頑張ろうね:red_heart:
2022-01-16 17:53:01,たぬ,ソープ嬢きた
2022-01-16 17:53:05,空太郎,一般通過タマミツネ
2022-01-16 17:53:06,百合くん,草
2022-01-16 17:53:06,逆さま,一般通過タマミツネ
2022-01-16 17:53:08,DuxRyK 【デューク】,タマミツネ来てる！
2022-01-16 17:53:08,狐蛇狼(こたろう),きた(笑)
2022-01-16 17:53:09,壇ノ浦飯田橋,w
2022-01-16 17:53:10,Nezha,始まっちゃったｗ
2022-01-16 17:53:11,りょっけん,来ちゃった…♡
2022-01-16 17:53:13,シズレ,草
2022-01-16 17:53:28,cheruno,あらー
2022-01-16 17:53:29,逆さま,エリア移動してもろて
2022-01-16 17:53:34,にゃん 猫,炭治郎構えろ！
2022-01-16 17:53:38,†れおんちゃん†,ボッ太刀
2022-01-16 17:53:49,たぬ,なめぷしてます
2022-01-16 17:53:50,りょっけん,一時停止なかったっけ？
2022-01-16 17:53:53,cheruno,スリスリしてて草
2022-01-16 17:53:57,Nezha,草。
2022-01-16 17:54:01,みよッピ,m9(^Д^)ﾌﾟｷﾞｬｰ:red_heart:
2022-01-16 17:54:04,ついたち,草
2022-01-16 17:54:13,t t,やっちゃいましたー
2022-01-16 17:54:17,逆さま,死んでんねぇ
2022-01-16 17:54:42,Nezha,♡を付ければ何を言ってもいいとお墨付きを俺たちは貰ってる♡
2022-01-16 17:54:43,シノ,いいね
2022-01-16 17:54:48,キチア,ええね
2022-01-16 17:54:49,ひなつき,素晴らしい:heart_suit:
2022-01-16 17:55:12,にゃん 猫,これが柱
2022-01-16 17:55:13,Nezha,それに納刀術3が付くと3倍速ぐらいで納刀してくれるようになるよ
2022-01-16 17:55:20,逆さま,素振りなら誰でもできるぞ:red_heart:
2022-01-16 17:55:27,シノ,抜刀を当てるとなんと連記ゲージを一本プレゼント！
2022-01-16 17:55:47,Nezha,咆哮もカウンターできるよ
2022-01-16 17:55:58,シノ,クソザコカウンター
2022-01-16 17:56:02,Gググる,かうんたー
2022-01-16 17:56:08,空太郎,カウンター技やったっけ？
2022-01-16 17:56:13,ないふ,水月の構え
2022-01-16 17:56:25,Nezha,太刀の特殊攻撃は大体れんきゲージ消費しないとまともな火力出ないよ
2022-01-16 17:56:27,Gググる,がいがぁかうんたー
2022-01-16 17:56:31,ひなつき,練気ゲージを使用するカウンター
2022-01-16 17:56:50,Nezha,攻撃ボタン押さんと攻撃してくれないんじゃなかったか？
2022-01-16 17:56:51,DuxRyK 【デューク】,うまい
2022-01-16 17:56:54,逆さま,アワアワになって滑りまくる
2022-01-16 17:56:55,空太郎,上手上手
2022-01-16 17:57:05,TT gedo,わぁかっこいい(無邪気
2022-01-16 17:57:25,シノ,抜刀斬り後にまた納刀して:red_heart:
2022-01-16 17:57:26,ないふ,基本特殊納刀状態で攻撃待つんだぞ:heart_suit:
2022-01-16 17:57:27,Nezha,特殊納刀は先読みしないと無理ですよ♡
2022-01-16 17:57:33,逆さま,練習と本番は違うってそれ1
2022-01-16 17:58:02,三枝春,なんか攻撃しないとカウンターに繋げられない仕様なんです。
2022-01-16 17:58:03,Nezha,それを敵の攻撃を受けながらやってね♡
2022-01-16 17:58:18,シノ,抜刀はカウンターしないとザコ:red_heart:
2022-01-16 17:58:37,ひなつき,太刀は兎にも角にもゲージを上げないとよわよわ
2022-01-16 17:59:04,キチア,見切り斬りっていう通常攻撃の間に挟めるカウンターもあるよ♡
2022-01-16 17:59:06,Nezha,基本、突き→切り上げ→突きを繰り返して敵の攻撃を待ってた方が良いよ。
2022-01-16 17:59:10,逆さま,二乙
2022-01-16 17:59:14,Gググる,僕は太刀諦めました・・・
2022-01-16 17:59:15,貝カルシウム,こんなっま
2022-01-16 17:59:36,Nezha,カウンターするとれんきゲージをもらえるので。れんきゲージがないと火力が全くでない
2022-01-16 17:59:40,Gググる,２乙です（小声
2022-01-16 17:59:46,逆さま,なまほしちゃんは二乙まで遊ぶからな…
2022-01-16 17:59:49,TT gedo,研げ
2022-01-16 17:59:55,紅蝶伽,続きは署で聞く
2022-01-16 18:00:03,ぷらずまわい子,甲種
2022-01-16 18:00:09,シノ,納刀して相手の攻撃が来ないと思ったら左クリ攻撃当てて:red_heart:連記ゲージが自動回復する様になる:red_heart:
2022-01-16 18:00:12,Nezha,咆哮ももちろんカウンターできます
2022-01-16 18:00:13,逆さま,疲労
2022-01-16 18:00:15,†れおんちゃん†,カウンター・ゲージ管理がとにかく大事だ:red_heart:
2022-01-16 18:00:28,りょっけん,まず練気ゲージ上げないと弱いぜ
2022-01-16 18:00:51,ポリバケツ,先っぽだけ!先っぽだけ!
2022-01-16 18:01:27,Nezha,まぁ、そういう時もある
2022-01-16 18:01:35,逆さま,尻尾切って、役目でしょ
2022-01-16 18:02:00,貝カルシウム,しっぽきって　やくめでしょ
2022-01-16 18:02:05,シノ,翔虫使うカウンターはそんなに強くない:red_heart:
2022-01-16 18:02:06,Nezha,れんきゲージがないから攻撃出来てないんですけどね♡
2022-01-16 18:02:10,キチア,ゲージは白で1.05倍、黄色で1.1倍、赤で1.2倍って攻撃に補正入るよ:heart_suit:
2022-01-16 18:02:23,Nezha,今のはカウンター出来てないよ
2022-01-16 18:02:49,逆さま,全集中しろ
2022-01-16 18:02:57,シノ,鈍器じゃん
2022-01-16 18:03:14,みよッピ,あっぶね
2022-01-16 18:03:17,紅蝶伽,いつでもワンテンポ早いなまほしちゃん
2022-01-16 18:03:18,シノ,リタイアしちゃえ:red_heart:
2022-01-16 18:03:25,シノ,だめ:red_heart:
2022-01-16 18:03:33,リンクス,居合い忘れて基本動作完璧に覚えた方がよくね
2022-01-16 18:03:33,ないふ,できてない
2022-01-16 18:03:37,Nezha,カウンター成功すると斬撃が飛ぶ演出があるのでそれがないと出来てない
2022-01-16 18:03:41,Nezha,さっきのは出来てない
2022-01-16 18:03:44,†れおんちゃん†,ダメでーす:red_heart:
2022-01-16 18:03:45,キチア,カウンター入るとゲージ一個上がる
2022-01-16 18:03:54,たぬ,性格的に待つの苦手だったり？落ち着き大事
2022-01-16 18:04:02,Nezha,今のも出来てない
2022-01-16 18:04:06,Gググる,双剣楽しいよ:blue_heart:
2022-01-16 18:04:29,シノ,成功すると47+47+47！みたいになる
2022-01-16 18:04:54,Nezha,カウンター成功すると明らかに派手なモーションがあるから
2022-01-16 18:04:57,†れおんちゃん†,ガチャプは一切許されない太刀
2022-01-16 18:05:01,キチア,慣れない内は隙見つけて鬼神切りとかでもいいかも
2022-01-16 18:05:13,TT gedo,カウンター強いけど知識必要だな
2022-01-16 18:05:22,Nezha,居合できるようになると全部の攻撃それで対応できるから難しいよ
2022-01-16 18:05:23,貝カルシウム,；；
2022-01-16 18:05:24,紅蝶伽,緊急逮捕！！
2022-01-16 18:05:34,逆さま,お前も片手剣使いにならないか
2022-01-16 18:05:40,キチア,バレへんバレへん
2022-01-16 18:05:47,みよッピ,現行犯逮捕！
2022-01-16 18:05:51,紅蝶伽,片手はいいぞぉ
2022-01-16 18:05:53,TT gedo,:police_car:
2022-01-16 18:06:19,シノ,今出した翔虫の技が最強
2022-01-16 18:06:31,みよッピ,回復ー
2022-01-16 18:06:35,Nezha,負けちゃえ負けちゃえ♡
2022-01-16 18:06:45,シノ,受け身取って:red_heart:
2022-01-16 18:07:28,シノ,座学が必要では？
2022-01-16 18:07:52,Nezha,出来てないっすね
2022-01-16 18:08:01,たぬ,チュートリアルないの？
2022-01-16 18:08:09,逆さま,殴り勝ち
2022-01-16 18:08:10,貝カルシウム,ナイス～
2022-01-16 18:08:17,Gググる,マジで太刀は動画見た方が良い
2022-01-16 18:08:20,Nezha,一回訓練場に行ってやってみましょう
2022-01-16 18:08:22,リンクス,脳筋で勝ってて草
2022-01-16 18:08:23,ポート,すごく今更ですけどオプション設定から「ホイールボタン設定」ってやつの1と2を入れ替えた方がアイテム使いやすくなりますよ
2022-01-16 18:08:27,逆さま,柱への道は厳しい
2022-01-16 18:08:27,キチア,立ち回り的には良かったよ
2022-01-16 18:08:55,†れおんちゃん†,太刀は座学と動画みないと全然わからんと思う
2022-01-16 18:08:58,オーレリア・ウェルギウス,こんなまー！操虫棍が最強やぞ畜生陰キャチー牛御用達の太刀なんて使うな
2022-01-16 18:09:13,Nezha,パンッ！
2022-01-16 18:09:18,TT gedo,:goblin:
2022-01-16 18:09:18,ポート,コントローラーって項目です
2022-01-16 18:09:19,Nezha,判断が遅い！
2022-01-16 18:09:27,逆さま,柱みんな太刀持ってますが
2022-01-16 18:09:28,しづき,嘘柱胡蝶しのぶ？
2022-01-16 18:09:34,シノ,草
2022-01-16 18:09:40,TT gedo,やばｗ
2022-01-16 18:09:45,貝カルシウム,草
2022-01-16 18:10:03,たぬ,あっあっちゅう武器煽り
2022-01-16 18:10:05,Nezha,操虫棍とかマップの端っこではねてる武器がなんか言ってら
2022-01-16 18:10:08,たけぴょん,こんばんは。初見です。大剣しか勝たん。( ・`д・´)
2022-01-16 18:10:11,逆さま,お前も片手剣使いにならないか
2022-01-16 18:10:24,キチア,昔は太刀厨って言われてたよねw
2022-01-16 18:10:33,シノ,修練所イケ:red_heart:イッちゃえ:red_heart:
2022-01-16 18:10:34,紅蝶伽,片手最強
2022-01-16 18:10:37,TT gedo,射程ヨシ、火力ヨシ、立ち回りヨシ　だもんな。太刀
2022-01-16 18:10:37,Nezha,太刀が楽しすぎるんよ。
2022-01-16 18:10:38,オーレリア・ウェルギウス,太刀は一度使うとカウンターの快感がヘロインだから戻ってこれなくなるぞ　なまほしちゃんもカウンター極めようねぇ・・・
2022-01-16 18:10:42,逆さま,太刀、操虫棍、双剣は地雷武器の印象
2022-01-16 18:10:42,Gググる,いーや双剣だね
2022-01-16 18:10:45,rgmrnda,まあ陰キャ御用達だよな
2022-01-16 18:10:49,mario 51,ガンランスいいぞ:orange_heart:
2022-01-16 18:11:03,空太郎,奴隷か
2022-01-16 18:11:12,紅蝶伽,猫畜生にはなりたくない
2022-01-16 18:11:14,TT gedo,奴隷はいやだ
2022-01-16 18:11:15,逆さま,使い捨てのコマ
2022-01-16 18:11:16,納豆たべる,奴隷ｗ
2022-01-16 18:11:16,キチア,ニャ？
2022-01-16 18:11:23,Nezha,草
2022-01-16 18:11:25,しづき,ナイス奴隷
2022-01-16 18:11:26,貝カルシウム,ひよってるやついる！？
2022-01-16 18:11:32,cheruno,にゃーん
2022-01-16 18:11:35,TT gedo,見せしめなんだよなぁ
2022-01-16 18:11:41,逆さま,一生畜生としてこき使われるんやで
2022-01-16 18:11:45,オーレリア・ウェルギウス,なまほしちゃんのオトモ奴隷とか最高じゃんあざっす
2022-01-16 18:11:45,Nezha,ネコとして死ぬまで奴隷になります
2022-01-16 18:11:46,たぬ,反転するなよ
2022-01-16 18:11:52,ぱんだむ,筋肉がすべてを解決するからハンマーが最強だぞ
2022-01-16 18:11:55,ひなつき,太刀のカウンター感覚覚えると他武器のカウンターにも応用効くようになるよー
2022-01-16 18:12:01,にゃん 猫,新入社員
2022-01-16 18:12:14,しづき,一生調達クエスト行きのワイ
2022-01-16 18:12:23,貝カルシウム,ﾇｯﾁｬﾇｯﾁｬ
2022-01-16 18:12:24,じぜ,Riseやめて2ndGやるべ
2022-01-16 18:12:25,トマトトーン,皆はいいよなー笑 津波とか呟いていつも通りの一日を過ごすんだから。 …ったく、阻止する俺の身にもなれっつーの…。 ま、できるのは俺だけだし仕方ないか…（大剣を月夜に煌めかせ）さ〜てと、地球、救っちゃいますか（闇夜に消える
2022-01-16 18:12:39,Gググる,闘技大会、チャレンジクエストで武器使うのもよいですよ
2022-01-16 18:12:40,貝カルシウム,感情はない
2022-01-16 18:12:45,TT gedo,草
2022-01-16 18:12:47,Nezha,先輩ネコじゃん。ちーす
2022-01-16 18:12:53,紅蝶伽,1000年蟹工船奴隷
2022-01-16 18:12:57,逆さま,片手剣はシールドバッシュすれば大体なんとかなるから簡単やぞ
2022-01-16 18:13:09,たぬ,ちゃんとお給料払ってます？
2022-01-16 18:13:16,にゃん 猫,一生深層組のパシリ
2022-01-16 18:13:37,Nezha,なまほしちゃんのためにハチミツを運ぶ奴隷になれるなら本望よ
2022-01-16 18:13:43,たけぴょん,給料貰えるの？
2022-01-16 18:13:44,貝カルシウム,もう14日間家に帰れてません
2022-01-16 18:14:02,逆さま,労災おりますか？
2022-01-16 18:14:16,キチア,福利厚生充実してますか？
2022-01-16 18:14:21,貝カルシウム,たぶん自社内でしか使えない通貨だ　ペリカと一緒
2022-01-16 18:14:30,Nezha,今月のカムラポイントまだ振り込まれてないんですけど、どうなってるんですか？
2022-01-16 18:14:38,とりさし,お賃金大好きねこちゃんですニャ♡
2022-01-16 18:14:38,島なか,おちんぎん、、、その、、下品なんですが、、、フフ
2022-01-16 18:14:44,オーレリア・ウェルギウス,つまりゴリはリスナーより上の立場の可能性がある・・・？
2022-01-16 18:14:46,ポート,2はアクションスライダーにします
2022-01-16 18:14:52,シノ,修練所は？
2022-01-16 18:15:03,たぬ,試用期間はタダ働だよ
2022-01-16 18:15:05,貝カルシウム,つれぇ
2022-01-16 18:15:05,キチア,最初の月大変なやつだ
2022-01-16 18:15:11,Nezha,タダ働きってこと！？
2022-01-16 18:15:17,逆さま,3ヶ月は試用期間
2022-01-16 18:15:21,紅蝶伽,3か月に一回しか給料振り込まれないよ
2022-01-16 18:15:24,貝カルシウム,集会所になかったっけ？
2022-01-16 18:15:29,空太郎,さっきの広場の奥に船があってな
2022-01-16 18:15:32,しづき,やりがい搾取です
2022-01-16 18:15:33,Nezha,オトモ雇う場所から行けるよ
2022-01-16 18:15:36,シノ,オトモ広場の船みたいなとこだっけ
2022-01-16 18:15:39,†れおんちゃん†,修練所
2022-01-16 18:15:41,まんたけ,さっきのところから奥
2022-01-16 18:15:41,リンクス,アケノシルムメイルとハンターアーム作りなさい納刀術ついとるよ
2022-01-16 18:15:43,狐蛇狼(こたろう),さっきのところから船に乗る
2022-01-16 18:15:45,貝カルシウム,あるある
2022-01-16 18:15:48,キチア,修練所？？
2022-01-16 18:16:01,Nezha,さっきのオトモ雇う広場から行ける
2022-01-16 18:16:15,オーレリア・ウェルギウス,三ヶ月給料未払いとかﾀﾋる
2022-01-16 18:16:22,Nezha,コメ見てくれ
2022-01-16 18:16:23,空太郎,オトモ広場からやで
2022-01-16 18:16:31,紅蝶伽,オトモ広場から船
2022-01-16 18:16:35,シノ,オトモ広場
2022-01-16 18:16:38,まんたけ,オトモ広場から
2022-01-16 18:16:49,空太郎,右の小舟
2022-01-16 18:16:55,Nezha,違う。右奥
2022-01-16 18:16:59,ぱんだむ,太刀はとにかく赤ゲージをキープすることが重要
2022-01-16 18:17:01,まんたけ,みぎ
2022-01-16 18:17:04,狐蛇狼(こたろう),交易船の右の小舟
2022-01-16 18:17:32,キチア,草
2022-01-16 18:17:34,リンクス,納刀術スキルついた装備作るのオススメしとく
2022-01-16 18:17:37,シノ,全然違うから今作からでもOK
2022-01-16 18:17:39,逆さま,ヨツミワドウくんおっすおっす
2022-01-16 18:17:49,空太郎,設定でブレスはいたり攻撃させたりできるから色々試してみー
2022-01-16 18:17:53,Nezha,太刀は赤ゲージにしてゲージ消費して虫使うスキル使ってを繰り返す
2022-01-16 18:17:55,にゃん 猫,頑張って作ったムービーなんですよ
2022-01-16 18:18:03,シノ,入り口の猫からカエルが殴る設定に出来る
2022-01-16 18:18:10,Nezha,その巨ガマガエルが殴ってくれる
2022-01-16 18:18:10,キチア,かえるの手のとこに判定あるよ！
2022-01-16 18:18:13,紅蝶伽,猫が設定変えてくれるんだっけ？
2022-01-16 18:18:20,†れおんちゃん†,このカエルも入口の猫に話しかけて攻撃ありとか設定変えられるよ
2022-01-16 18:18:38,ひなつき,メニューからでも設定変えれるよ
2022-01-16 18:18:40,しづき,コントローラーぢゃないの？！ヮラ
2022-01-16 18:18:45,Nezha,ガマガエルの設定で殴ってもらえる
2022-01-16 18:18:45,まんたけ,メニューからいける
2022-01-16 18:18:49,キチア,ごめん、変えるんだった
2022-01-16 18:18:53,オーレリア・ウェルギウス,入り口の猫にカエルマシンが攻撃するかどうか設定してくれる
2022-01-16 18:19:09,Nezha,しこでいいよ
2022-01-16 18:19:20,†れおんちゃん†,カウンター練習するなら四股
2022-01-16 18:19:21,リンクス,サーチON
2022-01-16 18:19:29,オーレリア・ウェルギウス,四股踏みが近接　ブレスが遠距離
2022-01-16 18:19:29,たけぴょん,ロード早いと思ったらSteam版か。
2022-01-16 18:19:53,リンクス,納刀おそすぎてきついw
2022-01-16 18:20:09,ひなつき,突きからの特殊納刀が速いからおすすめ
2022-01-16 18:20:09,キチア,当たる直前かな
2022-01-16 18:20:15,Nezha,特殊納刀後に切ってるタイミングで攻撃に当たりたい
2022-01-16 18:20:27,オーレリア・ウェルギウス,震動判定にひっかかってる　もっと近くかな
2022-01-16 18:20:43,Nezha,今のは振る技が違う
2022-01-16 18:20:43,Gググる,やっぱり納刀術必須なんだな
2022-01-16 18:21:10,リンクス,装備つくりなよ
2022-01-16 18:21:18,シノ,早い
2022-01-16 18:21:40,Nezha,大回転みたいなモーションの技あったでしょ？
2022-01-16 18:21:50,リンクス,足が地面につくあたりに攻撃
2022-01-16 18:22:04,Nezha,大回転みたいなモーションの納刀技を使いたい
2022-01-16 18:22:06,Gググる,できる
2022-01-16 18:22:07,ひなつき,まあ実際納刀3は世界変わるレベル
2022-01-16 18:22:10,Nezha,ブレスもできるよ
2022-01-16 18:22:15,キチア,できる
2022-01-16 18:22:20,オーレリア・ウェルギウス,太刀の唯一の弱点は納刀術必須だからなぁ
2022-01-16 18:22:32,まんたけ,猫まで行かなくてもメニューから変えられる
2022-01-16 18:22:37,リンクス,サーチONにして
2022-01-16 18:22:47,Nezha,納刀でカウンターできない技は今ん所無い。多段技はカウンター下あとに当たったりするけど
2022-01-16 18:23:17,リンクス,メニューでサーチON
2022-01-16 18:23:19,シノ,ちょっと動画でも漁った方が早いかな
2022-01-16 18:23:21,キチア,特殊納刀からのがムズいなら見切り試すのもおすすめ
2022-01-16 18:23:42,Nezha,突き→特殊納刀→抜刀がモーション早いよ
2022-01-16 18:24:02,らす,見切り無敵時間長いしね
2022-01-16 18:24:05,ひなつき,見切りの方が簡単で無敵長い
2022-01-16 18:25:00,Nezha,見切り切りでれんきゲージ回収できたっけ？
2022-01-16 18:25:11,ひなつき,ゲージ1ミリでも無いと無敵付かないので注意:double_exclamation_mark:
2022-01-16 18:25:20,キチア,攻撃貰うタイミングで入力する感じやな
2022-01-16 18:25:37,Nezha,蒼いタイミングが無敵で会ってる
2022-01-16 18:25:39,オーレリア・ウェルギウス,そうそう
2022-01-16 18:25:53,Gググる,闘技大会でお試しするのもよい
2022-01-16 18:26:12,そ,考えるな感じろ！
2022-01-16 18:26:35,リンクス,納刀術ついた装備つくろう
2022-01-16 18:28:05,とりさし,横にやってみたら？
2022-01-16 18:28:17,ひなつき,見切りも下がる方向変えれるよ
2022-01-16 18:28:20,キチア,今の決まってた
2022-01-16 18:28:22,†れおんちゃん†,もっとぎりぎりで言い
2022-01-16 18:28:32,レッド,１回突き入れると時間調整できますよ。
2022-01-16 18:28:38,ふるべび,早すぎたときはコンボ追加して調整したりする
2022-01-16 18:28:44,オーレリア・ウェルギウス,それそれ
2022-01-16 18:28:45,TT gedo,横見切りもあるのか
2022-01-16 18:28:51,キチア,今のできてる
2022-01-16 18:28:53,ひなつき,それそれ
2022-01-16 18:29:01,そ,うまいやん
2022-01-16 18:29:02,レッド,お上手:clapping_hands:
2022-01-16 18:29:03,TT gedo,いけたね
2022-01-16 18:29:08,たぬ,見切り横に避けれないの？
2022-01-16 18:29:14,リンクス,いいね！
2022-01-16 18:29:16,ひなつき,そこから鬼神斬り合いに派生
2022-01-16 18:29:22,オーレリア・ウェルギウス,掴めたか！
2022-01-16 18:29:27,れんこん職人,太刀はコンボ決めてかないと火力でないんじゃない？
2022-01-16 18:29:38,ふるべび,見切り成功後に気刃斬りボタンで大回転斬りが出てゲージが１段階上がります
2022-01-16 18:29:42,johndoo,できるようになってきたね
2022-01-16 18:29:54,キチア,それから鬼神切りを入力するとゲージ回収できる技が出る
2022-01-16 18:30:08,Nezha,見切り切りするならその後鬼人大回転してゲージ回収したいね
2022-01-16 18:30:11,レッド,突きも、突き→突き上げ→突き→突き上げ、みたいな感じにするといくらでもタイミング調整できます。
2022-01-16 18:30:30,ぱんだむ,避け技だと思えばタイミング取れるんじゃね？
2022-01-16 18:30:40,Nezha,今やってる方じゃないほうの居合切りをしてほしい
2022-01-16 18:31:01,リンクス,タイミングが早すぎる
2022-01-16 18:31:05,Nezha,グルって回りながら刀振り回す方の居合切り。
2022-01-16 18:31:11,Nezha,そっちそっち
2022-01-16 18:31:17,リンクス,まだ早い
2022-01-16 18:31:20,レッド,それが太刀最強のカウンター技です
2022-01-16 18:31:22,dexydozaemon,こんばんは、見切りはまず1発でも攻撃を「先に」当てる習慣つけんとゲージ０でやって被弾する
2022-01-16 18:31:38,ひなつき,ちょっと速いね
2022-01-16 18:31:38,Nezha,今の惜しいね
2022-01-16 18:31:53,たぬ,かっこいい
2022-01-16 18:31:56,キチア,できてる！
2022-01-16 18:32:00,johndoo,きた
2022-01-16 18:32:06,Nezha,ないすぅ
2022-01-16 18:32:06,リンクス,できた！
2022-01-16 18:32:08,キチア,ないす！
2022-01-16 18:32:12,狐蛇狼(こたろう),できてる！
2022-01-16 18:32:15,とりさし,タチほしちゃん爆誕
2022-01-16 18:32:16,シノ,やったー！
2022-01-16 18:32:17,そ,ぅめえなあ
2022-01-16 18:32:23,Nezha,それを実践で決めれるようになりたいね
2022-01-16 18:32:23,れんこん職人,りかい
2022-01-16 18:32:24,キチア,覚醒したな
2022-01-16 18:32:26,スナ音,カッコイイ
2022-01-16 18:32:40,Nezha,2秒くらいしか待てないね
2022-01-16 18:33:05,キチア,そうそう、逃げ技としても使える
2022-01-16 18:33:24,シノ,これが納刀術必須と言われる所以
2022-01-16 18:33:27,ないふ,納刀は突きからするのが最速
2022-01-16 18:33:34,Nezha,ミスってるのは大体早い
2022-01-16 18:33:45,貝カルシウム,いいね
2022-01-16 18:33:46,リンクス,納刀ないとやっぱしんどいね
2022-01-16 18:33:58,ひなつき,次は兜割りを覚えよう！
2022-01-16 18:34:17,Nezha,回避せずに全部それでカウンターするから抜刀大剣より納刀するんよな
2022-01-16 18:34:22,シノ,そして太刀を持った者が他武器に帰ってこれなくなる脳汁カウンター
2022-01-16 18:34:56,ないふ,見切りも方向変えれるよ:heart_suit:
2022-01-16 18:34:58,johndoo,残りわずか
2022-01-16 18:35:20,Nezha,この居合でゲージ回収して兜割って言う虫使う技でゲージ消費して大ダメージ与えるのが太刀の使い方
2022-01-16 18:35:29,リンクス,砥石
2022-01-16 18:35:34,ひなつき,見切りは前に下がることが出来るよ
2022-01-16 18:35:38,シノ,方向キー入れれば右左後ろを選べる
2022-01-16 18:36:04,キチア,上手よ
2022-01-16 18:36:07,ぱんだむ,見切りは下がることで攻撃を躱してるんやぞ
2022-01-16 18:36:40,シノ,見切り切りからちょっと強い鬼神切り出来る
2022-01-16 18:36:41,ないふ,見切りは居合より早く出せるから居合間に合わない時に使う
2022-01-16 18:37:15,ひなつき,むしろ見切りは慣れたら攻撃にわざと当たりに行くようになる
2022-01-16 18:37:36,ぶんる,ばんちゃ！初見です！
2022-01-16 18:37:51,レッド,R2回かな
2022-01-16 18:37:53,キチア,身体からオーラみたいなのがでる回転しながら切るやつ
2022-01-16 18:38:18,キチア,それや！
2022-01-16 18:38:22,ひなつき,それそれ
2022-01-16 18:38:24,ぶんる,ハンマーしか使ったことないなぁ
2022-01-16 18:38:24,レッド,あれ？ZRだっけ？
2022-01-16 18:38:26,たぬ,右下の剣のゲージなんなの？
2022-01-16 18:38:37,ひなつき,それを連打
2022-01-16 18:38:41,ぶんる,砥石！
2022-01-16 18:38:48,dexydozaemon,見切り成功後、ZRでゲージ回収するまでが基本
2022-01-16 18:38:53,キチア,見切り決まった後それ繰り出すのよ
2022-01-16 18:39:03,オーレリア・ウェルギウス,切れ味そろそろ回復した方が
2022-01-16 18:39:25,キチア,最初は皆そうよ
2022-01-16 18:39:29,シノ,太刀、成功しないと繋がらない技多い
2022-01-16 18:40:04,キチア,俺も知らなかったw
2022-01-16 18:40:09,ルクス風花,知らなかった
2022-01-16 18:40:10,括弧E魚弱,知らなかった( °o°)
2022-01-16 18:40:50,オーレリア・ウェルギウス,切れ味史上主義がモンハンなのよ　特に黄色以下に人権はない
2022-01-16 18:41:05,レッド,違いますねー
2022-01-16 18:41:08,キチア,2回出たやつを見切り直後だね
2022-01-16 18:41:15,シノ,もう適当な動画見た方が早いんじゃ
2022-01-16 18:41:27,ふるべび,突き出しちゃうね
2022-01-16 18:41:37,ふるべび,おお
2022-01-16 18:41:40,キチア,それや！！！！
2022-01-16 18:41:40,ぶんる,とりあえず、ゲージ貯まったらR連打してみたら？
2022-01-16 18:41:41,レッド,それだー！
2022-01-16 18:41:43,そ,それそれ
2022-01-16 18:41:47,シノ,いえーい
2022-01-16 18:42:02,asa,いつから初心者武器じゃなくなったのか
2022-01-16 18:42:09,レッド,それできるとゲージ色1個上がります。色が上がると攻撃力上がります。結論、強い（強い）
2022-01-16 18:42:11,そ,大剣のほうがムズイとおもう
2022-01-16 18:42:28,れんこん職人,朗報：出せる
2022-01-16 18:42:33,シノ,ゲームが溜まったら虫技の兜割！太刀の最強技
2022-01-16 18:42:36,ぶんる,ハンターノートに武器操作指南あるよー
2022-01-16 18:42:44,Nezha,朗報、出せます！は草
2022-01-16 18:42:46,オーレリア・ウェルギウス,いいねいいね
2022-01-16 18:42:52,rice oriental,慣れると超強いけど慣れないと火力出ないのがねぇ
2022-01-16 18:43:02,キチア,ないす
2022-01-16 18:43:09,シノ,それそれ
2022-01-16 18:43:24,黒子,ライズの訓練場いいな
2022-01-16 18:43:26,すやすやぴー,出せます٩( 'ω' )و 
2022-01-16 18:43:44,シノ,操作方法見てもろて:red_heart:
2022-01-16 18:43:58,Nezha,落下突きの時に別のボタンを押すとゲージ消費技になってそれがメイン火力になるから覚えてほしい
2022-01-16 18:44:05,キチア,落下突きのタイミングでr2入れると最強技出るよ
2022-01-16 18:44:51,キチア,鬼神大回転はぐるぐる振り回すやつの派生コンボだね
2022-01-16 18:44:53,voluptate,太刀使った事ないって珍しいね。
2022-01-16 18:45:06,シノ,それそれ！
2022-01-16 18:45:15,dexydozaemon,通常攻撃はXでなくAで練習した方がいい。出が早いから
2022-01-16 18:45:15,Nezha,それがメイン火力です。めっちゃ強い
2022-01-16 18:45:19,すやすやぴー,割れます٩( 'ω' )و 
2022-01-16 18:45:20,rice oriental,初太刀なら上出来よ
2022-01-16 18:45:43,琥珀,特殊納刀使えたら完璧よ
2022-01-16 18:45:48,シノ,それは気刃ゲージを一本分使って出すとめっっちゃ強い。
2022-01-16 18:46:00,キチア,兜割りはゲージ一個消費する
2022-01-16 18:46:06,Nezha,落下突きは正直やる必要ないと思ってる
2022-01-16 18:46:09,voluptate,下がってる間、ずっと無敵判定よ
2022-01-16 18:46:13,シノ,見切りうま
2022-01-16 18:46:15,キチア,うまい
2022-01-16 18:46:32,シノ,赤ゲージになったら兜割して:red_heart:
2022-01-16 18:46:35,すやすやぴー,フラグ…
2022-01-16 18:46:38,†れおんちゃん†,実践の時間だ
2022-01-16 18:46:44,オーレリア・ウェルギウス,君太刀上手いねぇ！
2022-01-16 18:46:55,レッド,あとは実地訓練ということで
2022-01-16 18:46:55,Nezha,赤ゲージにして兜割。が太刀の動きです。実践でも頑張ってほしい
2022-01-16 18:47:03,†れおんちゃん†,兜割りのDPSぶっ壊れてるもんな
2022-01-16 18:47:07,シノ,大体分かったらあとは実践かな？
2022-01-16 18:47:21,キチア,そこら辺は覚えゲーだねw
2022-01-16 18:47:38,†れおんちゃん†,ベリオ
2022-01-16 18:47:47,レッド,納刀術あると世界が変わりますよ
2022-01-16 18:47:56,voluptate,あと特殊納刀の抜刀斬りにもカウンター判定あるからぜひ使いこなして。
2022-01-16 18:47:59,シノ,見切りやら特殊納刀やらで赤ゲージ→兜割が最強だから頑張って:red_heart:
2022-01-16 18:48:11,Nezha,上級者の人は無くても運用できるみたいなんだけど。ワイら凡人にはつけないとミスが多くなっちゃうのよ
2022-01-16 18:48:15,キチア,上位で作っても良いと思う
2022-01-16 18:48:16,ひなつき,カウンターで赤ゲージまで持っていき兜割りのループが太刀の全て
2022-01-16 18:48:53,シノ,抜刀斬りもゲージ一本貰える:red_heart:
2022-01-16 18:48:56,八意ゆきの,上手い人は全部カウンター当てるよね
2022-01-16 18:48:57,voluptate,太刀は見切れば最強！
2022-01-16 18:48:59,Nezha,あれは多段攻撃を受け切れるから。あれはあれで強い
2022-01-16 18:49:03,ふるべび,居合スピリットスラッシュ一切使わずに見切り斬りと兜割りだけでも運用可
2022-01-16 18:49:03,紅蝶伽,ガードってダッセーよな！
2022-01-16 18:49:05,レッド,ガードなどいらぬ！
2022-01-16 18:49:17,れんこん職人,太刀最強説
2022-01-16 18:49:37,ひなつき,ランスのジャスガはあれはあれで気持ちいい
2022-01-16 18:49:45,mario 51,:pouting_face::pouting_face::pouting_face::pouting_face:
2022-01-16 18:49:49,そ,ガンランスは最強だ
2022-01-16 18:49:49,voluptate,太刀最強！太刀最強！
2022-01-16 18:49:59,オーレリア・ウェルギウス,がんばれー！
2022-01-16 18:50:00,Nezha,太刀は最強だけどガンランスとかめっちゃ固くて高難度やるときは浮気しちゃうわ
2022-01-16 18:50:00,紅蝶伽,片手の盾は鈍器なのでセーフです
2022-01-16 18:50:03,キチア,ジンオウガよ
2022-01-16 18:50:05,黒子,ランスに曳かれるぞ
2022-01-16 18:50:30,オーレリア・ウェルギウス,実際太刀よりもガンランスが最強だったりする
2022-01-16 18:50:31,Nezha,早く特殊納刀して♡
2022-01-16 18:50:33,シノ,草
2022-01-16 18:50:38,voluptate,即落ち三コマw
2022-01-16 18:50:52,紅蝶伽,またしても働かないとめーにゃ
2022-01-16 18:51:32,キチア,今みたいに瞬間的なのは見切りのが良いかも♡
2022-01-16 18:51:40,オーレリア・ウェルギウス,ジンオウガくんは今の倒れ込みとか絶好の見切りチャンス
2022-01-16 18:51:58,voluptate,見切れば最強、見切れれば…
2022-01-16 18:52:08,シノ,きた！！
2022-01-16 18:52:11,Nezha,次位で爆発するね
2022-01-16 18:52:11,オーレリア・ウェルギウス,そうそう！
2022-01-16 18:52:13,mario 51,オジョーズ:orange_heart:
2022-01-16 18:52:14,キチア,うまい
2022-01-16 18:52:16,レッド,お！！
2022-01-16 18:52:28,レッド,カウンターないすぅ
2022-01-16 18:52:33,dexydozaemon,ゲージの色を上昇させるのは3つしかない、①大回転切り②見切り後の大回転③居合抜刀気刃切り
2022-01-16 18:52:37,シノ,受け身警察だ:red_heart:
2022-01-16 18:52:57,キチア,サンキューとめーにゃ
2022-01-16 18:53:06,mario 51,砥石して:orange_heart:
2022-01-16 18:53:13,シノ,そうだよ
2022-01-16 18:53:20,キチア,鬼神バッサバッサでも大丈夫よ！
2022-01-16 18:53:25,Nezha,居合ができない人間は太刀握るな
2022-01-16 18:53:43,レッド,居合や見切り使えないなら棒切れ持ってた方がましレベル
2022-01-16 18:54:12,オーレリア・ウェルギウス,あっ
2022-01-16 18:54:13,johndoo,死ぬ
2022-01-16 18:54:19,ふるべび,あバーッ！
2022-01-16 18:54:34,Nezha,攻撃が当たってなかったので居合出来てませんね♡
2022-01-16 18:54:46,ひなつき,カウンター武器はモンスターのモーション覚えるまで中々難しいよね
2022-01-16 18:54:48,シノ,だめ:red_heart:
2022-01-16 18:54:58,voluptate,後ろに下がるカウンターの方が簡単だよ
2022-01-16 18:55:25,レッド,お？太刀厨とケンカ？？
2022-01-16 18:55:28,rice oriental,笛優しくなったよねw
2022-01-16 18:55:32,オーレリア・ウェルギウス,居合失敗しちゃうざぁこざぁこ:heart_suit:まだまだ34点:club_suit:
2022-01-16 18:55:34,Gググる,初心者は大剣がいいと思われ
2022-01-16 18:55:40,Nezha,居合道は強い代わりにクッソむずいんですね。太刀最強！太刀最強！
2022-01-16 18:56:02,キチア,カウンター以外だとぐるぐる振り回すr2を最後まで繋げばゲージ上げれるよ♡
2022-01-16 18:56:15,voluptate,これ以上、カウンターが欲しいんですか？！これだから太刀は…
2022-01-16 18:56:20,Nezha,あんな無敵時間長い技で居合えたら強すぎるでしょ
2022-01-16 18:56:29,ふるべび,太刀を今まで使ったこと無い逆張りオタクは公式も想定してないから
2022-01-16 18:56:31,レッド,攻撃は当たってるけどカウンター成功のタイミングでは無かったですね
2022-01-16 18:56:42,Yuki,太刀最強（ただし熟練者に限る）
2022-01-16 18:57:10,Gググる,かっこいい構えですね＾＾
2022-01-16 18:58:01,シノ,草
2022-01-16 18:58:21,キチア,怪獣バトル！
2022-01-16 18:58:29,johndoo,草
2022-01-16 18:58:30,シノ,やっぱり納刀術手に入れてからの方がいいんじゃ？？
2022-01-16 18:59:01,Nezha,良くやらかすやーつ
2022-01-16 18:59:14,亀,がぉおぉー
2022-01-16 18:59:29,Nezha,今の合わせれたの強いねぇ
2022-01-16 18:59:37,ひなつき,上手い
2022-01-16 18:59:37,オーレリア・ウェルギウス,転んだ時はZRのぐるぐるする奴でゲージ上げるのがいいぞ
2022-01-16 18:59:49,voluptate,天才
2022-01-16 18:59:50,レッド,咆哮も見切りできますよ
2022-01-16 19:00:38,キチア,せやで
2022-01-16 19:00:39,Nezha,村クエに何を求めているのか
2022-01-16 19:00:43,ひなつき,蟲のカウンターはゲージ使っちゃうから最初はあんまり使わない方が良い
2022-01-16 19:00:43,mario 51,当たらなきゃいいのよ:orange_heart:
2022-01-16 19:01:07,Nezha,太刀はミラのブレス以外全方位対応だぞ
2022-01-16 19:01:36,とりさし,:police_car:
2022-01-16 19:01:49,レッド,タイミングが合ってない判定でござる
2022-01-16 19:02:01,シノ,カウンター出来ない時は左クリか回避やして:red_heart:
2022-01-16 19:03:55,ふるべび,特殊納刀からの△は当てると練気ゲージの自動上昇状態になる
2022-01-16 19:04:00,シノ,受け身取って:red_heart:
2022-01-16 19:04:21,Nezha,今のはタイミングがずれております
2022-01-16 19:05:26,シノ,虫のカウンターは弱い:red_heart:
2022-01-16 19:05:29,Nezha,納刀術合っても今のは間に合わんで♡
2022-01-16 19:05:34,mario 51,納刀術あっても………
2022-01-16 19:05:38,voluptate,かっこいいたるー
2022-01-16 19:05:41,キチア,魅せプだ
2022-01-16 19:05:49,貝カルシウム,かっこいい
2022-01-16 19:05:49,ふるべび,かっこいい締め
2022-01-16 19:05:49,HageShine,尻尾切れゆうた！
2022-01-16 19:05:54,レッド,最初にしては頑張ったと思います:clapping_hands:
2022-01-16 19:05:56,ひなつき,太刀使いの誕生や！
2022-01-16 19:06:10,HageShine,しっぽ切って役目でしょ
2022-01-16 19:06:16,レッド,ないです
2022-01-16 19:06:30,キチア,慣れだから大丈夫w
2022-01-16 19:06:31,You can,個人的に太刀って難しいと思うんだよ
2022-01-16 19:06:35,レッド,赤ゲージできないなら太刀握る資格なし！
2022-01-16 19:06:37,Nezha,赤ゲージにして兜割できない太刀使いに生きる価値無いよ♡
2022-01-16 19:06:44,HageShine,ゆうたしっぽ切って
2022-01-16 19:06:46,紅蝶伽,地雷太刀ぽんの誕生
2022-01-16 19:07:07,貝カルシウム,ようこそ…『太刀の世界』へ…
2022-01-16 19:07:09,れんこん職人,伸びしろしかない
2022-01-16 19:07:12,ひなつき,最初からジンオウガ倒せるのは十分上手いよ
2022-01-16 19:07:12,シノ,実際そう
2022-01-16 19:07:25,紅蝶伽,ガチの地雷太刀で草
2022-01-16 19:07:28,Nezha,それは害悪太刀使いなんよ。真似しちゃいけません
2022-01-16 19:07:34,stereoman3,正解なんだよなぁ
2022-01-16 19:07:38,キチア,尻尾は大剣とかに任せりゃいい
2022-01-16 19:07:48,シノ,成功してたのもあったし、充分頑張ってる
2022-01-16 19:07:54,voluptate,四人だとタゲ分散するからカウンターしにくい。ソロこそ至高よ。
2022-01-16 19:08:04,Nezha,ちゃんと通話するので、要らないっすね
2022-01-16 19:08:05,ナリ,ﾄﾓﾀﾞﾁ…ﾄﾞｺ
2022-01-16 19:08:07,レッド,太刀強いってイメージだけで使いこなせないけど太刀使ってる人間の多いこと多いこと
2022-01-16 19:08:11,HageShine,ゆうたハチミツくれ
2022-01-16 19:08:12,キチア,今はスーパーアーマー付けない方が悪い言われとるな
2022-01-16 19:08:14,貝カルシウム,；；
2022-01-16 19:08:22,ひなつき,太刀はソロにて最強
2022-01-16 19:08:35,キチア,その分敵の体力少なくなってる
2022-01-16 19:08:36,貝カルシウム,体力低く設定してあるからそんな大変じゃないよ
2022-01-16 19:08:46,とりさし,あ、あんじゃって！？
2022-01-16 19:08:58,HageShine,ハチミツください
2022-01-16 19:09:02,シノ,草
2022-01-16 19:09:14,Nezha,薬草はちゃんと集めろとあれほど
2022-01-16 19:09:40,ふるべび,おならみたいな火吐くやつ
2022-01-16 19:09:43,キチア,えらい
2022-01-16 19:09:46,ひなつき,火を噴く恐竜みたいなやつ
2022-01-16 19:09:53,HageShine,ハチミツください
2022-01-16 19:10:03,voluptate,初回限定ムービーをとばすと？！
2022-01-16 19:10:12,[祈祷師]Rasputin,結合せよ反発せよ
2022-01-16 19:10:12,Nezha,黒棺を詠唱無しで・・・隊長クラスか！？
2022-01-16 19:10:17,貝カルシウム,黒棺を詠唱破棄！？　
2022-01-16 19:10:26,紅蝶伽,90番台の破道を詠唱破棄だと！？
2022-01-16 19:10:46,Nezha,愛染隊長は詠唱しないよ
2022-01-16 19:10:52,CKハーマン,詠唱破棄するなんてもったいない！
2022-01-16 19:10:52,ひなつき,オサレ詠唱
2022-01-16 19:10:55,とりさし,俺はフルで詠唱しないと無理だなぁ…
2022-01-16 19:11:05,キチア,ジャナフの部屋
2022-01-16 19:11:14,びーふにーたー,愛染さんがワンコ隊長に使った時は詠唱破棄してた
2022-01-16 19:11:52,紅蝶伽,デッカ:two_hearts:
2022-01-16 19:11:53,貝カルシウム,身も蓋も無ェ！
2022-01-16 19:11:59,CKハーマン,ハガレンの手合わせ錬成みたいなもんかな
2022-01-16 19:12:09,とりさし,はぇ～Youtubeって使ったこと無いけど便利なんだなぁ…
2022-01-16 19:12:17,HageShine,ゆうたしっぽ切って役目でしょ
2022-01-16 19:12:20,voluptate,そやで。自分は待てしてる。
2022-01-16 19:12:25,れんこん職人,ストイックすぎる
2022-01-16 19:12:29,びーふにーたー,おおー
2022-01-16 19:12:37,Nezha,太刀使いはプロボッチもしくは案山子のようなタゲ性能を持ってないと
2022-01-16 19:12:47,シノ,抜刀斬り成功したらまた納刀して:red_heart:
2022-01-16 19:13:13,HageShine,しっぽ切って役目でしょ
2022-01-16 19:13:27,キチア,そうね
2022-01-16 19:13:34,Nezha,カウンター成功したらもう一回特殊納刀できるよ
2022-01-16 19:14:16,voluptate,後ろに下がるカウンターはほぼ全ての攻撃をキャンセルして出せるから、メインはこっちや。
2022-01-16 19:14:37,ナリ,草
2022-01-16 19:14:44,シノ,草
2022-01-16 19:14:47,HageShine,しっぽ切って役目でしょ
2022-01-16 19:14:52,びーふにーたー,草
2022-01-16 19:14:55,雨宮ナッツ-モンドベル,草
2022-01-16 19:14:57,ナリ,刀は鈍器じゃねぇぞw
2022-01-16 19:15:02,Nezha,ソロならまぁ火力出るし
2022-01-16 19:15:06,れんこん職人,くせになってんだよな
2022-01-16 19:15:15,キチア,19:15
2022-01-16 19:15:16,れんこん職人,19：15
2022-01-16 19:15:16,Nezha,19：15でし
2022-01-16 19:15:17,貝カルシウム,19*15
2022-01-16 19:16:35,Nezha,なまほしちゃんのれんきゲージが赤くなる時は来るのだろうか
2022-01-16 19:17:16,とりさし,なまほしちゃんの心のように真っ白なゲージ
2022-01-16 19:17:35,シノ,ナイス！
2022-01-16 19:17:38,キチア,うまい
2022-01-16 19:17:39,語りデブ,役目でしょ
2022-01-16 19:17:40,ふるべび,相手がダウンしたときは普通に気刃斬り最後までやってゲージあげるといいぞ:red_heart:
2022-01-16 19:19:29,Nezha,剥ぎ取りした？
2022-01-16 19:19:30,CKハーマン,尻尾切って、えらいでしょ
2022-01-16 19:19:41,キチア,そうね
2022-01-16 19:19:43,びーふにーたー,尻尾剥ぎ取りしないの？
2022-01-16 19:19:45,語りデブ,ぴえん
2022-01-16 19:19:49,Nezha,最後まで行けるなら振った方が良いね
2022-01-16 19:19:53,にゃん 猫,しっぽかえして
2022-01-16 19:20:12,山本 重國 ,それをやらんと本来の火力が出ないと思った方がいいくらい大事
2022-01-16 19:20:17,シノ,カウンター出来ない時に抜刀斬りしちゃだめ:red_heart:
2022-01-16 19:20:17,Nezha,倒しちゃってはぎ取れないに一票
2022-01-16 19:20:19,びーふにーたー,:clapping_hands::clapping_hands::clapping_hands::clapping_hands:
2022-01-16 19:20:20,foxですよ,こんなま～
2022-01-16 19:20:27,ナリ,ないすー
2022-01-16 19:20:31,CKハーマン,ないすう
2022-01-16 19:20:33,貝カルシウム,ナイス～
2022-01-16 19:20:43,キチア,ないす
2022-01-16 19:20:46,にゃん 猫,命に～感謝！
2022-01-16 19:20:58,れんこん職人,:ambulance:
2022-01-16 19:21:02,Nezha,なまほしちゃん家、治安悪くね？
2022-01-16 19:21:12,シノ,しゅぽしゅぽしゅっぽっぽ
2022-01-16 19:21:13,にゃん 猫,完璧プレイだぁ...
2022-01-16 19:21:29,HageShine,しっぽ切って役目でしょ
2022-01-16 19:21:38,Nezha,逆鱗ぶんどってるｗ
2022-01-16 19:21:38,山本 重國 ,光ってる
2022-01-16 19:21:49,紅蝶伽,草
2022-01-16 19:21:49,ひなつき,逆鱗ぶんどる有能猫
2022-01-16 19:21:52,ナリ,草
2022-01-16 19:21:58,名無し,草
2022-01-16 19:21:59,キチア,とめーにゃが喋った
2022-01-16 19:22:06,とりさし,おろ？
2022-01-16 19:22:09,Nezha,オロロジャイヤ？
2022-01-16 19:22:16,38号,おっ、やってる
2022-01-16 19:22:39,ひなつき,モンハンライズ最糞モンス
2022-01-16 19:22:58,名無し,オロミドロはとめーらにトドメさしたやつやな
2022-01-16 19:23:05,にゃん 猫,団子のうた歌ってくれないんですか？
2022-01-16 19:23:13,Nezha,防具作り始めたら一気にお金無くなるね
2022-01-16 19:23:36,貝カルシウム,いいよ
2022-01-16 19:23:37,山本 重國 ,こいつを倒せっ言われてるところで放置してるわ、そろそろ挑むかねぇ。
2022-01-16 19:23:41,キチア,そういやそうだったな
2022-01-16 19:23:44,Nezha,完全詠唱したほうが火力出るよ
2022-01-16 19:23:57,ナリ,…貴様程度、詠唱破棄で充分だ
2022-01-16 19:23:59,foxですよ,うまｗ
2022-01-16 19:24:14,とりさし,なんで暗唱できるんだよ
2022-01-16 19:24:17,にゃん 猫,草
2022-01-16 19:24:26,貝カルシウム,諳んじれるのやばたん
2022-01-16 19:24:27,山本 重國 ,うーんきちゃない敵だ
2022-01-16 19:24:28,Vicious Noza,太刀厨元気でチュ？
2022-01-16 19:24:45,U.N.Owen.Jpn.,黒執事なつかしい
2022-01-16 19:24:49,キチア,草
2022-01-16 19:24:51,Nezha,字幕と違うから気付くよ
2022-01-16 19:24:55,foxですよ,わからない
2022-01-16 19:24:58,ナリ,正直　細かい違いは分からんw
2022-01-16 19:25:11,ひなつき,琵琶法師ボイスで流れたら絶対笑う
2022-01-16 19:25:30,キチア,実質ティガ亜種
2022-01-16 19:25:54,たぬ,尻尾の吸い付き凄そう
2022-01-16 19:26:01,HageShine,しっぽ切って役目でしょ
2022-01-16 19:26:23,キチア,前脚が硬いしそこに吸われるんよな
2022-01-16 19:27:15,推し事タイムズ,サッカーされてて草
2022-01-16 19:27:19,キチア,いいね
2022-01-16 19:27:29,ひなつき,ぴえん斬
2022-01-16 19:27:53,にゃん 猫,プレイしてるとき口あけてるの好き
2022-01-16 19:28:51,キチア,社会の荒波、文字通り泥沼
2022-01-16 19:28:55,推し事タイムズ,ストレス社会
2022-01-16 19:29:52,シノ,惜しい
2022-01-16 19:30:27,にゃん 猫,とめーにゃが荒波に
2022-01-16 19:31:19,シノ,倒れてる相手は通常の気刃斬りして:red_heart:
2022-01-16 19:31:52,HageShine,しっぽ切って役目でしょ
2022-01-16 19:31:53,とりさし,モンハンライズってヘイトあるんだっけ？
2022-01-16 19:31:55,たぬ,敵と認識されてない
2022-01-16 19:32:16,空太郎,草
2022-01-16 19:32:35,オニオン太郎,太刀しまった後敵が殴ってこないようなら下手に回転切りしない方がいいと思う。普通に攻撃して当てるとじわじわとゲージが回復するようになるし。
2022-01-16 19:32:37,たぬ,とめるちゃんに夢中やな
2022-01-16 19:32:41,Nezha,犬と猫より火力出して。役目でしょ
2022-01-16 19:32:43,れんこん職人,ヘイト管理が
2022-01-16 19:33:00,foxですよ,厳しいｗ
2022-01-16 19:33:20,ひなつき,それそれ
2022-01-16 19:33:20,シノ,それか回避
2022-01-16 19:33:26,オニオン太郎,それで当てるとゲージが青くなって微妙に回復するようになる
2022-01-16 19:33:28,オニオン太郎,おｋです
2022-01-16 19:33:29,ネギマネギ,スゥ、カチャン！
2022-01-16 19:33:30,キチア,それで合ってる
2022-01-16 19:33:34,Nezha,離れていくなら特殊納刀で回避するとそのまま納刀できるよ
2022-01-16 19:33:54,foxですよ,やさしさ:yellow_heart:
2022-01-16 19:34:16,マーベラスピントグラス,がーんば:red_heart:
2022-01-16 19:34:20,Nezha,なまほしちゃんも語尾に♡つけて？
2022-01-16 19:34:34,ぷらずまわい子,ときど倒せ♡
2022-01-16 19:34:39,キル,なまにゃん
2022-01-16 19:34:42,にゃん 猫,しっぽ泥棒だ！
2022-01-16 19:35:19,foxですよ,いいのくらってるねー
2022-01-16 19:35:28,キル,なまほしにゃんにゃん
2022-01-16 19:35:34,シノ,受け身取って:red_heart:
2022-01-16 19:35:41,HageShine,しっぽ切って役目でしょ
2022-01-16 19:35:49,オニオン太郎,ぶっちゃけ慣れないうちはカウンター狙うより回避で良いと思う。今作の回避めっちゃ判定強いし
2022-01-16 19:35:55,ひなつき,腕弾かれるのが剣士には辛い
2022-01-16 19:36:11,cheruno,社会の綾波？
2022-01-16 19:36:20,オニオン太郎,（あと納刀術スキルが無いうちは正直自分もできない）
2022-01-16 19:36:23,たぬ,社会の荒波から逃げるの得意でしょ
2022-01-16 19:36:43,キチア,それは俺も
2022-01-16 19:36:46,ぷらずまわい子,そういうゲームじゃねえからこれ♡
2022-01-16 19:36:46,おじさんの みな,そんなのオレが知りてえよ
2022-01-16 19:36:48,voluptate,荒波は虫つかってとびこえる
2022-01-16 19:36:53,山下クロヲ,社会の荒波不可避
2022-01-16 19:36:59,とりさし,なまほしちゃんは立ち向かってたから…
2022-01-16 19:37:07,ひなつき,翔蟲で上に飛ぶと避けれるよ
2022-01-16 19:37:13,オニオン太郎,社会の荒波と言う名のう●こは離れたり緊急回避で良いと思う
2022-01-16 19:37:23,Nezha,バッターんで避けるか居合するか
2022-01-16 19:37:30,オニオン太郎,荒波は相手にしない方がメンタルに良い……
2022-01-16 19:37:38,ひなつき,一応カウンターも取れるよ
2022-01-16 19:37:42,キチア,うまい
2022-01-16 19:38:15,ぷらずまわい子,綾波ィ！！
2022-01-16 19:38:25,キチア,社会にも弱点があると！？
2022-01-16 19:38:32,とりさし,役所に火炎瓶で社会にカウンターや！
2022-01-16 19:38:48,ひなつき,社会の荒波に抗っていけ
2022-01-16 19:38:58,Nezha,カウンター取れてはないけどダメは発生しなかったね
2022-01-16 19:39:34,†れおんちゃん†,尻尾1段階目破壊されたね
2022-01-16 19:40:18,Nezha,今は切れ味1段階上昇とかできるからはじかれることも減ったけどねぇ
2022-01-16 19:40:34,ついたち,草
2022-01-16 19:40:49,Nezha,ステルスなんて概念無いよ♡
2022-01-16 19:40:50,キチア,こいつ普通に強いw
2022-01-16 19:40:56,シノ,草
2022-01-16 19:40:56,雨宮ナッツ-モンドベル,世は監視社会
2022-01-16 19:40:56,ひなつき,鬼刃斬りは弾かれない攻撃
2022-01-16 19:41:02,スケアクロウマン クロ🍎,( ˙꒳˙ )遊びに来ました
2022-01-16 19:41:13,たぬ,モンスターは草が見えてない
2022-01-16 19:41:14,†れおんちゃん†,こいつ前足カチカチだから尻尾狙った方がマシなんよな
2022-01-16 19:41:15,キチア,ウォールハック持ってるからな
2022-01-16 19:41:19,ついたち,スチームだと蟲受け身難しいのかな♡
2022-01-16 19:41:24,Nezha,隠れ身の僧衣着て？♡
2022-01-16 19:41:38,マーベラスピントグラス,ざーこ:red_heart:(ToT)
2022-01-16 19:41:51,たぬ,ワールドだけ？
2022-01-16 19:41:52,Nezha,無いよ♡
2022-01-16 19:41:53,キチア,無いな
2022-01-16 19:41:55,プンたろ,ないです
2022-01-16 19:42:04,たぬ,配信終わっちゃう
2022-01-16 19:42:16,HageShine,しっぽ切って役目でしょ
2022-01-16 19:42:19,とりさし,装衣はソーイ！された
2022-01-16 19:42:23,†れおんちゃん†,しっぽきってやくめでしょ
2022-01-16 19:42:28,シノ,気刃斬り:red_heart:
2022-01-16 19:42:31,Nezha,尻尾切って役目でしょ♡
2022-01-16 19:42:58,ひなつき,あともう少し！
2022-01-16 19:42:58,キチア,あと少しや！
2022-01-16 19:43:10,foxですよ,あと少しで枯れる:yellow_heart:
2022-01-16 19:43:24,Nezha,こんなにコメ欄に♡が蔓延してる配信も珍しいよな。
2022-01-16 19:43:50,紅蝶伽,ｗ
2022-01-16 19:43:59,Nezha,砥石も忘れてるから怒られるぞ♡
2022-01-16 19:44:00,オニオン太郎,よくある
2022-01-16 19:44:04,シノ,だめ:red_heart:
2022-01-16 19:44:09,島なか,それは草
2022-01-16 19:44:35,オニオン太郎,自分もさっき生肉に三乙取られた……
2022-01-16 19:45:17,asa,太刀やめてナルガにしよう
2022-01-16 19:45:21,foxですよ,ないす～:yellow_heart:
2022-01-16 19:45:22,キチア,サンキューナルガ
2022-01-16 19:45:23,クモザブロー,草
2022-01-16 19:45:25,ひなつき,おめでとう:blue_heart::green_heart::yellow_heart::purple_heart::red_heart::growing_heart::sparkling_heart:
2022-01-16 19:45:25,ナリ,ないすー
2022-01-16 19:45:32,シノ,勝者ナルガ
2022-01-16 19:45:32,キル,とめにゃん終わったからこっちで遊ぶわ
2022-01-16 19:45:39,クモザブロー,今ナルガ太刀か
2022-01-16 19:45:40,TT gedo,慣れてきた？
2022-01-16 19:45:41,mario 51,ナルガのおかげですね:orange_heart:
2022-01-16 19:45:43,foxですよ,ナルガ＜じゃあの
2022-01-16 19:45:49,オニオン太郎,ピンチの女の子を助けにくるあたり最高に主人公ですね……
2022-01-16 19:45:52,マーベラスピントグラス,なまほしちゃん最強:red_heart:
2022-01-16 19:46:01,キチア,オトモにナルガ欲しいな
2022-01-16 19:46:25,Nezha,死体切りはマナーが悪いですよ♡
2022-01-16 19:46:40,ひなつき,ちなみに倒したモンスでゲージ回収するのは太刀使いあるある
2022-01-16 19:47:17,foxですよ,すやぁ～
2022-01-16 19:47:20,シノ,練気ゲージ上げて:red_heart:
2022-01-16 19:47:22,ひなつき,サイコパス幼女
2022-01-16 19:47:24,Nezha,モンスターはおもちゃだよ
2022-01-16 19:47:32,HageShine,しっぽ切って
2022-01-16 19:47:37,キチア,動物になら何しても良いと思ってる子供だ
2022-01-16 19:48:22,キチア,そんな買えたんか
2022-01-16 19:48:47,mario 51,力が欲しいか？
2022-01-16 19:48:54,ひなつき,今作のMAXは9999だっけ？
2022-01-16 19:49:17,クモザブロー,爪にしたいね
2022-01-16 19:50:14,mario 51,整理整頓して:orange_heart:
2022-01-16 19:50:18,†れおんちゃん†,バゼルじゃなかったっけ
2022-01-16 19:50:24,Nezha,今回イビルジョーいないでしょ？
2022-01-16 19:50:27,オニオン太郎,まだ出てないモンスターじゃなかったっけ
2022-01-16 19:50:40,ナリ,ここまでやってそれは草
2022-01-16 19:50:46,Nezha,自分が面白いと思う武器を使うのが吉だよ
2022-01-16 19:50:50,シノ,納刀術揃ってからが始まりよ
2022-01-16 19:51:01,クモザブロー,ハンマー担ごうぜ！
2022-01-16 19:51:26,ふるべび,双剣もいいぞい
2022-01-16 19:51:27,あぶぶる,太刀は脳汁出るよねぇ
2022-01-16 19:51:37,オニオン太郎,納刀術なしでカウンター決めるのはもはや未来予知の部類なんよな……
2022-01-16 19:51:37,シノ,もう笛使ってもいいよ:red_heart:
2022-01-16 19:51:43,れんこん職人,ガンランスもいいぞ
2022-01-16 19:51:54,たぬ,ソロなのに
2022-01-16 19:51:58,空太郎,チャージアックスも使ったことない？
2022-01-16 19:52:08,キチア,実際ヘビィ強いし
2022-01-16 19:52:10,Nezha,ボッチなのに♡
2022-01-16 19:52:26,アオバズクし,うま
2022-01-16 19:52:35,あぶぶる,頭使わない武器ならスラアクかな
2022-01-16 19:52:37,キチア,いいね
2022-01-16 19:55:04,foxですよ,もうちょい奥
2022-01-16 19:55:06,ナリ,かすったーw
2022-01-16 19:55:06,クモザブロー,草
2022-01-16 19:55:10,ビール男,いつのまにか武器が卒塔婆じゃなくなってる
2022-01-16 19:55:20,Nezha,出たけど当たらなかったっすね
2022-01-16 19:55:21,プンたろ,あのエフェクト自体には攻撃判定ないんよな
2022-01-16 19:55:25,キチア,こいつでゲージ回収してこうぜ
2022-01-16 19:55:27,とりさし,ゲーセンで死ぬほど聞く言葉
2022-01-16 19:55:57,キチア,あるある
2022-01-16 19:56:40,foxですよ,いける！
2022-01-16 19:57:34,mario 51,草
2022-01-16 19:57:54,キチア,身体がカウンターを求めている
2022-01-16 19:58:16,クモザブロー,赤ゲージきたな
2022-01-16 19:58:17,キル,そーなんです:white_exclamation_mark:
2022-01-16 19:58:18,HageShine,you have to ut tail
2022-01-16 19:58:22,シノ,回避と考えればまあ。あと抜刀斬り成功時はまた納刀して:red_heart:
2022-01-16 19:58:24,キチア,進研ゼミで習ったとこだ
2022-01-16 19:58:30,foxですよ,おちついてｗ
2022-01-16 19:58:31,プンたろ,あってますね
2022-01-16 19:58:34,キル,イージー:white_exclamation_mark:
2022-01-16 19:58:42,†れおんちゃん†,切れ味警察だ！
2022-01-16 19:58:46,キチア,出す技は合ってる！
2022-01-16 19:59:17,HageShine,しっぽ切って役目でしょ
2022-01-16 19:59:25,foxですよ,哲学
2022-01-16 19:59:30,島なか,ｺﾝﾅﾊｽﾞｼｬﾅｲﾉﾆｨ！
2022-01-16 19:59:37,キチア,自分を見失わないで…！
2022-01-16 19:59:39,とりさし,俺も社会における立ち位置が分からないからオソロやね♡
2022-01-16 19:59:45,mario 51,砥石して:orange_heart:
2022-01-16 19:59:50,紅蝶伽,自身の立ち位置を見失ったなまほしちゃん
2022-01-16 19:59:56,キル,いちいち可愛いねんけど
2022-01-16 19:59:57,りょっけん,研いで:red_heart:
2022-01-16 20:00:12,たぬ,うまい
2022-01-16 20:00:34,foxですよ,こいつをやるのにこの切れ味で十分:yellow_heart:ってことぉ？
2022-01-16 20:00:35,キチア,今のいいね
2022-01-16 20:00:54,ナリ,間合いの取り方が、うまくなってきてるー
2022-01-16 20:01:19,キチア,これもう太刀一通り覚えたと言っても過言ではないな
2022-01-16 20:01:23,とりさし,うんうん、そうだね、それは彼氏が悪いね:yellow_heart:
2022-01-16 20:01:59,mario 51,これは太刀使い:orange_heart:
2022-01-16 20:02:03,asa,ビシュテンゴの落とし物便利よな
2022-01-16 20:02:27,TT gedo,太刀使いこっわ
2022-01-16 20:02:27,ナリ,草
2022-01-16 20:02:28,hiede7,がんばえー！
2022-01-16 20:02:30,キル,そんなことしたらアカンで
2022-01-16 20:02:40,foxですよ,段々つおくなっていく:yellow_heart:
2022-01-16 20:02:42,キル,なまほしにゃんにゃん
2022-01-16 20:02:42,ひなつき,砥石使って:heart_suit:
2022-01-16 20:02:44,Nezha,マナー悪いなこの太刀使い
2022-01-16 20:02:45,クモザブロー,太刀やってるとゲージ維持の辻斬りよくやるわなｗ
2022-01-16 20:02:46,mario 51,研いで:orange_heart:
2022-01-16 20:03:02,キチア,俺もそれやるわ
2022-01-16 20:03:03,†れおんちゃん†,脳内アンチ！？
2022-01-16 20:03:03,ナリ,でも実際やるww
2022-01-16 20:03:14,紅蝶伽,バットマナ―なまほしちゃん
2022-01-16 20:03:17,foxですよ,ゲージ終わる
2022-01-16 20:03:45,foxですよ,まにあわなかった
2022-01-16 20:03:47,クモザブロー,草
2022-01-16 20:03:54,ナリ,あー、おしかった
2022-01-16 20:04:00,Nezha,ゲージを有効利用できなかったのでダメです
2022-01-16 20:04:14,キチア,上手くなってる
2022-01-16 20:04:49,cheruno,あじゃじゃじゃじゃじゃ
2022-01-16 20:04:57,キル,変な関西弁使ったらアカンで
2022-01-16 20:05:00,foxですよ,ちかよよらせてくれないとは
2022-01-16 20:05:12,キル,なまほしにゃんにゃん
2022-01-16 20:05:26,たぬ,元関西人
2022-01-16 20:05:26,foxですよ,関西だったの！？（
2022-01-16 20:05:46,foxですよ,かわいい
2022-01-16 20:05:47,キル,なんでやねん( ﾟДﾟ)
2022-01-16 20:05:49,Nezha,なまほしちゃん関西人なの？こっわ(当方関西人
2022-01-16 20:06:42,foxですよ,弱っとる
2022-01-16 20:06:56,キチア,うまい
2022-01-16 20:07:04,ヤス,ああ
2022-01-16 20:07:17,れんこん職人,関西生まれヒップホップ育ちなまほしちゃん
2022-01-16 20:07:32,TT gedo,草
2022-01-16 20:07:52,mario 51,研いでえらい:orange_heart:
2022-01-16 20:07:53,foxですよ,まだ心ときめいていないようだね:yellow_heart:
2022-01-16 20:07:54,キチア,いいね！！！
2022-01-16 20:08:03,Nezha,うまかった
2022-01-16 20:08:09,クモザブロー,咆哮回避いいねぇ！
2022-01-16 20:08:44,ひなつき,マガドは太刀のカウンター使いこなせると最高に楽しいモンス
2022-01-16 20:10:07,foxですよ,部位破壊とかねらわない？
2022-01-16 20:10:12,北澤シャモたろう,うまい
2022-01-16 20:10:17,シノ,ナイスー
2022-01-16 20:10:18,クモザブロー,ナイスゥ
2022-01-16 20:10:20,キチア,ないす
2022-01-16 20:10:21,Nezha,兜切り・・・
2022-01-16 20:10:22,foxですよ,ないす＝
2022-01-16 20:10:26,ナリ,やるねぇ　ないすー
2022-01-16 20:10:30,ひなつき,ナイス:blue_heart::green_heart::yellow_heart::purple_heart::red_heart::growing_heart::sparkling_heart:
2022-01-16 20:10:35,キチア,めちゃ上手になってる
2022-01-16 20:10:39,たぬ,何時までやります？
2022-01-16 20:10:41,れんこん職人,アカギージ（空耳）
2022-01-16 20:10:46,Nezha,モンスの体力が低いのが悪い
2022-01-16 20:10:47,クモザブロー,はちみつくさだい
2022-01-16 20:10:49,とりさし,OIOI
2022-01-16 20:10:53,キチア,そそ、慣れたらでいいのよ
2022-01-16 20:11:10,foxですよ,なるほど～
2022-01-16 20:11:14,たぬ,弱すぎると
2022-01-16 20:11:18,つきみ,こんばんわー
2022-01-16 20:11:20,ナリ,回避もうちょっと慣れれば余裕よ
2022-01-16 20:11:29,Nezha,太刀使い名乗っていいよ
2022-01-16 20:11:33,れんこん職人,馴染んできた
2022-01-16 20:11:51,Nezha,サボってました！すいません！
2022-01-16 20:11:58,貝カルシウム,いろんな武器つかえてえらい
2022-01-16 20:12:04,とりさし,あの～そろそろ有給が欲しいなぁ～って…
2022-01-16 20:12:25,mario 51,めんどくさいやつ
2022-01-16 20:12:28,たぬ,有給は半年働かないと
2022-01-16 20:12:37,れんこん職人,納品は地味
2022-01-16 20:13:10,mario 51,人気者
2022-01-16 20:13:15,foxですよ,人気者！なまほしちゃん最強:yellow_heart:
2022-01-16 20:13:28,はっぽん,ごきげんよう
2022-01-16 20:13:48,クモザブロー,昔はいにしえの秘薬のために乱獲したなぁ
2022-01-16 20:14:25,キチア,キークエは終わりだね
2022-01-16 20:14:48,空太郎,そうそう
2022-01-16 20:15:01,Nezha,下位の上の方スタートじゃなかったっけ？
2022-01-16 20:15:09,mario 51,ついに攘夷か……
2022-01-16 20:15:18,はっぽん,面白かった指示コメ集めて後で品評会してほしい
2022-01-16 20:15:45,miya Izu,こんなま　攻撃UPついてるから使ってる感はある
2022-01-16 20:15:59,クモザブロー,えげつねぇ遊びで草
2022-01-16 20:16:04,はっぽん,いいよ
2022-01-16 20:16:11,foxですよ,やっぱり笛がすきなんすねぇ～
2022-01-16 20:16:13,Nezha,面白指示コメ主目指すか
2022-01-16 20:16:13,HageShine,しっぽ
2022-01-16 20:16:14,TT gedo,太刀アンチ過激派兄貴好きだったわ
2022-01-16 20:16:16,キチア,ええよ
2022-01-16 20:16:22,ナリ,一旦笛いっとくかー
2022-01-16 20:16:24,ひなつき,しかし笛も過去作に比べてめっちゃ使いやすくなったよねー
2022-01-16 20:16:30,シノ,優しかったやろ:red_heart:
2022-01-16 20:16:34,c c,草
2022-01-16 20:16:39,TT gedo,それ
2022-01-16 20:16:40,ひなつき,草
2022-01-16 20:16:41,オニオン太郎,草
2022-01-16 20:16:43,れんこん職人,草
2022-01-16 20:16:46,ton ton,草
2022-01-16 20:16:48,名無し,草
2022-01-16 20:16:51,はっぽん,操虫棍も大概で草
2022-01-16 20:16:51,TT gedo,えぇ！？
2022-01-16 20:16:53,キチア,草
2022-01-16 20:16:59,TT gedo,養殖だったか
2022-01-16 20:17:02,オニオン太郎,ガチには勝てねぇんよなぁ
2022-01-16 20:17:05,とりさし,虫棒のほうがどう考えてもド陰キャだろ！
2022-01-16 20:17:05,ナリ,太刀だけ使ってたワイ　泣いた
2022-01-16 20:17:08,林啓太,草
2022-01-16 20:17:14,Nezha,操虫棍もマップで跳ねてるバッタだからな
2022-01-16 20:17:19,プンたろ,操虫棍は今作一の日陰者やん
2022-01-16 20:17:29,もも:メロ,操虫棍なのがネタレベル高い
2022-01-16 20:17:33,れんこん職人,戦争が起こる
2022-01-16 20:17:36,TT gedo,戦争はじまってしまった
2022-01-16 20:17:36,シノ,草
2022-01-16 20:17:37,はっぽん,片手剣ワイ、高みの見物
2022-01-16 20:17:38,シズレ,争え…争え…
2022-01-16 20:17:41,goshu/ごーしゅ,:loudly_crying_face:
2022-01-16 20:17:47,HageShine,しっぽ切って役目でしょ
2022-01-16 20:17:49,ふんがーまん,僕。片手剣低みの見物
2022-01-16 20:17:49,ひなつき,操虫棍も悪くないけど、ちょっと物足りない感じ
2022-01-16 20:17:52,クモザブロー,老人だからハンマーしか使えねんだわ
2022-01-16 20:17:53,ついたち,っぱスラアク一択よな
2022-01-16 20:17:53,はっぽん,12歳「老人だからさ〜」
2022-01-16 20:17:53,いっち,お、戦争か？
2022-01-16 20:17:58,黒っぽい鳥,っぱ陽キャは笛よ！
2022-01-16 20:18:03,たぬ,ワールドで慣れてないの
2022-01-16 20:18:06,オニオン太郎,パッドならそっちの方が楽なんだけどね
2022-01-16 20:18:08,mario 51,ガンランス使いのわい飛び火しないか心配
2022-01-16 20:18:09,Nezha,それはさすがに老人♡
2022-01-16 20:18:10,オニオン太郎,はちみつください
2022-01-16 20:18:11,にゃん 猫,僕はたけのこの山派！
2022-01-16 20:18:20,黒っぽい鳥,派手な武器はガキ武器だからね
2022-01-16 20:18:23,Nezha,笛でも突きで切れるでしょ？
2022-01-16 20:18:23,HageShine,ゆうたしっぽ切って
2022-01-16 20:18:35,rgmrnda,笛は陰陽ではなくキョロ充って感じ
2022-01-16 20:18:48,ポート,ショートカットの123の部分に回復薬を設定すると早く回復できますよ
2022-01-16 20:18:50,ひなつき,全武器使えるけど、チャアクの複雑さは異常
2022-01-16 20:18:52,れんこん職人,環境に合わせて強武器が大人よ
2022-01-16 20:18:52,キチア,俺は閃光をEで他のショトカにしてるな
2022-01-16 20:19:02,Nezha,今って突き無くなってんか？
2022-01-16 20:19:07,はっぽん,チュートリアル動画とか見たら載ってそう
2022-01-16 20:19:18,クモザブロー,柄殴りならもう斬ないぞ
2022-01-16 20:19:23,オニオン太郎,どれだけ弱いって言われてもその武器を扱うことがロマン。
2022-01-16 20:19:29,ナリ,今作ないのか？笛は分からん
2022-01-16 20:19:33,foxですよ,前押しながら弱とか？
2022-01-16 20:19:34,Nezha,ハンターズノートパイセン見よう
2022-01-16 20:19:42,半分芯でいる。,20:20
2022-01-16 20:19:50,foxですよ,でねｗ
2022-01-16 20:19:53,しづき,さすが初期からいるメンツやな
2022-01-16 20:20:01,息根とめる,とめーにゃで草
2022-01-16 20:20:10,HageShine,しっぽ切って役目でしょ
2022-01-16 20:20:11,クモザブロー,ワザップやんけｗ
2022-01-16 20:20:15,ヤス,とめーらだ
2022-01-16 20:20:19,名無し,とめーにゃ本人きたな
2022-01-16 20:20:19,TT gedo,笛で叩くならまだわかるが、笛で突くのはおかしい
2022-01-16 20:20:20,オーレリア・ウェルギウス,笛はもう俺たちが知ってる笛くんじゃない
2022-01-16 20:20:25,クモザブロー,本人来て草
2022-01-16 20:20:29,foxですよ,とめーにゃがおった
2022-01-16 20:20:29,goshu/ごーしゅ,とめるちゃんだ
2022-01-16 20:20:34,ひなつき,とめーにゃきた
2022-01-16 20:20:34,息根とめる,御守りします！
2022-01-16 20:20:34,はっぽん,元ネタさん来たな
2022-01-16 20:20:34,Nezha,突きで斬撃出せないとか笛の存在意義ないじゃん♡
2022-01-16 20:20:40,とりさし,ググったら笛の突き消えてるやん！
2022-01-16 20:20:41,林啓太,とめるもようみとるｗ
2022-01-16 20:20:42,れんこん職人,本人きた
2022-01-16 20:20:50,キチア,本人来た
2022-01-16 20:20:59,foxですよ,主人よりヘイトとりそう
2022-01-16 20:20:59,林啓太,りかはるてぇてぇ～～～！
2022-01-16 20:21:07,Nezha,とめーにゃ逆鱗ぶんどってくる有能だからな
2022-01-16 20:21:07,とりさし,とめーにゃのなりきりの人かな？
2022-01-16 20:21:12,キチア,なまいきしか勝たねえな
2022-01-16 20:21:16,キル,とめにゃん早く寝ーや
2022-01-16 20:21:23,ひなつき,2人のマルチも早く見たいね
2022-01-16 20:21:23,Nezha,こっち見てなかったぞ
2022-01-16 20:21:26,ton ton,空振り閃光
2022-01-16 20:21:36,TT gedo,っぱ笛なんすね。ぼこぼこですわぁ
2022-01-16 20:22:08,はっぽん,笛だけにふぇえってなるのかと思った
2022-01-16 20:22:24,cheruno,うちなーぐち使っていけ
2022-01-16 20:22:36,ナリ,むしろゴリゴリ関西出してけ
2022-01-16 20:22:39,HageShine,しっぽ
2022-01-16 20:23:00,Nezha,関西出身は嘘ペコ。今日日関西人でも使わないようなこってこてを使っておいて
2022-01-16 20:23:03,TT gedo,壊れ武器じゃん
2022-01-16 20:23:18,ヤス,そんなー
2022-01-16 20:23:18,クモザブロー,とめーにゃが仕事しないから……
2022-01-16 20:23:19,はっぽん,はい乙〜w
2022-01-16 20:23:21,ナリ,いやあああああ
2022-01-16 20:23:23,Nezha,どんまい♡
2022-01-16 20:23:29,c c,
2022-01-16 20:23:29,HageShine,ゆうたしっぽ切って
2022-01-16 20:23:37,Bun A,犬かわいいよ！
2022-01-16 20:23:37,TT gedo,一理ある
2022-01-16 20:23:39,Nezha,太刀を使ってたら死んでなかった
2022-01-16 20:23:43,シノ,受け身取って定期
2022-01-16 20:24:01,mario 51,あと2回乙れるよ:orange_heart:
2022-01-16 20:24:03,Bun A,太刀使ってないってま？
2022-01-16 20:24:09,とりさし,太刀だったら見切りでちょいちょいなのになぁ:yellow_heart:
2022-01-16 20:24:10,ワッザファッカドゥ,今来ましたが太い太刀ですね
2022-01-16 20:24:31,はっぽん,タチが悪いっすね
2022-01-16 20:24:31,TT gedo,太刀なら見切れましたよねえ
2022-01-16 20:24:41,c c,太刀同調圧力
2022-01-16 20:24:42,たぬ,太刀弱いから笛に戻りました
2022-01-16 20:24:45,Nezha,まだ太刀の素材集めてるんですか？
2022-01-16 20:24:45,とりさし,ちょっとの浮気は許してあげる:yellow_heart:
2022-01-16 20:24:47,鯖缶,steam版？
2022-01-16 20:24:50,貝カルシウム,良い太刀筋
2022-01-16 20:25:08,ヤス,！？
2022-01-16 20:25:10,クモザブロー,防具の素材集めた方が良さそうｗ
2022-01-16 20:25:11,Bun A,サムネ哲学
2022-01-16 20:25:15,Nezha,そういや、過激派太刀アンチニキいなくなったな
2022-01-16 20:25:18,Rally,笛を使って気持良くなるって言った？放送コード的なもの大丈夫？
2022-01-16 20:25:33,しづき,Steamでも配信追加されたりする？
2022-01-16 20:25:37,シノ,固定コメ変えて:red_heart:
2022-01-16 20:25:44,TT gedo,っぱ厨武器なんっすわ
2022-01-16 20:25:44,foxですよ,しっぽならとどくんじゃね？
2022-01-16 20:25:46,Nezha,スタントって役目でしょ
2022-01-16 20:26:00,†れおんちゃん†,閃光玉なしでレウスって苦行じゃん
2022-01-16 20:26:10,とりさし,ファンティアの月5000円会員入ると裏でボイチャしながらモンハン協力プレイできるってマジですか？
2022-01-16 20:26:11,mario 51,草:orange_heart:
2022-01-16 20:26:11,すっぴんきつね,草
2022-01-16 20:26:16,Nezha,エイム良かったなｗ
2022-01-16 20:26:16,ヤス,えっ？よっわ
2022-01-16 20:26:18,クモザブロー,リーチ！
2022-01-16 20:26:21,†れおんちゃん†,ざぁこ:red_heart:
2022-01-16 20:26:22,れんこん職人,草
2022-01-16 20:26:23,しづき,なんで友達いないのに(ry)
2022-01-16 20:26:24,貝カルシウム,ひん
2022-01-16 20:26:25,foxですよ,うちいただきました！
2022-01-16 20:26:26,キチア,ウォールハックレウスじゃん…
2022-01-16 20:26:29,ワッザファッカドゥ,おお、なまほし しんでしまうとは なさけない
2022-01-16 20:26:29,c c,やっぱ太刀
2022-01-16 20:26:30,はっぽん,草
2022-01-16 20:26:30,HageShine,しっぽ
2022-01-16 20:26:35,クモザブロー,草
2022-01-16 20:26:37,TT gedo,:face_exhaling:
2022-01-16 20:26:39,Nezha,ざぁ～こ♡
2022-01-16 20:26:42,ひなつき,太刀|´-`)ﾁﾗｯ
2022-01-16 20:26:47,林啓太,草
2022-01-16 20:26:49,クモザブロー,Cのレウスは草
2022-01-16 20:26:50,名無し,レウス普通に強いからなあ…
2022-01-16 20:26:55,キチア,あいつ臭い！C！
2022-01-16 20:27:01,はっぽん,ざこほしちゃんかわいいね:red_heart:
2022-01-16 20:27:04,とりさし,こんな時にさっと無敵技出せる武器があればなぁ～:sparkling_heart:
2022-01-16 20:27:05,Nezha,太刀使ってたら討伐してた
2022-01-16 20:27:22,すっぴんきつね,盾があれば防げた❨第三勢力❩
2022-01-16 20:27:51,HageShine,ハチミツください
2022-01-16 20:27:52,ひなつき,ここの祠の木の上登れるよ
2022-01-16 20:28:24,Nezha,当方奴隷ネコ、ワイ3回も出勤してるのにカムラポイント振り込まれないんだが。そろそろ餓死する
2022-01-16 20:28:32,ひなつき,決定した後指定
2022-01-16 20:28:34,キチア,リスナーは上手に交渉できるのか
2022-01-16 20:28:43,Nezha,レベル足りなくね？
2022-01-16 20:28:43,すっぴんきつね,決定して別メニューじゃなかったっけ?
2022-01-16 20:29:24,シノ,ノラくんの収益化30分からだけど大丈夫？
2022-01-16 20:29:31,ひなつき,選択したら決定
2022-01-16 20:29:54,Nezha,正直、なんも好感しなくていいと思う
2022-01-16 20:29:57,Nezha,余る
2022-01-16 20:30:03,キチア,尽きる事はないね
2022-01-16 20:30:07,ナリ,いずれ余る
2022-01-16 20:30:08,†れおんちゃん†,上位で稼ぎがある
2022-01-16 20:30:15,貝カルシウム,余る
2022-01-16 20:30:15,ひなつき,フリークエストやってるとそこまで足らなくなることない
2022-01-16 20:30:17,foxですよ,いまはじまった
2022-01-16 20:30:19,mario 51,木の上登って:orange_heart:
2022-01-16 20:30:21,TT gedo,おけ
2022-01-16 20:30:23,たぬ,ノラくんいこ
2022-01-16 20:30:26,Nezha,ワイらはここに居座るで
2022-01-16 20:30:26,シノ,おつなま？
2022-01-16 20:30:27,いすといすと,見に行こう
2022-01-16 20:30:32,キチア,おけ
2022-01-16 20:30:35,c c,2窓しよ
2022-01-16 20:30:39,foxですよ,２窓！
2022-01-16 20:30:41,ton ton,なまほしちゃん収益化実況か？ｗ
2022-01-16 20:30:43,林啓太,同時視聴枠？ｗ
2022-01-16 20:30:50,シノ,2窓？おつなま？
2022-01-16 20:30:51,ナリ,2窓余裕よ
2022-01-16 20:31:06,林啓太,おつなまｗ
2022-01-16 20:31:07,クモザブロー,おつなま
2022-01-16 20:31:08,Nezha,おつなま
2022-01-16 20:31:09,†れおんちゃん†,ノラ初手恋愛サーキュレーションで声めっちゃ震えてるの草
2022-01-16 20:31:10,TT gedo,おっつ
2022-01-16 20:31:11,foxですよ,おつなまー！
2022-01-16 20:31:13,38号,おつなまー
2022-01-16 20:31:13,ふるべび,おつなま
2022-01-16 20:31:14,†れおんちゃん†,おつなま
2022-01-16 20:31:15,c c,おつなま
2022-01-16 20:31:16,ヤス,おつなまー
2022-01-16 20:31:16,納豆たべる,おつなまー
2022-01-16 20:31:16,goshu/ごーしゅ,おつなま
2022-01-16 20:31:17,キル,どこ行くん？
2022-01-16 20:31:17,シノ,おつなまー！楽しかった！
2022-01-16 20:31:18,ton ton,おつなまー
2022-01-16 20:31:20,とりさし,おつなま～
2022-01-16 20:31:20,タンドリー,おつなまー
2022-01-16 20:31:23,もも:メロ,おつなまー
2022-01-16 20:31:24,水無瀬秀則,おつなま
2022-01-16 20:31:29,ひなつき,お疲れ様ー:blue_heart::green_heart::yellow_heart::purple_heart::red_heart::growing_heart::sparkling_heart:
2022-01-16 20:31:34,Rally,おつなまー
2022-01-16 20:31:35,冥土,おつなまー
2022-01-16 20:31:35,林啓太,おｋ－
2022-01-16 20:31:36,キル,ご飯食べに行こー
2022-01-16 20:31:46,貝カルシウム,おつなま～
2022-01-16 20:31:47,けたろう,おつなまー
